Time,SensorID,Value
0,0,28.70506
1,0,28.70506
2,0,28.70506
3,0,28.70506
4,0,28.70506
5,0,28.70506
6,0,28.70506
7,0,28.70506
8,0,28.70506
9,0,28.70506
10,0,28.70506
11,0,28.70506
12,0,28.70506
13,0,26.343417
14,0,28.70506
15,0,26.258606
16,0,26.78704
17,0,26.871851
18,0,27.485095
19,0,27.524238
20,0,28.013529
21,0,28.78987
22,0,29.031254
23,0,29.846739
24,0,29.520545
25,0,29.481401
26,0,29.885882
27,0,29.194351
28,0,29.683642
29,0,28.052672
30,0,27.198044
31,0,30.82532
32,0,29.970692
33,0,30.583937
34,0,30.42084
35,0,31.02756
36,0,32.45629
37,0,34.452596
38,0,40.121845
39,0,46.971917
40,0,51.701728
41,0,50.436095
42,0,46.971917
43,0,43.383784
44,0,40.160989
45,0,39.143264
46,0,42.405202
47,0,44.97561
48,0,44.362366
49,0,43.468594
50,0,44.120982
51,0,44.610273
52,0,46.645723
53,0,45.667141
54,0,44.447176
55,0,44.851656
56,0,44.688559
57,0,44.160125
58,0,44.564606
59,0,44.649416
60,0,44.401509
61,0,43.181544
62,0,46.319529
63,0,49.907661
64,0,50.723146
65,0,49.744564
66,0,51.864824
67,0,51.538631
68,0,49.41837
69,0,50.031615
70,0,49.176987
71,0,49.868518
72,0,53.417507
73,0,52.843406
74,0,63.28161
75,0,61.16135
76,0,59.693477
77,0,64.586385
78,0,69.675009
79,0,70.523114
80,0,65.891161
81,0,67.783085
82,0,71.175501
83,0,68.696428
84,0,70.457875
85,0,103.729649
86,0,92.639058
87,0,99.162935
88,0,99.815323
89,0,92.639058
90,0,85.658509
91,0,84.810405
92,0,74.567917
93,0,77.046991
94,0,79.004154
95,0,74.241724
96,0,75.024589
97,0,77.895095
98,0,78.090811
99,0,78.286528
100,0,74.567917
101,0,77.699379
102,0,73.067426
103,0,68.500712
104,0,67.848324
105,0,63.933997
106,0,60.998253
107,0,63.242466
108,0,68.500712
109,0,79.591303
110,0,70.392636
111,0,65.825922
112,0,56.105345
113,0,58.714896
114,0,53.945941
115,0,51.864824
116,0,56.757732
117,0,56.920829
118,0,58.675752
119,0,59.778288
120,0,58.714896
121,0,59.941385
122,0,59.204186
123,0,57.821124
124,0,62.224742
125,0,65.760683
126,0,59.693477
127,0,58.877993
128,0,59.654334
129,0,55.28986
130,0,52.314972
131,0,50.233855
132,0,49.946805
133,0,59.080233
134,0,57.534074
135,0,58.388702
136,0,50.886243
137,0,46.319529
138,0,43.468594
139,0,40.695947
140,0,37.838488
141,0,38.490876
142,0,44.851656
143,0,42.405202
144,0,49.176987
145,0,48.035309
146,0,47.624304
147,0,53.332697
148,0,51.538631
149,0,46.319529
150,0,43.709978
151,0,45.099564
152,0,46.241242
153,0,43.05759
154,0,45.053897
155,0,44.199269
156,0,43.018447
157,0,40.859043
158,0,44.362366
159,0,48.035309
160,0,51.212437
161,0,49.41837
162,0,49.01389
163,0,49.01389
164,0,49.21613
165,0,51.864824
166,0,49.503181
167,0,48.113595
168,0,48.074452
169,0,45.830238
170,0,45.099564
171,0,44.036172
172,0,44.688559
173,0,43.912218
174,0,45.014753
175,0,46.319529
176,0,50.272998
177,0,51.04934
178,0,49.992472
179,0,48.315835
180,0,35.228937
181,0,31.353754
182,0,32.293193
183,0,29.194351
184,0,28.052672
185,0,26.5848
186,0,26.910994
187,0,26.5848
188,0,26.421703
189,0,26.18032
190,0,26.747897
191,0,26.134652
192,0,25.932412
193,0,25.319168
194,0,25.645362
195,0,25.443121
196,0,26.506513
197,0,28.378866
198,0,28.052672
199,0,28.378866
200,0,30.336029
201,0,36.78162
202,0,39.469458
203,0,39.469458
204,0,39.469458
205,0,38.980167
206,0,38.164682
207,0,38.249493
208,0,41.100427
209,0,40.043559
210,0,39.795651
211,0,40.369753
212,0,40.324086
213,0,39.143264
214,0,40.369753
215,0,38.653973
216,0,37.023004
217,0,35.881325
218,0,35.881325
219,0,36.370616
220,0,37.186101
221,0,35.228937
222,0,35.150651
223,0,34.250356
224,0,31.314611
225,0,32.619386
226,0,31.516851
227,0,29.481401
228,0,30.009836
229,0,31.281992
230,0,31.927855
231,0,32.984724
232,0,34.66136
233,0,37.760202
234,0,35.966136
235,0,34.048116
236,0,33.069534
237,0,32.332336
238,0,29.885882
239,0,29.194351
240,0,28.952967
241,0,30.296886
242,0,28.254913
243,0,26.66961
244,0,28.541963
245,0,30.375173
246,0,33.310917
247,0,31.353754
248,0,27.811289
249,0,28.70506
250,0,29.846739
251,0,29.683642
252,0,30.212076
253,0,30.53827
254,0,31.399421
255,0,30.53827
256,0,30.257743
257,0,29.970692
258,0,28.952967
259,0,28.418009
260,0,25.730172
261,0,25.645362
262,0,27.811289
263,0,28.30058
264,0,27.158901
265,0,30.910131
266,0,29.116064
267,0,31.725615
268,0,31.314611
269,0,33.232631
270,0,32.94558
271,0,33.069534
272,0,35.150651
273,0,34.048116
274,0,34.57655
275,0,33.271774
276,0,35.920468
277,0,33.924162
278,0,35.228937
279,0,38.777927
280,0,37.675391
281,0,37.349198
282,0,37.962442
283,0,38.653973
284,0,37.107814
285,0,37.186101
286,0,37.225244
287,0,34.250356
288,0,33.519682
289,0,35.679085
290,0,34.902744
291,0,36.49457
292,0,36.083565
293,0,35.718228
294,0,33.193488
295,0,36.618523
296,0,38.001585
297,0,35.920468
298,0,34.739647
299,0,34.57655
300,0,36.083565
301,0,37.551438
302,0,36.618523
303,0,37.962442
304,0,40.408896
305,0,44.075315
306,0,42.77054
307,0,40.93733
308,0,40.93733
309,0,37.838488
310,0,36.044422
311,0,35.639942
312,0,35.50294
313,0,35.718228
314,0,35.587751
315,0,35.09846
316,0,34.054639
317,0,32.097476
318,0,33.252203
319,0,32.710721
320,0,35.365939
321,0,34.250356
322,0,33.350061
323,0,30.903607
324,0,31.314611
325,0,35.131079
326,0,32.619386
327,0,28.70506
328,0,26.225987
329,0,25.488789
330,0,24.98645
331,0,24.98645
332,0,24.888592
333,0,23.485958
334,0,24.992974
335,0,24.810305
336,0,24.823353
337,0,26.486942
338,0,26.721801
339,0,26.095509
340,0,24.170965
341,0,22.840094
342,0,23.864343
343,0,23.029287
344,0,22.735712
345,0,22.670474
346,0,24.131822
347,0,22.376899
348,0,20.615452
349,0,22.703093
350,0,24.679828
351,0,24.184013
352,0,24.092679
353,0,21.333079
354,0,19.571632
355,0,20.047875
356,0,20.126161
357,0,19.245438
358,0,18.325571
359,0,19.976112
360,0,18.136379
361,0,18.005901
362,0,19.473774
363,0,20.667643
364,0,22.155087
365,0,21.737559
366,0,21.744083
367,0,24.78421
368,0,25.436598
369,0,26.356464
370,0,26.095509
371,0,24.281871
372,0,25.332216
373,0,24.797258
374,0,25.30612
375,0,25.449645
376,0,25.573599
377,0,25.912841
378,0,25.084308
379,0,25.032117
380,0,25.273501
381,0,25.064737
382,0,25.443121
383,0,25.580123
384,0,25.893269
385,0,25.280025
386,0,24.43192
387,0,25.116928
388,0,25.260453
389,0,23.485958
390,0,24.790734
391,0,25.606218
392,0,24.745067
393,0,23.681675
394,0,24.588494
395,0,23.453339
396,0,21.443985
397,0,21.881084
398,0,22.161611
399,0,21.854989
400,0,22.246422
401,0,22.357327
402,0,23.381576
403,0,22.840094
404,0,22.031134
405,0,21.724511
406,0,21.293935
407,0,20.289258
408,0,19.87173
409,0,19.571632
410,0,19.128008
411,0,18.540859
412,0,19.297629
413,0,19.180199
414,0,19.343296
415,0,19.049722
416,0,19.473774
417,0,20.674167
418,0,21.202601
419,0,21.58751
420,0,21.215649
421,0,20.987313
422,0,19.66949
423,0,19.512917
424,0,18.462573
425,0,17.529658
426,0,20.054399
427,0,19.767348
428,0,18.854005
429,0,19.245438
430,0,18.586526
431,0,18.893149
432,0,18.854005
433,0,18.077664
434,0,17.908043
435,0,18.162474
436,0,19.056246
437,0,19.636871
438,0,19.193247
439,0,18.664813
440,0,20.71331
441,0,20.71331
442,0,20.419736
443,0,20.10659
444,0,20.243591
445,0,18.886625
446,0,18.684385
447,0,18.651765
448,0,18.867053
449,0,19.271534
450,0,18.168998
451,0,17.940663
452,0,17.255655
453,0,17.020796
454,0,17.255655
455,0,17.209988
456,0,17.072987
457,0,18.129855
458,0,17.718851
459,0,17.940663
460,0,17.712327
461,0,16.9947
462,0,17.288275
463,0,16.851175
464,0,16.048738
465,0,15.657306
466,0,15.233253
467,0,15.037537
468,0,14.189433
469,0,14.176385
470,0,14.841821
471,0,13.582713
472,0,13.145613
473,0,13.700142
474,0,12.904229
475,0,12.591083
476,0,12.55194
477,0,12.75418
478,0,12.304033
479,0,13.093422
480,0,13.863239
481,0,14.156814
482,0,13.765381
483,0,13.974145
484,0,13.556617
485,0,14.313387
486,0,15.735592
487,0,15.239777
488,0,15.154967
489,0,15.533352
490,0,15.409398
491,0,14.809201
492,0,15.239777
493,0,15.402874
494,0,15.559447
495,0,15.800831
496,0,15.742116
497,0,15.879117
498,0,14.959251
499,0,14.483008
500,0,14.528675
501,0,14.939679
502,0,15.200634
503,0,15.970452
504,0,16.629363
505,0,16.113977
506,0,16.146596
507,0,16.179216
508,0,16.074834
509,0,16.277074
510,0,16.511933
511,0,16.329265
512,0,15.742116
513,0,15.924784
514,0,15.51378
515,0,15.872593
516,0,16.374932
517,0,17.125178
518,0,17.614469
519,0,17.581849
520,0,17.725375
521,0,17.790613
522,0,17.947186
523,0,18.364715
524,0,19.525965
525,0,19.415059
526,0,19.66949
527,0,19.539012
528,0,19.108437
529,0,20.034827
530,0,18.606098
531,0,18.808338
532,0,18.860529
533,0,18.801814
534,0,18.62567
535,0,18.07114
536,0,18.234237
537,0,18.599574
538,0,18.332095
539,0,18.814862
540,0,18.886625
541,0,18.599574
542,0,19.082341
543,0,20.289258
544,0,21.38527
545,0,21.300459
546,0,21.365698
547,0,20.856836
548,0,20.693739
549,0,20.250115
550,0,19.845635
551,0,19.865206
552,0,18.82791
553,0,19.160628
554,0,18.580003
555,0,17.718851
556,0,18.266856
557,0,18.782243
558,0,18.958387
559,0,19.330248
560,0,19.082341
561,0,19.206295
562,0,19.799968
563,0,19.317201
564,0,18.645241
565,0,17.718851
566,0,17.601421
567,0,17.216512
568,0,16.949033
569,0,17.444848
570,0,17.066463
571,0,17.523134
572,0,17.810185
573,0,17.940663
574,0,16.9947
575,0,18.82791
576,0,18.371238
577,0,18.436477
578,0,18.919244
579,0,19.382439
580,0,19.98916
581,0,20.321878
582,0,21.522271
583,0,22.807475
584,0,22.768332
585,0,22.455186
586,0,22.703093
587,0,23.544673
588,0,23.62296
589,0,23.492482
590,0,23.283718
591,0,23.264146
592,0,24.340586
593,0,24.177489
594,0,23.877391
595,0,22.416042
596,0,23.042335
597,0,22.422566
598,0,21.783226
599,0,21.868037
600,0,21.691892
601,0,22.807475
602,0,23.831724
603,0,23.290242
604,0,22.86619
605,0,22.272517
606,0,22.10942
607,0,22.31166
608,0,21.398318
609,0,21.646225
610,0,20.974265
611,0,21.104743
612,0,21.163458
613,0,22.115944
614,0,22.813999
615,0,22.572615
616,0,22.833571
617,0,22.018086
618,0,21.078648
619,0,20.30883
620,0,20.1914
621,0,19.545536
622,0,19.343296
623,0,19.604251
624,0,19.858682
625,0,18.984483
626,0,18.599574
627,0,18.168998
628,0,18.142903
629,0,19.597727
630,0,18.749623
631,0,18.234237
632,0,18.566955
633,0,20.256639
634,0,19.408535
635,0,19.310677
636,0,19.578156
637,0,19.180199
638,0,18.619146
639,0,18.338619
640,0,18.155951
641,0,17.810185
642,0,17.705803
643,0,17.418752
644,0,17.046891
645,0,17.203464
646,0,16.655459
647,0,16.629363
648,0,16.374932
649,0,16.06831
650,0,15.461589
651,0,16.133549
652,0,16.479314
653,0,16.094405
654,0,15.657306
655,0,15.331112
656,0,16.446695
657,0,16.485838
658,0,15.853022
659,0,15.657306
660,0,15.63121
661,0,15.761688
662,0,15.363731
663,0,15.135395
664,0,15.807355
665,0,15.42897
666,0,15.089728
667,0,14.319911
668,0,15.004918
669,0,15.624686
670,0,15.004918
671,0,14.776582
672,0,14.411245
673,0,15.363731
674,0,15.572495
675,0,15.376779
676,0,15.19411
677,0,14.822249
678,0,14.176385
679,0,13.537045
680,0,13.041231
681,0,12.878134
682,0,12.356224
683,0,10.95359
684,0,11.292832
685,0,11.951743
686,0,12.088745
687,0,12.31708
688,0,11.586406
689,0,10.986209
690,0,10.22944
691,0,10.614348
692,0,11.005781
693,0,11.221069
694,0,10.907923
695,0,10.738302
696,0,10.366441
697,0,10.464299
698,0,10.457775
699,0,10.412108
700,0,11.377642
701,0,10.568681
702,0,11.123211
703,0,11.103639
704,0,10.451251
705,0,10.568681
706,0,9.988056
707,0,9.687958
708,0,9.263906
709,0,8.761567
710,0,8.383182
711,0,8.807234
712,0,8.95076
713,0,9.231286
714,0,9.609671
715,0,9.961961
716,0,10.066343
717,0,9.961961
718,0,9.772768
719,0,9.518337
720,0,9.629243
721,0,9.622719
722,0,9.179095
723,0,9.113857
724,0,8.709376
725,0,8.611518
726,0,9.179095
727,0,8.989903
728,0,8.539755
729,0,8.520184
730,0,8.51366
731,0,8.154847
732,0,8.024369
733,0,7.698175
734,0,7.515507
735,0,7.978702
736,0,7.111026
737,0,7.078407
738,0,7.111026
739,0,7.182789
740,0,7.743842
741,0,7.339362
742,0,7.893892
743,0,7.893892
744,0,8.174418
745,0,8.024369
746,0,7.828653
747,0,8.51366
748,0,8.441897
749,0,8.820282
750,0,8.298372
751,0,9.048618
752,0,8.970331
753,0,9.511813
754,0,9.805388
755,0,9.831483
756,0,9.75972
757,0,9.27043
758,0,9.166048
759,0,8.83333
760,0,9.002951
761,0,8.741996
762,0,9.12038
763,0,9.002951
764,0,8.872473
765,0,10.829636
766,0,11.097115
767,0,11.899552
768,0,11.906076
769,0,12.741132
770,0,12.238794
771,0,12.773752
772,0,12.662846
773,0,12.591083
774,0,11.782122
775,0,11.162354
776,0,11.057972
777,0,10.95359
778,0,10.699159
779,0,11.194973
780,0,11.299355
781,0,11.208021
782,0,11.221069
783,0,11.495072
784,0,11.351546
785,0,10.992733
786,0,10.934018
787,0,11.742979
788,0,12.095269
789,0,11.893028
790,0,11.938695
791,0,11.873457
792,0,11.749503
793,0,11.716884
794,0,12.486701
795,0,12.427986
796,0,13.021659
797,0,12.904229
798,0,12.277937
799,0,12.767228
800,0,12.982516
801,0,12.799847
802,0,12.98904
803,0,12.31708
804,0,12.186603
805,0,11.775599
806,0,11.540739
807,0,11.364594
808,0,11.331975
809,0,10.894875
810,0,10.588253
811,0,10.960114
812,0,10.960114
813,0,10.529538
814,0,10.75135
815,0,10.757874
816,0,10.63392
817,0,10.646968
818,0,7.998274
819,0,7.46984
820,0,7.652508
821,0,7.861272
822,0,8.109179
823,0,8.122227
824,0,8.148323
825,0,8.285324
826,0,8.174418
827,0,8.220085
828,0,8.774615
829,0,8.474517
830,0,8.59847
831,0,8.350563
832,0,8.546279
833,0,8.611518
834,0,8.494088
835,0,8.383182
836,0,8.500612
837,0,8.520184
838,0,8.735472
839,0,8.435373
840,0,8.19399
841,0,8.096132
842,0,8.500612
843,0,8.735472
844,0,9.172571
845,0,9.655338
846,0,9.564004
847,0,9.67491
848,0,9.655338
849,0,9.303049
850,0,9.263906
851,0,9.159524
852,0,9.224762
853,0,9.081237
854,0,8.578899
855,0,8.807234
856,0,9.368288
857,0,9.394383
858,0,9.368288
859,0,9.316097
860,0,9.342192
861,0,8.957284
862,0,9.185619
863,0,9.126904
864,0,9.198667
865,0,9.250858
866,0,9.524861
867,0,9.746673
868,0,9.968485
869,0,10.125058
870,0,10.588253
871,0,10.372965
872,0,10.190296
873,0,10.444728
874,0,10.509966
875,0,10.451251
876,0,10.562157
877,0,10.601301
878,0,10.438204
879,0,10.483871
880,0,10.43168
881,0,10.451251
882,0,10.653492
883,0,10.63392
884,0,10.594777
885,0,10.627396
886,0,10.901399
887,0,10.770921
888,0,10.118534
889,0,10.464299
890,0,10.340346
891,0,10.542586
892,0,10.607824
893,0,11.18845
894,0,11.514643
895,0,11.50812
896,0,11.82779
897,0,12.219222
898,0,12.427986
899,0,12.98904
900,0,12.819419
901,0,12.597607
902,0,12.258365
903,0,12.264889
904,0,12.323604
905,0,12.290985
906,0,12.343176
907,0,12.55194
908,0,12.55194
909,0,12.760704
910,0,12.564988
911,0,12.43451
912,0,12.323604
913,0,12.23227
914,0,12.343176
915,0,12.623703
916,0,12.75418
917,0,12.75418
918,0,12.98904
919,0,13.243471
920,0,13.041231
921,0,13.889335
922,0,14.143766
923,0,14.202481
924,0,13.739286
925,0,14.156814
926,0,14.450388
927,0,14.502579
928,0,14.313387
929,0,13.765381
930,0,13.856715
931,0,13.380472
932,0,14.013288
933,0,14.124194
934,0,14.104623
935,0,14.176385
936,0,14.332958
937,0,14.313387
938,0,14.058956
939,0,14.176385
940,0,14.058956
941,0,14.065479
942,0,13.589236
943,0,13.426139
944,0,13.484854
945,0,13.497902
946,0,13.71319
947,0,13.863239
948,0,14.019812
949,0,14.195957
950,0,14.209005
951,0,14.652628
952,0,15.846498
953,0,15.905213
954,0,16.237931
955,0,15.859546
956,0,15.729068
957,0,15.657306
958,0,15.983499
959,0,15.846498
960,0,15.86607
961,0,16.094405
962,0,15.983499
963,0,16.407551
964,0,16.635887
965,0,17.242608
966,0,16.883794
967,0,15.976975
968,0,16.335789
969,0,16.290122
970,0,15.983499
971,0,16.094405
972,0,16.048738
973,0,16.022643
974,0,16.335789
975,0,15.937832
976,0,16.081358
977,0,15.050585
978,0,14.887488
979,0,14.600437
980,0,14.783106
981,0,14.424293
982,0,14.515627
983,0,14.346006
984,0,15.004918
985,0,15.024489
986,0,15.285444
987,0,15.272397
988,0,15.415922
989,0,15.461589
990,0,15.579019
991,0,15.702973
992,0,15.813879
993,0,15.86607
994,0,15.644258
995,0,15.5464
996,0,15.670353
997,0,15.318064
998,0,14.985346
999,0,15.050585
1000,0,14.920107
1001,0,15.657306
1002,0,15.71602
1003,0,16.18574
1004,0,16.257502
1005,0,16.498886
1006,0,16.570648
1007,0,16.701126
1008,0,17.138226
1009,0,17.497039
1010,0,16.877271
1011,0,16.942509
1012,0,17.529658
1013,0,17.288275
1014,0,17.360037
1015,0,17.451372
1016,0,18.116807
1017,0,18.07114
1018,0,17.771042
1019,0,17.738422
1020,0,18.07114
1021,0,18.123331
1022,0,18.286428
1023,0,18.449525
1024,0,18.449525
1025,0,18.136379
1026,0,18.462573
1027,0,18.260333
1028,0,17.562278
1029,0,17.914567
1030,0,17.523134
1031,0,17.307846
1032,0,17.803661
1033,0,17.777566
1034,0,17.686231
1035,0,17.914567
1036,0,17.731898
1037,0,18.149427
1038,0,18.260333
1039,0,18.50824
1040,0,18.443001
1041,0,18.312524
1042,0,18.234237
1043,0,18.651765
1044,0,18.723528
1045,0,19.075817
1046,0,18.788767
1047,0,19.278057
1048,0,19.884778
1049,0,20.139209
1050,0,21.059076
1051,0,20.909027
1052,0,21.137362
1053,0,21.03298
1054,0,20.967742
1055,0,21.47008
1056,0,22.34428
1057,0,22.187707
1058,0,22.683521
1059,0,22.168135
1060,0,21.815846
1061,0,22.122468
1062,0,23.551197
1063,0,23.453339
1064,0,23.257623
1065,0,24.047012
1066,0,23.759961
1067,0,23.799104
1068,0,23.029287
1069,0,22.98362
1070,0,24.040488
1071,0,24.203585
1072,0,24.379729
1073,0,24.399301
1074,0,24.086155
1075,0,24.190537
1076,0,24.458016
1077,0,23.47291
1078,0,23.544673
1079,0,22.86619
1080,0,21.998514
1081,0,22.018086
1082,0,22.148563
1083,0,22.31166
1084,0,22.305136
1085,0,22.396471
1086,0,22.331232
1087,0,22.161611
1088,0,22.148563
1089,0,22.709617
1090,0,21.933275
1091,0,21.417889
1092,0,20.589357
1093,0,19.702109
1094,0,20.648072
1095,0,19.747777
1096,0,19.695586
1097,0,20.635024
1098,0,19.963065
1099,0,19.930445
1100,0,19.676014
1101,0,18.854005
1102,0,19.095389
1103,0,20.028303
1104,0,20.087018
1105,0,20.400164
1106,0,20.524118
1107,0,20.635024
1108,0,20.641548
1109,0,21.085171
1110,0,21.163458
1111,0,21.241744
1112,0,20.785073
1113,0,20.765501
1114,0,20.791597
1115,0,20.230543
1116,0,20.067447
1117,0,19.506393
1118,0,19.656442
1119,0,19.832587
1120,0,18.749623
1121,0,18.94534
1122,0,19.160628
1123,0,19.245438
1124,0,18.977959
1125,0,18.79529
1126,0,18.462573
1127,0,18.136379
1128,0,17.620993
1129,0,17.78409
1130,0,17.438324
1131,0,17.490515
1132,0,17.183893
1133,0,17.164321
1134,0,16.577172
1135,0,17.092559
1136,0,17.066463
1137,0,16.975129
1138,0,16.694602
1139,0,16.648935
1140,0,16.570648
1141,0,16.446695
1142,0,15.853022
1143,0,15.905213
1144,0,15.885641
1145,0,16.133549
1146,0,16.283598
1147,0,16.577172
1148,0,16.766365
1149,0,16.831603
1150,0,16.570648
1151,0,16.342313
1152,0,16.453219
1153,0,17.294799
1154,0,17.327418
1155,0,17.092559
1156,0,17.157797
1157,0,16.838127
1158,0,16.988176
1159,0,17.007748
1160,0,16.681554
1161,0,16.890318
1162,0,16.688078
1163,0,17.046891
1164,0,17.640564
1165,0,17.901519
1166,0,19.251962
1167,0,18.886625
1168,0,19.323725
1169,0,19.101913
1170,0,18.684385
1171,0,18.443001
1172,0,17.888472
1173,0,17.823233
1174,0,17.529658
1175,0,17.510087
1176,0,17.157797
1177,0,17.14475
1178,0,16.831603
1179,0,16.857699
1180,0,16.511933
1181,0,16.440171
1182,0,16.82508
1183,0,15.983499
1184,0,16.211835
1185,0,15.370255
1186,0,15.128871
1187,0,15.168015
1188,0,14.880964
1189,0,15.363731
1190,0,15.533352
1191,0,15.676877
1192,0,15.122348
1193,0,14.972298
1194,0,14.711343
1195,0,14.254672
1196,0,14.35253
1197,0,14.913583
1198,0,14.202481
1199,0,12.838991
1200,0,13.386996
1201,0,13.517474
1202,0,13.824096
1203,0,14.202481
1204,0,14.228576
1205,0,14.483008
1206,0,14.450388
1207,0,14.098099
1208,0,14.326435
1209,0,14.078527
1210,0,14.11767
1211,0,13.784953
1212,0,13.373948
1213,0,13.497902
1214,0,13.83062
1215,0,13.289138
1216,0,13.426139
1217,0,13.165184
1218,0,13.804524
1219,0,14.815725
1220,0,14.926631
1221,0,14.939679
1222,0,14.600437
1223,0,14.639581
1224,0,14.939679
1225,0,15.161491
1226,0,15.213682
1227,0,14.78963
1228,0,14.75701
1229,0,14.2351
1230,0,13.928478
1231,0,13.889335
1232,0,14.098099
1233,0,14.072003
1234,0,14.998394
1235,0,15.357207
1236,0,15.141919
1237,0,15.017966
1238,0,14.828773
1239,0,14.502579
1240,0,14.456912
1241,0,14.300339
1242,0,14.633057
1243,0,14.443864
1244,0,14.867916
1245,0,14.985346
1246,0,14.822249
1247,0,15.481161
1248,0,16.022643
1249,0,15.592067
1250,0,15.624686
1251,0,15.872593
1252,0,16.296645
1253,0,16.179216
1254,0,16.348836
1255,0,16.120501
1256,0,16.257502
1257,0,16.205311
1258,0,16.283598
1259,0,16.446695
1260,0,16.812032
1261,0,16.67503
1262,0,16.342313
1263,0,16.753317
1264,0,14.730915
1265,0,14.867916
1266,0,14.972298
1267,0,15.246301
1268,0,15.259349
1269,0,15.089728
1270,0,15.057109
1271,0,14.894012
1272,0,15.122348
1273,0,15.1093
1274,0,15.037537
1275,0,14.933155
1276,0,15.455065
1277,0,15.683401
1278,0,15.794307
1279,0,15.859546
1280,0,15.579019
1281,0,15.350683
1282,0,15.468113
1283,0,15.455065
1284,0,15.552923
1285,0,15.787783
1286,0,15.774735
1287,0,15.448541
1288,0,15.539876
1289,0,15.376779
1290,0,15.539876
1291,0,15.657306
1292,0,15.637734
1293,0,15.526828
1294,0,15.663829
1295,0,15.905213
1296,0,15.71602
1297,0,15.722544
1298,0,15.579019
1299,0,15.168015
1300,0,15.161491
1301,0,14.828773
1302,0,14.815725
1303,0,14.743963
1304,0,14.489531
1305,0,14.46996
1306,0,14.163338
1307,0,14.385149
1308,0,14.633057
1309,0,14.391673
1310,0,14.515627
1311,0,14.222052
1312,0,13.987193
1313,0,14.222052
1314,0,14.35253
1315,0,14.35253
1316,0,14.098099
1317,0,14.424293
1318,0,14.691772
1319,0,14.809201
1320,0,14.417769
1321,0,14.646105
1322,0,15.083204
1323,0,15.494209
1324,0,15.063633
1325,0,15.031013
1326,0,15.474637
1327,0,15.670353
1328,0,15.911737
1329,0,15.611638
1330,0,15.461589
1331,0,15.376779
1332,0,15.318064
1333,0,14.99187
1334,0,15.128871
1335,0,15.363731
1336,0,15.657306
1337,0,15.970452
1338,0,15.879117
1339,0,15.937832
1340,0,15.729068
1341,0,16.146596
1342,0,15.892165
1343,0,15.663829
1344,0,15.598591
1345,0,15.22673
1346,0,15.442018
1347,0,15.174539
1348,0,14.698296
1349,0,14.783106
1350,0,14.580866
1351,0,14.730915
1352,0,14.730915
1353,0,14.698296
1354,0,14.750487
1355,0,14.685248
1356,0,14.665676
1357,0,14.528675
1358,0,14.483008
1359,0,14.398197
1360,0,13.967621
1361,0,13.935002
1362,0,14.130718
1363,0,14.078527
1364,0,13.941526
1365,0,13.791477
1366,0,13.935002
1367,0,13.576189
1368,0,13.484854
1369,0,13.30871
1370,0,13.484854
1371,0,13.550093
1372,0,13.380472
1373,0,13.941526
1374,0,13.765381
1375,0,13.908906
1376,0,13.921954
1377,0,13.850191
1378,0,13.471807
1379,0,13.537045
1380,0,13.680571
1381,0,13.817572
1382,0,13.863239
1383,0,13.752333
1384,0,14.026336
1385,0,14.280767
1386,0,14.261196
1387,0,14.483008
1388,0,14.332958
1389,0,14.346006
1390,0,14.065479
1391,0,14.665676
1392,0,14.952727
1393,0,15.050585
1394,0,15.272397
1395,0,15.415922
1396,0,15.585543
1397,0,15.350683
1398,0,15.500732
1399,0,15.598591
1400,0,15.663829
1401,0,15.774735
1402,0,15.781259
1403,0,15.696449
1404,0,15.996547
1405,0,15.800831
1406,0,15.95088
1407,0,16.113977
1408,0,15.983499
1409,0,16.094405
1410,0,16.113977
1411,0,16.081358
1412,0,16.029167
1413,0,16.159644
1414,0,16.257502
1415,0,16.100929
1416,0,16.06831
1417,0,16.192263
1418,0,15.742116
1419,0,15.22673
1420,0,15.324588
1421,0,15.154967
1422,0,15.017966
1423,0,15.265873
1424,0,15.409398
1425,0,15.422446
1426,0,15.579019
1427,0,15.879117
1428,0,16.746793
1429,0,16.916414
1430,0,16.916414
1431,0,16.79246
1432,0,16.740269
1433,0,16.746793
1434,0,16.929462
1435,0,16.90989
1436,0,16.864223
1437,0,16.694602
1438,0,16.701126
1439,0,16.949033
1440,0,17.223036
1441,0,17.236084
1442,0,17.118654
1443,0,17.294799
1444,0,17.373085
1445,0,17.46442
1446,0,17.086035
1447,0,16.877271
1448,0,16.518457
1449,0,16.688078
1450,0,16.50541
1451,0,17.040367
1452,0,17.22956
1453,0,19.78692
1454,0,19.884778
1455,0,20.295782
1456,0,20.158781
1457,0,19.995684
1458,0,20.028303
1459,0,19.734729
1460,0,19.66949
1461,0,20.093542
1462,0,20.289258
1463,0,20.39364
1464,0,20.889455
1465,0,20.980789
1466,0,21.0656
1467,0,20.967742
1468,0,21.189553
1469,0,21.196077
1470,0,21.006885
1471,0,21.280888
1472,0,21.737559
1473,0,21.58751
1474,0,21.287412
1475,0,21.548367
1476,0,22.122468
1477,0,21.952847
1478,0,22.200754
1479,0,21.946323
1480,0,21.972419
1481,0,21.978943
1482,0,21.920228
1483,0,21.828893
1484,0,21.678844
1485,0,21.313507
1486,0,21.365698
1487,0,21.522271
1488,0,21.176506
1489,0,20.39364
1490,0,20.269687
1491,0,20.752454
1492,0,20.452355
1493,0,20.243591
1494,0,19.852159
1495,0,19.950017
1496,0,20.178352
1497,0,20.119638
1498,0,19.995684
1499,0,20.341449
1500,0,20.10659
1501,0,20.282735
1502,0,20.334926
1503,0,20.341449
1504,0,20.217496
1505,0,19.943493
1506,0,20.22402
1507,0,20.882931
1508,0,20.961218
1509,0,21.320031
1510,0,21.333079
1511,0,21.398318
1512,0,21.463556
1513,0,21.509223
1514,0,21.548367
1515,0,21.554891
1516,0,21.483128
1517,0,21.463556
1518,0,22.507377
1519,0,22.34428
1520,0,22.676997
1521,0,22.774856
1522,0,22.820523
1523,0,23.205432
1524,0,23.257623
1525,0,23.283718
1526,0,23.257623
1527,0,23.153241
1528,0,23.264146
1529,0,23.47291
1530,0,23.153241
1531,0,22.833571
1532,0,22.794427
1533,0,22.494329
1534,0,22.559568
1535,0,23.009715
1536,0,23.257623
1537,0,23.47291
1538,0,23.179336
1539,0,22.970572
1540,0,23.029287
1541,0,22.86619
1542,0,22.716141
1543,0,22.742236
1544,0,22.879238
1545,0,22.768332
1546,0,22.168135
1547,0,22.115944
1548,0,21.835417
1549,0,21.717988
1550,0,21.854989
1551,0,21.913704
1552,0,22.487805
1553,0,22.605235
1554,0,22.539996
1555,0,22.833571
1556,0,22.827047
1557,0,22.324708
1558,0,22.155087
1559,0,22.02461
1560,0,21.868037
1561,0,22.833571
1562,0,22.34428
1563,0,22.34428
1564,0,22.389947
1565,0,22.357327
1566,0,22.252945
1567,0,22.272517
1568,0,22.442138
1569,0,22.122468
1570,0,22.807475
1571,0,22.357327
1572,0,22.396471
1573,0,22.66395
1574,0,22.181183
1575,0,22.533472
1576,0,22.918381
1577,0,23.401148
1578,0,22.474757
1579,0,22.703093
1580,0,22.827047
1581,0,22.690045
1582,0,22.827047
1583,0,22.924905
1584,0,23.120621
1585,0,23.485958
1586,0,23.433767
1587,0,23.870867
1588,0,23.485958
1589,0,23.949154
1590,0,23.694722
1591,0,23.629484
1592,0,23.603388
1593,0,23.714294
1594,0,23.851295
1595,0,23.62296
1596,0,23.733866
1597,0,24.092679
1598,0,24.033964
1599,0,24.484111
1600,0,24.621113
1601,0,24.738543
1602,0,24.608065
1603,0,24.216633
1604,0,24.203585
1605,0,24.268824
1606,0,24.379729
1607,0,23.929582
1608,0,23.662103
1609,0,24.11225
1610,0,24.334062
1611,0,24.497159
1612,0,24.855972
1613,0,24.823353
1614,0,24.934259
1615,0,25.116928
1616,0,24.699399
1617,0,24.086155
1618,0,24.118774
1619,0,23.701246
1620,0,23.923058
1621,0,24.047012
1622,0,24.78421
1623,0,25.18869
1624,0,25.42355
1625,0,25.325692
1626,0,25.064737
1627,0,25.358311
1628,0,25.312644
1629,0,25.443121
1630,0,25.064737
1631,0,25.280025
1632,0,25.462693
1633,0,25.397454
1634,0,25.351787
1635,0,25.54098
1636,0,25.443121
1637,0,25.364835
1638,0,25.227833
1639,0,25.227833
1640,0,24.301443
1641,0,24.771162
1642,0,22.735712
1643,0,22.696569
1644,0,22.729188
1645,0,22.820523
1646,0,22.468233
1647,0,22.500853
1648,0,22.259469
1649,0,22.122468
1650,0,22.592187
1651,0,22.233374
1652,0,22.761808
1653,0,22.853142
1654,0,23.172812
1655,0,22.402995
1656,0,22.207278
1657,0,22.115944
1658,0,21.861513
1659,0,22.14204
1660,0,21.26784
1661,0,20.517594
1662,0,20.824216
1663,0,21.776702
1664,0,21.757131
1665,0,21.111267
1666,0,20.993837
1667,0,21.306983
1668,0,21.052552
1669,0,20.347973
1670,0,20.51107
1671,0,19.858682
1672,0,19.936969
1673,0,20.556737
1674,0,20.589357
1675,0,20.785073
1676,0,20.439308
1677,0,20.641548
1678,0,20.237067
1679,0,20.060923
1680,0,19.689062
1681,0,18.59305
1682,0,18.573479
1683,0,18.717004
1684,0,18.814862
1685,0,18.462573
1686,0,19.180199
1687,0,18.769195
1688,0,18.175522
1689,0,18.94534
1690,0,19.023626
1691,0,18.142903
1692,0,17.960234
1693,0,18.214665
1694,0,18.553907
1695,0,18.299476
1696,0,18.351667
1697,0,18.397334
1698,0,18.299476
1699,0,18.103759
1700,0,17.66666
1701,0,17.797137
1702,0,18.136379
1703,0,17.744946
1704,0,18.573479
1705,0,20.302306
1706,0,20.882931
1707,0,21.059076
1708,0,20.74593
1709,0,20.432784
1710,0,20.152257
1711,0,19.923921
1712,0,19.943493
1713,0,19.878254
1714,0,20.093542
1715,0,20.458879
1716,0,20.876407
1717,0,20.980789
1718,0,20.563261
1719,0,20.595881
1720,0,20.021779
1721,0,19.858682
1722,0,20.015256
1723,0,20.282735
1724,0,20.550213
1725,0,20.452355
1726,0,20.22402
1727,0,20.171829
1728,0,20.341449
1729,0,20.517594
1730,0,21.26784
1731,0,21.580986
1732,0,21.189553
1733,0,21.457032
1734,0,21.489652
1735,0,21.052552
1736,0,21.515747
1737,0,21.326555
1738,0,21.085171
1739,0,21.03298
1740,0,21.554891
1741,0,21.463556
1742,0,21.717988
1743,0,21.802798
1744,0,21.757131
1745,0,21.646225
1746,0,21.90718
1747,0,22.507377
1748,0,22.389947
1749,0,22.442138
1750,0,22.840094
1751,0,22.78138
1752,0,22.78138
1753,0,22.696569
1754,0,22.787903
1755,0,22.853142
1756,0,23.107573
1757,0,22.755284
1758,0,22.768332
1759,0,23.225003
1760,0,22.239898
1761,0,21.796274
1762,0,21.483128
1763,0,22.200754
1764,0,21.939799
1765,0,21.965895
1766,0,22.233374
1767,0,22.402995
1768,0,22.833571
1769,0,21.528795
1770,0,21.620129
1771,0,21.952847
1772,0,22.018086
1773,0,22.011562
1774,0,21.939799
1775,0,21.802798
1776,0,21.894132
1777,0,21.274364
1778,0,21.26784
1779,0,20.902503
1780,0,20.772025
1781,0,20.856836
1782,0,21.280888
1783,0,21.633177
1784,0,21.574462
1785,0,21.67232
1786,0,21.809322
1787,0,21.900656
1788,0,22.089849
1789,0,22.076801
1790,0,22.220326
1791,0,22.233374
1792,0,22.233374
1793,0,22.259469
1794,0,22.213802
1795,0,22.34428
1796,0,21.998514
1797,0,22.31166
1798,0,22.637854
1799,0,23.06843
1800,0,22.735712
1801,0,22.376899
1802,0,22.448662
1803,0,22.239898
1804,0,22.161611
1805,0,22.187707
1806,0,21.985466
1807,0,21.985466
1808,0,21.920228
1809,0,21.881084
1810,0,21.443985
1811,0,21.039504
1812,0,21.398318
1813,0,21.248268
1814,0,21.339603
1815,0,21.274364
1816,0,20.915551
1817,0,21.117791
1818,0,20.869883
1819,0,20.876407
1820,0,20.876407
1821,0,21.000361
1822,0,20.621976
1823,0,20.765501
1824,0,20.876407
1825,0,21.248268
1826,0,21.313507
1827,0,21.306983
1828,0,21.261316
1829,0,21.515747
1830,0,21.489652
1831,0,22.070277
1832,0,21.378746
1833,0,21.196077
1834,0,21.365698
1835,0,21.528795
1836,0,21.70494
1837,0,21.711464
1838,0,20.94817
1839,0,20.71331
1840,0,20.51107
1841,0,20.041351
1842,0,20.021779
1843,0,20.113114
1844,0,20.080494
1845,0,20.706787
1846,0,20.719834
1847,0,20.967742
1848,0,20.661119
1849,0,20.876407
1850,0,20.680691
1851,0,20.71331
1852,0,20.778549
1853,0,20.915551
1854,0,20.935122
1855,0,21.261316
1856,0,21.67232
1857,0,21.750607
1858,0,21.939799
1859,0,21.841941
1860,0,21.99199
1861,0,21.978943
1862,0,22.155087
1863,0,22.539996
1864,0,22.709617
1865,0,22.644378
1866,0,22.872714
1867,0,22.774856
1868,0,22.585663
1869,0,22.74876
1870,0,22.487805
1871,0,22.820523
1872,0,23.198908
1873,0,23.146717
1874,0,22.990144
1875,0,23.146717
1876,0,23.094526
1877,0,23.055382
1878,0,22.944476
1879,0,22.879238
1880,0,22.644378
1881,0,22.422566
1882,0,23.479434
1883,0,23.733866
1884,0,23.779533
1885,0,24.138346
1886,0,24.288395
1887,0,24.360158
1888,0,24.425397
1889,0,23.492482
1890,0,23.62296
1891,0,23.427243
1892,0,24.647208
1893,0,24.673304
1894,0,24.54935
1895,0,24.790734
1896,0,24.999498
1897,0,25.143023
1898,0,25.169119
1899,0,24.58197
1900,0,25.032117
1901,0,24.999498
1902,0,24.979926
1903,0,24.90164
1904,0,24.973402
1905,0,25.110404
1906,0,25.097356
1907,0,25.032117
1908,0,24.307967
1909,0,24.484111
1910,0,24.601541
1911,0,24.444968
1912,0,25.097356
1913,0,25.345263
1914,0,25.260453
1915,0,25.377883
1916,0,25.645362
1917,0,25.273501
1918,0,25.534456
1919,0,25.214786
1920,0,25.10388
1921,0,25.051689
1922,0,25.110404
1923,0,25.10388
1924,0,25.077784
1925,0,25.573599
1926,0,25.886745
1927,0,25.814982
1928,0,25.978079
1929,0,26.017223
1930,0,25.899793
1931,0,26.023747
1932,0,26.356464
1933,0,26.069414
1934,0,25.991127
1935,0,25.965032
1936,0,25.847602
1937,0,26.017223
1938,0,25.691029
1939,0,25.984603
1940,0,25.567075
1941,0,25.54098
1942,0,25.077784
1943,0,24.555874
1944,0,24.849449
1945,0,24.888592
1946,0,24.895116
1947,0,25.195214
1948,0,24.777686
1949,0,24.992974
1950,0,24.98645
1951,0,25.10388
1952,0,23.414196
1953,0,23.322861
1954,0,23.701246
1955,0,23.701246
1956,0,21.130839
1957,0,21.38527
1958,0,22.070277
1959,0,21.920228
1960,0,22.14204
1961,0,22.42909
1962,0,22.598711
1963,0,22.964048
1964,0,22.924905
1965,0,22.618283
1966,0,23.238051
1967,0,23.375052
1968,0,23.746913
1969,0,23.786057
1970,0,23.59034
1971,0,23.864343
1972,0,23.668627
1973,0,23.551197
1974,0,23.688198
1975,0,23.675151
1976,0,23.70777
1977,0,23.59034
1978,0,23.50553
1979,0,24.268824
1980,0,24.307967
1981,0,24.151394
1982,0,24.079631
1983,0,23.851295
1984,0,23.988297
1985,0,24.092679
1986,0,24.125298
1987,0,24.060059
1988,0,24.14487
1989,0,24.138346
1990,0,24.02744
1991,0,24.268824
1992,0,24.653732
1993,0,24.718971
1994,0,24.895116
1995,0,24.705923
1996,0,24.327538
1997,0,24.536302
1998,0,24.908164
1999,0,24.98645
2000,0,25.032117
2001,0,25.07126
2002,0,24.334062
2003,0,23.877391
2004,0,24.353634
2005,0,24.073107
2006,0,23.642531
2007,0,23.50553
2008,0,23.50553
2009,0,23.394624
2010,0,24.040488
2011,0,23.655579
2012,0,23.499006
2013,0,23.283718
2014,0,23.570769
2015,0,22.892285
2016,0,22.820523
2017,0,21.783226
2018,0,21.861513
2019,0,22.122468
2020,0,22.31166
2021,0,21.985466
2022,0,23.955677
2023,0,23.355481
2024,0,23.818676
2025,0,23.94263
2026,0,24.079631
2027,0,23.838248
2028,0,24.02744
2029,0,24.758114
2030,0,24.444968
2031,0,24.679828
2032,0,24.627637
2033,0,24.451492
2034,0,24.686352
2035,0,24.758114
2036,0,24.797258
2037,0,24.718971
2038,0,23.79258
2039,0,24.197061
2040,0,24.11225
2041,0,23.688198
2042,0,23.120621
2043,0,22.905333
2044,0,23.159764
2045,0,23.759961
2046,0,24.2623
2047,0,24.125298
2048,0,24.444968
2049,0,24.22968
2050,0,24.458016
2051,0,23.968725
2052,0,23.681675
2053,0,23.446815
2054,0,22.683521
2055,0,23.055382
2056,0,23.022763
2057,0,23.081478
2058,0,24.118774
2059,0,23.485958
2060,0,23.903486
2061,0,23.479434
2062,0,23.27067
2063,0,23.061906
2064,0,21.959371
2065,0,21.424413
2066,0,21.809322
2067,0,21.920228
2068,0,21.652749
2069,0,21.868037
2070,0,21.841941
2071,0,22.298613
2072,0,22.089849
2073,0,22.481281
2074,0,22.481281
2075,0,21.913704
2076,0,21.939799
2077,0,21.15041
2078,0,20.876407
2079,0,20.785073
2080,0,20.778549
2081,0,21.320031
2082,0,20.576309
2083,0,19.995684
2084,0,20.178352
2085,0,20.569785
2086,0,20.621976
2087,0,20.491499
2088,0,20.550213
2089,0,20.791597
2090,0,20.895979
2091,0,20.648072
2092,0,19.969588
2093,0,20.054399
2094,0,19.90435
2095,0,19.963065
2096,0,19.662966
2097,0,19.617299
2098,0,19.271534
2099,0,19.793444
2100,0,19.852159
2101,0,19.897826
2102,0,19.336772
2103,0,19.356344
2104,0,19.878254
2105,0,19.14758
2106,0,19.34982
2107,0,19.799968
2108,0,19.780396
2109,0,19.565108
2110,0,19.062769
2111,0,19.297629
2112,0,19.460726
2113,0,20.152257
2114,0,20.374069
2115,0,20.530642
2116,0,20.687215
2117,0,20.595881
2118,0,20.556737
2119,0,20.263163
2120,0,20.184876
2121,0,19.656442
2122,0,19.734729
2123,0,19.017102
2124,0,19.832587
2125,0,19.630347
2126,0,20.204448
2127,0,20.002208
2128,0,19.66949
2129,0,20.250115
2130,0,20.51107
2131,0,20.569785
2132,0,20.002208
2133,0,19.936969
2134,0,19.708633
2135,0,20.289258
2136,0,20.922074
2137,0,20.6285
2138,0,20.758978
2139,0,20.71331
2140,0,20.86336
2141,0,20.811169
2142,0,21.117791
2143,0,21.026457
2144,0,21.222173
2145,0,23.055382
2146,0,22.892285
2147,0,23.642531
2148,0,23.238051
2149,0,23.290242
2150,0,23.499006
2151,0,23.440291
2152,0,23.759961
2153,0,24.105727
2154,0,24.223156
2155,0,24.392777
2156,0,24.073107
2157,0,24.060059
2158,0,24.131822
2159,0,24.562398
2160,0,23.818676
2161,0,24.086155
2162,0,23.975249
2163,0,23.649055
2164,0,24.066583
2165,0,24.340586
2166,0,24.366682
2167,0,24.405825
2168,0,24.386253
2169,0,24.725495
2170,0,24.510207
2171,0,24.190537
2172,0,23.896963
2173,0,24.099203
2174,0,23.290242
2175,0,23.218479
2176,0,23.18586
2177,0,23.205432
2178,0,23.06843
2179,0,22.657426
2180,0,22.879238
2181,0,23.440291
2182,0,22.892285
2183,0,23.074954
2184,0,23.283718
2185,0,22.924905
2186,0,22.722665
2187,0,22.911857
2188,0,22.924905
2189,0,23.205432
2190,0,23.048858
2191,0,22.918381
2192,0,23.485958
2193,0,23.283718
2194,0,23.62296
2195,0,23.375052
2196,0,23.570769
2197,0,23.949154
2198,0,23.525102
2199,0,23.394624
2200,0,23.055382
2201,0,23.544673
2202,0,23.903486
2203,0,23.675151
2204,0,24.138346
2205,0,24.138346
2206,0,24.118774
2207,0,23.844772
2208,0,23.603388
2209,0,23.727342
2210,0,23.342433
2211,0,22.996667
2212,0,22.703093
2213,0,22.592187
2214,0,23.081478
2215,0,22.690045
2216,0,22.644378
2217,0,22.66395
2218,0,23.166288
2219,0,22.676997
2220,0,22.500853
2221,0,22.057229
2222,0,20.993837
2223,0,21.391794
2224,0,21.509223
2225,0,20.915551
2226,0,20.804645
2227,0,20.837264
2228,0,20.909027
2229,0,20.113114
2230,0,20.367545
2231,0,19.408535
2232,0,20.465403
2233,0,21.47008
2234,0,20.302306
2235,0,20.132685
2236,0,20.054399
2237,0,20.080494
2238,0,20.178352
2239,0,19.056246
2240,0,19.34982
2241,0,19.356344
2242,0,18.358191
2243,0,18.449525
2244,0,17.607945
2245,0,16.381456
2246,0,16.296645
2247,0,14.848345
2248,0,14.665676
2249,0,16.701126
2250,0,16.055262
2251,0,14.450388
2252,0,15.148443
2253,0,14.750487
2254,0,15.559447
2255,0,14.828773
2256,0,13.856715
2257,0,13.517474
2258,0,12.884658
2259,0,12.343176
2260,0,13.798
2261,0,13.895859
2262,0,14.698296
2263,0,14.476484
2264,0,15.004918
2265,0,16.074834
2266,0,15.174539
2267,0,13.980669
2268,0,14.248148
2269,0,14.163338
2270,0,13.660999
2271,0,12.63675
2272,0,13.680571
2273,0,13.537045
2274,0,12.473653
2275,0,12.395367
2276,0,11.50812
2277,0,10.568681
2278,0,11.279784
2279,0,12.140936
2280,0,12.101792
2281,0,12.193127
2282,0,12.284461
2283,0,11.260212
2284,0,11.50812
2285,0,11.873457
2286,0,11.423309
2287,0,11.260212
2288,0,11.247164
2289,0,11.697312
2290,0,11.866933
2291,0,11.82779
2292,0,11.345023
2293,0,10.75135
2294,0,10.646968
2295,0,10.653492
2296,0,10.620872
2297,0,10.620872
2298,0,10.31425
2299,0,10.190296
2300,0,10.164201
2301,0,10.07939
2302,0,9.779292
2303,0,9.707529
2304,0,10.19682
2305,0,10.594777
2306,0,10.95359
2307,0,11.82779
2308,0,11.893028
2309,0,11.971315
2310,0,12.082221
2311,0,12.082221
2312,0,12.43451
2313,0,12.036554
2314,0,12.473653
2315,0,12.728085
2316,0,12.101792
2317,0,12.564988
2318,0,12.330128
2319,0,12.160507
2320,0,12.336652
2321,0,12.199651
2322,0,12.369271
2323,0,12.11484
2324,0,11.79517
2325,0,11.762551
2326,0,11.879981
2327,0,12.056125
2328,0,12.604131
2329,0,12.591083
2330,0,12.421462
2331,0,11.9126
2332,0,11.984363
2333,0,12.153983
2334,0,12.049601
2335,0,11.514643
2336,0,10.470823
2337,0,10.151153
2338,0,9.903246
2339,0,9.316097
2340,0,9.727101
2341,0,9.564004
2342,0,9.27043
2343,0,9.048618
2344,0,8.272276
2345,0,8.272276
2346,0,8.683281
2347,0,8.180942
2348,0,8.252705
2349,0,8.115703
2350,0,8.761567
2351,0,8.826806
2352,0,9.009475
2353,0,9.126904
2354,0,8.976855
2355,0,9.407431
2356,0,9.479194
2357,0,9.616195
2358,0,9.413955
2359,0,10.366441
2360,0,10.301202
2361,0,10.412108
2362,0,11.181926
2363,0,10.575205
2364,0,10.040247
2365,0,10.027199
2366,0,10.438204
2367,0,10.646968
2368,0,10.738302
2369,0,10.425156
2370,0,10.177249
2371,0,10.568681
2372,0,11.090591
2373,0,10.881827
2374,0,10.777445
2375,0,10.673063
2376,0,10.973162
2377,0,11.097115
2378,0,10.712207
2379,0,10.829636
2380,0,10.934018
2381,0,10.699159
2382,0,11.025353
2383,0,11.0384
2384,0,11.116687
2385,0,11.762551
2386,0,11.9126
2387,0,12.271413
2388,0,12.66937
2389,0,12.219222
2390,0,12.545416
2391,0,12.245318
2392,0,12.617179
2393,0,12.290985
2394,0,12.388843
2395,0,11.775599
2396,0,11.958267
2397,0,11.514643
2398,0,11.658169
2399,0,11.984363
2400,0,12.160507
2401,0,11.534215
2402,0,11.540739
2403,0,11.775599
2404,0,11.671216
2405,0,11.729931
2406,0,11.893028
2407,0,12.31708
2408,0,12.75418
2409,0,12.610655
2410,0,13.07385
2411,0,12.982516
2412,0,12.812895
2413,0,12.865086
2414,0,12.688941
2415,0,12.865086
2416,0,12.630226
2417,0,12.323604
2418,0,12.11484
2419,0,11.990886
2420,0,12.212698
2421,0,12.323604
2422,0,12.003934
2423,0,12.101792
2424,0,12.401891
2425,0,13.021659
2426,0,13.295662
2427,0,13.328281
2428,0,13.249995
2429,0,13.452235
2430,0,12.884658
2431,0,12.75418
2432,0,12.388843
2433,0,12.271413
2434,0,12.31708
2435,0,12.369271
2436,0,12.649798
2437,0,12.715037
2438,0,13.413092
2439,0,13.589236
2440,0,13.674047
2441,0,14.065479
2442,0,14.013288
2443,0,14.026336
2444,0,14.430817
2445,0,14.528675
2446,0,14.783106
2447,0,15.19411
2448,0,14.763534
2449,0,15.1093
2450,0,15.148443
2451,0,15.624686
2452,0,15.768211
2453,0,15.350683
2454,0,15.181062
2455,0,15.481161
2456,0,15.5464
2457,0,15.585543
2458,0,15.905213
2459,0,16.042214
2460,0,15.683401
2461,0,15.370255
2462,0,16.577172
2463,0,16.47279
2464,0,16.518457
2465,0,16.668506
2466,0,16.635887
2467,0,16.531505
2468,0,16.622839
2469,0,16.661983
2470,0,16.851175
2471,0,16.753317
2472,0,16.864223
2473,0,16.453219
2474,0,16.498886
2475,0,16.870747
2476,0,17.22956
2477,0,17.712327
2478,0,18.175522
2479,0,18.299476
2480,0,18.332095
2481,0,18.47562
2482,0,18.677861
2483,0,18.586526
2484,0,18.50824
2485,0,18.79529
2486,0,18.612622
2487,0,18.443001
2488,0,18.155951
2489,0,17.992854
2490,0,18.195094
2491,0,18.201618
2492,0,18.155951
2493,0,17.360037
2494,0,17.164321
2495,0,17.497039
2496,0,17.757994
2497,0,17.679707
2498,0,17.875424
2499,0,17.921091
2500,0,17.914567
2501,0,17.803661
2502,0,17.999377
2503,0,18.018949
2504,0,17.75147
2505,0,17.875424
2506,0,17.268703
2507,0,17.536182
2508,0,17.529658
2509,0,17.092559
2510,0,16.772889
2511,0,16.785936
2512,0,16.518457
2513,0,16.785936
2514,0,16.140072
2515,0,16.35536
2516,0,16.329265
2517,0,16.342313
2518,0,17.046891
2519,0,17.072987
2520,0,17.588373
2521,0,17.614469
2522,0,17.914567
2523,0,17.894995
2524,0,18.664813
2525,0,19.160628
2526,0,19.330248
2527,0,19.219343
2528,0,19.004055
2529,0,18.860529
2530,0,19.101913
2531,0,19.075817
2532,0,19.271534
2533,0,18.821386
2534,0,18.867053
2535,0,19.206295
2536,0,19.238914
2537,0,19.375916
2538,0,19.480298
2539,0,19.493345
2540,0,19.304153
2541,0,19.082341
2542,0,19.369392
2543,0,19.336772
2544,0,19.55206
2545,0,19.506393
2546,0,19.421583
2547,0,19.206295
2548,0,19.180199
2549,0,19.512917
2550,0,19.689062
2551,0,19.767348
2552,0,19.78692
2553,0,19.832587
2554,0,19.78692
2555,0,20.289258
2556,0,20.269687
2557,0,20.419736
2558,0,20.197924
2559,0,20.126161
2560,0,20.100066
2561,0,20.093542
2562,0,20.10659
2563,0,19.865206
2564,0,20.021779
2565,0,20.321878
2566,0,19.852159
2567,0,20.093542
2568,0,19.982636
2569,0,19.910873
2570,0,19.03015
2571,0,19.212819
2572,0,19.108437
2573,0,19.03015
2574,0,18.717004
2575,0,18.286428
2576,0,19.004055
2577,0,19.245438
2578,0,19.271534
2579,0,18.964911
2580,0,19.03015
2581,0,19.049722
2582,0,19.186723
2583,0,19.082341
2584,0,19.154104
2585,0,19.558584
2586,0,19.734729
2587,0,19.982636
2588,0,20.210972
2589,0,20.354497
2590,0,20.321878
2591,0,20.126161
2592,0,20.374069
2593,0,20.282735
2594,0,20.524118
2595,0,20.935122
2596,0,21.111267
2597,0,21.163458
2598,0,21.046028
2599,0,21.633177
2600,0,21.528795
2601,0,21.70494
2602,0,21.959371
2603,0,21.90718
2604,0,21.802798
2605,0,21.731035
2606,0,21.802798
2607,0,21.776702
2608,0,21.828893
2609,0,21.802798
2610,0,21.998514
2611,0,22.252945
2612,0,22.115944
2613,0,22.539996
2614,0,22.383423
2615,0,22.442138
2616,0,22.585663
2617,0,22.435614
2618,0,22.539996
2619,0,22.716141
2620,0,22.54652
2621,0,22.370375
2622,0,22.174659
2623,0,22.331232
2624,0,22.318184
2625,0,22.115944
2626,0,22.448662
2627,0,23.244575
2628,0,23.009715
2629,0,22.937953
2630,0,23.675151
2631,0,23.570769
2632,0,23.773009
2633,0,23.903486
2634,0,24.020916
2635,0,23.629484
2636,0,23.903486
2637,0,24.288395
2638,0,23.655579
2639,0,23.988297
2640,0,23.06843
2641,0,22.676997
2642,0,21.711464
2643,0,20.791597
2644,0,22.305136
2645,0,22.22685
2646,0,22.709617
2647,0,22.690045
2648,0,22.089849
2649,0,22.305136
2650,0,20.922074
2651,0,21.261316
2652,0,20.250115
2653,0,20.445831
2654,0,20.484975
2655,0,20.380593
2656,0,20.54369
2657,0,21.365698
2658,0,21.111267
2659,0,20.537166
2660,0,21.019933
2661,0,21.137362
2662,0,19.790182
2663,0,19.636871
2664,0,19.46725
2665,0,19.258486
2666,0,19.865206
2667,0,20.047875
2668,0,20.524118
2669,0,21.006885
2670,0,21.287412
2671,0,21.18303
2672,0,21.274364
2673,0,21.156934
2674,0,20.889455
2675,0,20.856836
2676,0,20.067447
2677,0,20.021779
2678,0,19.950017
2679,0,19.056246
2680,0,18.547383
2681,0,18.449525
2682,0,18.129855
2683,0,18.103759
2684,0,18.638717
2685,0,18.79529
2686,0,18.690908
2687,0,18.397334
2688,0,18.756147
2689,0,18.717004
2690,0,18.527812
2691,0,17.63404
2692,0,17.966758
2693,0,17.95371
2694,0,17.992854
2695,0,18.736576
2696,0,19.11496
2697,0,19.336772
2698,0,18.834434
2699,0,18.775719
2700,0,18.364715
2701,0,18.221189
2702,0,18.801814
2703,0,18.162474
2704,0,18.456049
2705,0,18.566955
2706,0,18.743099
2707,0,19.454202
2708,0,19.219343
2709,0,18.410382
2710,0,17.960234
2711,0,17.842804
2712,0,17.718851
2713,0,19.101913
2714,0,19.206295
2715,0,18.619146
2716,0,18.632194
2717,0,18.240761
2718,0,17.849328
2719,0,18.064616
2720,0,17.947186
2721,0,18.240761
2722,0,18.058092
2723,0,17.594897
2724,0,18.456049
2725,0,19.056246
2726,0,19.473774
2727,0,18.91272
2728,0,18.814862
2729,0,18.873577
2730,0,18.860529
2731,0,19.004055
2732,0,19.03015
2733,0,19.186723
2734,0,19.597727
2735,0,19.930445
2736,0,20.243591
2737,0,20.321878
2738,0,20.067447
2739,0,19.936969
2740,0,20.935122
2741,0,20.876407
2742,0,21.098219
2743,0,21.254792
2744,0,21.770179
2745,0,22.005038
2746,0,21.261316
2747,0,21.554891
2748,0,21.313507
2749,0,21.659273
2750,0,22.050705
2751,0,22.018086
2752,0,21.972419
2753,0,22.383423
2754,0,22.331232
2755,0,22.494329
2756,0,22.611759
2757,0,22.194231
2758,0,22.611759
2759,0,22.670474
2760,0,22.670474
2761,0,22.768332
2762,0,22.703093
2763,0,22.566092
2764,0,22.78138
2765,0,22.703093
2766,0,22.670474
2767,0,22.872714
2768,0,22.905333
2769,0,23.479434
2770,0,23.733866
2771,0,23.603388
2772,0,23.146717
2773,0,23.003191
2774,0,23.309814
2775,0,23.720818
2776,0,23.616436
2777,0,22.859666
2778,0,22.970572
2779,0,23.636007
2780,0,23.786057
2781,0,23.668627
2782,0,23.114097
2783,0,23.70777
2784,0,23.714294
2785,0,23.257623
2786,0,22.846618
2787,0,23.564245
2788,0,23.955677
2789,0,24.451492
2790,0,24.223156
2791,0,24.516731
2792,0,24.568922
2793,0,24.823353
2794,0,25.143023
2795,0,25.247405
2796,0,25.377883
2797,0,25.10388
2798,0,25.925888
2799,0,26.447799
2800,0,26.506513
2801,0,26.636991
2802,0,26.78704
2803,0,26.793564
2804,0,27.348094
2805,0,27.080615
2806,0,27.198044
2807,0,27.132806
2808,0,27.028424
2809,0,27.321998
2810,0,27.067567
2811,0,27.008852
2812,0,27.061043
2813,0,27.152377
2814,0,27.54381
2815,0,28.013529
2816,0,28.137483
2817,0,28.033101
2818,0,28.222293
2819,0,28.933396
2820,0,27.680811
2821,0,27.589477
2822,0,27.472047
2823,0,27.902623
2824,0,27.850432
2825,0,27.772146
2826,0,27.693859
2827,0,26.734849
2828,0,27.289379
2829,0,27.432904
2830,0,26.897946
2831,0,26.741373
2832,0,28.046148
2833,0,28.992111
2834,0,28.815966
2835,0,28.333199
2836,0,28.70506
2837,0,29.370496
2838,0,29.220446
2839,0,27.824337
2840,0,28.424533
2841,0,28.652869
2842,0,28.652869
2843,0,27.719955
2844,0,26.389084
2845,0,26.845755
2846,0,27.635144
2847,0,27.452476
2848,0,26.539133
2849,0,27.047995
2850,0,27.935243
2851,0,30.499126
2852,0,29.925025
2853,0,29.990264
2854,0,30.042455
2855,0,29.279161
2856,0,29.57926
2857,0,29.253066
2858,0,28.58763
2859,0,27.615573
2860,0,27.693859
2861,0,28.013529
2862,0,28.672441
2863,0,28.176626
2864,0,28.489772
2865,0,28.646345
2866,0,28.731156
2867,0,28.678965
2868,0,29.070397
2869,0,29.416163
2870,0,29.213923
2871,0,29.448782
2872,0,29.246542
2873,0,29.57926
2874,0,29.54664
2875,0,29.272637
2876,0,29.285685
2877,0,29.350924
2878,0,29.318305
2879,0,30.394744
2880,0,30.42084
2881,0,30.988417
2882,0,30.38822
2883,0,30.492602
2884,0,31.732139
2885,0,32.188811
2886,0,31.432041
2887,0,32.227954
2888,0,32.638958
2889,0,32.828151
2890,0,32.560672
2891,0,32.906437
2892,0,33.010819
2893,0,32.293193
2894,0,32.077905
2895,0,32.443242
2896,0,32.5411
2897,0,33.056486
2898,0,32.638958
2899,0,32.834674
2900,0,34.302547
2901,0,34.132926
2902,0,33.38268
2903,0,33.748017
2904,0,33.376156
2905,0,33.076058
2906,0,32.032238
2907,0,31.764759
2908,0,31.980046
2909,0,32.22143
2910,0,32.358431
2911,0,32.534576
2912,0,31.314611
2913,0,31.432041
2914,0,30.94275
2915,0,30.701367
2916,0,31.118895
2917,0,31.14499
2918,0,31.777806
2919,0,31.438565
2920,0,31.007989
2921,0,31.947427
2922,0,30.903607
2923,0,30.701367
2924,0,30.94275
2925,0,31.562518
2926,0,32.501957
2927,0,31.934379
2928,0,32.214906
2929,0,31.634281
2930,0,31.869141
2931,0,32.932533
2932,0,33.004295
2933,0,33.343537
2934,0,33.924162
2935,0,33.70235
2936,0,33.806732
2937,0,34.172069
2938,0,32.769436
2939,0,32.025714
2940,0,31.360278
2941,0,31.405945
2942,0,30.877511
2943,0,30.714414
2944,0,29.657546
2945,0,30.62308
2946,0,30.610032
2947,0,30.610032
2948,0,30.590461
2949,0,30.270791
2950,0,29.253066
2951,0,27.700383
2952,0,27.517714
2953,0,27.504667
2954,0,26.610895
2955,0,25.403978
2956,0,25.573599
2957,0,24.079631
2958,0,23.870867
2959,0,21.241744
2960,0,22.318184
2961,0,20.778549
2962,0,22.513901
2963,0,23.62296
2964,0,24.46454
2965,0,23.896963
2966,0,23.355481
2967,0,21.026457
2968,0,20.276211
2969,0,19.897826
2970,0,20.785073
2971,0,21.580986
2972,0,21.548367
2973,0,22.74876
2974,0,23.955677
2975,0,23.890439
2976,0,24.053536
2977,0,23.381576
2978,0,22.442138
2979,0,22.128992
2980,0,23.283718
2981,0,22.272517
2982,0,21.763655
2983,0,21.796274
2984,0,22.690045
2985,0,23.864343
2986,0,24.164441
2987,0,23.720818
2988,0,22.807475
2989,0,22.86619
2990,0,21.039504
2991,0,20.413212
2992,0,20.667643
2993,0,21.130839
2994,0,21.894132
2995,0,20.641548
2996,0,21.215649
2997,0,20.387117
2998,0,19.180199
2999,0,20.230543
3000,0,20.954694
3001,0,21.881084
3002,0,20.465403
3003,0,21.731035
3004,0,22.135516
3005,0,22.037657
3006,0,21.18303
3007,0,21.750607
3008,0,21.574462
3009,0,21.841941
3010,0,21.522271
3011,0,22.005038
3012,0,23.009715
3013,0,24.490635
3014,0,23.440291
3015,0,23.348957
3016,0,24.689614
3017,0,26.676134
3018,0,24.184013
3019,0,23.022763
3020,0,23.59034
3021,0,24.223156
3022,0,24.079631
3023,0,24.621113
3024,0,25.280025
3025,0,23.531625
3026,0,24.047012
3027,0,24.438444
3028,0,24.497159
3029,0,24.953831
3030,0,25.169119
3031,0,24.275347
3032,0,24.014392
3033,0,23.348957
3034,0,23.211955
3035,0,21.920228
3036,0,22.070277
3037,0,22.937953
3038,0,22.846618
3039,0,24.46454
3040,0,24.673304
3041,0,23.981773
3042,0,24.177489
3043,0,24.125298
3044,0,23.916534
3045,0,22.455186
3046,0,23.048858
3047,0,22.005038
3048,0,21.626653
3049,0,21.483128
3050,0,21.82237
3051,0,21.828893
3052,0,21.678844
3053,0,22.559568
3054,0,22.416042
3055,0,22.729188
3056,0,23.06843
3057,0,22.996667
3058,0,22.252945
3059,0,22.872714
3060,0,22.787903
3061,0,23.799104
3062,0,23.609912
3063,0,24.138346
3064,0,24.399301
3065,0,25.038641
3066,0,25.50836
3067,0,25.39093
3068,0,25.782363
3069,0,25.482265
3070,0,26.088985
3071,0,26.924042
3072,0,27.302426
3073,0,26.747897
3074,0,26.747897
3075,0,27.791717
3076,0,28.737679
3077,0,27.830861
3078,0,27.843908
3079,0,28.157054
3080,0,27.706907
3081,0,28.829014
3082,0,28.522392
3083,0,29.540116
3084,0,29.135636
3085,0,29.096493
3086,0,29.337876
3087,0,29.416163
3088,0,28.796394
3089,0,28.600678
3090,0,28.561535
3091,0,28.470201
3092,0,28.594154
3093,0,28.144007
3094,0,27.798241
3095,0,27.870004
3096,0,28.320151
3097,0,28.06572
3098,0,28.281008
3099,0,28.463677
3100,0,28.457153
3101,0,28.809442
3102,0,28.522392
3103,0,27.909147
3104,0,27.582953
3105,0,28.352771
3106,0,28.887729
3107,0,29.063873
3108,0,28.457153
3109,0,29.42921
3110,0,29.337876
3111,0,29.918501
3112,0,29.761928
3113,0,29.592307
3114,0,29.246542
3115,0,29.174779
3116,0,28.515868
3117,0,28.900776
3118,0,29.390067
3119,0,29.794548
3120,0,29.089969
3121,0,29.005158
3122,0,29.103017
3123,0,29.338404
3124,0,29.31225
3125,0,28.599549
3126,0,29.273018
3127,0,28.475317
3128,0,27.658001
3129,0,27.769156
3130,0,28.46224
3131,0,27.618769
3132,0,27.455306
3133,0,27.886849
3134,0,27.671078
3135,0,27.409536
3136,0,27.52723
3137,0,26.984531
3138,0,26.023367
3139,0,26.925685
3140,0,27.455306
3141,0,27.828002
3142,0,27.579538
3143,0,28.096082
3144,0,28.141852
3145,0,27.599154
3146,0,26.81453
3147,0,26.716452
3148,0,26.330678
3149,0,26.108368
3150,0,25.984136
3151,0,25.794518
3152,0,25.434899
3153,0,26.487603
3154,0,25.997213
3155,0,25.912212
3156,0,25.323744
3157,0,26.147599
3158,0,26.474526
3159,0,26.657605
3160,0,26.821068
3161,0,26.81453
3162,0,27.579538
3163,0,27.03684
3164,0,26.585681
3165,0,24.990278
3166,0,24.741814
3167,0,25.036048
3168,0,26.003751
3169,0,26.127983
3170,0,25.892596
3171,0,25.487207
3172,0,25.807595
3173,0,25.500284
3174,0,25.729133
3175,0,26.160676
3176,0,26.252216
3177,0,26.906069
3178,0,26.572604
3179,0,25.578747
3180,0,25.5199
3181,0,24.624121
3182,0,24.839892
3183,0,25.075279
3184,0,24.663352
3185,0,25.722594
3186,0,25.506273
3187,0,25.91925
3188,0,25.807812
3189,0,24.890084
3190,0,24.660652
3191,0,24.575435
3192,0,24.378779
3193,0,23.939581
3194,0,24.280451
3195,0,24.142792
3196,0,24.477107
3197,0,25.145737
3198,0,25.211289
3199,0,24.621321
3200,0,24.051019
3201,0,23.343058
3202,0,23.690483
3203,0,23.998577
3204,0,24.870419
3205,0,25.027743
3206,0,25.099851
3207,0,25.027743
3208,0,24.74587
3209,0,25.637377
3210,0,25.716039
3211,0,26.384669
3212,0,26.653432
3213,0,26.745205
3214,0,26.568215
3215,0,26.469887
3216,0,26.541994
3217,0,26.535439
3218,0,24.352558
3219,0,24.398444
3220,0,24.044464
3221,0,24.339448
3222,0,24.555769
3223,0,24.562324
3224,0,24.811422
3225,0,24.542659
3226,0,24.221454
3227,0,24.359113
3228,0,24.280451
3229,0,24.359113
3230,0,24.287006
3231,0,24.083795
3232,0,24.56888
3233,0,25.185068
3234,0,25.080185
3235,0,24.798311
3236,0,24.575435
3237,0,25.158847
3238,0,26.043799
3239,0,25.978247
3240,0,25.925805
3241,0,26.142127
3242,0,25.716039
3243,0,25.56527
3244,0,25.362058
3245,0,25.119516
3246,0,25.08674
3247,0,25.289951
3248,0,25.270286
3249,0,25.539748
3250,0,25.54632
3251,0,25.618615
3252,0,25.763204
3253,0,25.539748
3254,0,25.408303
3255,0,25.073118
3256,0,24.586772
3257,0,24.731362
3258,0,24.461899
3259,0,24.43561
3260,0,24.915384
3261,0,25.013968
3262,0,24.080709
3263,0,23.495779
3264,0,23.660085
3265,0,23.338045
3266,0,23.561502
3267,0,23.73238
3268,0,23.620652
3269,0,23.653513
3270,0,24.383033
3271,0,24.31731
3272,0,24.718217
3273,0,25.158558
3274,0,24.6985
3275,0,24.238443
3276,0,24.25816
3277,0,24.19901
3278,0,23.87697
3279,0,23.752097
3280,0,23.495779
3281,0,23.535213
3282,0,24.652495
3283,0,23.844108
3284,0,23.55493
3285,0,24.238443
3286,0,24.626206
3287,0,24.540766
3288,0,24.954818
3289,0,25.197991
3290,0,25.16513
3291,0,24.921957
3292,0,25.059974
3293,0,25.408303
3294,0,25.184847
3295,0,24.849662
3296,0,25.34258
3297,0,26.091816
3298,0,26.624168
3299,0,26.157539
3300,0,26.1904
3301,0,26.77533
3302,0,27.202526
3303,0,26.676746
3304,0,27.182809
3305,0,26.97907
3306,0,26.992214
3307,0,26.873914
3308,0,26.77533
3309,0,26.241668
3310,0,26.972983
3311,0,27.592294
3312,0,27.69112
3313,0,28.237959
3314,0,28.033718
3315,0,27.809712
3316,0,28.560791
3317,0,28.771621
3318,0,28.613499
3319,0,28.685971
3320,0,28.488319
3321,0,28.363139
3322,0,28.903389
3323,0,29.087865
3324,0,29.410697
3325,0,29.186691
3326,0,29.423874
3327,0,29.838944
3328,0,29.766472
3329,0,29.410697
3330,0,29.252575
3331,0,29.502935
3332,0,29.838944
3333,0,29.160337
3334,0,29.64788
3335,0,29.707176
3336,0,29.654469
3337,0,29.700588
3338,0,29.384343
3339,0,29.39752
3340,0,29.48317
3341,0,29.371167
3342,0,27.836065
3343,0,28.336785
3344,0,27.829477
3345,0,27.427583
3346,0,27.539586
3347,0,27.203577
3348,0,26.992748
3349,0,27.493468
3350,0,27.328757
3351,0,27.625236
3352,0,27.69112
3353,0,28.10619
3354,0,28.488319
3355,0,28.494907
3356,0,28.349962
3357,0,28.205017
3358,0,28.079837
3359,0,28.330197
3360,0,28.541026
3361,0,28.336785
3362,0,28.033718
3363,0,27.671355
3364,0,28.132544
3365,0,27.44076
3366,0,27.177224
3367,0,27.098163
3368,0,27.552763
3369,0,27.730651
3370,0,27.730651
3371,0,27.043496
3372,0,26.8651
3373,0,26.772599
3374,0,27.360644
3375,0,27.446539
3376,0,27.525826
3377,0,27.519218
3378,0,27.922261
3379,0,28.979422
3380,0,29.567468
3381,0,28.437627
3382,0,28.668881
3383,0,27.87601
3384,0,27.638149
3385,0,27.750472
3386,0,27.651364
3387,0,28.153515
3388,0,28.312089
3389,0,28.232802
3390,0,27.287965
3391,0,27.393681
3392,0,27.380466
3393,0,27.294572
3394,0,27.406895
3395,0,27.453146
3396,0,27.750472
3397,0,28.014763
3398,0,28.371554
3399,0,28.516914
3400,0,28.827455
3401,0,28.437627
3402,0,29.052102
3403,0,30.181942
3404,0,29.726042
3405,0,30.102655
3406,0,30.618021
3407,0,30.888919
3408,0,30.551949
3409,0,30.221586
3410,0,30.122477
3411,0,30.677486
3412,0,30.426411
3413,0,30.426411
3414,0,30.029975
3415,0,30.069619
3416,0,30.010154
3417,0,29.422108
3418,0,29.739256
3419,0,29.831758
3420,0,29.554253
3421,0,29.336214
3422,0,29.019065
3423,0,29.395679
3424,0,29.071923
3425,0,29.322999
3426,0,29.600504
3427,0,28.754775
3428,0,27.961905
3429,0,28.397983
3430,0,27.955297
3431,0,28.067621
3432,0,27.975119
3433,0,28.464056
3434,0,28.331911
3435,0,28.881852
3436,0,28.550562
3437,0,28.603569
3438,0,29.305903
3439,0,29.392038
3440,0,29.551058
3441,0,30.021489
3442,0,30.293147
3443,0,30.313024
3444,0,30.551553
3445,0,30.419037
3446,0,30.220263
3447,0,30.412411
3448,0,30.611185
3449,0,31.008733
3450,0,30.790082
3451,0,30.98223
3452,0,30.915972
3453,0,30.213637
3454,0,30.041367
3455,0,29.716703
3456,0,29.637193
3457,0,30.505172
3458,0,30.73045
3459,0,30.438915
3460,0,30.531676
3461,0,30.664192
3462,0,30.379282
3463,0,30.624437
3464,0,30.77683
3465,0,31.088243
3466,0,30.816585
3467,0,31.114746
3468,0,31.002107
3469,0,30.770204
3470,0,31.161126
3471,0,31.068365
3472,0,31.783951
3473,0,31.591803
3474,0,31.538797
3475,0,31.121372
3476,0,30.968978
3477,0,31.008733
3478,0,30.90272
3479,0,31.094868
3480,0,31.717693
3481,0,31.591803
3482,0,31.426158
3483,0,31.7707
3484,0,32.168248
3485,0,32.439905
3486,0,32.214628
3487,0,32.108616
3488,0,32.294138
3489,0,32.380273
3490,0,32.678434
3491,0,33.778317
3492,0,34.553535
3493,0,34.235497
3494,0,34.189116
3495,0,34.341509
3496,0,34.51378
3497,0,34.288503
3498,0,34.036137
3499,0,34.467815
3500,0,34.248656
3501,0,33.909955
3502,0,34.388121
3503,0,33.956443
3504,0,33.292323
3505,0,33.172782
3506,0,33.863466
3507,0,34.175603
3508,0,34.109191
3509,0,33.790413
3510,0,34.242015
3511,0,34.965905
3512,0,35.191706
3513,0,34.527586
3514,0,33.88339
3515,0,33.637666
3516,0,33.949802
3517,0,34.447892
3518,0,34.195526
3519,0,34.334991
3520,0,33.969725
3521,0,33.710719
3522,0,33.936519
3523,0,34.009573
3524,0,34.009573
3525,0,33.896672
3526,0,33.239194
3527,0,33.724001
3528,0,34.069343
3529,0,34.002931
3530,0,34.002931
3531,0,33.564612
3532,0,36.480098
3533,0,35.895673
3534,0,35.742925
3535,0,35.55033
3536,0,35.928879
3537,0,35.762849
3538,0,35.2714
3539,0,35.630025
3540,0,35.736284
3541,0,35.576895
3542,0,35.337812
3543,0,35.151859
3544,0,35.583536
3545,0,35.530407
3546,0,36.413686
3547,0,36.566434
3548,0,36.752387
3549,0,36.420327
3550,0,36.699258
3551,0,36.632846
3552,0,36.685975
3553,0,37.436431
3554,0,38.445893
3555,0,38.107192
3556,0,37.828261
3557,0,38.213451
3558,0,38.007574
3559,0,38.160321
3560,0,38.05539
3561,0,38.155238
3562,0,38.068703
3563,0,37.416363
3564,0,37.888977
3565,0,37.702594
3566,0,38.241773
3567,0,38.867487
3568,0,38.8808
3569,0,39.22694
3570,0,39.22694
3571,0,39.85931
3572,0,40.165511
3573,0,40.272015
3574,0,40.411802
3575,0,40.504994
3576,0,40.558246
3577,0,39.586392
3578,0,38.521347
3579,0,38.807578
3580,0,38.674448
3581,0,38.374904
3582,0,39.613019
3583,0,38.70773
3584,0,37.376424
3585,0,38.481408
3586,0,38.22846
3587,0,38.800922
3588,0,39.55311
3589,0,39.280192
3590,0,39.759462
3591,0,39.865967
3592,0,39.992441
3593,0,36.777336
3594,0,36.710771
3595,0,37.236637
3596,0,38.135269
3597,0,37.502898
3598,0,37.775816
3599,0,37.869007
3600,0,38.008794
3601,0,37.516211
3602,0,37.895633
3603,0,37.74919
3604,0,38.461439
3605,0,38.474752
3606,0,39.120435
3607,0,38.887457
3608,0,38.70773
3609,0,37.849038
3610,0,37.982168
3611,0,37.176728
3612,0,36.90381
3613,0,37.143445
3614,0,37.802442
3615,0,37.695938
3616,0,37.742533
3617,0,37.336485
3618,0,36.783993
3619,0,36.717427
3620,0,36.724084
3621,0,36.40457
3622,0,36.40457
3623,0,37.223324
3624,0,37.516211
3625,0,37.722564
3626,0,37.675968
3627,0,36.990345
3628,0,36.178248
3629,0,36.384601
3630,0,37.078211
3631,0,36.064015
3632,0,35.209955
3633,0,35.129887
3634,0,35.436815
3635,0,35.817139
3636,0,36.464356
3637,0,36.491045
3638,0,36.677871
3639,0,36.70456
3640,0,36.884713
3641,0,36.290875
3642,0,35.8505
3643,0,35.563589
3644,0,36.057343
3645,0,36.344254
3646,0,36.39096
3647,0,36.918075
3648,0,36.70456
3649,0,36.717905
3650,0,36.898058
3651,0,36.958109
3652,0,37.638688
3653,0,37.918927
3654,0,37.265037
3655,0,36.357598
3656,0,36.717905
3657,0,36.677871
3658,0,36.237496
3659,0,36.691215
3660,0,37.058194
3661,0,37.485224
3662,0,37.551948
3663,0,38.105752
3664,0,38.005667
3665,0,37.992322
3666,0,37.958961
3667,0,38.179148
3668,0,38.332612
3669,0,39.099931
3670,0,39.373497
3671,0,39.553651
3672,0,39.293429
3673,0,39.306774
3674,0,38.966485
3675,0,39.033208
3676,0,38.913106
3677,0,39.280085
3678,0,39.546978
3679,0,39.113276
3680,0,39.213361
3681,0,38.772987
3682,0,38.466059
3683,0,38.679574
3684,0,38.579489
3685,0,38.454049
3686,0,38.413923
3687,0,38.955623
3688,0,38.82187
3689,0,39.096064
3690,0,38.868684
3691,0,38.21998
3692,0,38.052789
3693,0,37.778595
3694,0,37.852159
3695,0,37.999288
3696,0,37.892285
3697,0,38.092915
3698,0,36.882448
3699,0,37.551214
3700,0,37.925723
3701,0,38.601177
3702,0,38.433986
3703,0,38.012663
3704,0,37.805345
3705,0,37.644842
3706,0,37.470962
3707,0,37.972537
3708,0,37.511088
3709,0,37.497713
3710,0,37.624779
3711,0,36.942637
3712,0,37.176705
3713,0,36.815572
3714,0,36.942637
3715,0,36.915887
3716,0,36.340748
3717,0,36.635005
3718,0,37.196768
3719,0,38.50755
3720,0,39.13619
3721,0,39.162941
3722,0,39.009124
3723,0,38.781744
3724,0,38.547676
3725,0,38.614552
3726,0,38.688117
3727,0,38.373797
3728,0,38.21998
3729,0,38.226668
3730,0,38.835245
3731,0,38.828558
3732,0,38.581114
3733,0,38.73493
3734,0,38.554363
3735,0,38.42061
3736,0,38.581114
3737,0,38.514238
3738,0,39.189691
3739,0,38.73493
3740,0,38.728243
3741,0,39.383633
3742,0,39.055938
3743,0,38.955623
3744,0,38.487487
3745,0,38.10629
3746,0,38.761681
3747,0,38.046101
3748,0,37.87356
3749,0,38.309273
3750,0,38.195317
3751,0,37.672461
3752,0,37.42444
3753,0,38.148394
3754,0,37.920483
3755,0,36.868067
3756,0,37.846746
3757,0,36.888177
3758,0,35.95642
3759,0,35.386641
3760,0,34.716312
3761,0,34.716312
3762,0,34.662686
3763,0,35.03807
3764,0,35.091696
3765,0,36.197738
3766,0,35.560926
3767,0,36.003343
3768,0,36.231255
3769,0,36.191035
3770,0,36.640155
3771,0,36.532903
3772,0,36.412244
3773,0,37.055759
3774,0,37.933889
3775,0,37.320854
3776,0,37.274412
3777,0,38.426175
3778,0,38.017485
3779,0,38.57479
3780,0,38.695539
3781,0,38.500483
3782,0,38.500483
3783,0,38.611944
3784,0,38.305426
3785,0,37.896736
3786,0,37.896736
3787,0,38.324003
3788,0,39.243556
3789,0,39.243556
3790,0,39.670823
3791,0,39.698688
3792,0,39.698688
3793,0,38.63052
3794,0,38.992769
3795,0,39.224979
3796,0,39.262133
3797,0,39.289998
3798,0,38.556213
3799,0,38.45404
3800,0,37.469468
3801,0,37.729544
3802,0,36.893587
3803,0,35.927591
3804,0,35.732535
3805,0,36.93074
3806,0,37.803851
3807,0,38.435464
3808,0,38.899884
3809,0,38.426175
3810,0,38.203253
3811,0,38.435464
3812,0,38.389022
3813,0,38.426175
3814,0,38.026773
3815,0,37.766698
3816,0,37.059038
3817,0,36.481736
3818,0,36.965925
3819,0,38.073971
3820,0,37.794632
3821,0,37.347688
3822,0,36.826255
3823,0,36.37
3824,0,35.392312
3825,0,35.615784
3826,0,35.317822
3827,0,35.531982
3828,0,36.919368
3829,0,36.137217
3830,0,36.453802
3831,0,36.08135
3832,0,35.383001
3833,0,35.811321
3834,0,35.168841
3835,0,36.025482
3836,0,36.891434
3837,0,36.416557
3838,0,36.807632
3839,0,36.630717
3840,0,36.351378
3841,0,36.937991
3842,0,36.621406
3843,0,37.263887
3844,0,37.384934
3845,0,37.729452
3846,0,38.679207
3847,0,38.316065
3848,0,39.060971
3849,0,38.856122
3850,0,39.163395
3851,0,39.293754
3852,0,39.442735
3853,0,39.303065
3854,0,39.759319
3855,0,39.349621
3856,0,39.107527
3857,0,39.312376
3858,0,38.669895
3859,0,38.865433
3860,0,37.831877
3861,0,38.036726
3862,0,38.269509
3863,0,38.055349
3864,0,38.930612
3865,0,38.716452
3866,0,39.219263
3867,0,39.303065
3868,0,39.303065
3869,0,39.293754
3870,0,38.260197
3871,0,37.999481
3872,0,37.897056
3873,0,38.371933
3874,0,38.941305
3875,0,38.782628
3876,0,38.633284
3877,0,39.249326
3878,0,39.137318
3879,0,39.613351
3880,0,39.445339
3881,0,39.660021
3882,0,40.649421
3883,0,40.173389
3884,0,40.201391
3885,0,40.490743
3886,0,40.257394
3887,0,40.117385
3888,0,40.313398
3889,0,40.033379
3890,0,39.865368
3891,0,39.781362
3892,0,39.660021
3893,0,39.183988
3894,0,39.370668
3895,0,39.16532
3896,0,38.614616
3897,0,39.043979
3898,0,39.146652
3899,0,38.819964
3900,0,38.819964
3901,0,39.015977
3902,0,39.669354
3903,0,39.781362
3904,0,39.118651
3905,0,39.025311
3906,0,39.249326
3907,0,39.239992
3908,0,39.790696
3909,0,39.548013
3910,0,39.772028
3911,0,39.501343
3912,0,39.669354
3913,0,39.25866
3914,0,39.772028
3915,0,38.969307
3916,0,38.446605
3917,0,38.194588
3918,0,38.371933
3919,0,38.362599
3920,0,37.839897
3921,0,37.625216
3922,0,37.289193
3923,0,37.447871
3924,0,37.821229
3925,0,37.830563
3926,0,37.18652
3927,0,36.887833
3928,0,37.13985
3929,0,36.962504
3930,0,37.242523
3931,0,36.859831
3932,0,37.158518
3933,0,36.962504
3934,0,37.513208
3935,0,37.382533
3936,0,37.447871
3937,0,36.250138
3938,0,36.100421
3939,0,36.736717
3940,0,37.03615
3941,0,36.83029
3942,0,37.232653
3943,0,36.259495
3944,0,36.418569
3945,0,36.867719
3946,0,37.391727
3947,0,37.887663
3948,0,37.550801
3949,0,37.747304
3950,0,37.38237
3951,0,37.4853
3952,0,37.026793
3953,0,37.737947
3954,0,37.663088
3955,0,36.783503
3956,0,37.064222
3957,0,37.850234
3958,0,37.803448
3959,0,38.336813
3960,0,38.318099
3961,0,38.364885
3962,0,38.009308
3963,0,38.102881
3964,0,37.541444
3965,0,37.419799
3966,0,37.868949
3967,0,36.886433
3968,0,36.390497
3969,0,36.081706
3970,0,36.165922
3971,0,36.324996
3972,0,36.512142
3973,0,35.93199
3974,0,35.099191
3975,0,33.901458
3976,0,32.451078
3977,0,32.151645
3978,0,33.330663
3979,0,34.285107
3980,0,34.163462
3981,0,33.976316
3982,0,32.516579
3983,0,33.246448
3984,0,33.452308
3985,0,32.806655
3986,0,33.882744
3987,0,33.255805
3988,0,33.555238
3989,0,33.648811
3990,0,33.265162
3991,0,33.8266
3992,0,34.172819
3993,0,34.060532
3994,0,33.442951
3995,0,33.396164
3996,0,32.797298
3997,0,32.703725
3998,0,32.329434
3999,0,32.329434
4000,0,31.315913
4001,0,31.663138
4002,0,32.21682
4003,0,31.663138
4004,0,32.535891
4005,0,33.16465
4006,0,32.751734
4007,0,33.352339
4008,0,33.793408
4009,0,33.999866
4010,0,33.774639
4011,0,33.436799
4012,0,32.892501
4013,0,33.389877
4014,0,33.577566
4015,0,33.999866
4016,0,34.084326
4017,0,33.690179
4018,0,33.868484
4019,0,34.825698
4020,0,34.562933
4021,0,34.769391
4022,0,35.21046
4023,0,35.37938
4024,0,35.435687
4025,0,36.214596
4026,0,35.914294
4027,0,35.979985
4028,0,35.942447
4029,0,35.792296
4030,0,35.585838
4031,0,35.642145
4032,0,35.341842
4033,0,35.182307
4034,0,34.506626
4035,0,35.032155
4036,0,36.017523
4037,0,36.91843
4038,0,36.130136
4039,0,36.862123
4040,0,37.565957
4041,0,38.166562
4042,0,38.79532
4043,0,39.386541
4044,0,39.245774
4045,0,38.532556
4046,0,37.931951
4047,0,37.678571
4048,0,38.570093
4049,0,38.194715
4050,0,38.635785
4051,0,38.45748
4052,0,38.71086
4053,0,37.716108
4054,0,37.772415
4055,0,38.297944
4056,0,38.87978
4057,0,38.269791
4058,0,37.631648
4059,0,38.316713
4060,0,38.682707
4061,0,39.198852
4062,0,39.546076
4063,0,39.208236
4064,0,39.752534
4065,0,39.57423
4066,0,39.344311
4067,0,38.290361
4068,0,38.158617
4069,0,38.328002
4070,0,36.700027
4071,0,36.314206
4072,0,35.702539
4073,0,35.937795
4074,0,34.68623
4075,0,35.392
4076,0,34.921487
4077,0,35.006179
4078,0,35.062641
4079,0,35.03441
4080,0,35.74018
4081,0,35.392
4082,0,35.297897
4083,0,34.865025
4084,0,33.980461
4085,0,35.429641
4086,0,35.467282
4087,0,34.883846
4088,0,34.996769
4089,0,35.213205
4090,0,33.914589
4091,0,32.747716
4092,0,33.284101
4093,0,33.735794
4094,0,33.24646
4095,0,34.083973
4096,0,34.893256
4097,0,35.636667
4098,0,34.996769
4099,0,35.232026
4100,0,35.787231
4101,0,34.977948
4102,0,35.269667
4103,0,35.410821
4104,0,35.37318
4105,0,35.147333
4106,0,36.314206
4107,0,36.737668
4108,0,36.888232
4109,0,37.019976
4110,0,37.104668
4111,0,35.843693
4112,0,35.881334
4113,0,35.74018
4114,0,36.916463
4115,0,36.718847
4116,0,36.031898
4117,0,36.681206
4118,0,36.972924
4119,0,37.819848
4120,0,37.311694
4121,0,37.52813
4122,0,37.142309
4123,0,37.104668
4124,0,37.18936
4125,0,37.791617
4126,0,37.753976
4127,0,37.499899
4128,0,38.040989
4129,0,37.757876
4130,0,37.050093
4131,0,37.974929
4132,0,37.248272
4133,0,37.314332
4134,0,37.191649
4135,0,37.512511
4136,0,38.399599
4137,0,38.484533
4138,0,38.607216
4139,0,38.9847
4140,0,39.069634
4141,0,39.182879
4142,0,39.569801
4143,0,39.447119
4144,0,39.286688
4145,0,38.994137
4146,0,39.239502
4147,0,38.862018
4148,0,38.616653
4149,0,39.362185
4150,0,38.91864
4151,0,38.239168
4152,0,38.654401
4153,0,39.097945
4154,0,39.003574
4155,0,39.635861
4156,0,40.069968
4157,0,40.32477
4158,0,40.220962
4159,0,40.522949
4160,0,41.910204
4161,0,41.82527
4162,0,42.051761
4163,0,42.363185
4164,0,42.061198
4165,0,42.495305
4166,0,42.863352
4167,0,42.948286
4168,0,43.240837
4169,0,43.306896
4170,0,43.363519
4171,0,43.316333
4172,0,43.146466
4173,0,43.278585
4174,0,43.174777
4175,0,43.552261
4176,0,43.495639
4177,0,42.80673
4178,0,42.391497
4179,0,42.38206
4180,0,42.410371
4181,0,42.816167
4182,0,42.80673
4183,0,43.542824
4184,0,43.561698
4185,0,43.439016
4186,0,44.052428
4187,0,41.636528
4188,0,39.881226
4189,0,40.68338
4190,0,41.296792
4191,0,41.971545
4192,0,42.198623
4193,0,41.394389
4194,0,42.075623
4195,0,42.028315
4196,0,43.031242
4197,0,42.955549
4198,0,44.024707
4199,0,43.911168
4200,0,44.28017
4201,0,44.157169
4202,0,44.28017
4203,0,44.450478
4204,0,44.478863
4205,0,44.157169
4206,0,44.072015
4207,0,43.655706
4208,0,44.422093
4209,0,44.715402
4210,0,44.951941
4211,0,45.519636
4212,0,45.292558
4213,0,44.639709
4214,0,44.554555
4215,0,44.308554
4216,0,44.933018
4217,0,44.687017
4218,0,44.895172
4219,0,44.951941
4220,0,45.538559
4221,0,45.548021
4222,0,45.831868
4223,0,45.680483
4224,0,45.822406
4225,0,44.204477
4226,0,45.056019
4227,0,45.018172
4228,0,45.24525
4229,0,44.185554
4230,0,44.715402
4231,0,44.772171
4232,0,45.056019
4233,0,44.601863
4234,0,44.450478
4235,0,44.45994
4236,0,44.469401
4237,0,44.422093
4238,0,44.573478
4239,0,44.488324
4240,0,42.463547
4241,0,43.286704
4242,0,42.48247
4243,0,42.444624
4244,0,42.993395
4245,0,42.378393
4246,0,42.529778
4247,0,43.248858
4248,0,43.56109
4249,0,44.157169
4250,0,44.1004
4251,0,44.062553
4252,0,44.185554
4253,0,44.639709
4254,0,43.911168
4255,0,44.663363
4256,0,44.710787
4257,0,44.416762
4258,0,44.720271
4259,0,44.862542
4260,0,44.938419
4261,0,45.232444
4262,0,43.335508
4263,0,43.126845
4264,0,42.83282
4265,0,42.756942
4266,0,42.823335
4267,0,43.098391
4268,0,43.648502
4269,0,43.676957
4270,0,43.221692
4271,0,43.487263
4272,0,41.267848
4273,0,41.135062
4274,0,41.144547
4275,0,40.992792
4276,0,41.324756
4277,0,41.248878
4278,0,41.030731
4279,0,41.410118
4280,0,42.036107
4281,0,43.354477
4282,0,43.269115
4283,0,43.572625
4284,0,44.606455
4285,0,43.980466
4286,0,42.994059
4287,0,43.060452
4288,0,43.800257
4289,0,43.572625
4290,0,42.719004
4291,0,42.652611
4292,0,42.168892
4293,0,42.349101
4294,0,42.576734
4295,0,41.35321
4296,0,42.187862
4297,0,41.713628
4298,0,40.983307
4299,0,41.761051
4300,0,42.235285
4301,0,42.52931
4302,0,42.67158
4303,0,43.43984
4304,0,43.914074
4305,0,43.762319
4306,0,43.999436
4307,0,43.762319
4308,0,44.160675
4309,0,43.544171
4310,0,43.088906
4311,0,43.828711
4312,0,43.667472
4313,0,43.601079
4314,0,43.819227
4315,0,44.113252
4316,0,43.363962
4317,0,43.413282
4318,0,43.337185
4319,0,44.221812
4320,0,44.802051
4321,0,44.269373
4322,0,45.648629
4323,0,45.791311
4324,0,45.753262
4325,0,46.847155
4326,0,46.152771
4327,0,46.314477
4328,0,45.962529
4329,0,45.895944
4330,0,45.315705
4331,0,45.296681
4332,0,45.077902
4333,0,45.039854
4334,0,46.048138
4335,0,45.819847
4336,0,46.276428
4337,0,45.344241
4338,0,46.580816
4339,0,46.856667
4340,0,46.514231
4341,0,46.970813
4342,0,46.866179
4343,0,47.218127
4344,0,47.493979
4345,0,48.007633
4346,0,47.903
4347,0,48.055193
4348,0,47.931536
4349,0,49.101526
4350,0,48.359581
4351,0,49.111038
4352,0,48.844699
4353,0,48.835187
4354,0,48.958844
4355,0,49.215671
4356,0,49.139574
4357,0,48.797138
4358,0,49.501035
4359,0,48.873235
4360,0,49.443962
4361,0,48.749578
4362,0,48.711529
4363,0,48.901771
4364,0,48.920796
4365,0,49.605668
4366,0,49.891031
4367,0,49.66274
4368,0,51.46053
4369,0,50.461758
4370,0,50.709073
4371,0,50.556879
4372,0,50.090786
4373,0,50.537855
4374,0,50.585415
4375,0,50.490294
4376,0,50.642488
4377,0,50.83273
4378,0,50.528343
4379,0,50.718585
4380,0,50.4161
4381,0,50.730783
4382,0,50.177703
4383,0,50.263526
4384,0,50.683104
4385,0,50.387492
4386,0,50.273062
4387,0,50.377956
4388,0,50.110952
4389,0,49.901163
4390,0,50.978716
4391,0,50.568674
4392,0,50.606817
4393,0,50.664032
4394,0,50.797534
4395,0,51.91323
4396,0,52.266057
4397,0,52.285129
4398,0,52.85728
4399,0,52.494918
4400,0,53.210107
4401,0,53.334073
4402,0,53.553398
4403,0,54.068335
4404,0,54.01112
4405,0,53.705972
4406,0,54.230444
4407,0,53.658293
4408,0,53.620149
4409,0,53.553398
4410,0,54.068335
4411,0,54.192301
4412,0,53.1815
4413,0,53.257787
4414,0,53.524791
4415,0,53.477111
4416,0,55.937364
4417,0,56.480908
4418,0,56.547659
4419,0,56.747912
4420,0,57.567996
4421,0,57.539388
4422,0,57.911287
4423,0,57.987574
4424,0,57.596603
4425,0,57.310528
4426,0,57.815928
4427,0,57.358207
4428,0,56.461836
4429,0,56.252047
4430,0,56.528587
4431,0,56.623946
4432,0,56.461836
4433,0,56.747912
4434,0,57.739641
4435,0,57.529852
4436,0,57.014916
4437,0,57.796857
4438,0,56.995844
4439,0,56.490444
4440,0,56.147153
4441,0,56.643017
4442,0,56.196739
4443,0,56.68416
4444,0,56.512129
4445,0,57.123794
4446,0,56.598144
4447,0,56.989992
4448,0,57.209809
4449,0,57.152466
4450,0,58.041292
4451,0,58.480926
4452,0,58.796316
4453,0,58.824988
4454,0,58.500041
4455,0,58.662514
4456,0,58.280224
4457,0,58.652957
4458,0,58.777202
4459,0,57.859704
4460,0,57.076008
4461,0,57.257596
4462,0,57.420069
4463,0,57.142909
4464,0,57.286268
4465,0,57.534757
4466,0,57.69723
4467,0,57.467856
4468,0,58.175094
4469,0,57.477413
4470,0,57.037779
4471,0,55.976922
4472,0,56.703274
4473,0,56.980435
4474,0,56.751061
4475,0,59.388867
4476,0,58.165536
4477,0,58.53827
4478,0,59.006576
4479,0,60.172563
4480,0,59.990975
4481,0,59.904959
4482,0,60.115219
4483,0,60.650426
4484,0,60.679098
4485,0,61.070946
4486,0,61.854642
4487,0,61.529695
4488,0,61.443679
4489,0,61.845085
4490,0,62.256047
4491,0,62.14136
4492,0,63.183102
4493,0,63.211774
4494,0,62.542765
4495,0,62.77214
4496,0,63.039743
4497,0,63.154431
4498,0,63.240446
4499,0,63.163988
4500,0,63.001514
4501,0,62.867712
4502,0,61.864199
4503,0,61.271649
4504,0,61.539252
4505,0,61.147404
4506,0,61.357664
4507,0,62.124157
4508,0,62.392305
4509,0,63.043522
4510,0,62.919024
4511,0,63.551088
4512,0,63.742622
4513,0,63.780929
4514,0,63.800082
4515,0,64.68114
4516,0,64.154421
4517,0,64.077807
4518,0,63.321246
4519,0,63.627701
4520,0,64.049077
4521,0,64.403415
4522,0,64.183151
4523,0,64.470452
4524,0,64.537489
4525,0,64.843944
4526,0,65.092939
4527,0,64.633257
4528,0,65.150399
4529,0,65.140823
4530,0,65.246166
4531,0,65.476008
4532,0,65.332357
4533,0,65.361087
4534,0,65.227013
4535,0,64.614103
4536,0,63.98204
4537,0,64.288495
4538,0,64.604526
4539,0,64.460876
4540,0,65.830346
4541,0,65.87823
4542,0,66.998705
4543,0,66.950822
4544,0,65.782462
4545,0,66.424102
4546,0,66.376219
4547,0,67.602039
4548,0,65.782462
4549,0,66.309182
4550,0,65.782462
4551,0,63.436167
4552,0,63.043522
4553,0,63.100982
4554,0,63.886273
4555,0,64.527913
4556,0,64.163997
4557,0,64.221458
4558,0,63.857543
4559,0,63.694738
4560,0,64.748177
4561,0,64.796061
4562,0,64.882251
4563,0,64.547066
4564,0,64.661987
4565,0,64.499183
4566,0,64.403415
4567,0,64.451299
4568,0,64.59495
4569,0,64.27796
4570,0,64.882636
4571,0,66.533496
4572,0,66.034399
4573,0,67.090181
4574,0,67.234152
4575,0,68.885011
4576,0,67.944405
4577,0,67.954003
4578,0,68.846619
4579,0,68.366718
4580,0,69.163354
4581,0,69.288128
4582,0,70.132754
4583,0,70.526273
4584,0,70.487881
4585,0,70.622254
4586,0,70.890998
4587,0,71.812409
4588,0,71.534066
4589,0,70.05597
4590,0,70.478283
4591,0,69.902402
4592,0,68.385914
4593,0,65.477713
4594,0,65.698468
4595,0,65.324145
4596,0,62.43514
4597,0,64.287558
4598,0,65.679272
4599,0,65.59289
4600,0,66.898221
4601,0,69.124962
4602,0,69.076972
4603,0,68.222748
4604,0,68.385914
4605,0,67.838827
4606,0,67.858023
4607,0,67.742847
4608,0,66.226359
4609,0,65.83284
4610,0,64.671479
4611,0,64.796254
4612,0,64.834646
4613,0,65.372135
4614,0,66.898221
4615,0,67.042191
4616,0,68.270738
4617,0,67.867621
4618,0,67.838827
4619,0,67.109377
4620,0,67.358926
4621,0,67.090181
4622,0,66.552692
4623,0,67.042191
4624,0,66.61028
4625,0,64.757862
4626,0,63.40454
4627,0,65.458517
4628,0,64.306754
4629,0,63.730873
4630,0,64.210774
4631,0,61.983073
4632,0,62.935475
4633,0,62.964335
4634,0,63.185601
4635,0,61.232696
4636,0,62.71421
4637,0,64.109142
4638,0,63.570409
4639,0,64.647874
4640,0,64.657494
4641,0,65.581035
4642,0,65.840781
4643,0,66.908625
4644,0,65.388631
4645,0,64.984582
4646,0,65.484833
4647,0,64.109142
4648,0,63.301043
4649,0,63.849396
4650,0,63.762814
4651,0,63.243322
4652,0,63.724333
4653,0,63.406866
4654,0,63.820535
4655,0,64.455469
4656,0,64.830658
4657,0,64.811418
4658,0,65.542554
4659,0,66.24483
4660,0,66.812423
4661,0,66.581538
4662,0,60.126371
4663,0,59.587638
4664,0,61.174975
4665,0,61.877251
4666,0,63.060538
4667,0,62.377502
4668,0,62.079275
4669,0,61.684846
4670,0,60.751685
4671,0,59.501057
4672,0,60.309155
4673,0,59.568398
4674,0,60.395737
4675,0,60.97295
4676,0,61.107633
4677,0,62.71421
4678,0,62.752691
4679,0,63.233702
4680,0,63.61851
4681,0,63.801295
4682,0,63.743573
4683,0,63.791674
4684,0,63.61851
4685,0,62.502565
4686,0,61.107633
4687,0,60.405357
4688,0,60.645863
4689,0,60.405357
4690,0,58.875742
4691,0,59.626119
4692,0,58.818021
4693,0,58.962324
4694,0,59.491436
4695,0,59.278829
4696,0,59.066672
4697,0,59.597066
4698,0,60.0696
4699,0,60.870013
4700,0,61.400408
4701,0,60.619281
4702,0,61.18825
4703,0,61.120745
4704,0,60.484272
4705,0,60.792865
4706,0,60.744647
4707,0,61.863298
4708,0,61.573992
4709,0,61.448626
4710,0,62.480484
4711,0,63.608778
4712,0,64.370618
4713,0,63.406264
4714,0,62.326188
4715,0,63.685926
4716,0,62.663711
4717,0,62.962661
4718,0,63.386977
4719,0,64.139173
4720,0,65.24818
4721,0,64.978161
4722,0,64.312756
4723,0,63.898084
4724,0,63.589491
4725,0,64.370618
4726,0,62.422623
4727,0,63.165175
4728,0,62.355118
4729,0,62.171891
4730,0,62.615494
4731,0,63.309828
4732,0,63.348403
4733,0,63.628065
4734,0,63.724501
4735,0,64.312756
4736,0,64.62135
4737,0,64.862438
4738,0,65.132457
4739,0,64.872082
4740,0,64.573132
4741,0,64.958873
4742,0,64.997448
4743,0,65.508555
4744,0,65.209605
4745,0,65.489268
4746,0,66.85865
4747,0,66.395761
4748,0,66.617562
4749,0,66.472909
4750,0,67.080452
4751,0,68.594487
4752,0,68.199102
4753,0,67.45655
4754,0,67.871222
4755,0,67.823004
4756,0,68.276251
4757,0,68.025519
4758,0,68.863542
4759,0,69.269418
4760,0,69.69462
4761,0,68.28372
4762,0,67.935827
4763,0,67.16273
4764,0,67.075757
4765,0,64.427903
4766,0,62.707764
4767,0,64.012364
4768,0,63.422878
4769,0,65.191335
4770,0,64.940079
4771,0,63.538842
4772,0,62.301888
4773,0,62.118278
4774,0,60.620404
4775,0,59.074212
4776,0,60.50444
4777,0,60.620404
4778,0,59.992263
4779,0,61.499801
4780,0,62.611127
4781,0,63.026666
4782,0,63.712789
4783,0,63.693461
4784,0,63.761107
4785,0,65.964431
4786,0,65.510237
4787,0,65.007725
4788,0,62.330879
4789,0,62.17626
4790,0,61.335518
4791,0,62.543481
4792,0,62.804401
4793,0,60.50444
4794,0,65.249317
4795,0,65.442591
4796,0,65.916113
4797,0,66.921138
4798,0,67.027439
4799,0,69.076144
4800,0,69.163117
4801,0,69.916886
4802,0,72.158865
4803,0,70.458053
4804,0,69.491683
4805,0,67.887508
4806,0,68.216074
4807,0,68.660604
4808,0,69.337063
4809,0,68.747578
4810,0,67.027439
4811,0,65.56822
4812,0,65.703511
4813,0,64.582522
4814,0,62.997675
4815,0,61.161571
4816,0,60.562422
4817,0,63.335904
4818,0,64.244292
4819,0,63.900265
4820,0,65.353424
4821,0,63.638696
4822,0,61.294265
4823,0,63.415878
4824,0,64.762473
4825,0,65.71187
4826,0,67.087528
4827,0,67.71723
4828,0,68.182241
4829,0,67.571914
4830,0,68.395371
4831,0,67.843171
4832,0,68.608501
4833,0,69.683839
4834,0,69.092888
4835,0,69.412583
4836,0,69.926032
4837,0,71.350129
4838,0,70.981995
4839,0,71.262939
4840,0,73.084232
4841,0,73.675184
4842,0,73.665496
4843,0,73.655808
4844,0,73.927065
4845,0,73.917377
4846,0,72.977667
4847,0,73.432991
4848,0,73.704247
4849,0,74.663332
4850,0,74.837711
4851,0,74.614894
4852,0,75.854923
4853,0,75.09928
4854,0,76.106804
4855,0,75.457726
4856,0,75.971176
4857,0,76.862447
4858,0,76.097116
4859,0,76.939949
4860,0,76.959324
4861,0,78.703115
4862,0,77.627777
4863,0,77.249956
4864,0,76.290871
4865,0,76.271495
4866,0,75.544916
4867,0,76.823696
4868,0,77.434023
4869,0,77.627777
4870,0,78.092789
4871,0,78.567487
4872,0,78.441547
4873,0,78.664365
4874,0,78.393108
4875,0,79.439383
4876,0,76.523376
4877,0,77.036826
4878,0,78.131539
4879,0,76.533064
4880,0,77.211205
4881,0,77.869971
4882,0,79.172002
4883,0,78.764299
4884,0,79.540876
4885,0,78.463375
4886,0,79.084637
4887,0,79.298195
4888,0,79.036101
4889,0,79.288488
4890,0,78.706056
4891,0,78.608983
4892,0,78.045965
4893,0,75.279411
4894,0,73.221482
4895,0,73.939816
4896,0,73.357383
4897,0,73.347676
4898,0,73.570942
4899,0,74.473712
4900,0,75.153217
4901,0,75.065852
4902,0,76.201595
4903,0,75.201753
4904,0,75.910379
4905,0,76.968465
4906,0,77.026708
4907,0,74.425176
4908,0,74.366933
4909,0,74.745514
4910,0,74.842586
4911,0,71.678036
4912,0,73.7845
4913,0,65.659566
4914,0,67.270963
4915,0,67.086526
4916,0,66.911796
4917,0,66.319656
4918,0,65.979904
4919,0,65.717809
4920,0,66.358485
4921,0,65.115962
4922,0,65.329521
4923,0,64.931525
4924,0,65.08684
4925,0,65.028597
4926,0,65.960489
4927,0,66.348778
4928,0,67.135062
4929,0,67.484521
4930,0,68.231976
4931,0,68.037832
4932,0,68.231976
4933,0,68.241684
4934,0,67.921346
4935,0,68.231976
4936,0,69.804544
4937,0,70.522878
4938,0,71.173261
4939,0,71.192675
4940,0,70.998531
4941,0,70.386977
4942,0,70.02781
4943,0,71.047067
4944,0,72.483734
4945,0,73.720433
4946,0,73.555053
4947,0,74.712711
4948,0,73.691248
4949,0,71.833158
4950,0,71.453758
4951,0,71.375932
4952,0,69.790233
4953,0,69.702679
4954,0,68.632575
4955,0,68.048882
4956,0,67.698666
4957,0,68.22399
4958,0,66.832855
4959,0,67.212255
4960,0,67.990513
4961,0,67.688938
4962,0,67.9516
4963,0,67.611112
4964,0,68.457467
4965,0,68.243446
4966,0,67.523558
4967,0,67.328994
4968,0,66.229705
4969,0,64.070041
4970,0,65.82112
4971,0,66.122695
4972,0,67.601384
4973,0,66.774485
4974,0,64.819114
4975,0,65.801664
4976,0,63.807379
4977,0,67.698666
4978,0,69.14817
4979,0,69.799961
4980,0,69.187083
4981,0,70.237731
4982,0,69.790233
4983,0,67.659753
4984,0,67.747307
4985,0,67.591656
4986,0,68.039154
4987,0,68.778498
4988,0,69.177355
4989,0,68.49638
4990,0,68.93415
4991,0,71.521856
4992,0,72.2612
4993,0,72.163918
4994,0,72.737883
4995,0,74.897547
4996,0,75.461784
4997,0,75.782815
4998,0,75.053198
4999,0,74.323582
5000,0,75.461784
5001,0,75.948194
5002,0,75.850912
5003,0,75.938466
5004,0,73.905269
5005,0,74.255485
5006,0,74.440321
5007,0,74.313854
5008,0,74.706874
5009,0,72.961796
5010,0,71.50919
5011,0,72.01614
5012,0,73.975696
5013,0,73.215271
5014,0,70.670772
5015,0,71.626178
5016,0,72.142877
5017,0,73.410252
5018,0,73.293264
5019,0,73.848959
5020,0,73.381005
5021,0,73.039789
5022,0,72.698572
5023,0,73.585735
5024,0,72.815561
5025,0,73.098283
5026,0,73.117781
5027,0,73.497993
5028,0,74.23892
5029,0,74.258418
5030,0,74.209673
5031,0,73.848959
5032,0,75.038341
5033,0,74.814113
5034,0,73.653978
5035,0,73.887955
5036,0,74.004943
5037,0,74.716623
5038,0,74.921353
5039,0,75.116334
5040,0,75.223573
5041,0,74.833611
5042,0,76.295967
5043,0,75.983998
5044,0,77.300118
5045,0,76.549442
5046,0,76.334963
5047,0,77.134384
5048,0,78.245775
5049,0,78.918458
5050,0,79.045196
5051,0,78.742975
5052,0,78.333516
5053,0,78.08979
5054,0,78.89896
5055,0,79.483902
5056,0,80.146837
5057,0,79.571644
5058,0,80.848768
5059,0,81.32647
5060,0,82.681587
5061,0,81.609192
5062,0,82.330621
5063,0,81.843169
5064,0,81.336219
5065,0,82.389115
5066,0,83.05205
5067,0,83.120293
5068,0,83.159289
5069,0,83.305525
5070,0,83.276278
5071,0,82.944811
5072,0,83.345369
5073,0,83.97063
5074,0,82.62241
5075,0,82.866653
5076,0,83.120665
5077,0,83.941321
5078,0,85.260231
5079,0,85.572862
5080,0,85.445856
5081,0,85.96365
5082,0,86.579142
5083,0,87.399797
5084,0,88.044598
5085,0,87.546342
5086,0,88.054367
5087,0,87.018778
5088,0,86.227432
5089,0,84.566582
5090,0,85.172304
5091,0,85.230922
5092,0,82.436786
5093,0,80.658699
5094,0,80.258141
5095,0,81.596591
5096,0,82.97412
5097,0,82.866653
5098,0,81.254651
5099,0,82.485634
5100,0,83.130435
5101,0,83.462605
5102,0,83.501684
5103,0,83.843624
5104,0,82.837344
5105,0,83.384447
5106,0,82.397707
5107,0,83.110896
5108,0,78.64614
5109,0,76.154864
5110,0,76.31118
5111,0,75.64684
5112,0,75.29513
5113,0,80.082286
5114,0,78.470285
5115,0,82.407477
5116,0,78.607061
5117,0,76.750816
5118,0,69.120675
5119,0,71.230932
5120,0,67.254661
5121,0,61.95948
5122,0,67.606371
5123,0,62.65313
5124,0,68.817815
5125,0,67.283971
5126,0,64.245592
5127,0,64.929471
5128,0,61.910632
5129,0,65.457035
5130,0,67.410977
5131,0,72.022278
5132,0,69.276991
5133,0,71.172314
5134,0,70.143954
5135,0,67.499599
5136,0,70.800145
5137,0,68.968685
5138,0,72.827484
5139,0,72.504285
5140,0,75.109464
5141,0,76.715665
5142,0,74.639357
5143,0,77.20536
5144,0,75.462045
5145,0,77.127009
5146,0,77.910521
5147,0,75.77545
5148,0,72.230056
5149,0,73.62079
5150,0,73.542439
5151,0,74.188837
5152,0,74.678532
5153,0,73.89502
5154,0,77.097627
5155,0,75.080082
5156,0,72.680575
5157,0,73.023362
5158,0,74.796059
5159,0,76.265145
5160,0,76.882161
5161,0,78.067224
5162,0,79.595073
5163,0,78.204338
5164,0,78.507949
5165,0,79.957447
5166,0,79.908478
5167,0,81.935816
5168,0,80.280646
5169,0,80.026005
5170,0,79.08579
5171,0,83.228612
5172,0,84.354911
5173,0,84.403881
5174,0,84.90337
5175,0,86.323486
5176,0,88.057008
5177,0,88.429176
5178,0,88.625054
5179,0,89.261658
5180,0,88.517321
5181,0,88.429176
5182,0,87.919893
5183,0,87.959069
5184,0,83.277582
5185,0,84.335323
5186,0,85.167805
5187,0,85.637913
5188,0,86.10802
5189,0,86.392044
5190,0,86.901327
5191,0,86.705449
5192,0,87.439992
5193,0,84.776049
5194,0,85.461623
5195,0,84.129651
5196,0,85.667295
5197,0,86.727218
5198,0,86.472051
5199,0,87.031455
5200,0,87.649743
5201,0,87.551602
5202,0,87.875467
5203,0,88.248403
5204,0,87.757698
5205,0,87.600673
5206,0,89.004089
5207,0,91.153377
5208,0,91.133749
5209,0,92.615679
5210,0,93.440063
5211,0,94.235005
5212,0,94.558871
5213,0,94.863108
5214,0,93.047499
5215,0,95.461768
5216,0,93.52839
5217,0,95.294928
5218,0,94.146679
5219,0,94.539243
5220,0,97.247935
5221,0,95.716935
5222,0,96.070242
5223,0,95.638422
5224,0,95.962287
5225,0,95.334185
5226,0,94.5098
5227,0,95.815076
5228,0,96.933883
5229,0,95.559909
5230,0,95.697307
5231,0,96.0408
5232,0,96.138941
5233,0,95.962287
5234,0,96.472621
5235,0,95.785634
5236,0,96.511877
5237,0,97.483473
5238,0,97.179236
5239,0,98.042877
5240,0,98.55321
5241,0,99.240197
5242,0,101.497441
5243,0,97.78771
5244,0,95.039762
5245,0,93.371364
5246,0,96.109499
5247,0,96.737601
5248,0,96.767044
5249,0,97.5718
5250,0,98.50414
5251,0,98.062505
5252,0,97.748454
5253,0,97.532544
5254,0,96.305781
5255,0,96.786672
5256,0,95.108461
5257,0,94.549057
5258,0,95.87396
5259,0,97.660127
5260,0,98.356928
5261,0,99.063544
5262,0,99.338338
5263,0,98.150832
5264,0,101.379672
5265,0,99.914818
5266,0,102.126845
5267,0,102.40212
5268,0,103.975117
5269,0,103.650686
5270,0,103.640855
5271,0,103.286931
5272,0,103.542543
5273,0,104.899253
5274,0,103.709674
5275,0,103.827648
5276,0,103.060812
5277,0,104.968071
5278,0,104.378198
5279,0,102.864188
5280,0,104.250392
5281,0,99.944312
5282,0,100.298236
5283,0,100.367055
5284,0,103.463893
5285,0,105.223684
5286,0,106.659044
5287,0,108.477822
5288,0,110.640693
5289,0,110.601368
5290,0,108.340184
5291,0,107.563517
5292,0,107.593011
5293,0,108.310691
5294,0,108.409003
5295,0,108.005922
5296,0,104.16191
5297,0,106.845837
5298,0,109.018539
5299,0,110.316262
5300,0,112.744577
5301,0,112.420146
5302,0,112.164534
5303,0,114.92711
5304,0,113.4131
5305,0,112.636433
5306,0,111.663141
5307,0,113.206644
5308,0,112.469302
5309,0,115.035254
5310,0,114.435549
5311,0,116.804876
5312,0,116.480445
5313,0,114.76981
5314,0,115.408841
5315,0,115.261372
5316,0,116.962175
5317,0,117.286606
5318,0,115.792259
5319,0,115.389178
5320,0,115.32036
5321,0,115.330191
5322,0,115.841415
5323,0,115.251541
5324,0,115.408841
5325,0,116.490276
5326,0,116.828471
5327,0,117.78366
5328,0,121.013577
5329,0,124.233647
5330,0,125.119905
5331,0,126.193261
5332,0,125.031279
5333,0,125.041126
5334,0,124.105632
5335,0,124.282883
5336,0,125.405477
5337,0,126.153872
5338,0,125.060821
5339,0,124.401051
5340,0,123.56403
5341,0,122.02785
5342,0,116.986028
5343,0,119.703885
5344,0,118.335109
5345,0,118.985031
5346,0,121.308996
5347,0,120.284876
5348,0,122.175559
5349,0,121.299149
5350,0,121.525637
5351,0,121.358233
5352,0,123.170137
5353,0,125.021431
5354,0,126.025857
5355,0,125.996315
5356,0,128.133181
5357,0,125.730438
5358,0,124.932806
5359,0,121.614263
5360,0,120.550753
5361,0,123.111054
5362,0,120.235639
5363,0,120.206098
5364,0,122.579299
5365,0,121.752125
5366,0,117.478393
5367,0,113.234203
5368,0,114.366643
5369,0,114.30756
5370,0,118.010148
5371,0,118.157857
5372,0,119.969762
5373,0,119.585717
5374,0,122.146017
5375,0,121.121897
5376,0,120.649226
5377,0,120.718158
5378,0,120.816631
5379,0,121.722583
5380,0,120.117472
5381,0,118.994879
5382,0,120.038693
5383,0,123.721587
5384,0,123.504946
5385,0,122.933802
5386,0,125.198683
5387,0,125.740285
5388,0,128.206051
5389,0,129.2317
5390,0,127.555159
5391,0,128.886529
5392,0,130.089694
5393,0,129.458526
5394,0,131.135066
5395,0,130.148866
5396,0,131.440788
5397,0,132.722849
5398,0,131.657752
5399,0,130.632104
5400,0,131.983199
5401,0,132.673539
5402,0,134.79387
5403,0,135.444762
5404,0,134.59663
5405,0,132.939813
5406,0,132.298783
5407,0,131.795821
5408,0,131.35203
5409,0,129.093631
5410,0,131.529546
5411,0,130.572932
5412,0,132.052233
5413,0,130.050246
5414,0,129.606456
5415,0,126.864819
5416,0,128.225775
5417,0,129.340182
5418,0,128.314533
5419,0,126.973301
5420,0,128.413153
5421,0,130.326382
5422,0,130.474312
5423,0,131.49996
5424,0,131.391478
5425,0,131.45065
5426,0,135.642002
5427,0,136.22386
5428,0,135.306694
5429,0,134.685388
5430,0,134.488148
5431,0,135.997034
5432,0,135.750484
5433,0,136.835305
5434,0,138.196261
5435,0,141.085828
5436,0,141.549342
5437,0,142.397475
5438,0,142.624301
5439,0,141.608514
5440,0,144.892562
5441,0,143.008919
5442,0,144.3896
5443,0,144.606564
5444,0,145.208146
5445,0,144.646012
5446,0,145.247594
5447,0,145.888624
5448,0,146.756481
5449,0,145.77028
5450,0,145.750556
5451,0,146.957665
5452,0,147.115663
5453,0,147.619281
5454,0,146.96754
5455,0,148.152523
5456,0,147.639031
5457,0,147.402034
5458,0,146.770043
5459,0,147.095913
5460,0,147.066289
5461,0,145.733183
5462,0,147.431659
5463,0,147.086039
5464,0,148.419145
5465,0,150.403991
5466,0,148.36977
5467,0,148.073525
5468,0,149.564628
5469,0,150.759486
5470,0,151.312479
5471,0,151.154481
5472,0,151.934595
5473,0,152.339464
5474,0,153.099828
5475,0,153.751569
5476,0,154.581057
5477,0,154.561308
5478,0,154.561308
5479,0,156.17091
5480,0,157.237395
5481,0,160.041855
5482,0,158.896371
5483,0,160.979966
5484,0,165.571776
5485,0,166.02602
5486,0,167.872619
5487,0,168.435486
5488,0,171.131322
5489,0,171.417693
5490,0,171.63494
5491,0,174.518399
5492,0,173.274167
5493,0,173.254417
5494,0,175.792256
5495,0,177.036489
5496,0,175.496011
5497,0,176.493371
5498,0,175.012142
5499,0,175.012142
5500,0,169.92659
5501,0,170.262335
5502,0,171.615191
5503,0,171.111573
5504,0,171.763314
5505,0,169.19585
5506,0,169.294599
5507,0,170.282085
5508,0,170.607955
5509,0,170.242585
5510,0,164.297919
5511,0,157.89901
5512,0,157.997759
5513,0,155.558668
5514,0,154.03794
5515,0,150.644938
5516,0,151.307396
5517,0,151.920417
5518,0,153.571618
5519,0,150.7537
5520,0,148.331279
5521,0,146.28458
5522,0,148.529027
5523,0,150.872349
5524,0,151.544695
5525,0,153.037697
5526,0,153.868241
5527,0,155.816066
5528,0,155.173383
5529,0,156.191788
5530,0,156.557623
5531,0,156.409312
5532,0,153.512294
5533,0,154.006665
5534,0,155.717192
5535,0,155.292032
5536,0,156.073139
5537,0,156.419199
5538,0,155.87539
5539,0,154.649349
5540,0,159.128356
5541,0,158.011076
5542,0,157.487042
5543,0,157.002558
5544,0,159.069031
5545,0,156.003927
5546,0,159.573291
5547,0,159.721602
5548,0,160.334623
5549,0,162.450534
5550,0,160.947644
5551,0,153.037697
5552,0,151.248072
5553,0,150.358203
5554,0,151.693006
5555,0,149.201373
5556,0,146.541653
5557,0,149.29036
5558,0,147.649046
5559,0,149.764956
5560,0,152.068729
5561,0,154.550474
5562,0,152.869611
5563,0,154.501037
5564,0,154.530699
5565,0,150.170341
5566,0,152.572988
5567,0,149.102498
5568,0,149.715519
5569,0,148.726776
5570,0,152.226927
5571,0,155.015184
5572,0,156.023702
5573,0,156.953121
5574,0,157.388168
5575,0,158.841621
5576,0,159.069031
5577,0,157.852877
5578,0,154.926197
5579,0,149.688725
5580,0,147.124443
5581,0,147.63928
5582,0,143.708701
5583,0,143.718601
5584,0,145.183905
5585,0,148.025407
5586,0,143.728502
5587,0,143.243368
5588,0,139.075172
5589,0,139.035569
5590,0,138.095002
5591,0,136.144564
5592,0,136.748507
5593,0,133.233757
5594,0,132.184283
5595,0,130.778383
5596,0,135.699032
5597,0,137.936591
5598,0,139.629611
5599,0,142.807737
5600,0,140.382064
5601,0,139.718717
5602,0,138.976165
5603,0,139.411796
5604,0,143.005751
5605,0,140.253355
5606,0,135.837642
5607,0,133.867402
5608,0,134.560451
5609,0,133.807998
5610,0,128.956653
5611,0,130.73878
5612,0,129.19427
5613,0,124.748855
5614,0,126.877506
5615,0,132.402098
5616,0,129.065561
5617,0,130.619972
5618,0,131.837758
5619,0,135.80794
5620,0,132.560509
5621,0,129.04576
5622,0,128.035888
5623,0,131.936765
5624,0,132.99614
5625,0,129.016058
5626,0,126.313166
5627,0,128.986356
5628,0,133.659487
5629,0,135.461415
5630,0,137.738577
5631,0,136.768308
5632,0,137.906889
5633,0,132.84763
5634,0,135.055486
5635,0,134.362437
5636,0,134.075317
5637,0,137.045528
5638,0,134.11492
5639,0,131.016
5640,0,132.639715
5641,0,133.679289
5642,0,132.142289
5643,0,131.596902
5644,0,134.789895
5645,0,133.738785
5646,0,130.159064
5647,0,124.338298
5648,0,127.213975
5649,0,125.379492
5650,0,122.801299
5651,0,125.468737
5652,0,128.284916
5653,0,124.239137
5654,0,120.302435
5655,0,120.431345
5656,0,116.950785
5657,0,116.692966
5658,0,120.044616
5659,0,118.26963
5660,0,118.567113
5661,0,121.373377
5662,0,125.240666
5663,0,121.125474
5664,0,120.064448
5665,0,112.161296
5666,0,115.661689
5667,0,113.033915
5668,0,115.155966
5669,0,118.378707
5670,0,119.290991
5671,0,122.047673
5672,0,119.776881
5673,0,121.373377
5674,0,124.080479
5675,0,124.92335
5676,0,123.366518
5677,0,119.37032
5678,0,122.811215
5679,0,129.455019
5680,0,126.490098
5681,0,122.05759
5682,0,128.017181
5683,0,127.412297
5684,0,126.559511
5685,0,127.818858
5686,0,125.776137
5687,0,123.098783
5688,0,119.558726
5689,0,115.304708
5690,0,115.036973
5691,0,115.493114
5692,0,113.995779
5693,0,111.764651
5694,0,112.924838
5695,0,112.845509
5696,0,117.605249
5697,0,120.272687
5698,0,119.558726
5699,0,116.078166
5700,0,116.91112
5701,0,117.773823
5702,0,118.418371
5703,0,119.759407
5704,0,120.375289
5705,0,122.332207
5706,0,121.696457
5707,0,122.302407
5708,0,118.448172
5709,0,117.86209
5710,0,115.110485
5711,0,118.040895
5712,0,114.345598
5713,0,118.269368
5714,0,119.064055
5715,0,126.345379
5716,0,124.209657
5717,0,123.434836
5718,0,124.338793
5719,0,126.861926
5720,0,130.239348
5721,0,133.209493
5722,0,132.543942
5723,0,130.408219
5724,0,133.666438
5725,0,132.881684
5726,0,132.722746
5727,0,131.639985
5728,0,128.024157
5729,0,131.699586
5730,0,131.07377
5731,0,132.663145
5732,0,133.010821
5733,0,131.888325
5734,0,141.345106
5735,0,139.040512
5736,0,136.706118
5737,0,133.050555
5738,0,131.759188
5739,0,132.782348
5740,0,135.106809
5741,0,129.007582
5742,0,127.25927
5743,0,127.428141
5744,0,127.39834
5745,0,128.073825
5746,0,127.159934
5747,0,128.441368
5748,0,130.557223
5749,0,134.292254
5750,0,136.716051
5751,0,138.941176
5752,0,132.653211
5753,0,132.365137
5754,0,132.275735
5755,0,129.02745
5756,0,129.851938
5757,0,127.289071
5758,0,125.640094
5759,0,123.563973
5760,0,122.660016
5761,0,121.497786
5762,0,120.802434
5763,0,122.898422
5764,0,121.92493
5765,0,120.742832
5766,0,125.749364
5767,0,130.754264
5768,0,131.978126
5769,0,131.520422
5770,0,126.804074
5771,0,125.321509
5772,0,125.013056
5773,0,125.062807
5774,0,127.261779
5775,0,125.072757
5776,0,129.908505
5777,0,131.639823
5778,0,128.316489
5779,0,125.311559
5780,0,129.231899
5781,0,131.639823
5782,0,133.828845
5783,0,137.002927
5784,0,135.808915
5785,0,138.077538
5786,0,137.659633
5787,0,140.186959
5788,0,134.595003
5789,0,133.789044
5790,0,135.400961
5791,0,137.34123
5792,0,138.057637
5793,0,136.31637
5794,0,145.569963
5795,0,147.569933
5796,0,145.649564
5797,0,147.26148
5798,0,146.385871
5799,0,143.719244
5800,0,145.460512
5801,0,144.415751
5802,0,156.077268
5803,0,154.574803
5804,0,156.176769
5805,0,151.540023
5806,0,150.186809
5807,0,154.20665
5808,0,155.340961
5809,0,154.893207
5810,0,151.938027
5811,0,150.594763
5812,0,152.962887
5813,0,155.500163
5814,0,152.186779
5815,0,154.554903
5816,0,156.873276
5817,0,154.037498
5818,0,150.107208
5819,0,148.554993
5820,0,146.216719
5821,0,147.191829
5822,0,149.341051
5823,0,148.26644
5824,0,148.485342
5825,0,148.803745
5826,0,147.351031
5827,0,150.336061
5828,0,149.127124
5829,0,149.515761
5830,0,151.140066
5831,0,151.578528
5832,0,147.154042
5833,0,146.95474
5834,0,154.687627
5835,0,157.617355
5836,0,155.943225
5837,0,156.371722
5838,0,154.857033
5839,0,153.53168
5840,0,152.335873
5841,0,155.375216
5842,0,158.504245
5843,0,155.14602
5844,0,155.215775
5845,0,155.684133
5846,0,155.14602
5847,0,151.209821
5848,0,151.548633
5849,0,154.906858
5850,0,154.956684
5851,0,154.010003
5852,0,151.708074
5853,0,153.970143
5854,0,153.880457
5855,0,151.847585
5856,0,152.016991
5857,0,154.059828
5858,0,152.505279
5859,0,151.219786
5860,0,147.76191
5861,0,147.74198
5862,0,142.918891
5863,0,141.583573
5864,0,142.69966
5865,0,140.706648
5866,0,141.683224
5867,0,141.473957
5868,0,137.029541
5869,0,141.175006
5870,0,143.427109
5871,0,142.729555
5872,0,139.839688
5873,0,140.407696
5874,0,138.444579
5875,0,135.245795
5876,0,136.212406
5877,0,137.916431
5878,0,133.5617
5879,0,136.341952
5880,0,132.71467
5881,0,134.069918
5882,0,136.531288
5883,0,133.262748
5884,0,130.671832
5885,0,131.498932
5886,0,132.605054
5887,0,132.166591
5888,0,133.382329
5889,0,134.020093
5890,0,137.856641
5891,0,137.602532
5892,0,137.951878
5893,0,137.832102
5894,0,137.772214
5895,0,137.762233
5896,0,138.261299
5897,0,138.101598
5898,0,141.016144
5899,0,138.940029
5900,0,139.92818
5901,0,138.740403
5902,0,138.670533
5903,0,135.276883
5904,0,138.241336
5905,0,138.221374
5906,0,130.12652
5907,0,132.871384
5908,0,133.001141
5909,0,135.17707
5910,0,135.825856
5911,0,134.268769
5912,0,134.518303
5913,0,133.629965
5914,0,133.051048
5915,0,132.202635
5916,0,127.11216
5917,0,127.820834
5918,0,127.421581
5919,0,127.251899
5920,0,127.750965
5921,0,126.05414
5922,0,127.531376
5923,0,128.898817
5924,0,128.629321
5925,0,128.848911
5926,0,128.399751
5927,0,120.764038
5928,0,119.26684
5929,0,120.195103
5930,0,117.510127
5931,0,115.453974
5932,0,116.042872
5933,0,117.999211
5934,0,118.128969
5935,0,117.220668
5936,0,116.372256
5937,0,114.475804
5938,0,115.57375
5939,0,118.318614
5940,0,119.276821
5941,0,119.177008
5942,0,121.00359
5943,0,120.903777
5944,0,117.939324
5945,0,118.109006
5946,0,118.458352
5947,0,119.19697
5948,0,118.148931
5949,0,116.821415
5950,0,116.152667
5951,0,117.829529
5952,0,120.25
5953,0,119.32
5954,0,119.5
5955,0,118.43
5956,0,117.0
5957,0,118.36
5958,0,118.48
5959,0,120.0
5960,0,119.35
5961,0,119.75
5962,0,118.25
5963,0,119.56
5964,0,123.08
5965,0,124.55
5966,0,127.62
0,1,18.192017
1,1,18.192017
2,1,18.192017
3,1,18.192017
4,1,18.192017
5,1,18.192017
6,1,18.192017
7,1,18.192017
8,1,18.192017
9,1,18.192017
10,1,18.192017
11,1,18.192017
12,1,18.192017
13,1,18.192017
14,1,18.192017
15,1,18.192017
16,1,18.192017
17,1,18.192017
18,1,18.192017
19,1,18.192017
20,1,18.192017
21,1,18.192017
22,1,18.192017
23,1,18.192017
24,1,18.192017
25,1,18.192017
26,1,18.192017
27,1,18.192017
28,1,18.192017
29,1,18.192017
30,1,18.192017
31,1,18.192017
32,1,18.192017
33,1,18.192017
34,1,18.192017
35,1,18.192017
36,1,18.192017
37,1,18.192017
38,1,18.192017
39,1,18.192017
40,1,18.192017
41,1,18.192017
42,1,18.192017
43,1,18.192017
44,1,18.192017
45,1,18.192017
46,1,18.192017
47,1,18.192017
48,1,18.192017
49,1,18.192017
50,1,18.192017
51,1,18.192017
52,1,18.192017
53,1,18.192017
54,1,18.192017
55,1,18.192017
56,1,18.192017
57,1,18.192017
58,1,18.192017
59,1,18.192017
60,1,18.192017
61,1,18.192017
62,1,18.192017
63,1,18.192017
64,1,18.192017
65,1,18.192017
66,1,18.192017
67,1,18.192017
68,1,18.192017
69,1,18.192017
70,1,18.192017
71,1,18.192017
72,1,18.192017
73,1,18.192017
74,1,18.192017
75,1,18.192017
76,1,18.192017
77,1,18.192017
78,1,18.192017
79,1,18.192017
80,1,18.192017
81,1,18.192017
82,1,18.192017
83,1,18.192017
84,1,18.192017
85,1,18.192017
86,1,18.192017
87,1,18.192017
88,1,18.192017
89,1,18.192017
90,1,18.192017
91,1,18.192017
92,1,18.192017
93,1,18.192017
94,1,18.192017
95,1,18.192017
96,1,18.192017
97,1,18.192017
98,1,18.192017
99,1,18.192017
100,1,18.192017
101,1,18.192017
102,1,18.192017
103,1,18.192017
104,1,18.192017
105,1,18.192017
106,1,18.192017
107,1,18.192017
108,1,18.192017
109,1,18.192017
110,1,18.192017
111,1,18.192017
112,1,18.192017
113,1,18.192017
114,1,18.192017
115,1,18.192017
116,1,18.192017
117,1,18.192017
118,1,18.192017
119,1,18.192017
120,1,18.192017
121,1,18.192017
122,1,18.192017
123,1,18.192017
124,1,18.192017
125,1,18.192017
126,1,18.192017
127,1,18.192017
128,1,18.192017
129,1,18.192017
130,1,18.192017
131,1,18.192017
132,1,18.192017
133,1,18.192017
134,1,18.192017
135,1,18.192017
136,1,18.192017
137,1,18.192017
138,1,18.192017
139,1,18.192017
140,1,18.192017
141,1,18.192017
142,1,18.192017
143,1,18.192017
144,1,18.192017
145,1,18.192017
146,1,18.192017
147,1,18.192017
148,1,18.192017
149,1,18.192017
150,1,18.192017
151,1,18.192017
152,1,18.192017
153,1,18.192017
154,1,18.192017
155,1,18.192017
156,1,18.192017
157,1,18.192017
158,1,18.192017
159,1,18.192017
160,1,18.192017
161,1,18.192017
162,1,18.192017
163,1,18.192017
164,1,18.192017
165,1,18.192017
166,1,18.192017
167,1,18.192017
168,1,18.192017
169,1,18.192017
170,1,18.192017
171,1,18.192017
172,1,18.192017
173,1,18.192017
174,1,18.192017
175,1,18.192017
176,1,18.192017
177,1,18.192017
178,1,18.192017
179,1,18.192017
180,1,18.192017
181,1,18.192017
182,1,18.192017
183,1,18.192017
184,1,18.192017
185,1,18.192017
186,1,18.192017
187,1,18.192017
188,1,18.192017
189,1,18.192017
190,1,18.192017
191,1,18.192017
192,1,18.192017
193,1,18.192017
194,1,18.192017
195,1,18.192017
196,1,18.192017
197,1,18.192017
198,1,18.192017
199,1,18.192017
200,1,18.192017
201,1,18.192017
202,1,18.192017
203,1,18.192017
204,1,18.192017
205,1,18.192017
206,1,18.192017
207,1,18.192017
208,1,18.192017
209,1,18.192017
210,1,18.192017
211,1,18.192017
212,1,18.192017
213,1,18.192017
214,1,18.192017
215,1,18.192017
216,1,18.192017
217,1,18.192017
218,1,18.192017
219,1,18.192017
220,1,18.192017
221,1,18.192017
222,1,18.192017
223,1,18.192017
224,1,18.192017
225,1,18.192017
226,1,18.192017
227,1,18.192017
228,1,18.192017
229,1,18.192017
230,1,18.192017
231,1,18.192017
232,1,18.192017
233,1,18.192017
234,1,18.192017
235,1,18.192017
236,1,18.192017
237,1,18.192017
238,1,18.192017
239,1,18.192017
240,1,18.192017
241,1,18.192017
242,1,18.192017
243,1,18.192017
244,1,18.192017
245,1,18.192017
246,1,18.192017
247,1,18.192017
248,1,18.192017
249,1,18.192017
250,1,18.192017
251,1,18.192017
252,1,18.192017
253,1,18.192017
254,1,18.192017
255,1,18.192017
256,1,18.192017
257,1,18.192017
258,1,18.192017
259,1,18.192017
260,1,18.192017
261,1,18.192017
262,1,18.192017
263,1,18.192017
264,1,18.192017
265,1,18.192017
266,1,18.192017
267,1,18.192017
268,1,18.192017
269,1,18.192017
270,1,18.192017
271,1,18.192017
272,1,18.192017
273,1,18.192017
274,1,18.192017
275,1,18.192017
276,1,18.192017
277,1,18.192017
278,1,18.192017
279,1,18.192017
280,1,18.192017
281,1,18.192017
282,1,18.192017
283,1,18.192017
284,1,18.192017
285,1,18.192017
286,1,18.192017
287,1,18.192017
288,1,18.192017
289,1,18.192017
290,1,18.192017
291,1,18.192017
292,1,18.192017
293,1,18.192017
294,1,18.192017
295,1,18.192017
296,1,18.192017
297,1,18.192017
298,1,18.192017
299,1,18.192017
300,1,18.192017
301,1,18.192017
302,1,18.192017
303,1,18.192017
304,1,18.192017
305,1,18.192017
306,1,18.192017
307,1,18.192017
308,1,18.192017
309,1,18.192017
310,1,18.192017
311,1,18.192017
312,1,18.192017
313,1,18.192017
314,1,18.192017
315,1,18.192017
316,1,18.192017
317,1,18.192017
318,1,18.192017
319,1,18.192017
320,1,18.192017
321,1,18.192017
322,1,18.192017
323,1,18.192017
324,1,18.192017
325,1,18.192017
326,1,18.192017
327,1,18.192017
328,1,18.192017
329,1,18.192017
330,1,18.192017
331,1,18.192017
332,1,18.192017
333,1,18.192017
334,1,18.192017
335,1,18.192017
336,1,18.192017
337,1,18.192017
338,1,18.192017
339,1,18.192017
340,1,18.192017
341,1,18.192017
342,1,18.192017
343,1,18.192017
344,1,18.192017
345,1,18.192017
346,1,18.192017
347,1,18.192017
348,1,18.192017
349,1,18.192017
350,1,18.192017
351,1,18.192017
352,1,18.192017
353,1,18.192017
354,1,18.192017
355,1,18.192017
356,1,18.192017
357,1,18.192017
358,1,18.192017
359,1,18.192017
360,1,18.192017
361,1,18.192017
362,1,18.192017
363,1,18.192017
364,1,18.192017
365,1,18.192017
366,1,18.192017
367,1,18.192017
368,1,18.192017
369,1,18.192017
370,1,18.192017
371,1,18.192017
372,1,18.192017
373,1,18.192017
374,1,18.192017
375,1,18.192017
376,1,18.192017
377,1,18.192017
378,1,18.192017
379,1,18.192017
380,1,18.192017
381,1,18.192017
382,1,18.192017
383,1,18.192017
384,1,18.192017
385,1,18.192017
386,1,18.192017
387,1,18.192017
388,1,18.192017
389,1,18.192017
390,1,18.192017
391,1,18.192017
392,1,18.192017
393,1,18.192017
394,1,18.192017
395,1,18.192017
396,1,18.192017
397,1,18.192017
398,1,18.192017
399,1,18.192017
400,1,18.192017
401,1,18.192017
402,1,18.192017
403,1,18.192017
404,1,18.192017
405,1,18.192017
406,1,18.192017
407,1,18.192017
408,1,18.192017
409,1,18.192017
410,1,18.192017
411,1,18.192017
412,1,18.192017
413,1,18.192017
414,1,18.192017
415,1,18.192017
416,1,18.192017
417,1,18.192017
418,1,18.192017
419,1,18.192017
420,1,18.192017
421,1,18.192017
422,1,18.192017
423,1,18.192017
424,1,18.192017
425,1,18.192017
426,1,18.192017
427,1,18.192017
428,1,18.192017
429,1,18.192017
430,1,18.192017
431,1,18.192017
432,1,18.192017
433,1,18.192017
434,1,18.192017
435,1,18.192017
436,1,18.192017
437,1,18.192017
438,1,18.192017
439,1,18.192017
440,1,18.192017
441,1,18.192017
442,1,18.192017
443,1,18.192017
444,1,18.192017
445,1,18.192017
446,1,18.192017
447,1,18.192017
448,1,18.192017
449,1,18.192017
450,1,18.192017
451,1,18.192017
452,1,18.192017
453,1,18.192017
454,1,18.192017
455,1,18.192017
456,1,18.192017
457,1,18.192017
458,1,18.192017
459,1,18.192017
460,1,18.192017
461,1,18.192017
462,1,18.192017
463,1,18.192017
464,1,18.192017
465,1,18.192017
466,1,18.192017
467,1,18.192017
468,1,18.192017
469,1,18.192017
470,1,18.192017
471,1,18.192017
472,1,18.192017
473,1,18.192017
474,1,18.192017
475,1,18.192017
476,1,18.192017
477,1,18.192017
478,1,18.192017
479,1,18.192017
480,1,18.192017
481,1,18.192017
482,1,18.192017
483,1,18.192017
484,1,18.192017
485,1,18.192017
486,1,18.192017
487,1,18.192017
488,1,18.192017
489,1,18.192017
490,1,18.192017
491,1,18.192017
492,1,18.192017
493,1,18.192017
494,1,18.192017
495,1,18.192017
496,1,18.192017
497,1,18.192017
498,1,18.192017
499,1,18.192017
500,1,18.192017
501,1,18.192017
502,1,18.192017
503,1,18.192017
504,1,18.192017
505,1,18.192017
506,1,18.192017
507,1,18.192017
508,1,18.192017
509,1,18.192017
510,1,18.192017
511,1,18.192017
512,1,18.192017
513,1,18.192017
514,1,18.192017
515,1,18.192017
516,1,18.192017
517,1,18.192017
518,1,18.192017
519,1,18.192017
520,1,18.192017
521,1,18.192017
522,1,18.192017
523,1,18.192017
524,1,18.192017
525,1,18.192017
526,1,18.192017
527,1,18.192017
528,1,18.192017
529,1,18.192017
530,1,18.192017
531,1,18.192017
532,1,18.192017
533,1,18.192017
534,1,18.192017
535,1,18.192017
536,1,18.192017
537,1,18.192017
538,1,18.192017
539,1,18.192017
540,1,18.192017
541,1,18.192017
542,1,18.192017
543,1,18.192017
544,1,18.192017
545,1,18.192017
546,1,18.192017
547,1,18.192017
548,1,18.192017
549,1,18.192017
550,1,18.192017
551,1,18.192017
552,1,18.192017
553,1,18.192017
554,1,18.192017
555,1,18.192017
556,1,18.192017
557,1,18.192017
558,1,18.192017
559,1,18.192017
560,1,18.192017
561,1,18.192017
562,1,18.192017
563,1,18.192017
564,1,18.192017
565,1,18.192017
566,1,18.192017
567,1,18.192017
568,1,18.192017
569,1,18.192017
570,1,18.192017
571,1,18.192017
572,1,18.192017
573,1,18.192017
574,1,18.192017
575,1,18.192017
576,1,18.192017
577,1,18.192017
578,1,18.192017
579,1,18.192017
580,1,18.192017
581,1,18.192017
582,1,18.192017
583,1,18.192017
584,1,18.192017
585,1,18.192017
586,1,18.192017
587,1,18.192017
588,1,18.192017
589,1,18.192017
590,1,18.192017
591,1,18.192017
592,1,18.192017
593,1,18.192017
594,1,18.192017
595,1,18.192017
596,1,18.192017
597,1,18.192017
598,1,18.192017
599,1,18.192017
600,1,18.192017
601,1,18.192017
602,1,18.192017
603,1,18.192017
604,1,18.192017
605,1,18.192017
606,1,18.192017
607,1,18.192017
608,1,18.192017
609,1,18.192017
610,1,18.192017
611,1,18.192017
612,1,18.192017
613,1,18.192017
614,1,18.192017
615,1,18.192017
616,1,18.192017
617,1,18.192017
618,1,18.192017
619,1,18.192017
620,1,18.192017
621,1,18.192017
622,1,18.192017
623,1,18.192017
624,1,18.192017
625,1,18.192017
626,1,18.192017
627,1,18.192017
628,1,18.192017
629,1,18.192017
630,1,18.192017
631,1,18.192017
632,1,18.192017
633,1,18.192017
634,1,18.192017
635,1,18.192017
636,1,18.192017
637,1,18.192017
638,1,18.192017
639,1,18.192017
640,1,18.192017
641,1,18.192017
642,1,18.192017
643,1,18.192017
644,1,18.192017
645,1,18.192017
646,1,18.192017
647,1,18.192017
648,1,18.192017
649,1,18.192017
650,1,18.192017
651,1,18.192017
652,1,18.192017
653,1,18.192017
654,1,18.192017
655,1,18.192017
656,1,18.192017
657,1,18.192017
658,1,18.192017
659,1,18.192017
660,1,18.192017
661,1,18.192017
662,1,18.192017
663,1,18.192017
664,1,18.192017
665,1,18.192017
666,1,18.192017
667,1,18.192017
668,1,18.192017
669,1,18.192017
670,1,18.192017
671,1,18.192017
672,1,18.192017
673,1,18.192017
674,1,18.192017
675,1,18.192017
676,1,18.192017
677,1,18.192017
678,1,18.192017
679,1,18.192017
680,1,18.192017
681,1,18.192017
682,1,18.192017
683,1,18.192017
684,1,18.192017
685,1,18.192017
686,1,18.192017
687,1,18.192017
688,1,18.192017
689,1,18.192017
690,1,18.192017
691,1,18.192017
692,1,18.192017
693,1,18.192017
694,1,18.192017
695,1,18.192017
696,1,18.192017
697,1,18.192017
698,1,18.192017
699,1,18.192017
700,1,18.192017
701,1,18.192017
702,1,18.192017
703,1,18.192017
704,1,18.192017
705,1,18.192017
706,1,18.192017
707,1,18.192017
708,1,18.192017
709,1,18.192017
710,1,18.192017
711,1,18.192017
712,1,18.192017
713,1,18.192017
714,1,18.192017
715,1,18.192017
716,1,18.192017
717,1,18.192017
718,1,18.192017
719,1,18.192017
720,1,18.192017
721,1,18.192017
722,1,18.192017
723,1,18.192017
724,1,18.192017
725,1,18.192017
726,1,18.192017
727,1,18.192017
728,1,18.192017
729,1,18.192017
730,1,18.192017
731,1,18.192017
732,1,18.192017
733,1,18.192017
734,1,18.192017
735,1,18.192017
736,1,18.192017
737,1,18.192017
738,1,18.192017
739,1,18.192017
740,1,18.192017
741,1,18.192017
742,1,18.192017
743,1,18.192017
744,1,18.192017
745,1,18.192017
746,1,18.192017
747,1,18.192017
748,1,18.192017
749,1,18.192017
750,1,18.192017
751,1,18.192017
752,1,18.192017
753,1,18.192017
754,1,18.192017
755,1,18.192017
756,1,18.192017
757,1,18.192017
758,1,18.192017
759,1,18.192017
760,1,18.192017
761,1,18.192017
762,1,18.192017
763,1,18.192017
764,1,18.192017
765,1,18.192017
766,1,18.192017
767,1,18.192017
768,1,18.192017
769,1,18.192017
770,1,18.192017
771,1,18.192017
772,1,18.192017
773,1,18.192017
774,1,18.192017
775,1,18.192017
776,1,18.192017
777,1,18.192017
778,1,18.192017
779,1,18.192017
780,1,18.192017
781,1,18.192017
782,1,18.192017
783,1,18.192017
784,1,18.192017
785,1,18.192017
786,1,18.192017
787,1,18.192017
788,1,18.192017
789,1,18.192017
790,1,18.192017
791,1,18.192017
792,1,18.192017
793,1,18.192017
794,1,18.192017
795,1,18.192017
796,1,18.192017
797,1,18.192017
798,1,18.192017
799,1,18.192017
800,1,18.192017
801,1,18.192017
802,1,18.192017
803,1,18.192017
804,1,18.192017
805,1,18.192017
806,1,18.192017
807,1,18.192017
808,1,18.192017
809,1,18.192017
810,1,18.192017
811,1,18.192017
812,1,18.192017
813,1,18.192017
814,1,18.192017
815,1,18.192017
816,1,18.192017
817,1,18.192017
818,1,18.192017
819,1,18.192017
820,1,18.192017
821,1,18.192017
822,1,18.192017
823,1,18.192017
824,1,18.192017
825,1,18.192017
826,1,18.192017
827,1,18.192017
828,1,18.192017
829,1,18.192017
830,1,18.192017
831,1,18.192017
832,1,18.192017
833,1,18.192017
834,1,18.192017
835,1,18.192017
836,1,18.192017
837,1,18.192017
838,1,18.192017
839,1,18.192017
840,1,18.192017
841,1,18.192017
842,1,18.192017
843,1,18.192017
844,1,18.192017
845,1,18.192017
846,1,18.192017
847,1,18.192017
848,1,18.192017
849,1,18.192017
850,1,18.192017
851,1,18.192017
852,1,18.192017
853,1,18.192017
854,1,18.192017
855,1,18.192017
856,1,18.192017
857,1,18.192017
858,1,18.192017
859,1,18.192017
860,1,18.192017
861,1,18.192017
862,1,18.192017
863,1,18.192017
864,1,18.192017
865,1,18.192017
866,1,18.192017
867,1,18.192017
868,1,18.192017
869,1,18.192017
870,1,18.192017
871,1,18.192017
872,1,18.192017
873,1,18.192017
874,1,18.192017
875,1,18.192017
876,1,18.192017
877,1,18.192017
878,1,18.192017
879,1,18.192017
880,1,18.192017
881,1,18.192017
882,1,18.192017
883,1,18.192017
884,1,18.192017
885,1,18.192017
886,1,18.192017
887,1,18.192017
888,1,18.192017
889,1,18.192017
890,1,18.192017
891,1,18.192017
892,1,18.192017
893,1,18.192017
894,1,18.192017
895,1,18.192017
896,1,18.192017
897,1,18.192017
898,1,18.192017
899,1,18.192017
900,1,18.192017
901,1,18.192017
902,1,18.192017
903,1,18.192017
904,1,18.192017
905,1,18.192017
906,1,18.192017
907,1,18.192017
908,1,18.192017
909,1,18.192017
910,1,18.192017
911,1,18.192017
912,1,18.192017
913,1,18.192017
914,1,18.192017
915,1,18.192017
916,1,18.192017
917,1,18.192017
918,1,18.192017
919,1,18.192017
920,1,18.192017
921,1,18.192017
922,1,18.192017
923,1,18.192017
924,1,18.192017
925,1,18.192017
926,1,18.192017
927,1,18.192017
928,1,18.192017
929,1,18.192017
930,1,18.192017
931,1,18.192017
932,1,18.192017
933,1,18.192017
934,1,18.192017
935,1,18.192017
936,1,18.192017
937,1,18.192017
938,1,18.192017
939,1,18.192017
940,1,18.192017
941,1,18.192017
942,1,18.192017
943,1,18.192017
944,1,18.192017
945,1,18.192017
946,1,18.192017
947,1,18.192017
948,1,18.192017
949,1,18.192017
950,1,18.192017
951,1,18.192017
952,1,18.192017
953,1,18.192017
954,1,18.192017
955,1,18.192017
956,1,18.192017
957,1,18.192017
958,1,18.192017
959,1,18.192017
960,1,18.192017
961,1,18.192017
962,1,18.192017
963,1,18.192017
964,1,18.192017
965,1,18.192017
966,1,18.192017
967,1,18.192017
968,1,18.192017
969,1,18.192017
970,1,18.192017
971,1,18.192017
972,1,18.192017
973,1,18.192017
974,1,18.192017
975,1,18.192017
976,1,18.192017
977,1,18.192017
978,1,18.192017
979,1,18.192017
980,1,18.192017
981,1,18.192017
982,1,18.192017
983,1,18.192017
984,1,18.192017
985,1,18.192017
986,1,18.192017
987,1,18.192017
988,1,18.192017
989,1,18.192017
990,1,18.192017
991,1,18.192017
992,1,18.192017
993,1,18.192017
994,1,18.192017
995,1,18.192017
996,1,18.192017
997,1,18.192017
998,1,18.192017
999,1,18.192017
1000,1,18.192017
1001,1,18.192017
1002,1,18.192017
1003,1,18.192017
1004,1,18.192017
1005,1,18.192017
1006,1,18.192017
1007,1,18.192017
1008,1,18.192017
1009,1,18.192017
1010,1,18.192017
1011,1,18.192017
1012,1,18.192017
1013,1,18.192017
1014,1,18.192017
1015,1,18.192017
1016,1,18.192017
1017,1,18.192017
1018,1,18.192017
1019,1,18.192017
1020,1,18.192017
1021,1,18.192017
1022,1,18.192017
1023,1,18.192017
1024,1,18.192017
1025,1,18.192017
1026,1,18.192017
1027,1,18.192017
1028,1,18.192017
1029,1,18.192017
1030,1,18.192017
1031,1,18.192017
1032,1,18.192017
1033,1,18.192017
1034,1,18.192017
1035,1,18.192017
1036,1,18.192017
1037,1,18.192017
1038,1,18.192017
1039,1,18.192017
1040,1,18.192017
1041,1,18.192017
1042,1,18.192017
1043,1,18.192017
1044,1,18.192017
1045,1,18.192017
1046,1,18.192017
1047,1,18.192017
1048,1,18.192017
1049,1,18.192017
1050,1,18.192017
1051,1,18.192017
1052,1,18.192017
1053,1,18.192017
1054,1,18.192017
1055,1,18.192017
1056,1,18.192017
1057,1,18.192017
1058,1,18.192017
1059,1,18.192017
1060,1,18.192017
1061,1,18.192017
1062,1,18.192017
1063,1,18.192017
1064,1,18.192017
1065,1,18.192017
1066,1,18.192017
1067,1,18.192017
1068,1,18.192017
1069,1,18.192017
1070,1,18.192017
1071,1,18.192017
1072,1,18.192017
1073,1,18.192017
1074,1,18.192017
1075,1,18.192017
1076,1,18.192017
1077,1,18.192017
1078,1,18.192017
1079,1,18.192017
1080,1,18.192017
1081,1,18.192017
1082,1,18.192017
1083,1,18.192017
1084,1,18.192017
1085,1,18.192017
1086,1,18.192017
1087,1,18.192017
1088,1,18.192017
1089,1,18.192017
1090,1,18.192017
1091,1,18.192017
1092,1,18.192017
1093,1,18.192017
1094,1,18.192017
1095,1,18.192017
1096,1,18.192017
1097,1,18.192017
1098,1,18.192017
1099,1,18.192017
1100,1,18.192017
1101,1,18.192017
1102,1,18.192017
1103,1,18.192017
1104,1,18.192017
1105,1,18.192017
1106,1,18.192017
1107,1,18.192017
1108,1,18.192017
1109,1,18.192017
1110,1,18.192017
1111,1,18.192017
1112,1,18.192017
1113,1,18.192017
1114,1,18.192017
1115,1,18.192017
1116,1,18.192017
1117,1,18.192017
1118,1,18.192017
1119,1,18.192017
1120,1,18.192017
1121,1,18.192017
1122,1,18.192017
1123,1,18.192017
1124,1,18.192017
1125,1,18.192017
1126,1,18.192017
1127,1,18.192017
1128,1,18.192017
1129,1,18.192017
1130,1,18.192017
1131,1,18.192017
1132,1,18.192017
1133,1,18.192017
1134,1,18.192017
1135,1,18.192017
1136,1,18.192017
1137,1,18.192017
1138,1,18.192017
1139,1,18.192017
1140,1,18.192017
1141,1,18.192017
1142,1,18.192017
1143,1,18.192017
1144,1,18.192017
1145,1,18.192017
1146,1,18.192017
1147,1,18.192017
1148,1,18.192017
1149,1,18.192017
1150,1,18.192017
1151,1,18.192017
1152,1,18.192017
1153,1,18.192017
1154,1,18.192017
1155,1,18.192017
1156,1,18.192017
1157,1,18.192017
1158,1,18.192017
1159,1,18.192017
1160,1,18.192017
1161,1,18.192017
1162,1,18.192017
1163,1,18.192017
1164,1,18.192017
1165,1,18.192017
1166,1,18.192017
1167,1,18.192017
1168,1,18.192017
1169,1,18.192017
1170,1,18.192017
1171,1,18.192017
1172,1,18.192017
1173,1,18.192017
1174,1,18.192017
1175,1,18.192017
1176,1,18.192017
1177,1,18.192017
1178,1,18.192017
1179,1,18.192017
1180,1,18.192017
1181,1,18.192017
1182,1,18.192017
1183,1,18.192017
1184,1,18.192017
1185,1,18.192017
1186,1,18.192017
1187,1,18.192017
1188,1,18.192017
1189,1,18.192017
1190,1,18.192017
1191,1,18.192017
1192,1,18.192017
1193,1,18.192017
1194,1,18.192017
1195,1,18.192017
1196,1,18.192017
1197,1,18.192017
1198,1,18.192017
1199,1,18.192017
1200,1,18.192017
1201,1,18.192017
1202,1,18.192017
1203,1,18.192017
1204,1,18.192017
1205,1,18.192017
1206,1,18.192017
1207,1,18.192017
1208,1,18.192017
1209,1,18.192017
1210,1,18.192017
1211,1,18.192017
1212,1,18.192017
1213,1,18.192017
1214,1,18.192017
1215,1,18.192017
1216,1,18.192017
1217,1,18.192017
1218,1,18.192017
1219,1,18.192017
1220,1,18.192017
1221,1,18.192017
1222,1,18.192017
1223,1,18.192017
1224,1,18.192017
1225,1,18.192017
1226,1,18.192017
1227,1,18.192017
1228,1,18.192017
1229,1,18.192017
1230,1,18.192017
1231,1,18.192017
1232,1,18.192017
1233,1,18.192017
1234,1,18.192017
1235,1,18.192017
1236,1,18.192017
1237,1,18.192017
1238,1,18.192017
1239,1,18.192017
1240,1,18.192017
1241,1,18.192017
1242,1,18.192017
1243,1,18.192017
1244,1,18.192017
1245,1,18.192017
1246,1,18.192017
1247,1,18.192017
1248,1,18.192017
1249,1,18.192017
1250,1,18.192017
1251,1,18.192017
1252,1,18.192017
1253,1,18.192017
1254,1,18.192017
1255,1,18.192017
1256,1,18.192017
1257,1,18.192017
1258,1,18.192017
1259,1,18.192017
1260,1,18.192017
1261,1,18.192017
1262,1,18.192017
1263,1,18.192017
1264,1,18.192017
1265,1,18.192017
1266,1,18.192017
1267,1,18.192017
1268,1,18.192017
1269,1,18.192017
1270,1,18.192017
1271,1,18.192017
1272,1,18.192017
1273,1,18.192017
1274,1,18.192017
1275,1,18.192017
1276,1,18.192017
1277,1,18.192017
1278,1,18.192017
1279,1,18.192017
1280,1,18.192017
1281,1,18.192017
1282,1,18.192017
1283,1,18.192017
1284,1,18.192017
1285,1,18.192017
1286,1,18.192017
1287,1,18.192017
1288,1,18.192017
1289,1,18.192017
1290,1,18.192017
1291,1,18.192017
1292,1,18.192017
1293,1,18.192017
1294,1,18.192017
1295,1,18.192017
1296,1,18.192017
1297,1,18.192017
1298,1,18.192017
1299,1,18.192017
1300,1,18.192017
1301,1,18.192017
1302,1,18.192017
1303,1,18.192017
1304,1,18.192017
1305,1,18.192017
1306,1,18.192017
1307,1,18.192017
1308,1,18.192017
1309,1,18.192017
1310,1,18.192017
1311,1,18.192017
1312,1,18.192017
1313,1,18.192017
1314,1,18.192017
1315,1,18.192017
1316,1,18.192017
1317,1,18.192017
1318,1,18.192017
1319,1,18.192017
1320,1,18.192017
1321,1,18.192017
1322,1,18.192017
1323,1,18.192017
1324,1,18.192017
1325,1,18.192017
1326,1,18.192017
1327,1,18.192017
1328,1,18.192017
1329,1,18.192017
1330,1,18.192017
1331,1,18.192017
1332,1,18.192017
1333,1,18.192017
1334,1,18.192017
1335,1,18.192017
1336,1,18.192017
1337,1,18.192017
1338,1,18.192017
1339,1,18.192017
1340,1,18.192017
1341,1,18.192017
1342,1,18.192017
1343,1,18.192017
1344,1,18.192017
1345,1,18.192017
1346,1,18.192017
1347,1,18.192017
1348,1,18.192017
1349,1,18.192017
1350,1,18.192017
1351,1,18.192017
1352,1,18.192017
1353,1,18.192017
1354,1,18.192017
1355,1,18.192017
1356,1,18.192017
1357,1,18.192017
1358,1,18.192017
1359,1,18.192017
1360,1,18.192017
1361,1,18.192017
1362,1,18.192017
1363,1,18.192017
1364,1,18.192017
1365,1,18.192017
1366,1,18.192017
1367,1,18.192017
1368,1,18.192017
1369,1,18.192017
1370,1,18.192017
1371,1,18.192017
1372,1,18.192017
1373,1,18.192017
1374,1,18.192017
1375,1,18.192017
1376,1,18.192017
1377,1,18.192017
1378,1,18.192017
1379,1,18.192017
1380,1,18.192017
1381,1,18.192017
1382,1,18.192017
1383,1,18.192017
1384,1,18.192017
1385,1,18.192017
1386,1,18.192017
1387,1,18.192017
1388,1,18.192017
1389,1,18.192017
1390,1,18.192017
1391,1,18.192017
1392,1,18.192017
1393,1,18.192017
1394,1,18.192017
1395,1,18.192017
1396,1,18.192017
1397,1,18.192017
1398,1,18.192017
1399,1,18.192017
1400,1,18.192017
1401,1,18.192017
1402,1,18.192017
1403,1,18.192017
1404,1,18.192017
1405,1,18.192017
1406,1,18.192017
1407,1,18.192017
1408,1,18.192017
1409,1,18.192017
1410,1,18.192017
1411,1,18.192017
1412,1,18.192017
1413,1,18.192017
1414,1,18.192017
1415,1,18.192017
1416,1,18.192017
1417,1,18.192017
1418,1,18.192017
1419,1,18.192017
1420,1,18.192017
1421,1,18.192017
1422,1,18.192017
1423,1,18.192017
1424,1,18.192017
1425,1,18.192017
1426,1,18.192017
1427,1,18.192017
1428,1,18.192017
1429,1,18.192017
1430,1,18.192017
1431,1,18.192017
1432,1,18.192017
1433,1,18.192017
1434,1,18.192017
1435,1,18.192017
1436,1,18.192017
1437,1,18.192017
1438,1,18.192017
1439,1,18.192017
1440,1,18.192017
1441,1,18.192017
1442,1,18.192017
1443,1,18.192017
1444,1,18.192017
1445,1,18.192017
1446,1,18.192017
1447,1,18.192017
1448,1,18.192017
1449,1,18.192017
1450,1,18.192017
1451,1,18.192017
1452,1,18.192017
1453,1,18.192017
1454,1,18.192017
1455,1,18.192017
1456,1,18.192017
1457,1,18.192017
1458,1,18.192017
1459,1,18.192017
1460,1,18.192017
1461,1,18.192017
1462,1,18.192017
1463,1,18.192017
1464,1,18.192017
1465,1,18.192017
1466,1,18.192017
1467,1,18.192017
1468,1,18.192017
1469,1,18.192017
1470,1,18.192017
1471,1,18.192017
1472,1,18.192017
1473,1,18.192017
1474,1,18.192017
1475,1,18.192017
1476,1,18.192017
1477,1,18.192017
1478,1,18.192017
1479,1,18.192017
1480,1,18.192017
1481,1,18.192017
1482,1,18.192017
1483,1,18.192017
1484,1,19.323127
1485,1,19.049776
1486,1,19.803849
1487,1,20.265719
1488,1,20.887829
1489,1,20.925533
1490,1,21.283718
1491,1,20.878403
1492,1,20.934959
1493,1,20.718163
1494,1,20.510793
1495,1,20.463663
1496,1,20.991514
1497,1,20.812422
1498,1,20.256293
1499,1,20.152608
1500,1,19.813275
1501,1,20.699311
1502,1,21.029218
1503,1,20.737015
1504,1,21.038644
1505,1,21.264866
1506,1,22.527939
1507,1,23.26316
1508,1,23.583641
1509,1,25.968398
1510,1,26.270027
1511,1,27.146637
1512,1,27.269174
1513,1,27.74047
1514,1,29.503116
1515,1,30.917003
1516,1,31.435429
1517,1,31.812465
1518,1,31.935002
1519,1,31.671077
1520,1,32.349743
1521,1,31.152651
1522,1,30.153504
1523,1,30.634226
1524,1,31.143225
1525,1,30.964133
1526,1,31.491984
1527,1,31.011263
1528,1,31.661651
1529,1,32.312039
1530,1,32.312039
1531,1,30.492837
1532,1,31.689929
1533,1,32.000984
1534,1,31.727632
1535,1,31.935002
1536,1,31.821891
1537,1,31.34117
1538,1,31.614521
1539,1,31.699355
1540,1,33.132094
1541,1,33.226353
1542,1,33.292334
1543,1,34.414018
1544,1,34.715648
1545,1,35.56398
1546,1,35.30948
1547,1,35.300054
1548,1,35.234073
1549,1,35.007851
1550,1,35.300054
1551,1,36.94959
1552,1,37.430311
1553,1,36.761071
1554,1,36.393461
1555,1,35.629961
1556,1,32.802187
1557,1,32.981279
1558,1,32.095243
1559,1,28.277747
1560,1,29.220339
1561,1,28.645358
1562,1,27.561378
1563,1,27.731044
1564,1,29.239191
1565,1,29.220339
1566,1,28.513395
1567,1,27.23147
1568,1,27.335156
1569,1,27.655637
1570,1,27.69334
1571,1,28.287173
1572,1,27.853581
1573,1,27.589655
1574,1,27.335156
1575,1,28.268321
1576,1,28.607654
1577,1,28.277747
1578,1,29.380579
1579,1,30.917003
1580,1,31.812465
1581,1,31.463707
1582,1,31.246911
1583,1,30.634226
1584,1,31.70878
1585,1,32.660798
1586,1,31.595669
1587,1,31.435429
1588,1,31.190355
1589,1,30.917003
1590,1,31.011263
1591,1,30.040393
1592,1,29.983838
1593,1,30.549393
1594,1,31.539114
1595,1,30.964133
1596,1,31.350596
1597,1,31.152651
1598,1,32.142373
1599,1,33.056686
1600,1,33.150946
1601,1,33.396019
1602,1,34.828759
1603,1,34.857036
1604,1,37.326626
1605,1,36.864756
1606,1,36.48772
1607,1,36.921312
1608,1,35.413165
1609,1,35.545128
1610,1,35.337758
1611,1,37.703663
1612,1,37.326626
1613,1,37.213515
1614,1,37.213515
1615,1,37.845052
1616,1,37.373756
1617,1,35.743072
1618,1,35.347184
1619,1,35.347184
1620,1,36.412312
1621,1,34.781629
1622,1,34.923018
1623,1,36.23322
1624,1,35.81848
1625,1,35.56398
1626,1,39.494587
1627,1,40.276938
1628,1,40.522012
1629,1,41.756807
1630,1,40.776511
1631,1,41.1724
1632,1,42.793657
1633,1,45.055877
1634,1,45.291525
1635,1,45.800524
1636,1,44.584581
1637,1,48.666003
1638,1,47.223838
1639,1,46.300098
1640,1,45.263247
1641,1,46.893931
1642,1,45.103007
1643,1,43.953045
1644,1,44.207545
1645,1,44.67884
1646,1,44.301804
1647,1,42.595713
1648,1,41.304363
1649,1,41.37977
1650,1,43.707971
1651,1,42.04901
1652,1,44.019026
1653,1,43.59486
1654,1,43.217823
1655,1,42.020732
1656,1,43.623138
1657,1,44.198119
1658,1,44.47147
1659,1,45.074729
1660,1,41.709677
1661,1,39.16468
1662,1,40.050716
1663,1,42.869065
1664,1,42.605139
1665,1,43.80223
1666,1,44.744822
1667,1,46.130431
1668,1,46.68656
1669,1,47.761115
1670,1,46.790246
1671,1,45.282099
1672,1,44.584581
1673,1,45.34808
1674,1,47.638578
1675,1,49.109021
1676,1,50.428649
1677,1,52.445795
1678,1,51.663444
1679,1,52.643739
1680,1,50.381519
1681,1,49.533187
1682,1,45.734543
1683,1,44.490322
1684,1,44.839081
1685,1,45.998469
1686,1,48.307818
1687,1,47.318097
1688,1,45.970191
1689,1,47.176708
1690,1,48.015615
1691,1,48.194707
1692,1,45.234969
1693,1,45.44234
1694,1,43.067009
1695,1,41.040437
1696,1,41.360918
1697,1,43.887064
1698,1,42.369491
1699,1,40.597419
1700,1,39.541716
1701,1,38.438884
1702,1,38.19381
1703,1,35.05498
1704,1,35.950442
1705,1,38.269218
1706,1,40.531438
1707,1,40.333493
1708,1,39.683105
1709,1,37.920459
1710,1,39.11755
1711,1,38.542569
1712,1,37.911033
1713,1,37.213515
1714,1,39.409754
1715,1,39.871623
1716,1,40.955604
1717,1,39.824494
1718,1,39.353198
1719,1,40.342919
1720,1,38.231514
1721,1,38.589699
1722,1,38.797069
1723,1,38.146681
1724,1,42.039584
1725,1,42.322361
1726,1,43.858786
1727,1,43.576008
1728,1,42.360065
1729,1,43.877638
1730,1,44.603433
1731,1,43.34036
1732,1,43.396916
1733,1,44.93334
1734,1,45.244395
1735,1,42.444898
1736,1,41.653121
1737,1,41.785084
1738,1,43.462897
1739,1,44.923914
1740,1,44.735396
1741,1,45.34808
1742,1,45.008747
1743,1,44.330082
1744,1,45.508321
1745,1,44.782525
1746,1,44.829655
1747,1,43.283805
1748,1,42.482602
1749,1,42.237528
1750,1,43.726823
1751,1,44.961618
1752,1,46.884505
1753,1,47.365226
1754,1,47.685708
1755,1,45.725117
1756,1,46.592301
1757,1,46.52632
1758,1,48.336096
1759,1,46.997616
1760,1,45.725117
1761,1,44.7731
1762,1,44.697692
1763,1,47.19556
1764,1,47.704559
1765,1,46.68656
1766,1,46.102154
1767,1,46.469764
1768,1,48.571744
1769,1,48.006189
1770,1,56.084198
1771,1,57.130475
1772,1,56.037069
1773,1,56.414105
1774,1,57.394401
1775,1,59.336139
1776,1,59.336139
1777,1,55.763717
1778,1,54.839978
1779,1,53.501498
1780,1,53.501498
1781,1,52.879387
1782,1,54.830552
1783,1,54.368682
1784,1,56.847698
1785,1,55.622329
1786,1,55.848551
1787,1,58.025937
1788,1,56.046495
1789,1,55.848551
1790,1,53.803127
1791,1,53.256424
1792,1,52.59661
1793,1,54.199015
1794,1,52.59661
1795,1,52.558906
1796,1,52.163017
1797,1,52.606036
1798,1,53.765423
1799,1,52.558906
1800,1,50.758556
1801,1,53.067905
1802,1,55.462088
1803,1,54.943663
1804,1,54.60433
1805,1,54.576052
1806,1,55.546921
1807,1,57.686604
1808,1,57.318993
1809,1,58.402974
1810,1,55.282996
1811,1,54.51007
1812,1,54.943663
1813,1,53.755997
1814,1,50.211853
1815,1,50.28726
1816,1,50.767982
1817,1,49.137299
1818,1,51.305259
1819,1,50.051612
1820,1,52.766276
1821,1,54.660885
1822,1,54.651459
1823,1,55.056774
1824,1,54.962514
1825,1,54.745718
1826,1,55.905106
1827,1,54.802274
1828,1,55.499792
1829,1,55.773143
1830,1,54.472367
1831,1,54.104756
1832,1,53.444942
1833,1,53.143313
1834,1,52.530628
1835,1,51.484352
1836,1,51.135593
1837,1,50.277834
1838,1,48.816817
1839,1,49.288113
1840,1,49.090169
1841,1,47.742263
1842,1,47.214412
1843,1,47.346375
1844,1,46.516894
1845,1,46.47919
1846,1,46.121006
1847,1,46.611153
1848,1,44.716544
1849,1,43.151842
1850,1,43.868212
1851,1,43.726823
1852,1,45.112433
1853,1,45.743969
1854,1,46.573449
1855,1,45.150136
1856,1,44.848507
1857,1,44.037878
1858,1,44.028452
1859,1,43.745675
1860,1,42.916194
1861,1,42.869065
1862,1,42.46375
1863,1,45.121858
1864,1,43.821082
1865,1,44.348933
1866,1,45.065303
1867,1,43.208398
1868,1,42.426047
1869,1,41.58714
1870,1,42.633417
1871,1,42.737102
1872,1,43.312083
1873,1,44.282952
1874,1,42.812509
1875,1,42.708824
1876,1,40.729382
1877,1,40.314641
1878,1,40.20153
1879,1,37.072126
1880,1,35.045555
1881,1,34.819333
1882,1,34.932444
1883,1,34.102963
1884,1,33.50913
1885,1,34.074685
1886,1,33.09439
1887,1,32.42515
1888,1,32.368595
1889,1,31.369447
1890,1,31.444855
1891,1,31.605095
1892,1,30.587096
1893,1,31.08667
1894,1,31.360022
1895,1,31.557966
1896,1,31.114948
1897,1,32.773909
1898,1,32.943575
1899,1,33.113242
1900,1,32.283761
1901,1,33.55626
1902,1,33.612815
1903,1,33.603389
1904,1,33.226353
1905,1,32.000984
1906,1,31.605095
1907,1,30.756763
1908,1,28.466265
1909,1,29.116654
1910,1,27.957266
1911,1,27.514248
1912,1,27.07123
1913,1,27.146637
1914,1,26.024953
1915,1,25.723324
1916,1,27.467118
1917,1,28.004396
1918,1,27.806451
1919,1,27.655637
1920,1,27.561378
1921,1,26.637638
1922,1,27.966692
1923,1,29.220339
1924,1,28.532247
1925,1,28.937561
1926,1,30.973559
1927,1,31.878447
1928,1,32.63252
1929,1,33.801334
1930,1,31.887873
1931,1,32.736205
1932,1,32.924724
1933,1,32.142373
1934,1,32.953001
1935,1,33.273482
1936,1,32.905872
1937,1,33.933297
1938,1,32.717353
1939,1,32.519409
1940,1,33.254631
1941,1,32.83989
1942,1,32.585391
1943,1,31.557966
1944,1,30.803893
1945,1,29.229765
1946,1,28.692487
1947,1,28.937561
1948,1,29.352301
1949,1,28.277747
1950,1,29.474838
1951,1,29.587949
1952,1,27.476544
1953,1,27.316304
1954,1,27.768748
1955,1,27.07123
1956,1,24.120918
1957,1,25.365139
1958,1,24.799584
1959,1,25.129491
1960,1,26.873286
1961,1,28.815024
1962,1,27.919562
1963,1,28.956413
1964,1,28.070377
1965,1,27.052378
1966,1,28.126932
1967,1,28.428562
1968,1,29.173209
1969,1,30.690782
1970,1,29.757616
1971,1,29.352301
1972,1,28.098655
1973,1,27.815877
1974,1,29.361727
1975,1,28.174062
1976,1,28.183488
1977,1,28.353154
1978,1,27.48597
1979,1,28.079803
1980,1,28.711339
1981,1,28.051525
1982,1,27.702766
1983,1,24.488529
1984,1,25.072936
1985,1,25.355713
1986,1,24.978677
1987,1,24.743029
1988,1,25.883565
1989,1,27.005248
1990,1,27.372859
1991,1,27.815877
1992,1,28.287173
1993,1,28.815024
1994,1,29.719912
1995,1,29.03182
1996,1,27.476544
1997,1,28.419136
1998,1,26.581082
1999,1,27.137211
2000,1,27.156063
2001,1,26.128638
2002,1,24.865566
2003,1,24.978677
2004,1,27.0241
2005,1,27.090082
2006,1,25.817583
2007,1,25.779879
2008,1,25.515954
2009,1,26.835582
2010,1,26.072083
2011,1,25.299158
2012,1,24.39427
2013,1,23.706178
2014,1,21.755013
2015,1,21.302569
2016,1,20.774718
2017,1,19.822701
2018,1,20.765292
2019,1,22.066069
2020,1,22.13205
2021,1,21.896402
2022,1,21.123477
2023,1,19.426812
2024,1,18.11661
2025,1,18.795276
2026,1,19.181738
2027,1,18.427665
2028,1,18.389962
2029,1,19.766145
2030,1,18.908387
2031,1,19.577627
2032,1,18.78585
2033,1,18.493647
2034,1,17.004352
2035,1,16.533056
2036,1,17.202296
2037,1,17.683018
2038,1,16.580186
2039,1,14.431077
2040,1,14.836391
2041,1,14.760984
2042,1,13.912652
2043,1,13.959781
2044,1,14.553614
2045,1,14.610169
2046,1,14.51591
2047,1,15.062613
2048,1,14.817539
2049,1,14.30854
2050,1,13.865522
2051,1,13.865522
2052,1,12.55532
2053,1,11.989765
2054,1,11.697561
2055,1,11.527895
2056,1,10.377933
2057,1,10.264822
2058,1,11.829524
2059,1,11.207414
2060,1,11.348803
2061,1,11.791821
2062,1,11.820098
2063,1,11.791821
2064,1,12.178283
2065,1,11.329951
2066,1,12.385653
2067,1,11.933209
2068,1,11.58445
2069,1,12.564746
2070,1,12.34795
2071,1,12.611875
2072,1,13.045467
2073,1,14.506484
2074,1,13.629874
2075,1,13.714707
2076,1,14.459355
2077,1,14.51591
2078,1,14.299114
2079,1,14.242559
2080,1,14.044614
2081,1,14.440503
2082,1,13.233986
2083,1,13.582745
2084,1,13.111449
2085,1,13.394226
2086,1,13.130301
2087,1,12.706134
2088,1,12.913505
2089,1,13.092597
2090,1,13.007764
2091,1,12.395079
2092,1,11.688135
2093,1,11.301673
2094,1,11.88608
2095,1,12.027468
2096,1,10.896359
2097,1,10.359081
2098,1,9.699267
2099,1,9.407064
2100,1,8.502176
2101,1,8.257102
2102,1,7.814084
2103,1,7.022307
2104,1,7.521881
2105,1,7.946047
2106,1,8.228824
2107,1,8.577583
2108,1,8.596435
2109,1,8.040306
2110,1,7.729251
2111,1,8.07801
2112,1,8.398491
2113,1,9.077157
2114,1,8.643565
2115,1,8.718972
2116,1,8.888639
2117,1,9.067731
2118,1,9.303379
2119,1,8.332509
2120,1,8.634139
2121,1,8.304232
2122,1,8.23825
2123,1,7.682121
2124,1,7.587862
2125,1,7.418196
2126,1,7.56901
2127,1,7.380492
2128,1,6.447326
2129,1,5.891197
2130,1,6.654696
2131,1,6.748956
2132,1,8.125139
2133,1,8.44562
2134,1,8.096862
2135,1,8.813231
2136,1,8.219398
2137,1,7.842362
2138,1,7.56901
2139,1,6.918622
2140,1,6.635845
2141,1,6.673548
2142,1,6.588715
2143,1,6.579289
2144,1,6.833789
2145,1,7.182548
2146,1,7.352214
2147,1,6.890344
2148,1,6.475604
2149,1,5.042865
2150,1,4.920328
2151,1,3.940033
2152,1,4.185107
2153,1,3.845774
2154,1,4.071996
2155,1,3.732663
2156,1,3.544144
2157,1,3.826922
2158,1,3.949459
2159,1,4.166255
2160,1,3.883477
2161,1,3.694959
2162,1,3.562996
2163,1,3.016293
2164,1,2.535571
2165,1,2.695812
2166,1,2.93146
2167,1,3.072849
2168,1,2.837201
2169,1,3.336774
2170,1,2.969163
2171,1,2.394183
2172,1,2.299923
2173,1,2.431886
2174,1,2.309349
2175,1,2.309349
2176,1,2.356479
2177,1,2.271646
2178,1,2.233942
2179,1,2.26222
2180,1,2.328201
2181,1,2.544997
2182,1,2.460164
2183,1,2.281072
2184,1,2.05485
2185,1,1.80035
2186,1,1.658961
2187,1,2.111405
2188,1,2.384757
2189,1,2.705238
2190,1,2.535571
2191,1,4.024866
2192,1,4.769513
2193,1,4.260514
2194,1,4.279366
2195,1,3.930607
2196,1,4.571569
2197,1,4.590421
2198,1,4.769513
2199,1,4.863773
2200,1,5.35392
2201,1,6.315364
2202,1,6.27766
2203,1,6.381345
2204,1,7.503029
2205,1,7.908343
2206,1,8.850935
2207,1,8.587009
2208,1,8.351361
2209,1,8.502176
2210,1,8.473898
2211,1,7.2014
2212,1,7.078863
2213,1,6.409623
2214,1,7.40877
2215,1,7.333362
2216,1,6.918622
2217,1,6.673548
2218,1,7.691547
2219,1,8.002602
2220,1,8.313658
2221,1,8.049732
2222,1,7.210826
2223,1,7.455899
2224,1,7.239103
2225,1,6.720678
2226,1,6.287086
2227,1,7.088289
2228,1,7.427622
2229,1,7.389918
2230,1,8.577583
2231,1,7.295659
2232,1,7.493603
2233,1,7.455899
2234,1,6.466178
2235,1,6.654696
2236,1,5.910049
2237,1,5.86292
2238,1,5.76866
2239,1,5.278513
2240,1,5.683827
2241,1,6.598141
2242,1,6.522734
2243,1,6.117419
2244,1,5.825216
2245,1,4.816643
2246,1,3.892903
2247,1,3.421607
2248,1,4.335921
2249,1,5.35392
2250,1,5.221957
2251,1,4.986309
2252,1,6.390771
2253,1,6.956326
2254,1,6.965752
2255,1,7.380492
2256,1,8.002602
2257,1,6.730104
2258,1,7.512455
2259,1,6.73953
2260,1,8.068584
2261,1,7.974325
2262,1,8.794379
2263,1,9.557879
2264,1,10.236544
2265,1,9.491897
2266,1,8.247676
2267,1,7.465325
2268,1,7.418196
2269,1,7.069437
2270,1,7.078863
2271,1,4.929754
2272,1,6.155123
2273,1,5.40105
2274,1,5.825216
2275,1,5.730957
2276,1,4.618699
2277,1,4.156829
2278,1,4.22281
2279,1,4.816643
2280,1,5.523587
2281,1,5.56129
2282,1,5.617846
2283,1,4.826069
2284,1,5.655549
2285,1,5.81579
2286,1,6.268234
2287,1,7.041159
2288,1,7.437047
2289,1,6.428475
2290,1,6.880918
2291,1,6.145697
2292,1,6.296512
2293,1,5.985456
2294,1,6.73953
2295,1,6.9469
2296,1,6.9469
2297,1,7.012881
2298,1,6.909196
2299,1,6.824363
2300,1,7.210826
2301,1,7.003455
2302,1,6.994029
2303,1,7.097715
2304,1,7.286233
2305,1,7.908343
2306,1,7.851788
2307,1,8.53988
2308,1,8.558731
2309,1,9.020601
2310,1,8.483324
2311,1,8.049732
2312,1,7.795232
2313,1,6.965752
2314,1,7.116566
2315,1,8.040306
2316,1,7.191974
2317,1,7.10714
2318,1,7.210826
2319,1,7.371066
2320,1,7.257955
2321,1,6.324789
2322,1,6.880918
2323,1,6.098567
2324,1,5.344494
2325,1,5.391624
2326,1,5.438753
2327,1,5.155976
2328,1,4.920328
2329,1,5.155976
2330,1,5.09942
2331,1,4.769513
2332,1,4.317069
2333,1,4.458458
2334,1,4.47731
2335,1,4.166255
2336,1,3.562996
2337,1,3.39333
2338,1,2.940886
2339,1,3.3462
2340,1,3.449885
2341,1,3.110552
2342,1,3.063423
2343,1,2.686386
2344,1,2.328201
2345,1,2.167961
2346,1,2.233942
2347,1,1.856905
2348,1,2.035998
2349,1,1.894609
2350,1,2.252794
2351,1,2.441312
2352,1,2.639256
2353,1,2.959738
2354,1,2.639256
2355,1,2.856052
2356,1,3.035145
2357,1,2.526145
2358,1,2.224516
2359,1,2.554423
2360,1,2.450738
2361,1,2.46959
2362,1,2.639256
2363,1,2.516719
2364,1,2.299923
2365,1,2.384757
2366,1,2.450738
2367,1,2.667534
2368,1,2.799497
2369,1,2.959738
2370,1,2.865478
2371,1,2.922034
2372,1,3.261367
2373,1,3.412181
2374,1,3.176534
2375,1,3.487589
2376,1,3.591274
2377,1,3.742089
2378,1,3.374478
2379,1,3.940033
2380,1,4.109699
2381,1,4.52444
2382,1,4.562143
2383,1,3.770366
2384,1,3.619552
2385,1,3.76094
2386,1,3.572422
2387,1,3.779792
2388,1,4.317069
2389,1,4.665828
2390,1,4.712958
2391,1,3.742089
2392,1,3.478163
2393,1,3.534718
2394,1,3.214237
2395,1,2.808923
2396,1,2.978589
2397,1,2.865478
2398,1,2.978589
2399,1,2.922034
2400,1,2.827775
2401,1,2.818349
2402,1,2.72409
2403,1,2.72409
2404,1,2.441312
2405,1,2.413034
2406,1,2.431886
2407,1,2.780645
2408,1,2.903182
2409,1,2.780645
2410,1,2.695812
2411,1,2.742941
2412,1,2.573275
2413,1,2.592127
2414,1,2.479016
2415,1,2.516719
2416,1,2.554423
2417,1,2.460164
2418,1,2.497868
2419,1,2.544997
2420,1,2.479016
2421,1,2.42246
2422,1,2.328201
2423,1,2.045424
2424,1,2.026572
2425,1,2.233942
2426,1,2.21509
2427,1,2.130257
2428,1,2.290498
2429,1,2.271646
2430,1,2.318775
2431,1,2.233942
2432,1,2.092553
2433,1,2.017146
2434,1,2.035998
2435,1,1.941739
2436,1,1.988868
2437,1,1.922887
2438,1,1.979442
2439,1,1.96059
2440,1,1.922887
2441,1,2.00772
2442,1,1.96059
2443,1,1.932313
2444,1,2.167961
2445,1,2.62983
2446,1,2.639256
2447,1,2.733516
2448,1,2.846627
2449,1,2.865478
2450,1,2.761793
2451,1,2.582701
2452,1,2.837201
2453,1,3.072849
2454,1,2.88433
2455,1,3.025719
2456,1,2.893756
2457,1,2.742941
2458,1,2.865478
2459,1,2.950312
2460,1,2.903182
2461,1,2.742941
2462,1,2.761793
2463,1,2.72409
2464,1,2.837201
2465,1,2.969163
2466,1,3.006867
2467,1,3.251941
2468,1,3.544144
2469,1,3.440459
2470,1,3.365052
2471,1,3.204811
2472,1,2.827775
2473,1,2.950312
2474,1,3.072849
2475,1,3.18596
2476,1,3.223663
2477,1,3.374478
2478,1,3.789218
2479,1,3.798644
2480,1,3.892903
2481,1,4.147403
2482,1,4.128551
2483,1,4.835495
2484,1,4.694106
2485,1,5.118272
2486,1,4.929754
2487,1,4.260514
2488,1,4.628125
2489,1,4.675254
2490,1,4.656402
2491,1,4.590421
2492,1,4.43018
2493,1,4.01544
2494,1,4.06257
2495,1,4.100273
2496,1,4.128551
2497,1,4.006014
2498,1,4.119125
2499,1,4.213384
2500,1,4.251088
2501,1,4.185107
2502,1,4.22281
2503,1,4.260514
2504,1,4.043718
2505,1,3.940033
2506,1,4.100273
2507,1,3.647829
2508,1,3.638403
2509,1,3.478163
2510,1,3.176534
2511,1,2.959738
2512,1,2.950312
2513,1,3.025719
2514,1,2.88433
2515,1,2.742941
2516,1,2.761793
2517,1,2.752367
2518,1,2.780645
2519,1,3.006867
2520,1,3.016293
2521,1,2.88433
2522,1,3.044571
2523,1,2.969163
2524,1,3.035145
2525,1,3.18596
2526,1,3.157682
2527,1,3.082274
2528,1,2.940886
2529,1,2.922034
2530,1,2.922034
2531,1,3.110552
2532,1,3.327348
2533,1,3.270793
2534,1,3.478163
2535,1,3.478163
2536,1,3.742089
2537,1,3.826922
2538,1,4.175681
2539,1,4.383051
2540,1,4.241662
2541,1,4.175681
2542,1,4.119125
2543,1,4.552717
2544,1,4.47731
2545,1,4.26994
2546,1,4.505588
2547,1,4.354773
2548,1,4.26994
2549,1,4.335921
2550,1,4.835495
2551,1,4.873198
2552,1,5.071143
2553,1,4.73181
2554,1,4.571569
2555,1,4.590421
2556,1,4.562143
2557,1,4.496162
2558,1,5.005161
2559,1,4.797791
2560,1,4.93918
2561,1,4.844921
2562,1,4.750662
2563,1,4.788365
2564,1,5.165402
2565,1,5.269087
2566,1,5.184254
2567,1,5.316216
2568,1,5.410476
2569,1,5.14655
2570,1,4.93918
2571,1,4.920328
2572,1,4.760087
2573,1,4.580995
2574,1,4.844921
2575,1,5.005161
2576,1,5.278513
2577,1,5.617846
2578,1,5.335068
2579,1,5.174828
2580,1,5.551864
2581,1,5.589568
2582,1,6.07029
2583,1,5.947753
2584,1,5.957179
2585,1,6.419049
2586,1,6.48503
2587,1,6.409623
2588,1,6.343641
2589,1,6.53216
2590,1,6.616993
2591,1,6.682974
2592,1,6.758382
2593,1,6.673548
2594,1,6.909196
2595,1,7.248529
2596,1,7.239103
2597,1,7.041159
2598,1,6.89977
2599,1,7.003455
2600,1,6.89977
2601,1,7.267381
2602,1,7.484177
2603,1,7.389918
2604,1,7.493603
2605,1,7.446473
2606,1,7.323936
2607,1,7.15427
2608,1,7.069437
2609,1,6.6924
2610,1,6.852641
2611,1,6.965752
2612,1,6.984604
2613,1,6.9469
2614,1,6.880918
2615,1,6.89977
2616,1,6.805511
2617,1,6.928048
2618,1,6.975178
2619,1,6.720678
2620,1,6.673548
2621,1,6.428475
2622,1,7.116566
2623,1,6.89977
2624,1,7.182548
2625,1,7.060011
2626,1,6.994029
2627,1,6.984604
2628,1,6.73953
2629,1,6.494456
2630,1,6.730104
2631,1,6.371919
2632,1,6.098567
2633,1,6.249382
2634,1,6.107993
2635,1,5.966605
2636,1,6.89977
2637,1,6.909196
2638,1,6.664122
2639,1,6.965752
2640,1,6.466178
2641,1,6.53216
2642,1,6.02316
2643,1,6.013734
2644,1,6.551011
2645,1,6.4379
2646,1,6.880918
2647,1,6.824363
2648,1,6.682974
2649,1,6.767807
2650,1,6.598141
2651,1,6.975178
2652,1,6.447326
2653,1,6.796085
2654,1,6.635845
2655,1,7.36164
2656,1,7.964899
2657,1,8.23825
2658,1,8.323084
2659,1,8.143991
2660,1,8.898064
2661,1,8.681268
2662,1,8.096862
2663,1,7.87064
2664,1,8.087436
2665,1,8.040306
2666,1,8.634139
2667,1,9.359934
2668,1,9.105435
2669,1,9.859508
2670,1,9.963193
2671,1,10.123433
2672,1,9.840656
2673,1,9.425916
2674,1,8.926342
2675,1,9.030027
2676,1,9.020601
2677,1,8.634139
2678,1,8.558731
2679,1,8.049732
2680,1,8.115713
2681,1,8.153417
2682,1,7.719825
2683,1,7.61614
2684,1,8.784953
2685,1,8.992324
2686,1,8.992324
2687,1,8.671842
2688,1,8.794379
2689,1,8.74725
2690,1,8.587009
2691,1,8.436195
2692,1,8.125139
2693,1,8.407917
2694,1,8.681268
2695,1,9.284527
2696,1,9.755823
2697,1,10.283674
2698,1,9.934915
2699,1,10.010322
2700,1,10.048026
2701,1,10.227119
2702,1,10.029174
2703,1,10.048026
2704,1,9.454193
2705,1,9.086583
2706,1,8.945194
2707,1,9.171416
2708,1,9.16199
2709,1,8.605861
2710,1,8.70012
2711,1,8.615287
2712,1,8.681268
2713,1,8.95462
2714,1,9.058305
2715,1,8.662417
2716,1,8.577583
2717,1,8.379639
2718,1,8.247676
2719,1,8.275954
2720,1,8.143991
2721,1,8.624713
2722,1,8.360787
2723,1,8.521028
2724,1,9.011175
2725,1,9.096009
2726,1,9.397638
2727,1,8.992324
2728,1,8.945194
2729,1,8.587009
2730,1,8.28538
2731,1,8.106288
2732,1,8.275954
2733,1,8.398491
2734,1,8.596435
2735,1,8.558731
2736,1,8.681268
2737,1,8.992324
2738,1,8.44562
2739,1,8.323084
2740,1,8.473898
2741,1,8.756676
2742,1,8.709546
2743,1,8.53988
2744,1,8.718972
2745,1,8.756676
2746,1,8.596435
2747,1,8.70012
2748,1,8.70012
2749,1,8.709546
2750,1,8.549306
2751,1,8.483324
2752,1,9.001749
2753,1,9.237397
2754,1,9.218546
2755,1,9.143138
2756,1,9.539027
2757,1,9.510749
2758,1,10.217693
2759,1,10.132859
2760,1,10.189415
2761,1,10.91521
2762,1,11.056599
2763,1,11.311099
2764,1,11.197988
2765,1,11.113155
2766,1,10.990618
2767,1,11.235692
2768,1,11.37708
2769,1,10.896359
2770,1,10.905784
2771,1,10.585303
2772,1,10.359081
2773,1,10.161137
2774,1,10.198841
2775,1,10.019748
2776,1,10.095156
2777,1,10.076304
2778,1,10.08573
2779,1,10.387359
2780,1,10.443915
2781,1,10.538174
2782,1,10.462766
2783,1,11.066025
2784,1,11.028321
2785,1,10.632433
2786,1,10.519322
2787,1,10.613581
2788,1,10.472192
2789,1,10.406211
2790,1,10.509896
2791,1,9.944341
2792,1,10.34023
2793,1,10.283674
2794,1,10.302526
2795,1,9.906637
2796,1,9.925489
2797,1,9.557879
2798,1,9.548453
2799,1,9.482471
2800,1,9.595582
2801,1,9.916063
2802,1,9.727545
2803,1,9.341082
2804,1,9.303379
2805,1,9.322231
2806,1,9.557879
2807,1,9.548453
2808,1,9.435342
2809,1,10.0386
2810,1,10.010322
2811,1,10.462766
2812,1,10.594729
2813,1,10.745544
2814,1,10.811525
2815,1,10.34023
2816,1,10.255396
2817,1,10.264822
2818,1,10.170563
2819,1,9.539027
2820,1,9.454193
2821,1,9.661564
2822,1,9.265675
2823,1,9.520175
2824,1,9.548453
2825,1,10.179989
2826,1,10.415637
2827,1,9.57673
2828,1,9.350508
2829,1,9.341082
2830,1,8.973472
2831,1,9.039453
2832,1,8.709546
2833,1,9.16199
2834,1,9.312805
2835,1,9.312805
2836,1,9.284527
2837,1,9.548453
2838,1,9.397638
2839,1,9.501323
2840,1,9.520175
2841,1,9.350508
2842,1,9.16199
2843,1,8.643565
2844,1,8.002602
2845,1,7.946047
2846,1,8.07801
2847,1,8.115713
2848,1,7.493603
2849,1,7.512455
2850,1,7.880066
2851,1,7.804658
2852,1,7.82351
2853,1,8.74725
2854,1,8.417343
2855,1,8.568157
2856,1,8.652991
2857,1,8.360787
2858,1,8.407917
2859,1,8.059158
2860,1,8.002602
2861,1,8.44562
2862,1,8.643565
2863,1,8.389065
2864,1,8.228824
2865,1,8.351361
2866,1,8.502176
2867,1,8.502176
2868,1,8.360787
2869,1,8.455046
2870,1,8.209973
2871,1,8.275954
2872,1,8.23825
2873,1,7.964899
2874,1,7.917769
2875,1,7.766955
2876,1,7.484177
2877,1,7.766955
2878,1,7.964899
2879,1,7.785806
2880,1,7.597288
2881,1,7.625566
2882,1,7.851788
2883,1,7.77638
2884,1,7.672695
2885,1,7.663269
2886,1,7.804658
2887,1,8.294806
2888,1,8.247676
2889,1,8.266528
2890,1,8.568157
2891,1,8.53988
2892,1,8.690694
2893,1,8.766102
2894,1,9.256249
2895,1,9.133712
2896,1,8.784953
2897,1,8.95462
2898,1,9.41649
2899,1,9.067731
2900,1,8.869787
2901,1,9.36936
2902,1,9.237397
2903,1,9.11486
2904,1,9.727545
2905,1,9.586156
2906,1,9.425916
2907,1,9.180842
2908,1,8.737824
2909,1,8.718972
2910,1,8.596435
2911,1,8.577583
2912,1,8.521028
2913,1,8.587009
2914,1,8.379639
2915,1,8.059158
2916,1,8.068584
2917,1,7.785806
2918,1,7.578436
2919,1,7.634992
2920,1,7.738677
2921,1,7.700973
2922,1,7.757529
2923,1,7.757529
2924,1,7.917769
2925,1,8.106288
2926,1,8.153417
2927,1,7.993177
2928,1,8.398491
2929,1,8.191121
2930,1,8.624713
2931,1,8.605861
2932,1,8.341935
2933,1,8.398491
2934,1,8.426769
2935,1,7.964899
2936,1,7.861214
2937,1,7.908343
2938,1,7.738677
2939,1,7.597288
2940,1,7.493603
2941,1,7.446473
2942,1,7.2014
2943,1,7.012881
2944,1,6.626419
2945,1,6.607567
2946,1,6.503882
2947,1,6.503882
2948,1,6.409623
2949,1,6.126845
2950,1,6.02316
2951,1,5.825216
2952,1,5.636698
2953,1,5.881771
2954,1,5.617846
2955,1,5.203105
2956,1,5.56129
2957,1,5.306791
2958,1,5.203105
2959,1,4.68468
2960,1,5.457605
2961,1,5.014587
2962,1,5.165402
2963,1,5.212531
2964,1,5.542438
2965,1,5.627272
2966,1,5.363346
2967,1,5.042865
2968,1,4.844921
2969,1,4.816643
2970,1,5.024013
2971,1,4.995735
2972,1,4.788365
2973,1,4.958032
2974,1,5.231383
2975,1,5.203105
2976,1,5.269087
2977,1,4.986309
2978,1,4.920328
2979,1,4.750662
2980,1,4.910902
2981,1,4.844921
2982,1,4.73181
2983,1,4.571569
2984,1,5.316216
2985,1,5.410476
2986,1,5.523587
2987,1,5.570716
2988,1,5.467031
2989,1,5.627272
2990,1,5.514161
2991,1,5.40105
2992,1,5.778086
2993,1,6.060864
2994,1,5.759234
2995,1,5.76866
2996,1,5.749809
2997,1,5.184254
2998,1,4.364199
2999,1,4.712958
3000,1,4.873198
3001,1,5.042865
3002,1,4.910902
3003,1,5.024013
3004,1,5.504735
3005,1,5.872345
3006,1,5.938327
3007,1,5.693253
3008,1,5.514161
3009,1,5.674401
3010,1,5.429327
3011,1,5.664975
3012,1,5.533013
3013,1,5.60842
3014,1,5.278513
3015,1,5.335068
3016,1,5.495309
3017,1,5.598994
3018,1,5.438753
3019,1,5.184254
3020,1,4.976883
3021,1,5.287939
3022,1,5.184254
3023,1,5.080569
3024,1,4.910902
3025,1,4.760087
3026,1,4.571569
3027,1,4.722384
3028,1,4.694106
3029,1,4.505588
3030,1,4.241662
3031,1,4.147403
3032,1,4.166255
3033,1,4.006014
3034,1,3.817496
3035,1,3.770366
3036,1,3.789218
3037,1,4.024866
3038,1,4.203958
3039,1,4.449032
3040,1,4.656402
3041,1,4.562143
3042,1,4.826069
3043,1,4.948606
3044,1,5.269087
3045,1,5.033439
3046,1,5.297365
3047,1,5.306791
3048,1,4.89205
3049,1,5.269087
3050,1,5.382198
3051,1,5.825216
3052,1,5.495309
3053,1,5.598994
3054,1,5.438753
3055,1,5.372772
3056,1,5.297365
3057,1,5.089994
3058,1,4.89205
3059,1,4.929754
3060,1,4.778939
3061,1,4.826069
3062,1,4.741236
3063,1,5.155976
3064,1,5.278513
3065,1,5.391624
3066,1,5.391624
3067,1,5.570716
3068,1,5.702679
3069,1,5.627272
3070,1,5.542438
3071,1,5.693253
3072,1,5.900623
3073,1,6.004308
3074,1,5.900623
3075,1,6.042012
3076,1,7.088289
3077,1,7.399344
3078,1,7.710399
3079,1,8.03088
3080,1,7.955473
3081,1,8.389065
3082,1,8.596435
3083,1,9.086583
3084,1,8.624713
3085,1,8.709546
3086,1,8.577583
3087,1,8.44562
3088,1,8.341935
3089,1,8.652991
3090,1,8.483324
3091,1,8.379639
3092,1,8.577583
3093,1,8.389065
3094,1,7.437047
3095,1,7.257955
3096,1,6.843215
3097,1,6.588715
3098,1,6.598141
3099,1,6.984604
3100,1,6.984604
3101,1,6.984604
3102,1,7.191974
3103,1,6.588715
3104,1,6.48503
3105,1,6.513308
3106,1,6.560437
3107,1,6.626419
3108,1,6.494456
3109,1,6.560437
3110,1,6.682974
3111,1,7.144844
3112,1,6.73953
3113,1,6.777233
3114,1,7.239103
3115,1,7.191974
3116,1,6.909196
3117,1,7.116566
3118,1,7.286233
3119,1,7.125992
3120,1,7.342788
3121,1,7.437047
3122,1,7.15427
3123,1,7.041159
3124,1,7.295659
3125,1,7.40877
3126,1,7.333362
3127,1,7.305085
3128,1,7.041159
3129,1,7.182548
3130,1,7.437047
3131,1,7.389918
3132,1,7.663269
3133,1,7.710399
3134,1,7.729251
3135,1,8.964046
3136,1,8.803805
3137,1,8.511602
3138,1,8.775528
3139,1,9.048879
3140,1,9.237397
3141,1,9.718119
3142,1,9.67099
3143,1,9.57673
3144,1,9.67099
3145,1,10.095156
3146,1,10.08573
3147,1,10.462766
3148,1,10.387359
3149,1,10.170563
3150,1,10.302526
3151,1,10.670137
3152,1,10.594729
3153,1,10.491044
3154,1,10.491044
3155,1,9.605008
3156,1,9.482471
3157,1,10.095156
3158,1,10.010322
3159,1,10.368507
3160,1,11.461913
3161,1,11.593876
3162,1,11.895506
3163,1,11.961487
3164,1,12.461061
3165,1,11.914357
3166,1,10.538174
3167,1,10.952914
3168,1,11.103729
3169,1,10.632433
3170,1,11.452488
3171,1,10.70784
3172,1,10.773822
3173,1,11.282821
3174,1,11.763543
3175,1,11.339377
3176,1,11.782395
3177,1,11.970913
3178,1,12.281968
3179,1,12.696708
3180,1,12.413931
3181,1,11.923783
3182,1,12.140579
3183,1,12.545894
3184,1,12.630727
3185,1,12.564746
3186,1,12.772116
3187,1,12.451635
3188,1,12.696708
3189,1,13.073745
3190,1,12.71556
3191,1,13.111449
3192,1,13.309393
3193,1,13.168004
3194,1,13.620448
3195,1,13.281115
3196,1,13.262263
3197,1,12.649579
3198,1,11.782395
3199,1,11.320525
3200,1,11.386506
3201,1,10.924636
3202,1,10.509896
3203,1,10.5476
3204,1,10.698414
3205,1,10.641859
3206,1,10.802099
3207,1,10.208267
3208,1,10.066878
3209,1,10.264822
3210,1,10.189415
3211,1,9.36936
3212,1,9.802952
3213,1,9.473045
3214,1,9.491897
3215,1,9.539027
3216,1,9.539027
3217,1,9.567304
3218,1,9.341082
3219,1,9.501323
3220,1,9.982045
3221,1,10.764396
3222,1,10.943488
3223,1,10.406211
3224,1,10.472192
3225,1,10.406211
3226,1,10.189415
3227,1,9.850082
3228,1,9.802952
3229,1,10.048026
3230,1,9.850082
3231,1,10.575877
3232,1,10.764396
3233,1,11.443062
3234,1,11.311099
3235,1,10.952914
3236,1,11.141432
3237,1,10.604155
3238,1,9.925489
3239,1,9.953767
3240,1,9.718119
3241,1,10.34023
3242,1,10.066878
3243,1,10.057452
3244,1,9.906637
3245,1,9.689841
3246,1,9.897211
3247,1,9.765249
3248,1,9.859508
3249,1,10.132859
3250,1,10.255396
3251,1,11.103729
3252,1,11.000044
3253,1,10.990618
3254,1,10.905784
3255,1,10.651285
3256,1,10.688988
3257,1,10.528748
3258,1,10.70784
3259,1,10.764396
3260,1,10.91521
3261,1,10.952914
3262,1,11.047173
3263,1,10.811525
3264,1,11.235692
3265,1,11.395932
3266,1,11.659858
3267,1,11.282821
3268,1,11.235692
3269,1,11.480765
3270,1,11.829524
3271,1,11.810672
3272,1,11.914357
3273,1,11.942635
3274,1,11.867228
3275,1,12.272542
3276,1,11.88608
3277,1,11.58445
3278,1,11.867228
3279,1,11.320525
3280,1,11.367654
3281,1,11.084877
3282,1,11.37708
3283,1,11.772969
3284,1,11.754117
3285,1,11.782395
3286,1,12.178283
3287,1,11.989765
3288,1,12.225413
3289,1,12.25369
3290,1,12.150005
3291,1,11.933209
3292,1,11.669284
3293,1,11.414784
3294,1,11.88608
3295,1,12.036894
3296,1,12.04632
3297,1,12.140579
3298,1,11.970913
3299,1,12.225413
3300,1,12.09345
3301,1,12.055746
3302,1,12.206561
3303,1,12.706134
3304,1,12.76269
3305,1,12.668431
3306,1,12.564746
3307,1,12.470486
3308,1,12.34795
3309,1,12.055746
3310,1,12.724986
3311,1,13.17743
3312,1,12.875801
3313,1,13.884374
3314,1,13.988059
3315,1,14.289688
3316,1,14.26141
3317,1,14.270836
3318,1,13.931503
3319,1,13.827818
3320,1,13.488485
3321,1,13.790115
3322,1,13.648726
3323,1,13.611022
3324,1,13.997485
3325,1,14.204855
3326,1,13.827818
3327,1,14.110596
3328,1,14.167151
3329,1,13.59217
3330,1,13.479059
3331,1,13.460208
3332,1,13.309393
3333,1,13.186856
3334,1,13.281115
3335,1,13.724133
3336,1,14.242559
3337,1,13.903226
3338,1,13.629874
3339,1,13.450782
3340,1,13.818392
3341,1,13.186856
3342,1,13.667578
3343,1,13.441356
3344,1,12.564746
3345,1,12.602449
3346,1,12.790968
3347,1,12.272542
3348,1,12.498764
3349,1,12.640153
3350,1,12.659005
3351,1,12.828671
3352,1,13.102023
3353,1,13.243412
3354,1,13.733559
3355,1,13.969207
3356,1,14.063466
3357,1,14.26141
3358,1,14.610169
3359,1,14.996632
3360,1,15.317113
3361,1,15.062613
3362,1,15.354817
3363,1,15.816687
3364,1,16.240853
3365,1,16.024057
3366,1,15.892094
3367,1,15.64702
3368,1,15.562187
3369,1,15.69415
3370,1,15.995779
3371,1,15.713001
3372,1,14.836391
3373,1,14.638447
3374,1,14.789262
3375,1,14.817539
3376,1,14.93065
3377,1,14.798688
3378,1,14.874095
3379,1,15.260558
3380,1,15.213428
3381,1,14.695003
3382,1,15.430224
3383,1,15.571613
3384,1,15.175724
3385,1,15.100317
3386,1,14.629021
3387,1,15.364243
3388,1,15.505631
3389,1,15.288835
3390,1,15.637594
3391,1,15.844964
3392,1,15.929798
3393,1,15.64702
3394,1,15.967501
3395,1,16.042909
3396,1,16.024057
3397,1,16.005205
3398,1,16.344538
3399,1,16.382241
3400,1,16.740426
3401,1,16.702723
3402,1,17.060907
3403,1,17.730147
3404,1,18.022351
3405,1,17.918666
3406,1,17.522777
3407,1,16.919519
3408,1,16.900667
3409,1,17.145741
3410,1,17.164592
3411,1,17.079759
3412,1,16.806408
3413,1,16.655593
3414,1,16.561334
3415,1,16.712149
3416,1,16.636741
3417,1,15.976927
3418,1,15.684724
3419,1,16.042909
3420,1,16.26913
3421,1,15.948649
3422,1,15.910946
3423,1,16.033483
3424,1,15.958075
3425,1,15.976927
3426,1,16.231427
3427,1,16.080612
3428,1,15.769557
3429,1,15.401946
3430,1,15.204002
3431,1,15.515057
3432,1,15.241706
3433,1,15.373669
3434,1,15.477354
3435,1,15.835538
3436,1,15.486779
3437,1,15.788409
3438,1,15.873242
3439,1,15.967501
3440,1,16.36339
3441,1,16.184297
3442,1,16.372816
3443,1,16.551908
3444,1,16.740426
3445,1,16.919519
3446,1,17.390814
3447,1,17.362537
3448,1,17.183444
3449,1,17.108037
3450,1,17.013778
3451,1,17.437944
3452,1,17.748999
3453,1,17.994073
3454,1,18.126036
3455,1,18.097758
3456,1,18.239147
3457,1,18.267425
3458,1,17.833833
3459,1,18.06948
3460,1,17.833833
3461,1,17.786703
3462,1,17.890388
3463,1,17.532203
3464,1,17.739573
3465,1,15.420798
3466,1,15.241706
3467,1,14.817539
3468,1,15.090891
3469,1,14.742132
3470,1,14.892947
3471,1,14.902373
3472,1,15.335965
3473,1,15.23228
3474,1,15.279409
3475,1,14.581892
3476,1,14.459355
3477,1,15.043761
3478,1,15.23228
3479,1,15.449076
3480,1,15.844964
3481,1,16.014631
3482,1,15.835538
3483,1,16.467075
3484,1,17.079759
3485,1,16.702723
3486,1,16.617889
3487,1,16.844111
3488,1,17.03263
3489,1,17.645314
3490,1,17.607611
3491,1,17.880962
3492,1,17.805555
3493,1,17.777277
3494,1,17.899814
3495,1,18.078906
3496,1,18.352258
3497,1,17.984647
3498,1,17.871536
3499,1,18.559628
3500,1,18.701017
3501,1,19.304275
3502,1,19.351405
3503,1,19.219442
3504,1,18.870683
3505,1,18.908387
3506,1,19.323127
3507,1,19.530497
3508,1,19.398535
3509,1,19.323127
3510,1,19.436238
3511,1,19.794423
3512,1,19.926386
3513,1,20.001793
3514,1,20.689885
3515,1,20.17146
3516,1,21.368551
3517,1,20.878403
3518,1,20.74644
3519,1,21.085773
3520,1,21.283718
3521,1,20.708737
3522,1,21.151755
3523,1,21.406255
3524,1,21.377977
3525,1,21.114051
3526,1,20.812422
3527,1,21.87755
3528,1,21.934106
3529,1,22.169754
3530,1,21.971809
3531,1,22.301717
3532,1,22.518513
3533,1,22.999234
3534,1,22.838994
3535,1,22.678753
3536,1,22.612772
3537,1,22.876697
3538,1,22.84842
3539,1,22.443105
3540,1,22.603346
3541,1,22.13205
3542,1,21.71731
3543,1,21.104625
3544,1,20.614478
3545,1,21.066922
3546,1,21.25544
3547,1,23.187753
3548,1,23.451678
3549,1,24.497955
3550,1,23.988955
3551,1,24.724177
3552,1,25.082362
3553,1,24.60164
3554,1,24.724177
3555,1,24.620492
3556,1,24.818436
3557,1,24.677047
3558,1,24.743029
3559,1,24.629918
3560,1,23.508234
3561,1,23.357419
3562,1,23.800437
3563,1,23.904122
3564,1,25.01638
3565,1,25.47825
3566,1,25.360426
3567,1,26.043805
3568,1,27.731044
3569,1,27.665063
3570,1,27.005248
3571,1,27.212619
3572,1,27.184341
3573,1,27.655637
3574,1,28.296599
3575,1,28.899858
3576,1,29.408857
3577,1,29.550246
3578,1,28.654784
3579,1,28.447414
3580,1,30.125227
3581,1,31.08667
3582,1,31.859595
3583,1,31.623947
3584,1,32.01041
3585,1,32.095243
3586,1,31.859595
3587,1,32.670224
3588,1,33.622241
3589,1,33.537408
3590,1,33.113242
3591,1,32.698502
3592,1,33.01427
3593,1,32.434576
3594,1,32.340317
3595,1,32.604242
3596,1,33.612815
3597,1,34.093537
3598,1,34.545981
3599,1,34.875888
3600,1,34.64024
3601,1,34.461148
3602,1,34.809907
3603,1,34.027556
3604,1,35.196369
3605,1,35.686517
3606,1,36.581979
3607,1,36.779923
3608,1,36.723368
3609,1,35.893887
3610,1,35.403645
3611,1,34.630814
3612,1,34.253778
3613,1,35.535702
3614,1,35.205795
3615,1,34.951295
3616,1,34.461148
3617,1,34.036982
3618,1,34.68737
3619,1,35.724221
3620,1,34.593111
3621,1,33.7165
3622,1,33.358316
3623,1,34.498851
3624,1,35.761924
3625,1,35.545128
3626,1,35.196369
3627,1,34.461148
3628,1,33.725926
3629,1,33.914445
3630,1,34.781629
3631,1,33.264057
3632,1,31.74639
3633,1,31.454281
3634,1,31.784188
3635,1,33.471427
3636,1,33.367742
3637,1,33.622241
3638,1,34.084111
3639,1,34.960721
3640,1,35.120962
3641,1,33.933297
3642,1,33.14152
3643,1,33.471427
3644,1,33.056686
3645,1,34.300907
3646,1,34.395166
3647,1,34.498851
3648,1,34.564833
3649,1,35.083258
3650,1,36.054128
3651,1,36.063553
3652,1,37.128682
3653,1,37.053275
3654,1,36.610257
3655,1,35.997572
3656,1,36.31334
3657,1,36.355757
3658,1,36.044702
3659,1,36.120109
3660,1,36.497146
3661,1,36.864756
3662,1,37.090978
3663,1,37.515144
3664,1,37.533996
3665,1,37.854477
3666,1,38.853625
3667,1,39.060995
3668,1,40.361771
3669,1,39.975308
3670,1,41.360918
3671,1,41.087567
3672,1,41.153548
3673,1,39.862197
3674,1,37.892181
3675,1,38.061848
3676,1,38.70281
3677,1,39.466309
3678,1,40.210956
3679,1,40.587993
3680,1,41.992454
3681,1,41.813362
3682,1,40.700161
3683,1,41.389196
3684,1,41.992454
3685,1,41.474029
3686,1,40.493734
3687,1,41.342066
3688,1,39.541716
3689,1,39.230661
3690,1,37.797922
3691,1,37.948737
3692,1,39.574707
3693,1,40.361771
3694,1,40.418327
3695,1,40.512586
3696,1,41.191252
3697,1,40.983881
3698,1,39.305974
3699,1,40.455936
3700,1,40.04129
3701,1,39.947031
3702,1,40.842493
3703,1,39.739661
3704,1,39.287217
3705,1,37.977014
3706,1,37.260645
3707,1,37.279497
3708,1,36.713942
3709,1,37.262052
3710,1,36.042979
3711,1,35.135762
3712,1,35.400367
3713,1,34.833356
3714,1,35.135762
3715,1,35.882326
3716,1,35.457068
3717,1,36.024079
3718,1,37.394354
3719,1,37.035248
3720,1,38.424424
3721,1,38.20707
3722,1,38.367723
3723,1,37.337653
3724,1,37.658959
3725,1,37.252602
3726,1,36.940746
3727,1,36.846244
3728,1,37.016347
3729,1,36.743237
3730,1,38.273221
3731,1,36.987997
3732,1,36.354835
3733,1,35.768924
3734,1,36.128031
3735,1,35.872876
3736,1,36.458787
3737,1,35.995728
3738,1,35.57992
3739,1,35.03181
3740,1,35.891776
3741,1,35.400367
3742,1,35.957927
3743,1,34.616002
3744,1,33.623733
3745,1,33.387479
3746,1,34.134043
3747,1,33.274077
3748,1,33.95449
3749,1,33.103974
3750,1,33.529232
3751,1,32.499162
3752,1,32.064454
3753,1,34.237995
3754,1,33.009472
3755,1,32.215657
3756,1,31.185588
3757,1,30.221669
3758,1,29.087648
3759,1,27.008609
3760,1,29.777511
3761,1,29.947614
3762,1,31.157237
3763,1,31.544694
3764,1,33.283527
3765,1,35.768924
3766,1,35.003459
3767,1,36.364285
3768,1,37.630609
3769,1,37.715661
3770,1,38.027516
3771,1,37.744011
3772,1,38.178719
3773,1,39.17345
3774,1,39.789236
3775,1,40.45239
3776,1,40.026077
3777,1,40.869229
3778,1,40.926071
3779,1,41.52291
3780,1,41.153438
3781,1,41.143965
3782,1,41.797645
3783,1,41.693435
3784,1,41.390279
3785,1,42.678692
3786,1,41.778698
3787,1,41.83554
3788,1,41.030281
3789,1,40.935545
3790,1,41.826066
3791,1,42.602903
3792,1,45.975515
3793,1,45.359729
3794,1,45.340782
3795,1,45.70078
3796,1,47.036561
3797,1,48.324974
3798,1,48.144975
3799,1,45.767095
3800,1,46.363934
3801,1,47.87024
3802,1,47.339717
3803,1,48.163923
3804,1,45.435518
3805,1,46.231303
3806,1,47.500769
3807,1,48.040766
3808,1,48.163923
3809,1,47.567084
3810,1,48.722867
3811,1,49.220232
3812,1,50.068122
3813,1,50.608119
3814,1,50.807065
3815,1,51.072326
3816,1,51.039169
3817,1,50.248121
3818,1,50.2197
3819,1,50.835486
3820,1,49.281811
3821,1,46.970246
3822,1,47.747083
3823,1,46.809194
3824,1,46.809194
3825,1,47.188139
3826,1,49.973386
3827,1,50.844959
3828,1,52.663896
3829,1,52.758632
3830,1,52.531265
3831,1,49.921281
3832,1,47.955503
3833,1,49.490231
3834,1,46.496564
3835,1,46.155514
3836,1,44.999731
3837,1,46.856562
3838,1,46.335513
3839,1,45.704226
3840,1,44.1711
3841,1,45.614042
3842,1,45.177362
3843,1,45.45266
3844,1,45.936805
3845,1,45.57607
3846,1,46.810164
3847,1,47.256337
3848,1,48.433474
3849,1,48.708772
3850,1,48.908126
3851,1,47.208872
3852,1,46.848137
3853,1,45.471646
3854,1,45.860861
3855,1,46.29754
3856,1,46.468415
3857,1,45.941552
3858,1,45.56183
3859,1,45.490632
3860,1,44.365707
3861,1,44.987501
3862,1,46.212103
3863,1,46.724727
3864,1,47.674031
3865,1,50.968115
3866,1,51.385808
3867,1,52.39207
3868,1,52.933173
3869,1,51.637374
3870,1,51.195947
3871,1,49.373284
3872,1,48.666053
3873,1,49.990332
3874,1,50.920649
3875,1,50.104248
3876,1,47.882878
3877,1,46.682008
3878,1,45.642521
3879,1,45.087178
3880,1,46.269061
3881,1,45.414688
3882,1,45.310265
3883,1,45.367223
3884,1,45.015981
3885,1,45.329251
3886,1,45.79441
3887,1,45.746944
3888,1,47.237351
3889,1,48.756237
3890,1,48.794209
3891,1,48.841674
3892,1,50.03305
3893,1,49.240382
3894,1,48.594855
3895,1,46.401964
3896,1,45.932059
3897,1,46.983212
3898,1,46.564653
3899,1,44.714433
3900,1,44.752484
3901,1,46.669293
3902,1,46.650267
3903,1,47.225785
3904,1,46.469526
3905,1,46.127069
3906,1,46.436232
3907,1,46.293541
3908,1,46.612216
3909,1,45.518256
3910,1,40.961674
3911,1,40.400425
3912,1,40.533603
3913,1,39.530013
3914,1,40.181633
3915,1,39.92479
3916,1,40.305298
3917,1,42.027096
3918,1,41.641832
3919,1,41.028263
3920,1,40.115044
3921,1,39.686973
3922,1,37.917611
3923,1,38.359952
3924,1,38.459835
3925,1,38.069814
3926,1,38.721434
3927,1,38.117378
3928,1,37.556129
3929,1,37.936637
3930,1,38.027007
3931,1,39.53477
3932,1,40.933136
3933,1,40.642999
3934,1,40.181633
3935,1,40.181633
3936,1,39.420617
3937,1,37.812971
3938,1,37.988956
3939,1,36.909265
3940,1,37.128057
3941,1,37.793946
3942,1,38.692896
3943,1,37.394413
3944,1,37.73687
3945,1,39.201825
3946,1,40.352862
3947,1,40.010405
3948,1,39.515744
3949,1,39.373054
3950,1,39.382567
3951,1,38.573987
3952,1,38.906932
3953,1,39.411105
3954,1,40.533603
3955,1,37.698819
3956,1,38.183967
3957,1,39.163774
3958,1,38.745216
3959,1,38.307632
3960,1,38.145916
3961,1,39.67746
3962,1,40.657268
3963,1,40.866547
3964,1,40.219684
3965,1,39.561752
3966,1,39.742921
3967,1,40.715517
3968,1,40.543882
3969,1,40.686911
3970,1,40.887151
3971,1,41.907423
3972,1,41.602295
3973,1,41.506943
3974,1,40.028979
3975,1,37.902618
3976,1,35.87161
3977,1,35.757187
3978,1,37.044446
3979,1,37.21608
3980,1,36.825135
3981,1,37.168404
3982,1,37.378179
3983,1,39.580822
3984,1,38.989637
3985,1,38.713114
3986,1,38.903819
3987,1,39.094524
3988,1,39.294765
3989,1,40.191078
3990,1,40.324572
3991,1,40.658305
3992,1,41.058786
3993,1,41.945564
3994,1,41.468802
3995,1,41.220885
3996,1,39.275694
3997,1,39.32337
3998,1,38.379381
3999,1,38.369845
4000,1,37.263756
4001,1,37.359109
4002,1,37.025375
4003,1,37.378179
4004,1,36.83467
4005,1,38.322169
4006,1,36.357908
4007,1,37.483067
4008,1,37.893083
4009,1,40.44853
4010,1,41.802535
4011,1,41.39252
4012,1,41.764394
4013,1,42.393721
4014,1,41.678577
4015,1,42.384186
4016,1,42.708384
4017,1,42.250692
4018,1,43.852614
4019,1,43.547486
4020,1,44.310306
4021,1,44.300771
4022,1,43.728656
4023,1,43.728656
4024,1,44.071925
4025,1,44.310306
4026,1,44.434264
4027,1,43.602914
4028,1,43.574246
4029,1,43.325797
4030,1,42.666449
4031,1,42.513557
4032,1,42.418
4033,1,41.949768
4034,1,41.519759
4035,1,40.927302
4036,1,40.420847
4037,1,39.89528
4038,1,40.420847
4039,1,40.325289
4040,1,40.420847
4041,1,39.398381
4042,1,39.474827
4043,1,39.837946
4044,1,39.427048
4045,1,41.338199
4046,1,41.873322
4047,1,41.347755
4048,1,42.972234
4049,1,43.74625
4050,1,42.570892
4051,1,41.710874
4052,1,42.131327
4053,1,40.220176
4054,1,39.914392
4055,1,40.702742
4056,1,41.280865
4057,1,40.573739
4058,1,39.2646
4059,1,40.516404
4060,1,40.989414
4061,1,41.366867
4062,1,41.863766
4063,1,41.309532
4064,1,41.567538
4065,1,40.898635
4066,1,40.468626
4067,1,39.092597
4068,1,38.719922
4069,1,39.398381
4070,1,38.653032
4071,1,38.576586
4072,1,39.255045
4073,1,40.134174
4074,1,38.318581
4075,1,38.74859
4076,1,37.038109
4077,1,37.133667
4078,1,37.324782
4079,1,38.022352
4080,1,38.375915
4081,1,37.152778
4082,1,37.879016
4083,1,37.926795
4084,1,36.445652
4085,1,37.257892
4086,1,37.630566
4087,1,35.384964
4088,1,35.84364
4089,1,36.512543
4090,1,35.117402
4091,1,34.066269
4092,1,34.679558
4093,1,35.570743
4094,1,34.967037
4095,1,36.241528
4096,1,36.998556
4097,1,37.698088
4098,1,37.889741
4099,1,38.100559
4100,1,39.135483
4101,1,38.694682
4102,1,38.962996
4103,1,39.633781
4104,1,39.164231
4105,1,39.288806
4106,1,40.084164
4107,1,39.854181
4108,1,40.132078
4109,1,39.892512
4110,1,40.371643
4111,1,39.068405
4112,1,39.911677
4113,1,39.892512
4114,1,40.697453
4115,1,40.812445
4116,1,40.352478
4117,1,40.544131
4118,1,40.342896
4119,1,41.626969
4120,1,41.655717
4121,1,40.97535
4122,1,40.170408
4123,1,38.809674
4124,1,39.202562
4125,1,39.624198
4126,1,39.652946
4127,1,39.298388
4128,1,37.870576
4129,1,37.726836
4130,1,37.3052
4131,1,37.276452
4132,1,36.75899
4133,1,36.893147
4134,1,37.113547
4135,1,37.554349
4136,1,38.273046
4137,1,39.45171
4138,1,39.202562
4139,1,39.212145
4140,1,39.614615
4141,1,39.537954
4142,1,38.340125
4143,1,36.61525
4144,1,35.455751
4145,1,35.37909
4146,1,35.177855
4147,1,34.46874
4148,1,33.242163
4149,1,33.08884
4150,1,33.232997
4151,1,31.916363
4152,1,31.527139
4153,1,31.743375
4154,1,31.656881
4155,1,32.45455
4156,1,31.579997
4157,1,30.109595
4158,1,30.282584
4159,1,30.868822
4160,1,31.368567
4161,1,31.339735
4162,1,30.897654
4163,1,30.763107
4164,1,30.494014
4165,1,30.897654
4166,1,30.916875
4167,1,30.282584
4168,1,30.41713
4169,1,30.667003
4170,1,30.705444
4171,1,30.436351
4172,1,29.609851
4173,1,30.042322
4174,1,31.099474
4175,1,31.243631
4176,1,32.098962
4177,1,31.84909
4178,1,30.561287
4179,1,29.17738
4180,1,29.302316
4181,1,28.004903
4182,1,28.197112
4183,1,28.5527
4184,1,28.850624
4185,1,28.725688
4186,1,29.148549
4187,1,25.996315
4188,1,24.285652
4189,1,25.727222
4190,1,26.620996
4191,1,27.207234
4192,1,28.187502
4193,1,27.803083
4194,1,27.245676
4195,1,28.254775
4196,1,28.869845
4197,1,29.946218
4198,1,33.309881
4199,1,33.108061
4200,1,34.482358
4201,1,34.491969
4202,1,34.626515
4203,1,34.607294
4204,1,34.5208
4205,1,33.598195
4206,1,34.943661
4207,1,34.405475
4208,1,35.12626
4209,1,34.789893
4210,1,34.92444
4211,1,34.117161
4212,1,34.213265
4213,1,32.204677
4214,1,32.271951
4215,1,32.368342
4216,1,33.197311
4217,1,33.110559
4218,1,33.341899
4219,1,32.946693
4220,1,33.698548
4221,1,33.659992
4222,1,34.575713
4223,1,35.42396
4224,1,35.279373
4225,1,35.346847
4226,1,35.173342
4227,1,34.701022
4228,1,35.086589
4229,1,35.327569
4230,1,35.395043
4231,1,34.922723
4232,1,34.864888
4233,1,35.713135
4234,1,34.990197
4235,1,34.932362
4236,1,35.211898
4237,1,35.626383
4238,1,37.351795
4239,1,37.930145
4240,1,37.101176
4241,1,36.956589
4242,1,36.021589
4243,1,35.07695
4244,1,35.096228
4245,1,34.209424
4246,1,34.161229
4247,1,33.881693
4248,1,33.419012
4249,1,33.978084
4250,1,34.267259
4251,1,33.669631
4252,1,34.701022
4253,1,34.546796
4254,1,34.527517
4255,1,35.289012
4256,1,36.339682
4257,1,36.272207
4258,1,36.503548
4259,1,36.792723
4260,1,36.368599
4261,1,37.486743
4262,1,36.82164
4263,1,36.031228
4264,1,37.824114
4265,1,37.255403
4266,1,37.187929
4267,1,37.930145
4268,1,39.163959
4269,1,39.125403
4270,1,38.4603
4271,1,38.392825
4272,1,38.257877
4273,1,37.901228
4274,1,38.469939
4275,1,38.614526
4276,1,39.135042
4277,1,38.363908
4278,1,38.277155
4279,1,38.055454
4280,1,38.403346
4281,1,40.094485
4282,1,40.297421
4283,1,40.98354
4284,1,40.87724
4285,1,41.48605
4286,1,41.940242
4287,1,43.254498
4288,1,42.954925
4289,1,44.288509
4290,1,44.704046
4291,1,44.5301
4292,1,44.5301
4293,1,44.781355
4294,1,45.24521
4295,1,44.935973
4296,1,45.312856
4297,1,44.877991
4298,1,44.2112
4299,1,44.549427
4300,1,44.182209
4301,1,44.868328
4302,1,47.013658
4303,1,46.433839
4304,1,47.97036
4305,1,45.989311
4306,1,46.230902
4307,1,46.308212
4308,1,46.67543
4309,1,46.027966
4310,1,46.946013
4311,1,47.564486
4312,1,47.806077
4313,1,47.052313
4314,1,46.849376
4315,1,46.975004
4316,1,46.06662
4317,1,45.660747
4318,1,45.119583
4319,1,44.7427
4320,1,45.129246
4321,1,44.346491
4322,1,44.655728
4323,1,45.496465
4324,1,46.849376
4325,1,47.003995
4326,1,46.482157
4327,1,46.047293
4328,1,45.177565
4329,1,46.037629
4330,1,45.670411
4331,1,46.385521
4332,1,45.361174
4333,1,45.940993
4334,1,46.298548
4335,1,47.922041
4336,1,45.370838
4337,1,43.389789
4338,1,42.761652
4339,1,42.568379
4340,1,42.529724
4341,1,42.713334
4342,1,43.776335
4343,1,43.650708
4344,1,43.544408
4345,1,44.839337
4346,1,44.984605
4347,1,45.914319
4348,1,45.100819
4349,1,46.040218
4350,1,45.4882
4351,1,45.430093
4352,1,45.333247
4353,1,44.858706
4354,1,44.645646
4355,1,44.819968
4356,1,44.858706
4357,1,44.897444
4358,1,45.604414
4359,1,44.277635
4360,1,45.342932
4361,1,43.880569
4362,1,43.425397
4363,1,43.473819
4364,1,41.963034
4365,1,42.515052
4366,1,41.03332
4367,1,39.909915
4368,1,40.762153
4369,1,40.800891
4370,1,40.403826
4371,1,40.384457
4372,1,39.144838
4373,1,39.077046
4374,1,40.103606
4375,1,40.41351
4376,1,40.423195
4377,1,41.256064
4378,1,40.636254
4379,1,41.197957
4380,1,40.965528
4381,1,41.110796
4382,1,39.609695
4383,1,40.00676
4384,1,40.403826
4385,1,40.490986
4386,1,40.984897
4387,1,42.544105
4388,1,42.573159
4389,1,41.982403
4390,1,42.834641
4391,1,42.427891
4392,1,42.999278
4393,1,43.793408
4394,1,43.725617
4395,1,44.97492
4396,1,45.139557
4397,1,44.936182
4398,1,42.592528
4399,1,41.275433
4400,1,40.752469
4401,1,42.485998
4402,1,42.534421
4403,1,42.524736
4404,1,43.105807
4405,1,43.522242
4406,1,45.59473
4407,1,45.807789
4408,1,45.071765
4409,1,44.48101
4410,1,45.30599
4411,1,45.558337
4412,1,43.597795
4413,1,43.335742
4414,1,43.888965
4415,1,44.849824
4416,1,45.286579
4417,1,45.393341
4418,1,46.606548
4419,1,47.305355
4420,1,46.548314
4421,1,46.985068
4422,1,47.60623
4423,1,48.062396
4424,1,48.27592
4425,1,48.27592
4426,1,49.362953
4427,1,49.916175
4428,1,48.79032
4429,1,48.023573
4430,1,47.994456
4431,1,47.936222
4432,1,47.664464
4433,1,47.353883
4434,1,48.198275
4435,1,46.616253
4436,1,47.004479
4437,1,47.528585
4438,1,47.198592
4439,1,47.344177
4440,1,47.072419
4441,1,47.800343
4442,1,48.159452
4443,1,48.838848
4444,1,48.906787
4445,1,49.751179
4446,1,50.517926
4447,1,51.46908
4448,1,51.109971
4449,1,50.090877
4450,1,52.216415
4451,1,52.226121
4452,1,52.624053
4453,1,52.284355
4454,1,51.585548
4455,1,51.061443
4456,1,50.79939
4457,1,50.382047
4458,1,49.770591
4459,1,49.120312
4460,1,49.508538
4461,1,48.528267
4462,1,49.003844
4463,1,48.955316
4464,1,49.557066
4465,1,48.965021
4466,1,49.062078
4467,1,49.304719
4468,1,49.091195
4469,1,48.528267
4470,1,47.945928
4471,1,47.218004
4472,1,47.023491
4473,1,47.470871
4474,1,47.188827
4475,1,47.081845
4476,1,44.767141
4477,1,44.30031
4478,1,44.455921
4479,1,44.164151
4480,1,42.763659
4481,1,41.742466
4482,1,44.008541
4483,1,43.716772
4484,1,43.337472
4485,1,43.104056
4486,1,43.512533
4487,1,44.066895
4488,1,42.71503
4489,1,43.094331
4490,1,42.637225
4491,1,42.40381
4492,1,44.601805
4493,1,45.020008
4494,1,45.710529
4495,1,44.922752
4496,1,44.737964
4497,1,44.066895
4498,1,43.16241
4499,1,44.173877
4500,1,45.020008
4501,1,45.768883
4502,1,46.391324
4503,1,46.274616
4504,1,45.564644
4505,1,46.187085
4506,1,46.187085
4507,1,46.420501
4508,1,49.12423
4509,1,49.338194
4510,1,49.172858
4511,1,49.892556
4512,1,49.211761
4513,1,51.575093
4514,1,51.38058
4515,1,51.205518
4516,1,51.254146
4517,1,50.835944
4518,1,50.641431
4519,1,50.602528
4520,1,50.096795
4521,1,50.505272
4522,1,49.581335
4523,1,50.524723
4524,1,49.620238
4525,1,47.276358
4526,1,46.255165
4527,1,45.95367
4528,1,45.535467
4529,1,46.527483
4530,1,46.060652
4531,1,46.148183
4532,1,46.206537
4533,1,45.185344
4534,1,45.097813
4535,1,44.514275
4536,1,44.660159
4537,1,44.582184
4538,1,44.650412
4539,1,45.995481
4540,1,46.473077
4541,1,46.190418
4542,1,46.482824
4543,1,47.418524
4544,1,47.42827
4545,1,47.330802
4546,1,47.194346
4547,1,47.974095
4548,1,48.003336
4549,1,49.211948
4550,1,47.759664
4551,1,48.666123
4552,1,48.217767
4553,1,48.354223
4554,1,49.592076
4555,1,49.728532
4556,1,50.001444
4557,1,49.192454
4558,1,48.822073
4559,1,48.939035
4560,1,49.767519
4561,1,50.186635
4562,1,50.1379
4563,1,50.60575
4564,1,51.453728
4565,1,51.25879
4566,1,51.512209
4567,1,51.0736
4568,1,51.132081
4569,1,50.712966
4570,1,51.648665
4571,1,51.015119
4572,1,51.336765
4573,1,51.317272
4574,1,50.810434
4575,1,50.7617
4576,1,52.418668
4577,1,54.991842
4578,1,56.98995
4579,1,56.512353
4580,1,56.687797
4581,1,56.863241
4582,1,56.590328
4583,1,56.629316
4584,1,56.814506
4585,1,53.403102
4586,1,51.707146
4587,1,51.72664
4588,1,51.346512
4589,1,51.25879
4590,1,52.944999
4591,1,52.516137
4592,1,50.781194
4593,1,48.597895
4594,1,49.984732
4595,1,50.199594
4596,1,47.464986
4597,1,47.230591
4598,1,48.920188
4599,1,49.681972
4600,1,49.877301
4601,1,50.463288
4602,1,50.37539
4603,1,50.512121
4604,1,51.547365
4605,1,51.742694
4606,1,52.143119
4607,1,53.715519
4608,1,52.992801
4609,1,52.983035
4610,1,52.231017
4611,1,51.938024
4612,1,51.94779
4613,1,52.318915
4614,1,52.846304
4615,1,53.510423
4616,1,54.76053
4617,1,55.180488
4618,1,54.916793
4619,1,53.98898
4620,1,53.881549
4621,1,54.106177
4622,1,53.344393
4623,1,54.028046
4624,1,52.826771
4625,1,51.088342
4626,1,49.818702
4627,1,50.648851
4628,1,49.711271
4629,1,49.662439
4630,1,50.746516
4631,1,48.617428
4632,1,50.267959
4633,1,50.824647
4634,1,50.922312
4635,1,49.115517
4636,1,48.656494
4637,1,46.35161
4638,1,44.339719
4639,1,45.482395
4640,1,44.798743
4641,1,45.316365
4642,1,44.681545
4643,1,46.644603
4644,1,45.785155
4645,1,45.68749
4646,1,45.589826
4647,1,44.622946
4648,1,44.193222
4649,1,41.380482
4650,1,42.386428
4651,1,41.927404
4652,1,42.347362
4653,1,41.253518
4654,1,41.126555
4655,1,41.859039
4656,1,41.546512
4657,1,42.094723
4658,1,40.626302
4659,1,41.154933
4660,1,41.703144
4661,1,41.566091
4662,1,42.280723
4663,1,43.132406
4664,1,42.711459
4665,1,42.466722
4666,1,43.347775
4667,1,41.977249
4668,1,41.898933
4669,1,42.642933
4670,1,43.964511
4671,1,42.672301
4672,1,42.388407
4673,1,42.623354
4674,1,43.07367
4675,1,43.915564
4676,1,43.24988
4677,1,43.25967
4678,1,42.917038
4679,1,42.202407
4680,1,43.230301
4681,1,42.496091
4682,1,42.016407
4683,1,42.173038
4684,1,41.869565
4685,1,41.546512
4686,1,40.636091
4687,1,41.145144
4688,1,40.616513
4689,1,40.47946
4690,1,38.844618
4691,1,38.26704
4692,1,37.454514
4693,1,37.395777
4694,1,37.16083
4695,1,37.552408
4696,1,36.955251
4697,1,37.190198
4698,1,37.288093
4699,1,38.482408
4700,1,38.296408
4701,1,35.202935
4702,1,35.565146
4703,1,36.338514
4704,1,36.495146
4705,1,36.59304
4706,1,37.562198
4707,1,37.32725
4708,1,37.082514
4709,1,37.239145
4710,1,36.661567
4711,1,37.385987
4712,1,39.17746
4713,1,38.854408
4714,1,38.149566
4715,1,38.707566
4716,1,37.33704
4717,1,37.131461
4718,1,37.611145
4719,1,37.69925
4720,1,37.552026
4721,1,37.669805
4722,1,37.218317
4723,1,36.57053
4724,1,36.109227
4725,1,36.403676
4726,1,36.7472
4727,1,37.453876
4728,1,37.090723
4729,1,39.250014
4730,1,39.583722
4731,1,38.464817
4732,1,38.111479
4733,1,38.101664
4734,1,38.788711
4735,1,39.937061
4736,1,39.750576
4737,1,39.652427
4738,1,39.730946
4739,1,40.01558
4740,1,38.935935
4741,1,37.767955
4742,1,37.71888
4743,1,38.700376
4744,1,39.436498
4745,1,38.533522
4746,1,38.749451
4747,1,39.00464
4748,1,39.573907
4749,1,40.03521
4750,1,40.830222
4751,1,41.114855
4752,1,42.793213
4753,1,41.20319
4754,1,40.05484
4755,1,40.280584
4756,1,40.732072
4757,1,40.565218
4758,1,38.877045
4759,1,37.787585
4760,1,38.082034
4761,1,37.218317
4762,1,35.765704
4763,1,35.235696
4764,1,32.929181
4765,1,31.02508
4766,1,30.691371
4767,1,30.338033
4768,1,31.191934
4769,1,32.664177
4770,1,32.948811
4771,1,31.466753
4772,1,31.447123
4773,1,31.564902
4774,1,31.780831
4775,1,29.77858
4776,1,31.771016
4777,1,31.859351
4778,1,31.99676
4779,1,34.018641
4780,1,34.43087
4781,1,35.696999
4782,1,35.657739
4783,1,35.157176
4784,1,34.615843
4785,1,36.387481
4786,1,36.279214
4787,1,35.649298
4788,1,36.279214
4789,1,37.184718
4790,1,37.509518
4791,1,37.224088
4792,1,36.170947
4793,1,35.255601
4794,1,35.029225
4795,1,35.73788
4796,1,37.352039
4797,1,37.499676
4798,1,37.686682
4799,1,38.32644
4800,1,37.814634
4801,1,39.527217
4802,1,39.025253
4803,1,36.111893
4804,1,36.357953
4805,1,33.041053
4806,1,33.306799
4807,1,33.562702
4808,1,33.808763
4809,1,31.948543
4810,1,31.899331
4811,1,31.535161
4812,1,33.011526
4813,1,31.909173
4814,1,31.387524
4815,1,30.295014
4816,1,29.251716
4817,1,31.781221
4818,1,31.535161
4819,1,31.328469
4820,1,31.604058
4821,1,31.968228
4822,1,29.586358
4823,1,31.535161
4824,1,32.430822
4825,1,31.909173
4826,1,32.893417
4827,1,31.535161
4828,1,31.298942
4829,1,31.21036
4830,1,31.594215
4831,1,32.322555
4832,1,33.050895
4833,1,33.43475
4834,1,32.224131
4835,1,31.151306
4836,1,33.129635
4837,1,34.428836
4838,1,35.993783
4839,1,35.718195
4840,1,35.767407
4841,1,35.206389
4842,1,35.541031
4843,1,36.200475
4844,1,36.446535
4845,1,36.278761
4846,1,35.696485
4847,1,35.52871
4848,1,36.110986
4849,1,35.281983
4850,1,35.735961
4851,1,35.63727
4852,1,34.591147
4853,1,35.005649
4854,1,34.601016
4855,1,34.522064
4856,1,35.025387
4857,1,35.43002
4858,1,35.775438
4859,1,35.222769
4860,1,35.163554
4861,1,34.186515
4862,1,33.278559
4863,1,32.794974
4864,1,32.331126
4865,1,31.798196
4866,1,31.492254
4867,1,31.630421
4868,1,30.515215
4869,1,31.423171
4870,1,31.709374
4871,1,31.018538
4872,1,30.969193
4873,1,31.176443
4874,1,30.554691
4875,1,31.038276
4876,1,30.169797
4877,1,29.814509
4878,1,29.814509
4879,1,30.534953
4880,1,30.495476
4881,1,31.344218
4882,1,31.926494
4883,1,32.558115
4884,1,33.26869
4885,1,33.48581
4886,1,33.614108
4887,1,33.436464
4888,1,32.873926
4889,1,33.574631
4890,1,34.354289
4891,1,34.23586
4892,1,33.308166
4893,1,33.5845
4894,1,33.929918
4895,1,33.920049
4896,1,33.041701
4897,1,33.525286
4898,1,33.545024
4899,1,32.972617
4900,1,32.627199
4901,1,33.327904
4902,1,33.732537
4903,1,33.466071
4904,1,33.505548
4905,1,34.334551
4906,1,34.295075
4907,1,33.564762
4908,1,33.406391
4909,1,33.604355
4910,1,33.643948
4911,1,31.812783
4912,1,32.010746
4913,1,31.832579
4914,1,31.99095
4915,1,31.416855
4916,1,30.644796
4917,1,30.981335
4918,1,29.615384
4919,1,29.19966
4920,1,28.87302
4921,1,28.4375
4922,1,28.120758
4923,1,27.883201
4924,1,26.952771
4925,1,26.923077
4926,1,28.823529
4927,1,30.050905
4928,1,30.070701
4929,1,30.605203
4930,1,30.446832
4931,1,30.268665
4932,1,30.783371
4933,1,32.753111
4934,1,32.347285
4935,1,32.228507
4936,1,32.188914
4937,1,32.871889
4938,1,31.822681
4939,1,31.248586
4940,1,31.496041
4941,1,30.941742
4942,1,31.139706
4943,1,31.822681
4944,1,32.277998
4945,1,32.545249
4946,1,31.862274
4947,1,32.386878
4948,1,32.129525
4949,1,32.456165
4950,1,32.030543
4951,1,32.604638
4952,1,32.693722
4953,1,33.436086
4954,1,33.267817
4955,1,33.871606
4956,1,32.92138
4957,1,33.396493
4958,1,32.743212
4959,1,32.565045
4960,1,33.386595
4961,1,34.237839
4962,1,31.347568
4963,1,30.921946
4964,1,30.427036
4965,1,30.397341
4966,1,30.199378
4967,1,29.536199
4968,1,29.150169
4969,1,28.239536
4970,1,28.170249
4971,1,28.438442
4972,1,28.885431
4973,1,28.587439
4974,1,27.455066
4975,1,27.325936
4976,1,25.92537
4977,1,25.239987
4978,1,25.617444
4979,1,25.92537
4980,1,25.657176
4981,1,26.243229
4982,1,26.352493
4983,1,25.24992
4984,1,25.021459
4985,1,24.28641
4986,1,25.160522
4987,1,26.143898
4988,1,26.133965
4989,1,26.332627
4990,1,26.819348
4991,1,27.504732
4992,1,27.604062
4993,1,28.249713
4994,1,28.925164
4995,1,29.560882
4996,1,29.739677
4997,1,29.74961
4998,1,27.584196
4999,1,28.448375
5000,1,28.408643
5001,1,28.11065
5002,1,27.802724
5003,1,27.316003
5004,1,26.814382
5005,1,27.256404
5006,1,27.008077
5007,1,26.829281
5008,1,26.789549
5009,1,26.620686
5010,1,25.200254
5011,1,25.095957
5012,1,25.657176
5013,1,25.657176
5014,1,26.084299
5015,1,26.883913
5016,1,26.998144
5017,1,27.171973
5018,1,27.430233
5019,1,28.080851
5020,1,27.862323
5021,1,27.743126
5022,1,28.031185
5023,1,28.428509
5024,1,28.070918
5025,1,28.100717
5026,1,29.213223
5027,1,30.653522
5028,1,31.150176
5029,1,30.71312
5030,1,30.087335
5031,1,29.858874
5032,1,30.355529
5033,1,30.742919
5034,1,31.070712
5035,1,30.851483
5036,1,30.781728
5037,1,30.652184
5038,1,30.48278
5039,1,29.41653
5040,1,28.559544
5041,1,28.669159
5042,1,28.758843
5043,1,28.499755
5044,1,29.187336
5045,1,28.131052
5046,1,27.832103
5047,1,28.579474
5048,1,28.888388
5049,1,28.948177
5050,1,28.848528
5051,1,28.639264
5052,1,27.981577
5053,1,27.194346
5054,1,27.284031
5055,1,27.144522
5056,1,27.627822
5057,1,27.393645
5058,1,26.905363
5059,1,26.765853
5060,1,27.622839
5061,1,27.38368
5062,1,27.822138
5063,1,28.180876
5064,1,27.901858
5065,1,28.44993
5066,1,28.938212
5067,1,29.197301
5068,1,29.077722
5069,1,29.566004
5070,1,28.340315
5071,1,28.200806
5072,1,28.579474
5073,1,28.988037
5074,1,27.553084
5075,1,27.224241
5076,1,27.124592
5077,1,27.742419
5078,1,27.852033
5079,1,27.224241
5080,1,27.293996
5081,1,27.433505
5082,1,27.48333
5083,1,28.131052
5084,1,28.300456
5085,1,27.104662
5086,1,27.224241
5087,1,28.699054
5088,1,27.54312
5089,1,26.018482
5090,1,26.805713
5091,1,26.706064
5092,1,27.622839
5093,1,26.745924
5094,1,27.064802
5095,1,28.43
5096,1,29.1
5097,1,28.3
5098,1,28.38
5099,1,28.79
5100,1,29.84
5101,1,30.47
5102,1,30.09
5103,1,29.2
5104,1,28.63
5105,1,28.33
5106,1,28.51
5107,1,27.82
5108,1,25.45
5109,1,23.12
5110,1,22.31
5111,1,20.6
5112,1,19.05
5113,1,18.86
5114,1,17.85
5115,1,18.53
5116,1,16.04
5117,1,15.97
5118,1,14.75
5119,1,17.0
5120,1,16.26
5121,1,13.45
5122,1,14.31
5123,1,15.92
5124,1,15.58
5125,1,11.65
5126,1,10.29
5127,1,10.38
5128,1,10.25
5129,1,13.92
5130,1,15.39
5131,1,15.66
5132,1,14.04
5133,1,12.25
5134,1,12.19
5135,1,10.69
5136,1,10.06
5137,1,9.39
5138,1,9.5
5139,1,10.22
5140,1,11.33
5141,1,12.51
5142,1,11.56
5143,1,11.945
5144,1,12.29
5145,1,11.07
5146,1,11.57
5147,1,11.06
5148,1,11.0
5149,1,10.27
5150,1,10.25
5151,1,10.31
5152,1,10.02
5153,1,11.26
5154,1,12.63
5155,1,12.01
5156,1,10.64
5157,1,9.82
5158,1,9.51
5159,1,9.25
5160,1,9.54
5161,1,10.14
5162,1,10.1
5163,1,9.65
5164,1,9.11
5165,1,9.15
5166,1,9.04
5167,1,9.87
5168,1,9.64
5169,1,9.87
5170,1,9.89
5171,1,9.7
5172,1,11.14
5173,1,11.98
5174,1,10.98
5175,1,10.5
5176,1,11.11
5177,1,11.22
5178,1,11.85
5179,1,16.72
5180,1,18.59
5181,1,20.31
5182,1,18.55
5183,1,17.02
5184,1,14.38
5185,1,16.74
5186,1,16.7
5187,1,17.03
5188,1,16.98
5189,1,16.49
5190,1,16.0
5191,1,14.92
5192,1,14.0
5193,1,13.04
5194,1,13.17
5195,1,12.38
5196,1,13.32
5197,1,13.07
5198,1,12.81
5199,1,12.5
5200,1,12.8
5201,1,11.91
5202,1,11.99
5203,1,11.18
5204,1,11.94
5205,1,11.63
5206,1,11.57
5207,1,13.44
5208,1,12.45
5209,1,11.91
5210,1,11.47
5211,1,11.47
5212,1,11.36
5213,1,11.77
5214,1,11.39
5215,1,11.39
5216,1,11.77
5217,1,11.4
5218,1,11.18
5219,1,11.12
5220,1,11.08
5221,1,11.47
5222,1,12.56
5223,1,13.04
5224,1,13.03
5225,1,14.0
5226,1,13.73
5227,1,13.54
5228,1,13.3
5229,1,13.33
5230,1,12.62
5231,1,12.6
5232,1,12.68
5233,1,12.5
5234,1,12.16
5235,1,13.44
5236,1,13.14
5237,1,12.785
5238,1,13.28
5239,1,13.59
5240,1,13.05
5241,1,13.1
5242,1,13.23
5243,1,13.36
5244,1,13.61
5245,1,13.63
5246,1,13.05
5247,1,13.005
5248,1,12.95
5249,1,13.26
5250,1,13.14
5251,1,13.8
5252,1,13.63
5253,1,13.19
5254,1,12.21
5255,1,12.34
5256,1,11.93
5257,1,11.77
5258,1,12.29
5259,1,12.76
5260,1,12.25
5261,1,12.29
5262,1,12.58
5263,1,13.0
5264,1,13.12
5265,1,12.53
5266,1,13.07
5267,1,13.155
5268,1,13.2
5269,1,12.92
5270,1,12.22
5271,1,12.36
5272,1,12.23
5273,1,12.46
5274,1,12.56
5275,1,12.8
5276,1,12.745
5277,1,13.15
5278,1,12.6
5279,1,11.8
5280,1,11.23
5281,1,10.95
5282,1,11.16
5283,1,11.28
5284,1,11.19
5285,1,11.25
5286,1,11.005
5287,1,11.6
5288,1,11.46
5289,1,13.2
5290,1,12.38
5291,1,12.04
5292,1,11.74
5293,1,12.24
5294,1,12.79
5295,1,12.7
5296,1,12.74
5297,1,12.79
5298,1,12.53
5299,1,13.56
5300,1,14.82
5301,1,14.94
5302,1,14.98
5303,1,14.13
5304,1,14.27
5305,1,14.86
5306,1,16.09
5307,1,16.4
5308,1,17.21
5309,1,17.63
5310,1,17.16
5311,1,17.99
5312,1,17.05
5313,1,16.7
5314,1,17.01
5315,1,16.86
5316,1,16.8
5317,1,16.51
5318,1,16.1
5319,1,15.48
5320,1,15.89
5321,1,15.66
5322,1,16.06
5323,1,15.86
5324,1,16.15
5325,1,15.77
5326,1,15.13
5327,1,15.43
5328,1,15.52
5329,1,15.38
5330,1,15.13
5331,1,15.0
5332,1,15.38
5333,1,15.53
5334,1,16.44
5335,1,15.76
5336,1,15.97
5337,1,16.17
5338,1,15.83
5339,1,15.82
5340,1,15.43
5341,1,15.53
5342,1,16.56
5343,1,18.1
5344,1,17.17
5345,1,16.84
5346,1,16.59
5347,1,17.6
5348,1,17.4
5349,1,17.19
5350,1,17.77
5351,1,17.44
5352,1,17.41
5353,1,16.99
5354,1,17.27
5355,1,17.82
5356,1,17.99
5357,1,17.71
5358,1,18.68
5359,1,20.44
5360,1,20.66
5361,1,21.82
5362,1,20.86
5363,1,20.94
5364,1,21.18
5365,1,21.44
5366,1,22.17
5367,1,21.24
5368,1,20.45
5369,1,21.47
5370,1,21.6
5371,1,21.75
5372,1,22.15
5373,1,23.37
5374,1,25.17
5375,1,24.47
5376,1,25.16
5377,1,24.7
5378,1,24.97
5379,1,23.83
5380,1,22.27
5381,1,21.81
5382,1,22.77
5383,1,22.93
5384,1,22.91
5385,1,24.12
5386,1,23.9
5387,1,23.86
5388,1,24.23
5389,1,24.06
5390,1,23.93
5391,1,23.65
5392,1,23.54
5393,1,22.91
5394,1,22.56
5395,1,22.37
5396,1,22.13
5397,1,22.03
5398,1,21.55
5399,1,20.37
5400,1,21.01
5401,1,20.07
5402,1,21.11
5403,1,22.04
5404,1,21.76
5405,1,21.7
5406,1,21.3
5407,1,21.72
5408,1,21.95
5409,1,21.42
5410,1,21.57
5411,1,21.49
5412,1,22.0
5413,1,22.0
5414,1,21.57
5415,1,20.76
5416,1,21.21
5417,1,22.4
5418,1,23.35
5419,1,23.56
5420,1,22.97
5421,1,22.6
5422,1,22.57
5423,1,22.99
5424,1,23.21
5425,1,23.9
5426,1,24.43
5427,1,24.24
5428,1,24.67
5429,1,25.82
5430,1,24.93
5431,1,24.3
5432,1,24.25
5433,1,24.22
5434,1,23.85
5435,1,23.46
5436,1,23.53
5437,1,22.99
5438,1,22.79
5439,1,22.83
5440,1,22.23
5441,1,22.29
5442,1,22.45
5443,1,22.11
5444,1,22.2
5445,1,22.35
5446,1,22.22
5447,1,21.39
5448,1,21.08
5449,1,21.21
5450,1,21.51
5451,1,21.48
5452,1,21.01
5453,1,20.31
5454,1,20.35
5455,1,20.89
5456,1,20.84
5457,1,20.02
5458,1,20.62
5459,1,20.46
5460,1,19.79
5461,1,18.97
5462,1,20.56
5463,1,21.4
5464,1,21.16
5465,1,21.2
5466,1,22.08
5467,1,21.46
5468,1,21.63
5469,1,21.17
5470,1,20.38
5471,1,20.06
5472,1,19.95
5473,1,19.45
5474,1,20.91
5475,1,21.02
5476,1,20.56
5477,1,20.94
5478,1,21.23
5479,1,20.43
5480,1,19.84
5481,1,19.76
5482,1,19.34
5483,1,19.14
5484,1,18.73
5485,1,18.5
5486,1,19.11
5487,1,19.83
5488,1,20.15
5489,1,19.9
5490,1,20.22
5491,1,19.51
5492,1,19.94
5493,1,19.64
5494,1,19.76
5495,1,19.37
5496,1,19.53
5497,1,19.13
5498,1,20.2
5499,1,18.95
5500,1,19.31
5501,1,19.21
5502,1,19.38
5503,1,19.89
5504,1,19.73
5505,1,20.33
5506,1,19.76
5507,1,20.52
5508,1,20.9
5509,1,21.39
5510,1,21.47
5511,1,21.43
5512,1,21.01
5513,1,20.52
5514,1,21.65
5515,1,21.39
5516,1,21.47
5517,1,20.54
5518,1,20.17
5519,1,20.07
5520,1,20.13
5521,1,20.29
5522,1,19.61
5523,1,19.64
5524,1,19.98
5525,1,19.84
5526,1,19.53
5527,1,19.52
5528,1,19.89
5529,1,19.15
5530,1,19.23
5531,1,19.39
5532,1,19.03
5533,1,19.19
5534,1,19.2
5535,1,19.77
5536,1,19.83
5537,1,20.63
5538,1,20.63
5539,1,21.82
5540,1,22.25
5541,1,22.26
5542,1,21.57
5543,1,21.33
5544,1,20.29
5545,1,20.32
5546,1,19.84
5547,1,19.86
5548,1,19.39
5549,1,19.28
5550,1,19.63
5551,1,19.47
5552,1,19.46
5553,1,17.75
5554,1,17.74
5555,1,17.69
5556,1,16.28
5557,1,17.42
5558,1,16.62
5559,1,17.93
5560,1,17.89
5561,1,18.23
5562,1,18.14
5563,1,18.01
5564,1,17.12
5565,1,16.91
5566,1,16.99
5567,1,16.52
5568,1,16.95
5569,1,17.3
5570,1,18.12
5571,1,18.26
5572,1,18.26
5573,1,18.17
5574,1,18.54
5575,1,18.05
5576,1,18.07
5577,1,17.96
5578,1,18.75
5579,1,19.02
5580,1,18.68
5581,1,18.57
5582,1,19.28
5583,1,18.79
5584,1,19.02
5585,1,18.5
5586,1,19.34
5587,1,18.49
5588,1,17.9
5589,1,17.31
5590,1,16.76
5591,1,16.3
5592,1,16.41
5593,1,16.46
5594,1,16.24
5595,1,15.78
5596,1,15.64
5597,1,16.47
5598,1,16.83
5599,1,16.96
5600,1,16.57
5601,1,16.45
5602,1,17.28
5603,1,18.26
5604,1,18.76
5605,1,18.71
5606,1,17.61
5607,1,17.43
5608,1,18.84
5609,1,18.82
5610,1,18.22
5611,1,17.87
5612,1,17.43
5613,1,16.64
5614,1,16.96
5615,1,17.46
5616,1,17.25
5617,1,16.29
5618,1,16.37
5619,1,15.71
5620,1,14.59
5621,1,12.84
5622,1,13.51
5623,1,14.3
5624,1,14.2
5625,1,14.02
5626,1,14.25
5627,1,15.57
5628,1,16.47
5629,1,16.55
5630,1,16.75
5631,1,16.09
5632,1,16.56
5633,1,16.21
5634,1,16.72
5635,1,17.01
5636,1,17.3
5637,1,18.16
5638,1,18.05
5639,1,18.25
5640,1,18.24
5641,1,18.23
5642,1,17.84
5643,1,17.38
5644,1,16.95
5645,1,16.59
5646,1,16.97
5647,1,17.13
5648,1,18.95
5649,1,19.0
5650,1,18.54
5651,1,19.59
5652,1,19.48
5653,1,20.22
5654,1,20.18
5655,1,19.98
5656,1,18.77
5657,1,18.97
5658,1,19.43
5659,1,18.77
5660,1,18.56
5661,1,19.13
5662,1,19.62
5663,1,18.54
5664,1,17.84
5665,1,16.32
5666,1,16.57
5667,1,15.97
5668,1,15.49
5669,1,16.58
5670,1,16.55
5671,1,17.82
5672,1,16.89
5673,1,16.75
5674,1,16.26
5675,1,16.75
5676,1,15.5
5677,1,16.13
5678,1,17.24
5679,1,18.13
5680,1,17.87
5681,1,17.29
5682,1,17.46
5683,1,16.22
5684,1,16.3
5685,1,16.69
5686,1,16.15
5687,1,15.47
5688,1,14.71
5689,1,13.32
5690,1,12.95
5691,1,13.31
5692,1,12.16
5693,1,12.94
5694,1,13.04
5695,1,13.1
5696,1,12.98
5697,1,13.9
5698,1,13.56
5699,1,13.5
5700,1,13.03
5701,1,12.68
5702,1,13.13
5703,1,13.88
5704,1,13.89
5705,1,14.1
5706,1,13.97
5707,1,13.43
5708,1,14.77
5709,1,14.31
5710,1,14.25
5711,1,14.47
5712,1,14.54
5713,1,15.16
5714,1,15.21
5715,1,14.08
5716,1,13.68
5717,1,13.75
5718,1,13.43
5719,1,13.97
5720,1,13.76
5721,1,13.71
5722,1,14.28
5723,1,14.06
5724,1,14.63
5725,1,14.86
5726,1,14.74
5727,1,15.02
5728,1,14.62
5729,1,15.07
5730,1,14.99
5731,1,15.25
5732,1,15.33
5733,1,15.5
5734,1,14.96
5735,1,14.84
5736,1,14.17
5737,1,13.71
5738,1,13.82
5739,1,13.99
5740,1,14.42
5741,1,13.74
5742,1,13.51
5743,1,13.33
5744,1,12.99
5745,1,12.93
5746,1,12.99
5747,1,13.22
5748,1,13.89
5749,1,13.96
5750,1,14.19
5751,1,14.47
5752,1,13.68
5753,1,14.03
5754,1,14.27
5755,1,13.75
5756,1,14.21
5757,1,13.97
5758,1,13.23
5759,1,12.71
5760,1,12.21
5761,1,11.86
5762,1,12.27
5763,1,12.75
5764,1,12.25
5765,1,12.04
5766,1,11.92
5767,1,12.95
5768,1,12.87
5769,1,12.73
5770,1,12.18
5771,1,12.05
5772,1,12.26
5773,1,12.7
5774,1,13.05
5775,1,13.11
5776,1,13.2
5777,1,13.7
5778,1,13.99
5779,1,13.46
5780,1,13.71
5781,1,14.1
5782,1,14.29
5783,1,14.0
5784,1,13.97
5785,1,14.0
5786,1,14.18
5787,1,14.11
5788,1,13.58
5789,1,13.73
5790,1,14.11
5791,1,14.32
5792,1,14.25
5793,1,13.98
5794,1,14.93
5795,1,14.88
5796,1,14.68
5797,1,14.61
5798,1,14.09
5799,1,13.95
5800,1,14.05
5801,1,13.85
5802,1,13.98
5803,1,14.42
5804,1,14.5
5805,1,13.83
5806,1,14.14
5807,1,14.43
5808,1,13.98
5809,1,13.97
5810,1,14.11
5811,1,14.33
5812,1,13.55
5813,1,13.6
5814,1,13.53
5815,1,14.2
5816,1,13.46
5817,1,13.35
5818,1,12.93
5819,1,12.81
5820,1,12.48
5821,1,12.53
5822,1,13.03
5823,1,12.56
5824,1,12.71
5825,1,12.53
5826,1,12.32
5827,1,12.7
5828,1,12.72
5829,1,12.74
5830,1,13.59
5831,1,13.99
5832,1,14.18
5833,1,14.61
5834,1,15.19
5835,1,15.34
5836,1,16.83
5837,1,17.02
5838,1,17.08
5839,1,16.64
5840,1,16.28
5841,1,16.34
5842,1,16.17
5843,1,16.02
5844,1,16.26
5845,1,16.61
5846,1,16.43
5847,1,15.96
5848,1,16.14
5849,1,16.69
5850,1,17.06
5851,1,17.02
5852,1,16.92
5853,1,16.96
5854,1,16.97
5855,1,16.66
5856,1,16.28
5857,1,16.51
5858,1,16.79
5859,1,16.8
5860,1,16.39
5861,1,16.36
5862,1,15.69
5863,1,15.56
5864,1,15.87
5865,1,15.56
5866,1,15.63
5867,1,15.98
5868,1,16.03
5869,1,16.12
5870,1,16.36
5871,1,16.12
5872,1,16.36
5873,1,16.59
5874,1,15.88
5875,1,15.46
5876,1,14.85
5877,1,14.66
5878,1,13.86
5879,1,14.12
5880,1,13.98
5881,1,13.96
5882,1,14.37
5883,1,13.82
5884,1,13.63
5885,1,13.72
5886,1,13.94
5887,1,13.98
5888,1,14.35
5889,1,14.47
5890,1,14.75
5891,1,14.42
5892,1,14.16
5893,1,13.89
5894,1,14.01
5895,1,14.15
5896,1,14.32
5897,1,13.0
5898,1,12.95
5899,1,12.79
5900,1,13.1
5901,1,13.29
5902,1,13.63
5903,1,13.32
5904,1,13.4
5905,1,13.32
5906,1,12.84
5907,1,12.74
5908,1,12.88
5909,1,13.64
5910,1,13.89
5911,1,13.77
5912,1,13.79
5913,1,13.51
5914,1,13.87
5915,1,14.36
5916,1,14.47
5917,1,14.34
5918,1,14.07
5919,1,14.02
5920,1,14.28
5921,1,14.2
5922,1,14.91
5923,1,15.05
5924,1,14.82
5925,1,14.38
5926,1,14.07
5927,1,13.8
5928,1,14.38
5929,1,14.35
5930,1,14.62
5931,1,14.78
5932,1,14.7
5933,1,14.87
5934,1,14.81
5935,1,14.93
5936,1,15.16
5937,1,15.3
5938,1,15.57
5939,1,16.02
5940,1,16.31
5941,1,16.59
5942,1,16.65
5943,1,16.48
5944,1,16.32
5945,1,16.3
5946,1,16.36
5947,1,16.26
5948,1,16.44
5949,1,17.35
5950,1,17.55
5951,1,17.6
5952,1,17.94
5953,1,18.1
5954,1,18.32
5955,1,17.88
5956,1,18.35
5957,1,18.57
5958,1,18.8
5959,1,18.57
5960,1,18.45
5961,1,18.14
5962,1,18.18
5963,1,18.68
5964,1,18.6
5965,1,17.44
5966,1,17.42
0,2,0.608922
1,2,0.618407
2,2,0.634493
3,2,0.67008
4,2,0.731238
5,2,0.68002
6,2,0.69383
7,2,0.699976
8,2,0.687608
9,2,0.678654
10,2,0.691933
11,2,0.684801
12,2,0.68002
13,2,0.701418
14,2,0.687608
15,2,0.704225
16,2,0.718491
17,2,0.721298
18,2,0.717504
19,2,0.74262
20,2,0.782001
21,2,0.836102
22,2,0.872599
23,2,0.880187
24,2,0.893921
25,2,0.835115
26,2,0.798618
27,2,0.781545
28,2,0.751194
29,2,0.719856
30,2,0.736018
31,2,0.745958
32,2,0.758782
33,2,0.743606
34,2,0.777751
35,2,0.758327
36,2,0.785339
37,2,0.753546
38,2,0.745048
39,2,0.764017
40,2,0.761134
41,2,0.780104
42,2,0.84938
43,2,0.777751
44,2,0.789133
45,2,0.720843
46,2,0.754988
47,2,0.741709
48,2,0.70377
49,2,0.661582
50,2,0.734121
51,2,0.762121
52,2,0.788678
53,2,0.808558
54,2,0.861217
55,2,0.8446
56,2,0.806206
57,2,0.851733
58,2,0.836102
59,2,0.83466
60,2,0.771074
61,2,0.787236
62,2,0.760679
63,2,0.749752
64,2,0.783898
65,2,0.819484
66,2,0.865467
67,2,0.871613
68,2,0.85454
69,2,0.861217
70,2,0.825175
71,2,0.878745
72,2,0.90295
73,2,0.865922
74,2,0.871613
75,2,0.844145
76,2,0.86357
77,2,0.882084
78,2,0.874117
79,2,0.837468
80,2,0.85932
81,2,0.869716
82,2,0.988769
83,2,0.925714
84,2,0.971241
85,2,0.953713
86,2,0.932315
87,2,0.925714
88,2,0.927611
89,2,0.954168
90,2,0.920478
91,2,0.866908
92,2,0.882084
93,2,0.922375
94,2,0.948477
95,2,0.933302
96,2,1.0239
97,2,1.094088
98,2,1.072235
99,2,1.052355
100,2,1.058956
101,2,1.055693
102,2,1.031488
103,2,0.954168
104,2,1.030502
105,2,1.011532
106,2,0.966005
107,2,0.9893
108,2,0.949919
109,2,0.999695
110,2,0.948477
111,2,0.906289
112,2,0.828969
113,2,0.86357
114,2,0.848849
115,2,0.939903
116,2,0.962667
117,2,0.919037
118,2,0.901964
119,2,0.914332
120,2,0.973593
121,2,0.920478
122,2,0.961756
123,2,0.941345
124,2,0.943242
125,2,0.894376
126,2,0.873054
127,2,0.839896
128,2,0.858334
129,2,0.835571
130,2,0.80006
131,2,0.753546
132,2,0.780104
133,2,0.816601
134,2,0.76637
135,2,0.801957
136,2,0.769177
137,2,0.764473
138,2,0.713255
139,2,0.682448
140,2,0.651111
141,2,0.665376
142,2,0.662189
143,2,0.65536
144,2,0.664389
145,2,0.637377
146,2,0.676226
147,2,0.702328
148,2,0.692844
149,2,0.704681
150,2,0.73268
151,2,0.719401
152,2,0.726534
153,2,0.691933
154,2,0.717049
155,2,0.686242
156,2,0.700887
157,2,0.691933
158,2,0.733135
159,2,0.768267
160,2,0.844221
161,2,0.815691
162,2,0.784429
163,2,0.821457
164,2,0.785339
165,2,0.826162
166,2,0.777751
167,2,0.7949
168,2,0.809013
169,2,0.783518
170,2,0.78625
171,2,0.826162
172,2,0.866984
173,2,0.864101
174,2,0.893542
175,2,0.857424
176,2,0.875483
177,2,0.884891
178,2,0.868805
179,2,0.799604
180,2,0.836633
181,2,0.812807
182,2,0.738902
183,2,0.759692
184,2,0.759692
185,2,0.789133
186,2,0.733135
187,2,0.771074
188,2,0.748311
189,2,0.717049
190,2,0.728431
191,2,0.719022
192,2,0.72752
193,2,0.709461
194,2,0.720843
195,2,0.721753
196,2,0.723726
197,2,0.714165
198,2,0.708551
199,2,0.736018
200,2,0.780635
201,2,0.758782
202,2,0.76637
203,2,0.784429
204,2,0.824189
205,2,0.851505
206,2,0.862128
207,2,0.881097
208,2,0.898246
209,2,0.90295
210,2,0.924803
211,2,0.962742
212,2,0.947567
213,2,0.886864
214,2,0.94089
215,2,0.893542
216,2,0.886864
217,2,0.876393
218,2,0.880187
219,2,0.862887
220,2,0.83815
221,2,0.920554
222,2,0.909628
223,2,0.926473
224,2,0.860307
225,2,0.792017
226,2,0.811897
227,2,0.780635
228,2,0.742696
229,2,0.811897
230,2,0.390773
231,2,0.368009
232,2,0.338568
233,2,0.358449
234,2,0.334775
235,2,0.336747
236,2,0.33007
237,2,0.316716
238,2,0.297746
239,2,0.303513
240,2,0.334775
241,2,0.326276
242,2,0.305334
243,2,0.305334
244,2,0.287427
245,2,0.295925
246,2,0.309128
247,2,0.286364
248,2,0.280749
249,2,0.280749
250,2,0.28166
251,2,0.293042
252,2,0.296835
253,2,0.311101
254,2,0.338568
255,2,0.337658
256,2,0.325366
257,2,0.323393
258,2,0.304423
259,2,0.306396
260,2,0.289248
261,2,0.293952
262,2,0.307307
263,2,0.30154
264,2,0.288337
265,2,0.280749
266,2,0.287427
267,2,0.285454
268,2,0.280749
269,2,0.293042
270,2,0.283633
271,2,0.273617
272,2,0.266484
273,2,0.250398
274,2,0.258896
275,2,0.253281
276,2,0.257986
277,2,0.217163
278,2,0.217163
279,2,0.228545
280,2,0.230518
281,2,0.233401
282,2,0.227635
283,2,0.219136
284,2,0.213369
285,2,0.216253
286,2,0.212459
287,2,0.218226
288,2,0.213369
289,2,0.227635
290,2,0.22293
291,2,0.224751
292,2,0.224751
293,2,0.225813
294,2,0.225813
295,2,0.248425
296,2,0.258896
297,2,0.248425
298,2,0.251309
299,2,0.260869
300,2,0.251309
301,2,0.273161
302,2,0.260869
303,2,0.259807
304,2,0.255102
305,2,0.283633
306,2,0.295925
307,2,0.292131
308,2,0.311101
309,2,0.311101
310,2,0.302602
311,2,0.296835
312,2,0.32916
313,2,0.33007
314,2,0.328097
315,2,0.320509
316,2,0.312922
317,2,0.306396
318,2,0.320509
319,2,0.314894
320,2,0.314894
321,2,0.290158
322,2,0.298808
323,2,0.290158
324,2,0.295925
325,2,0.304423
326,2,0.288337
327,2,0.277866
328,2,0.286364
329,2,0.285454
330,2,0.285454
331,2,0.295925
332,2,0.293952
333,2,0.276955
334,2,0.284543
335,2,0.292131
336,2,0.309128
337,2,0.326276
338,2,0.322482
339,2,0.315805
340,2,0.307307
341,2,0.28257
342,2,0.296835
343,2,0.31019
344,2,0.298808
345,2,0.297746
346,2,0.312011
347,2,0.298808
348,2,0.305334
349,2,0.328097
350,2,0.34904
351,2,0.330525
352,2,0.347067
353,2,0.336444
354,2,0.341907
355,2,0.334926
356,2,0.327642
357,2,0.307155
358,2,0.295925
359,2,0.316716
360,2,0.312466
361,2,0.311708
362,2,0.334471
363,2,0.330829
364,2,0.340238
365,2,0.325366
366,2,0.309583
367,2,0.345853
368,2,0.390317
369,2,0.379998
370,2,0.368009
371,2,0.364671
372,2,0.375142
373,2,0.374686
374,2,0.397602
375,2,0.386827
376,2,0.393504
377,2,0.40352
378,2,0.378784
379,2,0.390773
380,2,0.378784
381,2,0.372865
382,2,0.363912
383,2,0.34904
384,2,0.346763
385,2,0.353441
386,2,0.351771
387,2,0.365733
388,2,0.357386
389,2,0.357083
390,2,0.357538
391,2,0.356627
392,2,0.35253
393,2,0.352075
394,2,0.345398
395,2,0.325821
396,2,0.300174
397,2,0.302754
398,2,0.317019
399,2,0.313529
400,2,0.317778
401,2,0.314591
402,2,0.328704
403,2,0.323545
404,2,0.30412
405,2,0.308217
406,2,0.310645
407,2,0.301692
408,2,0.31019
409,2,0.308521
410,2,0.306396
411,2,0.328856
412,2,0.3413
413,2,0.33781
414,2,0.364064
415,2,0.360421
416,2,0.354199
417,2,0.357235
418,2,0.352834
419,2,0.362698
420,2,0.361787
421,2,0.351923
422,2,0.334319
423,2,0.344487
424,2,0.320813
425,2,0.342059
426,2,0.369679
427,2,0.377115
428,2,0.363608
429,2,0.380908
430,2,0.315501
431,2,0.302906
432,2,0.303209
433,2,0.296532
434,2,0.289703
435,2,0.280294
436,2,0.282115
437,2,0.28773
438,2,0.287275
439,2,0.28515
440,2,0.289248
441,2,0.300781
442,2,0.295925
443,2,0.29031
444,2,0.292131
445,2,0.28682
446,2,0.289096
447,2,0.288641
448,2,0.289703
449,2,0.28424
450,2,0.279839
451,2,0.283026
452,2,0.274224
453,2,0.274983
454,2,0.271947
455,2,0.276348
456,2,0.270278
457,2,0.281812
458,2,0.287123
459,2,0.279232
460,2,0.270582
461,2,0.270582
462,2,0.281508
463,2,0.276955
464,2,0.281508
465,2,0.268912
466,2,0.262235
467,2,0.263601
468,2,0.257834
469,2,0.247059
470,2,0.258289
471,2,0.237954
472,2,0.238713
473,2,0.249639
474,2,0.235829
475,2,0.229911
476,2,0.235374
477,2,0.235374
478,2,0.235829
479,2,0.228393
480,2,0.227331
481,2,0.240989
482,2,0.244935
483,2,0.245845
484,2,0.24281
485,2,0.255254
486,2,0.269216
487,2,0.273313
488,2,0.27301
489,2,0.273313
490,2,0.257834
491,2,0.273161
492,2,0.277714
493,2,0.288641
494,2,0.275286
495,2,0.287578
496,2,0.29122
497,2,0.283329
498,2,0.267546
499,2,0.267091
500,2,0.266484
501,2,0.282115
502,2,0.281812
503,2,0.289399
504,2,0.296987
505,2,0.297291
506,2,0.283936
507,2,0.283936
508,2,0.284543
509,2,0.293952
510,2,0.297594
511,2,0.295166
512,2,0.287882
513,2,0.303513
514,2,0.29638
515,2,0.298657
516,2,0.301085
517,2,0.324303
518,2,0.318688
519,2,0.311556
520,2,0.309887
521,2,0.323241
522,2,0.319447
523,2,0.339934
524,2,0.360573
525,2,0.345701
526,2,0.342059
527,2,0.342059
528,2,0.330525
529,2,0.326124
530,2,0.318688
531,2,0.309431
532,2,0.312922
533,2,0.31884
534,2,0.328097
535,2,0.31368
536,2,0.318688
537,2,0.324152
538,2,0.326124
539,2,0.334926
540,2,0.34039
541,2,0.332346
542,2,0.353592
543,2,0.357842
544,2,0.359511
545,2,0.347522
546,2,0.343121
547,2,0.328553
548,2,0.322179
549,2,0.319447
550,2,0.320965
551,2,0.329311
552,2,0.31535
553,2,0.341148
554,2,0.336444
555,2,0.331132
556,2,0.349343
557,2,0.352227
558,2,0.352834
559,2,0.353137
560,2,0.350102
561,2,0.365581
562,2,0.375142
563,2,0.370437
564,2,0.384702
565,2,0.38622
566,2,0.374383
567,2,0.368768
568,2,0.364671
569,2,0.379087
570,2,0.37499
571,2,0.379543
572,2,0.373321
573,2,0.362698
574,2,0.343273
575,2,0.351012
576,2,0.326276
577,2,0.345094
578,2,0.361332
579,2,0.359207
580,2,0.333257
581,2,0.329311
582,2,0.355869
583,2,0.368616
584,2,0.357083
585,2,0.365278
586,2,0.369982
587,2,0.374231
588,2,0.380301
589,2,0.375142
590,2,0.371651
591,2,0.370741
592,2,0.378632
593,2,0.375445
594,2,0.377115
595,2,0.378177
596,2,0.368313
597,2,0.365581
598,2,0.354351
599,2,0.35602
600,2,0.356172
601,2,0.359207
602,2,0.371196
603,2,0.365278
604,2,0.360421
605,2,0.377873
606,2,0.375445
607,2,0.372714
608,2,0.365733
609,2,0.374231
610,2,0.377266
611,2,0.380301
612,2,0.379391
613,2,0.390621
614,2,0.396236
615,2,0.385613
616,2,0.379087
617,2,0.372258
618,2,0.368009
619,2,0.360725
620,2,0.366036
621,2,0.349191
622,2,0.363608
623,2,0.368313
624,2,0.363912
625,2,0.359511
626,2,0.356779
627,2,0.343728
628,2,0.340997
629,2,0.36983
630,2,0.367099
631,2,0.353896
632,2,0.363305
633,2,0.388648
634,2,0.38364
635,2,0.382578
636,2,0.379543
637,2,0.375445
638,2,0.35602
639,2,0.369071
640,2,0.382123
641,2,0.366492
642,2,0.363912
643,2,0.363912
644,2,0.36725
645,2,0.353592
646,2,0.347674
647,2,0.345701
648,2,0.34479
649,2,0.336292
650,2,0.324759
651,2,0.325973
652,2,0.310494
653,2,0.304879
654,2,0.296532
655,2,0.30503
656,2,0.311708
657,2,0.305789
658,2,0.259807
659,2,0.259655
660,2,0.255709
661,2,0.262083
662,2,0.26011
663,2,0.251157
664,2,0.258896
665,2,0.268912
666,2,0.258896
667,2,0.257075
668,2,0.266332
669,2,0.284391
670,2,0.273313
671,2,0.266029
672,2,0.262842
673,2,0.277714
674,2,0.265574
675,2,0.276652
676,2,0.271037
677,2,0.237195
678,2,0.227483
679,2,0.227028
680,2,0.226421
681,2,0.219591
682,2,0.23067
683,2,0.217922
684,2,0.217619
685,2,0.227938
686,2,0.23416
687,2,0.23158
688,2,0.224599
689,2,0.219288
690,2,0.212307
691,2,0.223689
692,2,0.22809
693,2,0.232187
694,2,0.227635
695,2,0.227483
696,2,0.221413
697,2,0.230214
698,2,0.236892
699,2,0.239927
700,2,0.242507
701,2,0.241444
702,2,0.244631
703,2,0.242355
704,2,0.238713
705,2,0.235678
706,2,0.225358
707,2,0.223082
708,2,0.223082
709,2,0.223841
710,2,0.213218
711,2,0.219743
712,2,0.215191
713,2,0.218226
714,2,0.218074
715,2,0.217467
716,2,0.21686
717,2,0.214584
718,2,0.215039
719,2,0.220047
720,2,0.224599
721,2,0.227938
722,2,0.221261
723,2,0.225662
724,2,0.225358
725,2,0.222171
726,2,0.226572
727,2,0.223082
728,2,0.223385
729,2,0.220047
730,2,0.220198
731,2,0.215039
732,2,0.217012
733,2,0.212914
734,2,0.208969
735,2,0.207754
736,2,0.206389
737,2,0.21428
738,2,0.220198
739,2,0.224144
740,2,0.230063
741,2,0.220957
742,2,0.214128
743,2,0.217619
744,2,0.220957
745,2,0.223082
746,2,0.225813
747,2,0.22293
748,2,0.234008
749,2,0.236892
750,2,0.234312
751,2,0.242507
752,2,0.243872
753,2,0.248273
754,2,0.256317
755,2,0.256468
756,2,0.261324
757,2,0.24281
758,2,0.240382
759,2,0.230063
760,2,0.237347
761,2,0.236588
762,2,0.247363
763,2,0.242051
764,2,0.237499
765,2,0.231732
766,2,0.235678
767,2,0.248122
768,2,0.242962
769,2,0.242355
770,2,0.233857
771,2,0.238561
772,2,0.235222
773,2,0.230366
774,2,0.230063
775,2,0.227179
776,2,0.22202
777,2,0.226876
778,2,0.223841
779,2,0.231884
780,2,0.235071
781,2,0.230518
782,2,0.224448
783,2,0.225358
784,2,0.228849
785,2,0.221109
786,2,0.215494
787,2,0.214584
788,2,0.219895
789,2,0.217922
790,2,0.218529
791,2,0.213369
792,2,0.213521
793,2,0.217467
794,2,0.224599
795,2,0.226117
796,2,0.226117
797,2,0.225358
798,2,0.220806
799,2,0.222778
800,2,0.223385
801,2,0.22202
802,2,0.221716
803,2,0.218984
804,2,0.221868
805,2,0.213976
806,2,0.212762
807,2,0.210638
808,2,0.215039
809,2,0.209424
810,2,0.214432
811,2,0.221261
812,2,0.221261
813,2,0.217315
814,2,0.217922
815,2,0.222475
816,2,0.221564
817,2,0.219288
818,2,0.218984
819,2,0.214735
820,2,0.21777
821,2,0.21777
822,2,0.218377
823,2,0.220654
824,2,0.222627
825,2,0.231732
826,2,0.225358
827,2,0.224144
828,2,0.227635
829,2,0.223689
830,2,0.227938
831,2,0.220047
832,2,0.22551
833,2,0.227786
834,2,0.222323
835,2,0.220957
836,2,0.221868
837,2,0.220957
838,2,0.220502
839,2,0.218074
840,2,0.215949
841,2,0.215798
842,2,0.223385
843,2,0.224296
844,2,0.227786
845,2,0.227635
846,2,0.226876
847,2,0.226269
848,2,0.227635
849,2,0.218074
850,2,0.220806
851,2,0.218681
852,2,0.219895
853,2,0.221109
854,2,0.214584
855,2,0.214887
856,2,0.221564
857,2,0.21944
858,2,0.218681
859,2,0.219895
860,2,0.219288
861,2,0.215342
862,2,0.218074
863,2,0.200318
864,2,0.206085
865,2,0.203202
866,2,0.200925
867,2,0.199104
868,2,0.199408
869,2,0.205023
870,2,0.206085
871,2,0.203961
872,2,0.202595
873,2,0.210334
874,2,0.213369
875,2,0.215798
876,2,0.217922
877,2,0.219288
878,2,0.244176
879,2,0.265574
880,2,0.26785
881,2,0.273161
882,2,0.277714
883,2,0.28166
884,2,0.283329
885,2,0.281508
886,2,0.28424
887,2,0.285302
888,2,0.274679
889,2,0.269975
890,2,0.270885
891,2,0.276804
892,2,0.278018
893,2,0.286516
894,2,0.277411
895,2,0.274679
896,2,0.272403
897,2,0.264815
898,2,0.26269
899,2,0.267091
900,2,0.267698
901,2,0.260262
902,2,0.254799
903,2,0.260717
904,2,0.264815
905,2,0.269671
906,2,0.26436
907,2,0.277259
908,2,0.276045
909,2,0.290158
910,2,0.290462
911,2,0.291372
912,2,0.289248
913,2,0.284998
914,2,0.289703
915,2,0.292738
916,2,0.28424
917,2,0.289248
918,2,0.289703
919,2,0.292435
920,2,0.29031
921,2,0.30154
922,2,0.309583
923,2,0.301843
924,2,0.297139
925,2,0.301236
926,2,0.301995
927,2,0.297594
928,2,0.30154
929,2,0.317171
930,2,0.316549
931,2,0.31277
932,2,0.315653
933,2,0.315501
934,2,0.311252
935,2,0.326883
936,2,0.318537
937,2,0.314439
938,2,0.307762
939,2,0.319902
940,2,0.314591
941,2,0.321875
942,2,0.309279
943,2,0.297898
944,2,0.30245
945,2,0.29805
946,2,0.298353
947,2,0.29896
948,2,0.306244
949,2,0.303057
950,2,0.299112
951,2,0.308672
952,2,0.308369
953,2,0.31884
954,2,0.329008
955,2,0.316867
956,2,0.316564
957,2,0.319447
958,2,0.325973
959,2,0.336747
960,2,0.343121
961,2,0.346763
962,2,0.348281
963,2,0.34646
964,2,0.341452
965,2,0.345094
966,2,0.339479
967,2,0.336596
968,2,0.342362
969,2,0.350557
970,2,0.337051
971,2,0.339327
972,2,0.335685
973,2,0.347219
974,2,0.342666
975,2,0.335078
976,2,0.34039
977,2,0.323545
978,2,0.310038
979,2,0.313984
980,2,0.323241
981,2,0.314439
982,2,0.315501
983,2,0.312163
984,2,0.32916
985,2,0.338265
986,2,0.352378
987,2,0.34995
988,2,0.355869
989,2,0.359359
990,2,0.369527
991,2,0.372562
992,2,0.376659
993,2,0.352834
994,2,0.345246
995,2,0.352378
996,2,0.351771
997,2,0.345398
998,2,0.348888
999,2,0.342969
1000,2,0.342969
1001,2,0.359966
1002,2,0.359511
1003,2,0.350405
1004,2,0.34737
1005,2,0.351316
1006,2,0.347674
1007,2,0.349495
1008,2,0.350861
1009,2,0.341452
1010,2,0.332346
1011,2,0.326883
1012,2,0.338872
1013,2,0.340238
1014,2,0.325669
1015,2,0.320661
1016,2,0.309735
1017,2,0.309885
1018,2,0.309204
1019,2,0.307762
1020,2,0.320965
1021,2,0.313832
1022,2,0.314439
1023,2,0.317323
1024,2,0.329463
1025,2,0.326883
1026,2,0.319144
1027,2,0.320965
1028,2,0.316412
1029,2,0.319447
1030,2,0.310342
1031,2,0.309279
1032,2,0.321875
1033,2,0.317019
1034,2,0.306093
1035,2,0.305334
1036,2,0.301692
1037,2,0.30412
1038,2,0.29896
1039,2,0.301236
1040,2,0.300629
1041,2,0.309735
1042,2,0.31535
1043,2,0.320965
1044,2,0.322938
1045,2,0.324303
1046,2,0.322938
1047,2,0.336444
1048,2,0.33523
1049,2,0.342818
1050,2,0.354503
1051,2,0.34904
1052,2,0.360118
1053,2,0.366036
1054,2,0.36725
1055,2,0.346763
1056,2,0.34479
1057,2,0.344942
1058,2,0.343121
1059,2,0.336596
1060,2,0.342362
1061,2,0.349191
1062,2,0.350102
1063,2,0.341755
1064,2,0.344183
1065,2,0.342362
1066,2,0.33872
1067,2,0.33781
1068,2,0.330677
1069,2,0.340238
1070,2,0.344639
1071,2,0.343986
1072,2,0.348736
1073,2,0.36118
1074,2,0.360118
1075,2,0.34904
1076,2,0.351468
1077,2,0.352985
1078,2,0.340997
1079,2,0.339934
1080,2,0.336747
1081,2,0.339327
1082,2,0.346156
1083,2,0.349647
1084,2,0.363001
1085,2,0.364519
1086,2,0.361332
1087,2,0.363001
1088,2,0.381819
1089,2,0.405797
1090,2,0.394567
1091,2,0.41126
1092,2,0.420062
1093,2,0.412019
1094,2,0.418241
1095,2,0.401396
1096,2,0.391835
1097,2,0.39745
1098,2,0.389559
1099,2,0.392442
1100,2,0.392442
1101,2,0.383792
1102,2,0.386979
1103,2,0.407769
1104,2,0.410349
1105,2,0.423552
1106,2,0.423704
1107,2,0.410349
1108,2,0.411412
1109,2,0.41733
1110,2,0.429774
1111,2,0.422338
1112,2,0.414447
1113,2,0.417785
1114,2,0.425525
1115,2,0.40868
1116,2,0.404279
1117,2,0.444646
1118,2,0.442825
1119,2,0.430229
1120,2,0.42082
1121,2,0.42082
1122,2,0.421579
1123,2,0.420365
1124,2,0.411715
1125,2,0.408832
1126,2,0.401396
1127,2,0.406252
1128,2,0.391228
1129,2,0.395629
1130,2,0.396691
1131,2,0.404431
1132,2,0.403368
1133,2,0.404734
1134,2,0.398816
1135,2,0.411867
1136,2,0.414295
1137,2,0.412626
1138,2,0.410653
1139,2,0.404279
1140,2,0.410653
1141,2,0.401699
1142,2,0.405341
1143,2,0.411412
1144,2,0.414902
1145,2,0.43114
1146,2,0.432657
1147,2,0.427498
1148,2,0.425828
1149,2,0.425828
1150,2,0.438879
1151,2,0.430988
1152,2,0.436755
1153,2,0.452386
1154,2,0.460581
1155,2,0.458304
1156,2,0.466499
1157,2,0.45709
1158,2,0.46574
1159,2,0.49685
1160,2,0.497913
1161,2,0.49943
1162,2,0.490628
1163,2,0.500796
1164,2,0.511419
1165,2,0.503528
1166,2,0.511419
1167,2,0.493056
1168,2,0.493208
1169,2,0.493815
1170,2,0.490173
1171,2,0.471659
1172,2,0.469686
1173,2,0.461188
1174,2,0.457394
1175,2,0.455724
1176,2,0.442218
1177,2,0.443432
1178,2,0.448895
1179,2,0.499734
1180,2,0.488656
1181,2,0.485165
1182,2,0.488656
1183,2,0.479854
1184,2,0.480764
1185,2,0.465892
1186,2,0.47439
1187,2,0.492146
1188,2,0.489718
1189,2,0.495333
1190,2,0.49078
1191,2,0.479247
1192,2,0.474846
1193,2,0.482434
1194,2,0.476363
1195,2,0.45193
1196,2,0.459822
1197,2,0.478336
1198,2,0.470597
1199,2,0.460884
1200,2,0.468017
1201,2,0.467106
1202,2,0.468472
1203,2,0.481675
1204,2,0.466044
1205,2,0.46741
1206,2,0.471659
1207,2,0.484862
1208,2,0.501555
1209,2,0.525988
1210,2,0.521283
1211,2,0.517793
1212,2,0.523408
1213,2,0.544198
1214,2,0.541163
1215,2,0.534638
1216,2,0.542681
1217,2,0.551634
1218,2,0.54177
1219,2,0.54435
1220,2,0.540101
1221,2,0.538583
1222,2,0.534182
1223,2,0.551634
1224,2,0.563623
1225,2,0.572273
1226,2,0.576826
1227,2,0.560285
1228,2,0.565596
1229,2,0.5659
1230,2,0.569542
1231,2,0.577281
1232,2,0.586994
1233,2,0.588056
1234,2,0.586842
1235,2,0.588663
1236,2,0.597465
1237,2,0.616738
1238,2,0.601259
1239,2,0.59276
1240,2,0.585628
1241,2,0.581075
1242,2,0.603232
1243,2,0.6826
1244,2,0.690491
1245,2,0.724637
1246,2,0.719629
1247,2,0.720387
1248,2,0.72752
1249,2,0.719477
1250,2,0.721602
1251,2,0.727975
1252,2,0.763335
1253,2,0.792017
1254,2,0.795203
1255,2,0.795962
1256,2,0.811897
1257,2,0.839364
1258,2,0.826313
1259,2,0.830411
1260,2,0.825251
1261,2,0.820243
1262,2,0.830866
1263,2,0.839213
1264,2,0.842248
1265,2,0.838302
1266,2,0.833674
1267,2,0.833142
1268,2,0.840579
1269,2,0.83724
1270,2,0.931025
1271,2,0.929811
1272,2,0.972
1273,2,0.979587
1274,2,1.038621
1275,2,1.017526
1276,2,1.028756
1277,2,0.989603
1278,2,0.951209
1279,2,0.998253
1280,2,0.954396
1281,2,0.960314
1282,2,0.971089
1283,2,0.988693
1284,2,0.985051
1285,2,0.990817
1286,2,0.990362
1287,2,1.010637
1288,2,0.986265
1289,2,0.951816
1290,2,0.966536
1291,2,0.967447
1292,2,0.971393
1293,2,0.958493
1294,2,0.973972
1295,2,0.977918
1296,2,0.983381
1297,2,0.977311
1298,2,0.960466
1299,2,0.97033
1300,2,0.978829
1301,2,0.979587
1302,2,1.050913
1303,2,1.046512
1304,2,0.979739
1305,2,0.993397
1306,2,1.059259
1307,2,1.06533
1308,2,1.072159
1309,2,1.060474
1310,2,1.069275
1311,2,1.069731
1312,2,1.073828
1313,2,1.093405
1314,2,1.09644
1315,2,1.102358
1316,2,1.122694
1317,2,1.167007
1318,2,1.176567
1319,2,1.208436
1320,2,1.180816
1321,2,1.196447
1322,2,1.197965
1323,2,1.227709
1324,2,1.19493
1325,2,1.189163
1326,2,1.232414
1327,2,1.284314
1328,2,1.341678
1329,2,1.36778
1330,2,1.332573
1331,2,1.317397
1332,2,1.29433
1333,2,1.338946
1334,2,1.349569
1335,2,1.35048
1336,2,1.361558
1337,2,1.350632
1338,2,1.339129
1339,2,1.26838
1340,2,1.299338
1341,2,1.297517
1342,2,1.230137
1343,2,1.194323
1344,2,1.208891
1345,2,1.222246
1346,2,1.223763
1347,2,1.243188
1348,2,1.249865
1349,2,1.282341
1350,2,1.303891
1351,2,1.326351
1352,2,1.299945
1353,2,1.291447
1354,2,1.289929
1355,2,1.29084
1356,2,1.267166
1357,2,1.299035
1358,2,1.264738
1359,2,1.241064
1360,2,1.247134
1361,2,1.271415
1362,2,1.284769
1363,2,1.322102
1364,2,1.327565
1365,2,1.272325
1366,2,1.294785
1367,2,1.245616
1368,2,1.130888
1369,2,1.072918
1370,2,1.081112
1371,2,1.125729
1372,2,1.077774
1373,2,1.127246
1374,2,1.07747
1375,2,1.12239
1376,2,1.098413
1377,2,1.091128
1378,2,1.078684
1379,2,1.094467
1380,2,1.105697
1381,2,1.09902
1382,2,1.12755
1383,2,1.113285
1384,2,1.130281
1385,2,1.122087
1386,2,1.105393
1387,2,1.080809
1388,2,1.035889
1389,2,1.055314
1390,2,1.078988
1391,2,1.073221
1392,2,1.08779
1393,2,1.13969
1394,2,1.13969
1395,2,1.206767
1396,2,1.204946
1397,2,1.207374
1398,2,1.236511
1399,2,1.231048
1400,2,1.206745
1401,2,1.223156
1402,2,1.215265
1403,2,1.160633
1404,2,1.15092
1405,2,1.109036
1406,2,1.120569
1407,2,1.142725
1408,2,1.086879
1409,2,1.089611
1410,2,1.092646
1411,2,1.126943
1412,2,1.152741
1413,2,1.162757
1414,2,1.141511
1415,2,1.149099
1416,2,1.170042
1417,2,1.180361
1418,2,1.146064
1419,2,1.126032
1420,2,1.132406
1421,2,1.103876
1422,2,1.11723
1423,2,1.107822
1424,2,1.152741
1425,2,1.134834
1426,2,1.142118
1427,2,1.160936
1428,2,1.156384
1429,2,1.160633
1430,2,1.163971
1431,2,1.236814
1432,2,1.261095
1433,2,1.259274
1434,2,1.310872
1435,2,1.324226
1436,2,1.313907
1437,2,1.335456
1438,2,1.329689
1439,2,1.324226
1440,2,1.335153
1441,2,1.329386
1442,2,1.294482
1443,2,1.297517
1444,2,1.310872
1445,2,1.311782
1446,2,1.296303
1447,2,1.304801
1448,2,1.294482
1449,2,1.329993
1450,2,1.316638
1451,2,1.335456
1452,2,1.399194
1453,2,1.447149
1454,2,1.403746
1455,2,1.431063
1456,2,1.405264
1457,2,1.390999
1458,2,1.392213
1459,2,1.388267
1460,2,1.389178
1461,2,1.39798
1462,2,1.388267
1463,2,1.391302
1464,2,1.413459
1465,2,1.423171
1466,2,1.40405
1467,2,1.402836
1468,2,1.481142
1469,2,1.4775
1470,2,1.510886
1471,2,1.557324
1472,2,1.560056
1473,2,1.542452
1474,2,1.505727
1475,2,1.513618
1476,2,1.554289
1477,2,1.597691
1478,2,1.614384
1479,2,1.581605
1480,2,1.575231
1481,2,1.614688
1482,2,1.634113
1483,2,1.621972
1484,2,1.550343
1485,2,1.588586
1486,2,1.627132
1487,2,1.652323
1488,2,1.631381
1489,2,1.601943
1490,2,1.569161
1491,2,1.55702
1492,2,1.528794
1493,2,1.565822
1494,2,1.4948
1495,2,1.631077
1496,2,1.638969
1497,2,1.621972
1498,2,1.58464
1499,2,1.667499
1500,2,1.703921
1501,2,1.689352
1502,2,1.723649
1503,2,1.702706
1504,2,1.730933
1505,2,1.681764
1506,2,1.653234
1507,2,1.74793
1508,2,1.745198
1509,2,1.819559
1510,2,1.877223
1511,2,1.85598
1512,2,1.828057
1513,2,1.818041
1514,2,1.824415
1515,2,1.856891
1516,2,1.867817
1517,2,1.865086
1518,2,1.890277
1519,2,1.971315
1520,2,1.958264
1521,2,1.959478
1522,2,1.971619
1523,2,2.018967
1524,2,2.036874
1525,2,2.104557
1526,2,2.11427
1527,2,2.066922
1528,2,2.058423
1529,2,2.173154
1530,2,2.204413
1531,2,2.179829
1532,2,2.247512
1533,2,2.244477
1534,2,2.248422
1535,2,2.256025
1536,2,2.273614
1537,2,2.275739
1538,2,2.185595
1539,2,2.190755
1540,2,2.158279
1541,2,2.166474
1542,2,2.18863
1543,2,2.230819
1544,2,2.246601
1545,2,2.226266
1546,2,2.252975
1547,2,2.232943
1548,2,2.168599
1549,2,2.181953
1550,2,2.268758
1551,2,2.275435
1552,2,2.257528
1553,2,2.315802
1554,2,2.308214
1555,2,2.454204
1556,2,2.546472
1557,2,2.558339
1558,2,2.597763
1559,2,2.571059
1560,2,2.50368
1561,2,2.398813
1562,2,2.309398
1563,2,2.357383
1564,2,2.307911
1565,2,2.252065
1566,2,2.195308
1567,2,2.186202
1568,2,2.276346
1569,2,2.291825
1570,2,2.289093
1571,2,2.188327
1572,2,2.180648
1573,2,2.042641
1574,2,2.051746
1575,2,2.088471
1576,2,1.971315
1577,2,2.042944
1578,2,1.964031
1579,2,2.053112
1580,2,2.100915
1581,2,2.141889
1582,2,2.133391
1583,2,2.096666
1584,2,2.164653
1585,2,2.177704
1586,2,2.168902
1587,2,2.154637
1588,2,2.078759
1589,2,2.097273
1590,2,2.112752
1591,2,2.055388
1592,2,1.987401
1593,2,2.012593
1594,2,1.992865
1595,2,1.940357
1596,2,1.917897
1597,2,1.993472
1598,2,2.043248
1599,2,2.010165
1600,2,1.95189
1601,2,1.962513
1602,2,1.942178
1603,2,1.876012
1604,2,1.871763
1605,2,1.825933
1606,2,1.819862
1607,2,1.806204
1608,2,1.781923
1609,2,1.891795
1610,2,1.904542
1611,2,1.903632
1612,2,1.901507
1613,2,1.856587
1614,2,2.039909
1615,2,2.162225
1616,2,2.118215
1617,2,2.084222
1618,2,2.063583
1619,2,2.024734
1620,2,2.017419
1621,2,1.967096
1622,2,2.009861
1623,2,1.992561
1624,2,2.052657
1625,2,2.034749
1626,2,1.995596
1627,2,2.008344
1628,2,2.068439
1629,2,2.105164
1630,2,2.136426
1631,2,2.112449
1632,2,2.173758
1633,2,2.15919
1634,2,2.158886
1635,2,2.181953
1636,2,2.181953
1637,2,2.155851
1638,2,2.1428
1639,2,2.068439
1640,2,2.054781
1641,2,2.057513
1642,2,1.972226
1643,2,1.980724
1644,2,1.917594
1645,2,1.957961
1646,2,1.923664
1647,2,1.916683
1648,2,1.92245
1649,2,1.952497
1650,2,1.928793
1651,2,1.858105
1652,2,1.814096
1653,2,1.886939
1654,2,1.87146
1655,2,1.821076
1656,2,1.812669
1657,2,1.777522
1658,2,1.844143
1659,2,1.806508
1660,2,1.730023
1661,2,1.77039
1662,2,1.748537
1663,2,1.802259
1664,2,1.747019
1665,2,1.736093
1666,2,1.744288
1667,2,1.756125
1668,2,1.808329
1669,2,1.785565
1670,2,1.790422
1671,2,1.743074
1672,2,1.700278
1673,2,1.789815
1674,2,1.738217
1675,2,1.758856
1676,2,1.730068
1677,2,1.692691
1678,2,1.681461
1679,2,1.66932
1680,2,1.689048
1681,2,1.607403
1682,2,1.585854
1683,2,1.537899
1684,2,1.589496
1685,2,1.605582
1686,2,1.642004
1687,2,1.836252
1688,2,1.842929
1689,2,1.864175
1690,2,1.879594
1691,2,1.938536
1692,2,1.924271
1693,2,1.99074
1694,2,2.062673
1695,2,2.038999
1696,2,2.068743
1697,2,2.112145
1698,2,2.072992
1699,2,2.039909
1700,2,1.966156
1701,2,1.930038
1702,2,1.944606
1703,2,1.931859
1704,2,1.94066
1705,2,2.016842
1706,2,2.06328
1707,2,2.051443
1708,2,2.061155
1709,2,2.020181
1710,2,2.052353
1711,2,2.042944
1712,2,2.05812
1713,2,2.08665
1714,2,2.032928
1715,2,2.017753
1716,2,2.032321
1717,2,2.059334
1718,2,2.07542
1719,2,2.169509
1720,2,2.1255
1721,2,2.209573
1722,2,2.201074
1723,2,2.200467
1724,2,2.204413
1725,2,2.252065
1726,2,2.251154
1727,2,2.249029
1728,2,2.242656
1729,2,2.239014
1730,2,2.284237
1731,2,2.265723
1732,2,2.215643
1733,2,2.299109
1734,2,2.355562
1735,2,2.319141
1736,2,2.337352
1737,2,2.336441
1738,2,2.272096
1739,2,2.248119
1740,2,2.287879
1741,2,2.271186
1742,2,2.252672
1743,2,2.265116
1744,2,2.240228
1745,2,2.222624
1746,2,2.284237
1747,2,2.276953
1748,2,2.288486
1749,2,2.254796
1750,2,2.26208
1751,2,2.397447
1752,2,2.426584
1753,2,2.472415
1754,2,2.459971
1755,2,2.479092
1756,2,2.494571
1757,2,2.440546
1758,2,2.440849
1759,2,2.460881
1760,2,2.402607
1761,2,2.397144
1762,2,2.376201
1763,2,2.4193
1764,2,2.443581
1765,2,2.502463
1766,2,2.529475
1767,2,2.522798
1768,2,2.56013
1769,2,2.579858
1770,2,2.551025
1771,2,2.598373
1772,2,2.605657
1773,2,2.624475
1774,2,2.689123
1775,2,2.741024
1776,2,2.781087
1777,2,2.717653
1778,2,2.786551
1779,2,2.786247
1780,2,2.781998
1781,2,2.771678
1782,2,2.765608
1783,2,2.770161
1784,2,2.726455
1785,2,2.641775
1786,2,2.678803
1787,2,2.693676
1788,2,2.614459
1789,2,2.702781
1790,2,2.687605
1791,2,2.662414
1792,2,2.594123
1793,2,2.619619
1794,2,2.572574
1795,2,2.516121
1796,2,2.494875
1797,2,2.473932
1798,2,2.474236
1799,2,2.454508
1800,2,2.575002
1801,2,2.543437
1802,2,2.59989
1803,2,2.581376
1804,2,2.594123
1805,2,2.809617
1806,2,2.944074
1807,2,2.907652
1808,2,2.871838
1809,2,2.947109
1810,2,2.881854
1811,2,2.703388
1812,2,2.686088
1813,2,2.634187
1814,2,2.601104
1815,2,2.631455
1816,2,2.617797
1817,2,2.591392
1818,2,2.608389
1819,2,2.596552
1820,2,2.602015
1821,2,2.571967
1822,2,2.572271
1823,2,2.547686
1824,2,2.55406
1825,2,2.614762
1826,2,2.615673
1827,2,2.527351
1828,2,2.576216
1829,2,2.570753
1830,2,2.588964
1831,2,2.586232
1832,2,2.574699
1833,2,2.607174
1834,2,2.707334
1835,2,2.716743
1836,2,2.703388
1837,2,2.69064
1838,2,2.547382
1839,2,2.568021
1840,2,2.642382
1841,2,2.592302
1842,2,2.619919
1843,2,2.676679
1844,2,2.662414
1845,2,2.670912
1846,2,2.670002
1847,2,2.727669
1848,2,2.683053
1849,2,2.731615
1850,2,2.718564
1851,2,2.719171
1852,2,2.765912
1853,2,2.776535
1854,2,2.849074
1855,2,2.851806
1856,2,2.838451
1857,2,2.90917
1858,2,2.897333
1859,2,2.829953
1860,2,2.845432
1861,2,2.819937
1862,2,2.842397
1863,2,2.868195
1864,2,2.861215
1865,2,2.873659
1866,2,2.842397
1867,2,2.860608
1868,2,2.810225
1869,2,2.798084
1870,2,2.738899
1871,2,2.775017
1872,2,2.742238
1873,2,2.743755
1874,2,2.73981
1875,2,2.761055
1876,2,2.838148
1877,2,2.829953
1878,2,2.893933
1879,2,2.99992
1880,2,3.032699
1881,2,3.029057
1882,2,3.019041
1883,2,3.046964
1884,2,3.047268
1885,2,3.059712
1886,2,3.154104
1887,2,3.188705
1888,2,3.243944
1889,2,3.257906
1890,2,3.300398
1891,2,3.319215
1892,2,3.263369
1893,2,3.257906
1894,2,3.321643
1895,2,3.339247
1896,2,3.398736
1897,2,3.446084
1898,2,3.426355
1899,2,3.359583
1900,2,3.448512
1901,2,3.470668
1902,2,3.604821
1903,2,3.678301
1904,2,3.593591
1905,2,3.68252
1906,2,3.723191
1907,2,3.752632
1908,2,3.765652
1909,2,3.77843
1910,2,3.64792
1911,2,3.653686
1912,2,3.566275
1913,2,3.604214
1914,2,3.657329
1915,2,3.796641
1916,2,3.753239
1917,2,3.689197
1918,2,3.760523
1919,2,3.733207
1920,2,3.713175
1921,2,3.63153
1922,2,3.699517
1923,2,3.65915
1924,2,3.70407
1925,2,3.680396
1926,2,3.859772
1927,2,4.029132
1928,2,4.015474
1929,2,3.955685
1930,2,4.016991
1931,2,4.018205
1932,2,4.069192
1933,2,4.180281
1934,2,4.191511
1935,2,4.216093
1936,2,4.192118
1937,2,4.249178
1938,2,4.362996
1939,2,4.361478
1940,2,4.09408
1941,2,4.166016
1942,2,4.431286
1943,2,4.366031
1944,2,4.292581
1945,2,3.999084
1946,2,4.097422
1947,2,4.142645
1948,2,4.001813
1949,2,4.10501
1950,2,4.098336
1951,2,4.067374
1952,2,3.836098
1953,2,3.793909
1954,2,3.878589
1955,2,3.764469
1956,2,3.639118
1957,2,3.552617
1958,2,3.704677
1959,2,3.709533
1960,2,3.871912
1961,2,4.021847
1962,2,3.978142
1963,2,4.106527
1964,2,4.013956
1965,2,3.849149
1966,2,4.069499
1967,2,4.135361
1968,2,4.203044
1969,2,4.37544
1970,2,4.15084
1971,2,4.097726
1972,2,3.999387
1973,2,4.149323
1974,2,4.112294
1975,2,4.153572
1976,2,4.164195
1977,2,4.21306
1978,2,4.20092
1979,2,4.277102
1980,2,4.272546
1981,2,4.258587
1982,2,4.375136
1983,2,4.500487
1984,2,4.649208
1985,2,4.636764
1986,2,4.689272
1987,2,4.65801
1988,2,4.745088
1989,2,4.809159
1990,2,4.793076
1991,2,4.742083
1992,2,4.90021
1993,2,5.096282
1994,2,5.094765
1995,2,5.062289
1996,2,4.923887
1997,2,5.076363
1998,2,5.068056
1999,2,5.146969
2000,2,5.243183
2001,2,5.265946
2002,2,5.172464
2003,2,5.292048
2004,2,5.650193
2005,2,5.643212
2006,2,5.547606
2007,2,5.60588
2008,2,5.617717
2009,2,5.675688
2010,2,5.765225
2011,2,5.689043
2012,2,5.702094
2013,2,5.6508
2014,2,5.821071
2015,2,5.654439
2016,2,5.325626
2017,2,5.01919
2018,2,4.666812
2019,2,5.158503
2020,2,5.04165
2021,2,4.986714
2022,2,5.050149
2023,2,4.976091
2024,2,5.124813
2025,2,5.112976
2026,2,5.206458
2027,2,5.236867
2028,2,5.305706
2029,2,5.469907
2030,2,5.593436
2031,2,5.530609
2032,2,5.428629
2033,2,5.457463
2034,2,5.630161
2035,2,5.76531
2036,2,5.897253
2037,2,5.894521
2038,2,5.722441
2039,2,5.792844
2040,2,5.822285
2041,2,5.778579
2042,2,5.596775
2043,2,5.553676
2044,2,5.557925
2045,2,5.682062
2046,2,5.885416
2047,2,6.033833
2048,2,6.038386
2049,2,6.026853
2050,2,6.065095
2051,2,6.01198
2052,2,5.913642
2053,2,5.916374
2054,2,5.464747
2055,2,5.3916
2056,2,5.197656
2057,2,5.445019
2058,2,5.403134
2059,2,5.241362
2060,2,5.426201
2061,2,5.130579
2062,2,4.845277
2063,2,4.883217
2064,2,4.897482
2065,2,4.723872
2066,2,4.221012
2067,2,4.115633
2068,2,3.945969
2069,2,3.945969
2070,2,3.992407
2071,2,4.011831
2072,2,4.108349
2073,2,4.059483
2074,2,3.995745
2075,2,3.926241
2076,2,3.702855
2077,2,3.679789
2078,2,3.808478
2079,2,3.928972
2080,2,3.78966
2081,2,3.927455
2082,2,3.868573
2083,2,3.782679
2084,2,3.708319
2085,2,3.758095
2086,2,3.688894
2087,2,3.625763
2088,2,3.634262
2089,2,3.616354
2090,2,3.731993
2091,2,3.942934
2092,2,3.794516
2093,2,3.694661
2094,2,3.782376
2095,2,3.778427
2096,2,3.67038
2097,2,3.710443
2098,2,3.632744
2099,2,3.865238
2100,2,3.825171
2101,2,3.883142
2102,2,3.842775
2103,2,3.846417
2104,2,4.031256
2105,2,3.93565
2106,2,4.044914
2107,2,4.234913
2108,2,4.278923
2109,2,4.402756
2110,2,4.256766
2111,2,4.340536
2112,2,4.355408
2113,2,4.538429
2114,2,4.476509
2115,2,4.601557
2116,2,4.646173
2117,2,4.73146
2118,2,4.638889
2119,2,4.596397
2120,2,4.690789
2121,2,4.465887
2122,2,4.485311
2123,2,4.503522
2124,2,4.664991
2125,2,4.688968
2126,2,4.887769
2127,2,5.10387
2128,2,4.862274
2129,2,4.943919
2130,2,5.127544
2131,2,5.151522
2132,2,5.227704
2133,2,5.312991
2134,2,5.279604
2135,2,5.463229
2136,2,5.49176
2137,2,5.606791
2138,2,5.665369
2139,2,5.541839
2140,2,5.616807
2141,2,5.567941
2142,2,5.710896
2143,2,5.765528
2144,2,5.653228
2145,2,5.758547
2146,2,5.694509
2147,2,5.572494
2148,2,5.642302
2149,2,5.408294
2150,2,5.373693
2151,2,5.49874
2152,2,5.658388
2153,2,5.675992
2154,2,5.666279
2155,2,5.728803
2156,2,5.648372
2157,2,5.626216
2158,2,5.620753
2159,2,5.749442
2160,2,5.634411
2161,2,5.512095
2162,2,5.634411
2163,2,5.487814
2164,2,5.258662
2165,2,5.231649
2166,2,5.367319
2167,2,5.506632
2168,2,5.42529
2169,2,5.490546
2170,2,5.319668
2171,2,5.255627
2172,2,5.258358
2173,2,5.384013
2174,2,5.106905
2175,2,5.162448
2176,2,5.082017
2177,2,5.301761
2178,2,5.104477
2179,2,5.163359
2180,2,5.316329
2181,2,5.449571
2182,2,5.28871
2183,2,5.360946
2184,2,5.238023
2185,2,5.27748
2186,2,5.14879
2187,2,5.245004
2188,2,5.214652
2189,2,5.012513
2190,2,5.047113
2191,2,4.917513
2192,2,5.046203
2193,2,4.826763
2194,2,4.920549
2195,2,4.686237
2196,2,4.767578
2197,2,4.852562
2198,2,4.824335
2199,2,4.754831
2200,2,4.650726
2201,2,4.875629
2202,2,4.983376
2203,2,4.964558
2204,2,5.146059
2205,2,5.267767
2206,2,5.363981
2207,2,5.441984
2208,2,5.442591
2209,2,5.333933
2210,2,5.32331
2211,2,5.266857
2212,2,5.336968
2213,2,5.289924
2214,2,5.365802
2215,2,5.237112
2216,2,5.270195
2217,2,5.301457
2218,2,5.27323
2219,2,5.145452
2220,2,5.044078
2221,2,5.067449
2222,2,4.893232
2223,2,4.861667
2224,2,4.793073
2225,2,4.603681
2226,2,4.601557
2227,2,4.633122
2228,2,4.520519
2229,2,4.260105
2230,2,4.245536
2231,2,3.879803
2232,2,4.069802
2233,2,4.276798
2234,2,3.977535
2235,2,3.849756
2236,2,3.906513
2237,2,4.004244
2238,2,3.892247
2239,2,3.194775
2240,2,3.449726
2241,2,3.311931
2242,2,3.038163
2243,2,2.946198
2244,2,2.978674
2245,2,2.70612
2246,2,2.725241
2247,2,2.693372
2248,2,2.938003
2249,2,3.346532
2250,2,3.158961
2251,2,2.972907
2252,2,3.092491
2253,2,2.956214
2254,2,2.987779
2255,2,2.776838
2256,2,2.940128
2257,2,2.981406
2258,2,2.925256
2259,2,2.795049
2260,2,3.032396
2261,2,3.173226
2262,2,3.370206
2263,2,3.265494
2264,2,3.246372
2265,2,3.368688
2266,2,3.135287
2267,2,3.007811
2268,2,2.981709
2269,2,2.91008
2270,2,2.87639
2271,2,2.735257
2272,2,2.927077
2273,2,2.738899
2274,2,2.675161
2275,2,2.728883
2276,2,2.619011
2277,2,2.442974
2278,2,2.506408
2279,2,2.821151
2280,2,2.755896
2281,2,2.883371
2282,2,2.812653
2283,2,2.699139
2284,2,2.806582
2285,2,2.910687
2286,2,2.77441
2287,2,2.85302
2288,2,3.026629
2289,2,3.036949
2290,2,2.980799
2291,2,2.883371
2292,2,2.98262
2293,2,2.875783
2294,2,2.896422
2295,2,2.70612
2296,2,2.714314
2297,2,2.731615
2298,2,2.602318
2299,2,2.621743
2300,2,2.581072
2301,2,2.604443
2302,2,2.628724
2303,2,2.619011
2304,2,2.590481
2305,2,2.754378
2306,2,2.870624
2307,2,2.823276
2308,2,2.762269
2309,2,2.813563
2310,2,2.749218
2311,2,2.690944
2312,2,2.66211
2313,2,2.589874
2314,2,2.530689
2315,2,2.49882
2316,2,2.37347
2317,2,2.513996
2318,2,2.681839
2319,2,2.681839
2320,2,2.720688
2321,2,2.753771
2322,2,2.85909
2323,2,2.822669
2324,2,2.73556
2325,2,2.777445
2326,2,2.822062
2327,2,2.839362
2328,2,2.927684
2329,2,3.026629
2330,2,3.111309
2331,2,2.969265
2332,2,2.93861
2333,2,3.012971
2334,2,3.009632
2335,2,2.869106
2336,2,2.86425
2337,2,2.75104
2338,2,2.768036
2339,2,2.639043
2340,2,2.739203
2341,2,2.766822
2342,2,2.70703
2343,2,2.710672
2344,2,2.669091
2345,2,2.682142
2346,2,2.767126
2347,2,2.696407
2348,2,2.588964
2349,2,2.522494
2350,2,2.689958
2351,2,2.812956
2352,2,2.924345
2353,2,2.911598
2354,2,2.896119
2355,2,3.024808
2356,2,3.081261
2357,2,3.084297
2358,2,3.083386
2359,2,3.267618
2360,2,3.242427
2361,2,3.232107
2362,2,3.334695
2363,2,3.243034
2364,2,3.171405
2365,2,3.190526
2366,2,3.29888
2367,2,3.420892
2368,2,3.520444
2369,2,3.595108
2370,2,3.490397
2371,2,3.53046
2372,2,3.629102
2373,2,3.64883
2374,2,3.590859
2375,2,3.570524
2376,2,3.686162
2377,2,3.745954
2378,2,3.657329
2379,2,3.695571
2380,2,3.687983
2381,2,3.80605
2382,2,3.760523
2383,2,3.785714
2384,2,3.760584
2385,2,3.798158
2386,2,3.819101
2387,2,3.861896
2388,2,4.008493
2389,2,4.027918
2390,2,4.021544
2391,2,3.917135
2392,2,3.921081
2393,2,3.932615
2394,2,3.776306
2395,2,3.626674
2396,2,3.731689
2397,2,3.715603
2398,2,3.843989
2399,2,3.86827
2400,2,3.820315
2401,2,3.769021
2402,2,3.718031
2403,2,3.96934
2404,2,4.038237
2405,2,4.099547
2406,2,4.122007
2407,2,4.22945
2408,2,4.233699
2409,2,4.278012
2410,2,4.362692
2411,2,4.390919
2412,2,4.366031
2413,2,4.331734
2414,2,4.256766
2415,2,4.247661
2416,2,4.157214
2417,2,4.130505
2418,2,4.138396
2419,2,4.115026
2420,2,4.124131
2421,2,4.233396
2422,2,4.169355
2423,2,4.067374
2424,2,4.134451
2425,2,4.244929
2426,2,4.323236
2427,2,4.30897
2428,2,4.322932
2429,2,4.335073
2430,2,4.249785
2431,2,4.20699
2432,2,4.109563
2433,2,4.164802
2434,2,4.1387
2435,2,4.204259
2436,2,4.3202
2437,2,4.318076
2438,2,4.457995
2439,2,4.47742
2440,2,4.605806
2441,2,4.640983
2442,2,4.598522
2443,2,4.757259
2444,2,4.790038
2445,2,4.855779
2446,2,4.859239
2447,2,4.856204
2448,2,4.857114
2449,2,4.940884
2450,2,4.959095
2451,2,5.051363
2452,2,5.024653
2453,2,5.011299
2454,2,4.974877
2455,2,5.023439
2456,2,4.999462
2457,2,4.942098
2458,2,5.017369
2459,2,5.111762
2460,2,5.061986
2461,2,4.84376
2462,2,4.977609
2463,2,4.99582
2464,2,5.048327
2465,2,5.136043
2466,2,5.131186
2467,2,5.141506
2468,2,5.081107
2469,2,5.143023
2470,2,5.161234
2471,2,5.105388
2472,2,5.017005
2473,2,5.013424
2474,2,5.055005
2475,2,5.169126
2476,2,5.248646
2477,2,5.194317
2478,2,5.237416
2479,2,5.225275
2480,2,5.272623
2481,2,5.316329
2482,2,5.519986
2483,2,5.601328
2484,2,5.615593
2485,2,5.585242
2486,2,5.599203
2487,2,5.630161
2488,2,5.579171
2489,2,5.535162
2490,2,5.649947
2491,2,5.626519
2492,2,5.625609
2493,2,5.489328
2494,2,5.611951
2495,2,5.646065
2496,2,5.767046
2497,2,5.77433
2498,2,5.744586
2499,2,5.781007
2500,2,5.791327
2501,2,5.767349
2502,2,5.805895
2503,2,5.783739
2504,2,5.707557
2505,2,5.762493
2506,2,6.032619
2507,2,6.219583
2508,2,6.228082
2509,2,6.189839
2510,2,6.145526
2511,2,5.990431
2512,2,5.839585
2513,2,5.959473
2514,2,5.721215
2515,2,5.7458
2516,2,5.728803
2517,2,5.791327
2518,2,5.889061
2519,2,5.898467
2520,2,6.114568
2521,2,6.160702
2522,2,6.168897
2523,2,6.130654
2524,2,6.205318
2525,2,6.271484
2526,2,6.282714
2527,2,6.251148
2528,2,6.085734
2529,2,6.067827
2530,2,6.24872
2531,2,6.205015
2532,2,6.197427
2533,2,6.088162
2534,2,6.067523
2535,2,5.978291
2536,2,5.955831
2537,2,5.963418
2538,2,5.867508
2539,2,5.734873
2540,2,5.762796
2541,2,6.003482
2542,2,5.961901
2543,2,5.908483
2544,2,5.978594
2545,2,5.893307
2546,2,5.919409
2547,2,5.823196
2548,2,5.93155
2549,2,6.016533
2550,2,6.081181
2551,2,6.133993
2552,2,6.34463
2553,2,6.422633
2554,2,6.346451
2555,2,6.423544
2556,2,6.395985
2557,2,6.495476
2558,2,6.506706
2559,2,6.403208
2560,2,6.391371
2561,2,6.433863
2562,2,6.377106
2563,2,6.304567
2564,2,6.393496
2565,2,6.356467
2566,2,6.250238
2567,2,6.526738
2568,2,6.426124
2569,2,6.31525
2570,2,6.001965
2571,2,6.163585
2572,2,6.250541
2573,2,6.309544
2574,2,6.048705
2575,2,5.829357
2576,2,5.910304
2577,2,5.944601
2578,2,6.046884
2579,2,5.828962
2580,2,5.93246
2581,2,5.891789
2582,2,5.954617
2583,2,5.922019
2584,2,6.029888
2585,2,6.081788
2586,2,6.173449
2587,2,6.147651
2588,2,6.159123
2589,2,6.120942
2590,2,6.082881
2591,2,5.980992
2592,2,6.090165
2593,2,6.130957
2594,2,6.210478
2595,2,6.343113
2596,2,6.338864
2597,2,6.353432
2598,2,6.395317
2599,2,6.645412
2600,2,6.649357
2601,2,6.768941
2602,2,6.824181
2603,2,6.844212
2604,2,6.877599
2605,2,6.793829
2606,2,6.812344
2607,2,6.802328
2608,2,6.818414
2609,2,6.745568
2610,2,6.821449
2611,2,6.931017
2612,2,6.961672
2613,2,6.879116
2614,2,7.008109
2615,2,7.053333
2616,2,7.158196
2617,2,7.13255
2618,2,7.16199
2619,2,7.238475
2620,2,7.270344
2621,2,7.302517
2622,2,7.282788
2623,2,7.338635
2624,2,7.35381
2625,2,7.358059
2626,2,7.457005
2627,2,7.555039
2628,2,7.508905
2629,2,7.498889
2630,2,7.423618
2631,2,7.867657
2632,2,8.087689
2633,2,8.220036
2634,2,8.179668
2635,2,7.953248
2636,2,7.939893
2637,2,8.153566
2638,2,7.924414
2639,2,8.084062
2640,2,7.851268
2641,2,7.769471
2642,2,7.474001
2643,2,7.158652
2644,2,7.70892
2645,2,7.785709
2646,2,7.954766
2647,2,7.841555
2648,2,7.70376
2649,2,7.715901
2650,2,7.659448
2651,2,7.537436
2652,2,7.216319
2653,2,7.354721
2654,2,7.48948
2655,2,7.44274
2656,2,7.409019
2657,2,7.689495
2658,2,7.796635
2659,2,7.916523
2660,2,8.011219
2661,2,7.986027
2662,2,7.768864
2663,2,7.616349
2664,2,7.567483
2665,2,7.38143
2666,2,7.603298
2667,2,7.694352
2668,2,7.717722
2669,2,7.881922
2670,2,8.111378
2671,2,8.251601
2672,2,8.318495
2673,2,8.200004
2674,2,8.311697
2675,2,8.224285
2676,2,8.164493
2677,2,8.094685
2678,2,8.143247
2679,2,7.775086
2680,2,7.634256
2681,2,7.541685
2682,2,7.494944
2683,2,7.546237
2684,2,7.850812
2685,2,7.83336
2686,2,7.879798
2687,2,7.808928
2688,2,7.64239
2689,2,7.670587
2690,2,7.631828
2691,2,7.584783
2692,2,7.453666
2693,2,7.645183
2694,2,7.716508
2695,2,7.861709
2696,2,7.88951
2697,2,7.869478
2698,2,8.015165
2699,2,7.920469
2700,2,7.833967
2701,2,7.807865
2702,2,7.947481
2703,2,7.949909
2704,2,7.981778
2705,2,7.942929
2706,2,7.894093
2707,2,7.944446
2708,2,7.873424
2709,2,7.593585
2710,2,7.642147
2711,2,7.560502
2712,2,7.51619
2713,2,7.647611
2714,2,7.680997
2715,2,7.584176
2716,2,7.576892
2717,2,7.460343
2718,2,7.282181
2719,2,7.372021
2720,2,7.292804
2721,2,7.333475
2722,2,7.360184
2723,2,7.378395
2724,2,7.597835
2725,2,7.653681
2726,2,7.853999
2727,2,7.824862
2728,2,7.979957
2729,2,7.98451
2730,2,7.994829
2731,2,8.105004
2732,2,8.135963
2733,2,8.201521
2734,2,8.394252
2735,2,8.35783
2736,2,8.596391
2737,2,8.612781
2738,2,8.733579
2739,2,8.76909
2740,2,8.872285
2741,2,8.837198
2742,2,8.706567
2743,2,8.722046
2744,2,8.612174
2745,2,8.574842
2746,2,8.457079
2747,2,8.769697
2748,2,8.777285
2749,2,8.778196
2750,2,8.925399
2751,2,8.964552
2752,2,9.061069
2753,2,9.109632
2754,2,9.175494
2755,2,9.55276
2756,2,9.651705
2757,2,9.393416
2758,2,9.424981
2759,2,9.394326
2760,2,9.332106
2761,2,9.373688
2762,2,9.34971
2763,2,9.343033
2764,2,9.264423
2765,2,9.135127
2766,2,9.232251
2767,2,9.38947
2768,2,9.493879
2769,2,9.6599
2770,2,9.6253
2771,2,9.670523
2772,2,9.593431
2773,2,9.652616
2774,2,9.610883
2775,2,9.349103
2776,2,9.318904
2777,2,9.153641
2778,2,9.120558
2779,2,9.361244
2780,2,9.309646
2781,2,9.510875
2782,2,9.370349
2783,2,9.554429
2784,2,9.560651
2785,2,9.617408
2786,2,9.443799
2787,2,9.603143
2788,2,9.656258
2789,2,9.634709
2790,2,9.716961
2791,2,9.658079
2792,2,9.743063
2793,2,9.705048
2794,2,9.729405
2795,2,9.763094
2796,2,9.72121
2797,2,9.723334
2798,2,9.750347
2799,2,9.730922
2800,2,9.779484
2801,2,9.840035
2802,2,9.86902
2803,2,9.821672
2804,2,9.854452
2805,2,9.878429
2806,2,9.872966
2807,2,9.823493
2808,2,9.790107
2809,2,10.00287
2810,2,10.055074
2811,2,10.137326
2812,2,10.129131
2813,2,10.20167
2814,2,10.393946
2815,2,10.369209
2816,2,10.453586
2817,2,10.491829
2818,2,10.576812
2819,2,10.339162
2820,2,10.284226
2821,2,10.097262
2822,2,9.916368
2823,2,10.242038
2824,2,10.361925
2825,2,10.436286
2826,2,10.416861
2827,2,10.201063
2828,2,10.298794
2829,2,10.4721
2830,2,10.450551
2831,2,10.423842
2832,2,10.516717
2833,2,10.680006
2834,2,10.780773
2835,2,10.870612
2836,2,10.760741
2837,2,10.830852
2838,2,10.901571
2839,2,10.923424
2840,2,11.021458
2841,2,10.874862
2842,2,10.639943
2843,2,10.277245
2844,2,10.398954
2845,2,10.406845
2846,2,10.5671
2847,2,10.720374
2848,2,10.602004
2849,2,10.687291
2850,2,10.913104
2851,2,10.926459
2852,2,10.785629
2853,2,10.797769
2854,2,10.697914
2855,2,10.521876
2856,2,10.683345
2857,2,10.730997
2858,2,10.484241
2859,2,10.016224
2860,2,10.15675
2861,2,10.036256
2862,2,10.298187
2863,2,10.355855
2864,2,10.294849
2865,2,10.470279
2866,2,10.669687
2867,2,10.636301
2868,2,10.652083
2869,2,10.581365
2870,2,10.577647
2871,2,10.457835
2872,2,10.355551
2873,2,10.285743
2874,2,10.259945
2875,2,10.261159
2876,2,10.169498
2877,2,10.040202
2878,2,10.088764
2879,2,10.201974
2880,2,10.089371
2881,2,9.938828
2882,2,10.07207
2883,2,10.254482
2884,2,10.39258
2885,2,10.644071
2886,2,10.714273
2887,2,10.635694
2888,2,10.627499
2889,2,10.524304
2890,2,10.626892
2891,2,10.510039
2892,2,10.568314
2893,2,10.609895
2894,2,10.524304
2895,2,10.521573
2896,2,10.550103
2897,2,10.606253
2898,2,10.538873
2899,2,10.518841
2900,2,10.334609
2901,2,10.11608
2902,2,10.202277
2903,2,10.315488
2904,2,10.33552
2905,2,10.174354
2906,2,10.149466
2907,2,10.08239
2908,2,10.221702
2909,2,10.167677
2910,2,10.240824
2911,2,10.557084
2912,2,10.486669
2913,2,10.504637
2914,2,10.423842
2915,2,10.259945
2916,2,10.077837
2917,2,10.083907
2918,2,10.061144
2919,2,9.89148
2920,2,9.912726
2921,2,10.089978
2922,2,9.917279
2923,2,9.86902
2924,2,9.720299
2925,2,9.570364
2926,2,9.87327
2927,2,9.791625
2928,2,10.053253
2929,2,9.905138
2930,2,10.077837
2931,2,10.175568
2932,2,10.13854
2933,2,10.188012
2934,2,10.418378
2935,2,10.605646
2936,2,10.676364
2937,2,10.841475
2938,2,10.917657
2939,2,10.744351
2940,2,10.736763
2941,2,10.866363
2942,2,10.858775
2943,2,11.075787
2944,2,11.345306
2945,2,11.437878
2946,2,11.742908
2947,2,11.754745
2948,2,11.937156
2949,2,12.094983
2950,2,12.244008
2951,2,11.915607
2952,2,11.892236
2953,2,11.851566
2954,2,12.041868
2955,2,11.803914
2956,2,11.915
2957,2,11.45366
2958,2,11.339843
2959,2,10.720374
2960,2,11.35168
2961,2,11.038455
2962,2,11.342271
2963,2,11.442127
2964,2,11.636982
2965,2,11.548053
2966,2,11.546839
2967,2,11.110084
2968,2,10.805964
2969,2,10.818408
2970,2,11.339236
2971,2,11.417542
2972,2,11.342878
2973,2,11.642142
2974,2,11.836087
2975,2,11.836694
2976,2,11.680081
2977,2,11.564746
2978,2,11.352894
2979,2,11.525593
2980,2,11.652765
2981,2,11.659139
2982,2,11.456999
2983,2,11.531663
2984,2,11.673707
2985,2,11.815751
2986,2,11.926837
2987,2,12.155685
2988,2,12.493495
2989,2,12.548734
2990,2,12.508974
2991,2,12.195749
2992,2,12.27102
2993,2,12.236723
2994,2,12.11805
2995,2,12.049759
2996,2,11.854297
2997,2,11.573548
2998,2,11.369587
2999,2,11.30585
3000,2,11.48037
3001,2,11.45366
3002,2,11.223901
3003,2,11.800879
3004,2,12.149312
3005,2,12.206979
3006,2,12.396371
3007,2,12.808238
3008,2,12.747232
3009,2,12.815522
3010,2,12.098625
3011,2,11.998162
3012,2,11.924105
3013,2,12.315637
3014,2,12.072826
3015,2,12.158721
3016,2,12.282857
3017,2,12.290749
3018,2,12.285589
3019,2,12.034584
3020,2,12.0619
3021,2,12.233688
3022,2,12.147794
3023,2,12.132315
3024,2,12.329598
3025,2,11.997252
3026,2,11.691918
3027,2,11.673707
3028,2,11.511024
3029,2,11.801486
3030,2,11.67826
3031,2,11.454875
3032,2,11.379907
3033,2,11.199924
3034,2,11.427558
3035,2,11.138614
3036,2,11.034813
3037,2,11.415721
3038,2,11.327096
3039,2,11.600257
3040,2,11.77417
3041,2,11.827892
3042,2,11.928354
3043,2,11.865831
3044,2,11.809377
3045,2,11.857029
3046,2,11.946869
3047,2,11.892843
3048,2,11.800879
3049,2,11.539251
3050,2,11.501312
3051,2,11.564443
3052,2,11.600561
3053,2,12.017587
3054,2,12.032611
3055,2,12.0965
3056,2,12.24158
3057,2,12.338704
3058,2,12.220637
3059,2,12.295908
3060,2,12.292266
3061,2,12.481355
3062,2,12.548431
3063,2,12.687743
3064,2,12.820378
3065,2,12.800043
3066,2,12.845873
3067,2,12.824931
3068,2,12.789724
3069,2,12.741769
3070,2,12.890186
3071,2,13.024035
3072,2,12.982758
3073,2,12.756641
3074,2,12.972408
3075,2,12.759979
3076,2,13.5567
3077,2,13.495087
3078,2,13.575518
3079,2,13.749431
3080,2,13.85475
3081,2,13.845948
3082,2,13.813472
3083,2,13.951874
3084,2,14.082081
3085,2,14.229588
3086,2,14.467846
3087,2,14.968338
3088,2,14.975926
3089,2,15.254551
3090,2,15.46276
3091,2,15.104919
3092,2,15.242714
3093,2,15.239982
3094,2,15.626354
3095,2,15.571418
3096,2,15.673095
3097,2,15.855809
3098,2,15.957486
3099,2,16.250376
3100,2,16.463745
3101,2,16.525358
3102,2,16.546908
3103,2,16.182086
3104,2,16.094067
3105,2,16.107118
3106,2,16.450087
3107,2,16.546604
3108,2,16.753904
3109,2,17.242559
3110,2,17.894504
3111,2,17.772492
3112,2,17.772796
3113,2,18.244151
3114,2,18.391658
3115,2,18.286643
3116,2,18.190733
3117,2,18.090877
3118,2,18.422617
3119,2,18.650251
3120,2,18.745554
3121,2,18.510028
3122,2,18.197107
3123,2,18.776209
3124,2,19.100664
3125,2,18.948604
3126,2,19.232996
3127,2,19.310391
3128,2,19.073955
3129,2,19.005968
3130,2,18.901863
3131,2,18.369502
3132,2,17.607685
3133,2,18.505172
3134,2,18.463894
3135,2,17.829553
3136,2,17.390673
3137,2,17.351824
3138,2,17.005212
3139,2,18.514277
3140,2,18.44447
3141,2,18.301819
3142,2,17.724537
3143,2,17.668387
3144,2,17.78524
3145,2,17.658979
3146,2,17.156058
3147,2,17.284444
3148,2,17.244987
3149,2,17.275338
3150,2,17.316009
3151,2,17.200371
3152,2,16.942688
3153,2,16.789415
3154,2,16.574072
3155,2,16.089818
3156,2,16.097709
3157,2,17.035563
3158,2,16.904749
3159,2,17.317223
3160,2,17.158182
3161,2,17.066218
3162,2,17.369124
3163,2,17.578548
3164,2,17.534842
3165,2,17.026761
3166,2,17.126921
3167,2,17.082608
3168,2,17.344539
3169,2,17.352431
3170,2,17.613452
3171,2,17.335737
3172,2,17.48719
3173,2,17.365785
3174,2,17.346664
3175,2,17.425577
3176,2,17.77917
3177,2,17.828642
3178,2,17.777986
3179,2,17.533021
3180,2,17.667477
3181,2,17.323445
3182,2,17.361688
3183,2,17.436807
3184,2,17.271393
3185,2,17.725144
3186,2,17.983737
3187,2,18.192857
3188,2,18.512456
3189,2,18.38923
3190,2,18.632344
3191,2,18.459949
3192,2,18.345221
3193,2,18.177378
3194,2,18.361611
3195,2,18.420492
3196,2,18.421403
3197,2,18.400764
3198,2,18.645395
3199,2,18.341275
3200,2,18.32701
3201,2,18.238688
3202,2,17.451072
3203,2,17.448341
3204,2,17.760352
3205,2,18.059919
3206,2,18.537344
3207,2,18.417457
3208,2,18.447201
3209,2,18.68728
3210,2,18.895186
3211,2,18.845531
3212,2,18.813541
3213,2,18.920377
3214,2,18.949944
3215,2,19.202935
3216,2,19.254448
3217,2,19.228234
3218,2,19.396184
3219,2,19.754943
3220,2,20.274337
3221,2,19.997327
3222,2,20.387726
3223,2,20.197525
3224,2,20.21557
3225,2,20.5953
3226,2,20.568477
3227,2,20.527816
3228,2,20.23526
3229,2,20.27708
3230,2,20.573659
3231,2,20.42918
3232,2,20.613284
3233,2,20.740389
3234,2,20.200878
3235,2,20.135344
3236,2,20.415768
3237,2,20.81781
3238,2,21.070801
3239,2,21.329919
3240,2,21.394813
3241,2,21.400604
3242,2,21.296969
3243,2,21.33949
3244,2,21.055866
3245,2,20.530071
3246,2,20.275251
3247,2,20.767212
3248,2,20.333927
3249,2,20.098767
3250,2,20.15729
3251,2,20.466366
3252,2,20.32463
3253,2,19.891497
3254,2,19.451963
3255,2,19.381248
3256,2,19.535481
3257,2,19.145021
3258,2,19.194217
3259,2,19.348024
3260,2,19.806227
3261,2,19.64837
3262,2,19.283404
3263,2,18.588441
3264,2,19.325773
3265,2,18.695593
3266,2,18.801502
3267,2,18.579236
3268,2,18.410433
3269,2,18.145859
3270,2,18.183043
3271,2,17.581354
3272,2,17.819748
3273,2,17.765748
3274,2,17.089146
3275,2,16.468919
3276,2,16.754044
3277,2,16.624497
3278,2,16.62658
3279,2,16.442275
3280,2,16.097431
3281,2,16.160458
3282,2,17.325824
3283,2,17.178312
3284,2,17.202403
3285,2,17.502533
3286,2,18.054713
3287,2,17.909242
3288,2,17.85289
3289,2,18.049507
3290,2,17.924554
3291,2,17.952424
3292,2,17.635614
3293,2,16.50084
3294,2,16.759694
3295,2,16.331104
3296,2,16.226086
3297,2,16.580335
3298,2,16.507201
3299,2,16.222077
3300,2,15.61275
3301,2,15.889483
3302,2,16.351011
3303,2,16.118562
3304,2,15.978303
3305,2,15.904796
3306,2,15.93046
3307,2,15.71092
3308,2,15.774024
3309,2,15.606478
3310,2,16.298117
3311,2,16.814376
3312,2,16.602015
3313,2,16.139694
3314,2,16.044755
3315,2,16.087937
3316,2,15.836501
3317,2,16.032811
3318,2,15.934502
3319,2,15.366397
3320,2,14.881594
3321,2,15.499313
3322,2,15.394879
3323,2,15.312803
3324,2,15.458887
3325,2,15.741714
3326,2,13.796835
3327,2,13.471591
3328,2,13.776316
3329,2,14.034796
3330,2,13.990695
3331,2,13.949657
3332,2,13.892387
3333,2,13.546195
3334,2,14.02175
3335,2,14.006621
3336,2,14.420679
3337,2,14.62888
3338,2,14.781334
3339,2,14.410823
3340,2,14.383412
3341,2,14.370477
3342,2,14.172439
3343,2,14.167204
3344,2,13.824103
3345,2,13.738174
3346,2,13.884469
3347,2,13.63777
3348,2,13.827799
3349,2,13.692284
3350,2,13.594651
3351,2,13.258019
3352,2,12.937094
3353,2,13.278777
3354,2,13.109938
3355,2,13.261468
3356,2,13.296518
3357,2,13.485931
3358,2,13.195189
3359,2,13.192725
3360,2,13.320541
3361,2,13.664257
3362,2,14.035692
3363,2,13.997809
3364,2,13.923584
3365,2,13.943603
3366,2,14.226338
3367,2,14.277772
3368,2,14.202499
3369,2,13.923584
3370,2,13.633458
3371,2,13.209973
3372,2,13.237137
3373,2,13.304833
3374,2,13.173322
3375,2,13.034111
3376,2,13.126815
3377,2,13.150531
3378,2,13.418789
3379,2,13.376903
3380,2,13.237384
3381,2,12.930934
3382,2,13.127739
3383,2,12.405812
3384,2,12.074724
3385,2,12.027909
3386,2,12.278613
3387,2,12.508373
3388,2,12.487799
3389,2,12.57767
3390,2,12.849471
3391,2,13.247239
3392,2,13.637154
3393,2,13.529666
3394,2,13.721543
3395,2,13.858906
3396,2,14.189379
3397,2,14.126179
3398,2,14.285779
3399,2,14.161968
3400,2,14.04415
3401,2,14.099028
3402,2,13.761698
3403,2,13.296319
3404,2,13.473914
3405,2,13.43305
3406,2,13.732864
3407,2,13.631479
3408,2,13.684001
3409,2,13.708371
3410,2,13.801694
3411,2,13.686636
3412,2,13.795493
3413,2,14.001054
3414,2,13.94385
3415,2,13.97439
3416,2,13.930673
3417,2,13.800454
3418,2,13.594274
3419,2,13.69817
3420,2,13.607606
3421,2,13.56761
3422,2,13.399875
3423,2,13.516917
3424,2,13.333525
3425,2,13.393984
3426,2,13.386853
3427,2,13.114943
3428,2,12.923892
3429,2,12.820399
3430,2,12.480589
3431,2,12.483379
3432,2,12.341998
3433,2,12.208988
3434,2,12.294251
3435,2,12.687699
3436,2,12.975112
3437,2,13.046733
3438,2,12.941937
3439,2,12.868456
3440,2,13.09479
3441,2,13.044562
3442,2,13.24789
3443,2,13.223769
3444,2,13.252603
3445,2,13.338021
3446,2,13.341586
3447,2,13.386481
3448,2,13.175402
3449,2,13.217568
3450,2,12.990614
3451,2,13.657833
3452,2,13.595514
3453,2,13.672715
3454,2,13.883546
3455,2,14.055002
3456,2,14.030508
3457,2,14.159053
3458,2,14.340864
3459,2,14.555106
3460,2,14.424887
3461,2,14.416515
3462,2,14.387991
3463,2,14.183255
3464,2,14.586173
3465,2,15.279341
3466,2,15.558043
3467,2,15.53963
3468,2,15.677577
3469,2,15.846421
3470,2,15.638252
3471,2,15.678513
3472,2,15.697239
3473,2,15.636692
3474,2,15.697551
3475,2,15.248755
3476,2,15.320725
3477,2,15.345817
3478,2,15.205873
3479,2,15.248443
3480,2,15.564005
3481,2,15.457236
3482,2,15.549305
3483,2,15.797422
3484,2,15.437574
3485,2,14.597096
3486,2,14.752521
3487,2,14.509397
3488,2,14.048117
3489,2,14.210408
3490,2,14.502531
3491,2,14.740349
3492,2,14.587733
3493,2,15.312735
3494,2,15.264672
3495,2,15.028415
3496,2,15.174788
3497,2,15.06649
3498,2,14.879232
3499,2,15.229093
3500,2,15.279029
3501,2,15.087089
3502,2,15.075229
3503,2,15.222539
3504,2,15.010001
3505,2,15.186273
3506,2,15.281463
3507,2,15.380523
3508,2,15.481268
3509,2,15.563661
3510,2,15.639626
3511,2,15.745302
3512,2,15.882312
3513,2,16.27156
3514,2,16.224917
3515,2,16.383853
3516,2,16.60076
3517,2,16.415
3518,2,16.53728
3519,2,16.125374
3520,2,16.381855
3521,2,16.313381
3522,2,16.229989
3523,2,16.439718
3524,2,16.399114
3525,2,16.352955
3526,2,16.088379
3527,2,16.341654
3528,2,16.294188
3529,2,16.324388
3530,2,16.343977
3531,2,16.580236
3532,2,16.480754
3533,2,16.281035
3534,2,16.309947
3535,2,16.167112
3536,2,16.359736
3537,2,16.317795
3538,2,16.441482
3539,2,16.744733
3540,2,17.139022
3541,2,17.4564
3542,2,17.30446
3543,2,17.778235
3544,2,17.736734
3545,2,17.827804
3546,2,17.5804
3547,2,17.781625
3548,2,17.754
3549,2,17.622466
3550,2,17.596724
3551,2,17.404916
3552,2,17.501291
3553,2,17.422496
3554,2,17.29002
3555,2,17.091933
3556,2,17.235083
3557,2,17.896522
3558,2,17.820552
3559,2,17.702202
3560,2,17.582597
3561,2,17.407741
3562,2,17.611792
3563,2,17.364106
3564,2,16.982687
3565,2,17.075295
3566,2,16.9531
3567,2,17.060541
3568,2,16.842646
3569,2,16.730292
3570,2,16.817877
3571,2,17.152521
3572,2,17.496896
3573,2,17.399265
3574,2,16.972956
3575,2,17.236652
3576,2,17.31325
3577,2,17.459853
3578,2,17.142475
3579,2,17.281544
3580,2,15.900276
3581,2,15.719769
3582,2,15.689381
3583,2,15.71506
3584,2,15.744255
3585,2,15.972165
3586,2,16.091456
3587,2,16.184691
3588,2,16.411115
3589,2,16.705118
3590,2,16.925225
3591,2,16.923962
3592,2,17.192702
3593,2,17.178807
3594,2,17.241965
3595,2,16.969752
3596,2,16.773329
3597,2,16.587011
3598,2,16.659644
3599,2,16.486273
3600,2,16.337535
3601,2,16.663433
3602,2,16.618275
3603,2,16.666275
3604,2,16.776171
3605,2,16.81154
3606,2,16.760697
3607,2,16.750908
3608,2,16.766066
3609,2,16.929331
3610,2,16.945752
3611,2,16.757539
3612,2,16.569327
3613,2,16.634064
3614,2,16.781224
3615,2,16.776803
3616,2,16.69596
3617,2,16.827645
3618,2,17.027226
3619,2,17.210386
3620,2,17.045858
3621,2,16.972594
3622,2,16.953647
3623,2,16.949857
3624,2,17.104911
3625,2,17.133333
3626,2,17.014595
3627,2,16.794487
3628,2,16.5308
3629,2,16.529853
3630,2,16.747118
3631,2,16.531116
3632,2,16.408904
3633,2,16.474273
3634,2,16.356795
3635,2,16.389957
3636,2,16.577222
3637,2,16.773961
3638,2,16.790666
3639,2,16.571222
3640,2,17.929762
3641,2,18.061447
3642,2,18.760928
3643,2,18.705349
3644,2,18.634611
3645,2,18.678506
3646,2,18.713243
3647,2,18.977878
3648,2,18.771034
3649,2,18.705349
3650,2,18.67219
3651,2,18.594468
3652,2,18.825889
3653,2,18.855422
3654,2,18.858916
3655,2,18.698548
3656,2,18.974507
3657,2,19.199339
3658,2,19.20315
3659,2,19.25396
3660,2,19.284445
3661,2,19.502291
3662,2,19.867485
3663,2,19.81604
3664,2,20.177106
3665,2,20.101526
3666,2,19.963388
3667,2,20.245699
3668,2,20.476882
3669,2,20.557225
3670,2,20.500699
3671,2,20.828759
3672,2,20.95102
3673,2,20.864326
3674,2,20.515327
3675,2,20.290812
3676,2,20.495321
3677,2,20.468646
3678,2,20.490875
3679,2,20.419742
3680,2,20.208564
3681,2,20.190781
3682,2,20.06852
3683,2,20.086304
3684,2,20.206341
3685,2,20.446417
3686,2,20.657594
3687,2,20.788746
3688,2,20.779855
3689,2,20.902115
3690,2,21.332917
3691,2,21.195541
3692,2,21.204432
3693,2,21.125519
3694,2,21.166643
3695,2,21.440062
3696,2,21.188872
3697,2,21.068834
3698,2,20.693139
3699,2,20.991032
3700,2,20.881887
3701,2,21.055497
3702,2,21.604558
3703,2,21.568991
3704,2,21.71148
3705,2,22.011352
3706,2,21.869085
3707,2,21.817958
3708,2,21.251114
3709,2,21.368928
3710,2,21.248891
3711,2,21.144414
3712,2,21.108847
3713,2,21.106624
3714,2,21.164707
3715,2,21.443955
3716,2,21.439487
3717,2,21.723202
3718,2,21.781285
3719,2,21.888516
3720,2,22.152126
3721,2,22.458181
3722,2,22.467116
3723,2,22.46935
3724,2,22.634665
3725,2,22.683812
3726,2,22.53838
3727,2,22.815617
3728,2,22.842425
3729,2,22.898274
3730,2,23.076992
3731,2,22.102978
3732,2,21.919792
3733,2,22.10968
3734,2,21.973407
3735,2,21.89075
3736,2,22.563178
3737,2,22.659239
3738,2,22.71062
3739,2,22.703918
3740,2,22.531902
3741,2,22.692748
3742,2,22.739662
3743,2,22.554242
3744,2,22.576581
3745,2,22.92955
3746,2,22.730726
3747,2,21.863942
3748,2,22.507328
3749,2,22.364354
3750,2,22.507328
3751,2,22.156594
3752,2,22.31744
3753,2,22.254889
3754,2,22.254889
3755,2,22.060533
3756,2,22.518498
3757,2,22.567646
3758,2,22.50286
3759,2,22.297334
3760,2,22.060533
3761,2,21.790221
3762,2,21.504272
3763,2,21.819263
3764,2,22.286164
3765,2,22.891572
3766,2,23.007739
3767,2,23.418791
3768,2,23.505916
3769,2,23.481342
3770,2,23.845481
3771,2,23.97952
3772,2,23.899096
3773,2,24.126962
3774,2,24.439719
3775,2,24.261001
3776,2,24.319084
3777,2,24.388338
3778,2,24.45789
3779,2,24.417505
3780,2,24.612701
3781,2,24.960465
3782,2,25.312716
3783,2,25.617851
3784,2,25.575222
3785,2,25.90728
3786,2,25.727789
3787,2,26.095746
3788,2,26.131644
3789,2,26.615148
3790,2,26.385175
3791,2,26.699284
3792,2,26.683579
3793,2,25.817535
3794,2,25.718814
3795,2,26.010487
3796,2,25.911767
3797,2,25.801829
3798,2,25.218483
3799,2,25.604389
3800,2,25.11752
3801,2,25.04348
3802,2,24.619432
3803,2,24.281765
3804,2,23.949706
3805,2,24.547636
3806,2,25.274574
3807,2,25.079378
3808,2,25.33964
3809,2,25.249894
3810,2,25.130982
3811,2,25.575222
3812,2,25.557273
3813,2,25.245407
3814,2,24.765269
3815,2,24.529687
3816,2,23.838646
3817,2,23.84089
3818,2,24.175192
3819,2,25.104058
3820,2,25.130982
3821,2,24.511738
3822,2,24.72937
3823,2,24.635138
3824,2,23.966534
3825,2,23.780312
3826,2,24.392825
3827,2,24.579047
3828,2,25.218483
3829,2,25.348614
3830,2,25.375538
3831,2,24.487058
3832,2,25.871382
3833,2,26.676848
3834,2,26.286455
3835,2,26.616269
3836,2,26.620757
3837,2,26.824928
3838,2,27.015637
3839,2,26.788141
3840,2,26.966083
3841,2,27.484142
3842,2,28.128337
3843,2,28.484221
3844,2,28.623871
3845,2,28.792804
3846,2,28.992144
3847,2,28.932454
3848,2,29.167833
3849,2,29.957309
3850,2,29.770358
3851,2,29.009037
3852,2,29.375057
3853,2,28.934707
3854,2,29.07661
3855,2,29.137425
3856,2,28.952726
3857,2,28.472959
3858,2,28.515755
3859,2,28.637386
3860,2,28.044997
3861,2,27.533696
3862,2,28.031482
3863,2,27.837774
3864,2,28.144104
3865,2,28.614862
3866,2,28.936959
3867,2,28.717347
3868,2,28.358085
3869,2,28.653153
3870,2,28.536027
3871,2,27.790473
3872,2,27.984181
3873,2,27.761191
3874,2,28.463949
3875,2,28.026978
3876,2,27.986434
3877,2,28.227444
3878,2,28.684687
3879,2,28.382861
3880,2,28.290512
3881,2,28.506745
3882,2,28.628376
3883,2,28.572065
3884,2,28.448182
3885,2,28.556298
3886,2,28.4189
3887,2,28.099055
3888,2,28.740998
3889,2,28.58558
3890,2,28.970745
3891,2,29.207251
3892,2,29.344649
3893,2,29.878474
3894,2,29.407717
3895,2,28.97525
3896,2,28.189153
3897,2,29.045076
3898,2,28.988765
3899,2,28.33556
3900,2,28.157618
3901,2,28.331056
3902,2,28.864836
3903,2,28.570804
3904,2,28.467893
3905,2,28.500689
3906,2,29.165652
3907,2,29.12494
3908,2,29.446113
3909,2,29.418972
3910,2,29.41671
3911,2,29.717527
3912,2,29.977631
3913,2,29.317192
3914,2,29.865673
3915,2,29.805736
3916,2,29.466469
3917,2,29.524144
3918,2,29.394092
3919,2,29.430281
3920,2,29.258385
3921,2,29.097799
3922,2,28.905548
3923,2,28.8196
3924,2,29.14982
3925,2,29.084228
3926,2,28.763056
3927,2,28.706511
3928,2,28.860312
3929,2,28.792459
3930,2,28.923642
3931,2,28.634134
3932,2,28.862574
3933,2,28.731391
3934,2,28.975663
3935,2,28.837694
3936,2,28.668061
3937,2,28.165946
3938,2,28.368375
3939,2,28.634134
3940,2,28.597946
3941,2,28.498427
3942,2,28.428312
3943,2,27.722637
3944,2,27.157192
3945,2,27.883223
3946,2,28.421527
3947,2,28.410218
3948,2,28.683893
3949,2,29.066134
3950,2,29.317192
3951,2,29.871328
3952,2,29.572773
3953,2,28.322008
3954,2,28.308438
3955,2,28.15916
3956,2,27.767872
3957,2,27.905841
3958,2,27.817631
3959,2,27.677401
3960,2,27.435391
3961,2,26.788522
3962,2,25.929045
3963,2,26.100941
3964,2,26.157485
3965,2,26.246093
3966,2,27.200331
3967,2,25.784878
3968,2,26.182477
3969,2,26.162029
3970,2,26.346061
3971,2,26.6187
3972,2,26.468748
3973,2,26.130221
3974,2,25.59403
3975,2,24.028625
3976,2,23.428818
3977,2,23.569682
3978,2,24.921519
3979,2,25.655374
3980,2,25.739438
3981,2,25.619022
3982,2,24.473936
3983,2,25.523598
3984,2,25.076015
3985,2,24.826096
3986,2,25.516782
3987,2,25.026031
3988,2,25.575854
3989,2,25.948461
3990,2,26.198381
3991,2,26.418765
3992,2,26.4483
3993,2,25.882574
3994,2,25.77579
3995,2,26.175661
3996,2,25.76443
3997,2,25.973453
3998,2,26.127949
3999,2,26.062061
4000,2,25.546318
4001,2,24.778384
4002,2,24.980591
4003,2,24.896527
4004,2,25.078287
4005,2,25.169167
4006,2,25.289583
4007,2,25.169167
4008,2,24.878352
4009,2,25.473614
4010,2,25.355471
4011,2,25.398639
4012,2,25.039663
4013,2,25.414542
4014,2,25.228239
4015,2,25.385007
4016,2,25.848494
4017,2,25.846222
4018,2,26.241549
4019,2,27.054923
4020,2,26.191565
4021,2,26.025709
4022,2,27.098091
4023,2,27.384363
4024,2,27.150347
4025,2,27.532042
4026,2,27.84785
4027,2,27.718346
4028,2,27.591114
4029,2,27.623059
4030,2,27.511252
4031,2,26.644181
4032,2,26.493585
4033,2,26.404596
4034,2,25.633359
4035,2,26.052063
4036,2,25.941397
4037,2,26.762833
4038,2,27.102816
4039,2,27.221468
4040,2,26.867794
4041,2,27.125634
4042,2,26.931684
4043,2,26.881485
4044,2,26.993292
4045,2,26.774242
4046,2,26.532375
4047,2,26.285944
4048,2,27.15986
4049,2,26.988728
4050,2,26.977319
4051,2,26.381778
4052,2,26.507275
4053,2,25.825027
4054,2,25.665304
4055,2,25.211232
4056,2,25.405182
4057,2,24.866686
4058,2,24.193565
4059,2,24.490194
4060,2,24.467377
4061,2,24.78226
4062,2,24.649918
4063,2,24.373824
4064,2,24.811923
4065,2,24.487912
4066,2,24.017869
4067,2,24.038405
4068,2,23.436018
4069,2,22.977383
4070,2,22.007633
4071,2,22.124003
4072,2,22.48224
4073,2,22.808533
4074,2,22.222119
4075,2,22.708135
4076,2,22.162793
4077,2,22.05555
4078,2,22.085213
4079,2,21.973406
4080,2,23.141671
4081,2,22.689881
4082,2,22.815378
4083,2,21.316258
4084,2,21.469136
4085,2,22.21071
4086,2,22.003069
4087,2,21.558125
4088,2,21.984815
4089,2,22.160511
4090,2,21.568647
4091,2,21.795757
4092,2,21.791169
4093,2,21.625998
4094,2,21.495237
4095,2,21.561764
4096,2,22.169687
4097,2,22.509207
4098,2,22.082514
4099,2,22.032044
4100,2,22.224745
4101,2,21.722348
4102,2,22.045809
4103,2,22.197216
4104,2,22.231627
4105,2,22.181158
4106,2,23.062072
4107,2,23.112541
4108,2,23.284595
4109,2,23.630996
4110,2,23.369475
4111,2,23.176775
4112,2,23.197421
4113,2,23.208891
4114,2,23.458943
4115,2,23.518588
4116,2,23.991162
4117,2,24.310035
4118,2,24.271036
4119,2,24.298565
4120,2,24.296271
4121,2,24.482089
4122,2,24.34674
4123,2,24.241213
4124,2,24.131099
4125,2,24.702317
4126,2,25.133598
4127,2,25.002838
4128,2,25.232243
4129,2,25.49147
4130,2,25.19095
4131,2,25.454765
4132,2,24.899605
4133,2,24.927134
4134,2,25.00972
4135,2,25.335475
4136,2,25.702523
4137,2,25.716287
4138,2,25.200126
4139,2,24.656436
4140,2,24.525675
4141,2,24.576145
4142,2,24.310035
4143,2,24.243507
4144,2,24.105865
4145,2,23.938399
4146,2,22.440385
4147,2,21.754465
4148,2,21.504413
4149,2,21.481473
4150,2,21.834756
4151,2,21.607645
4152,2,21.520472
4153,2,21.400452
4154,2,21.416608
4155,2,21.562017
4156,2,21.351982
4157,2,20.85113
4158,2,20.892676
4159,2,21.668188
4160,2,21.578173
4161,2,21.825137
4162,2,21.742047
4163,2,21.97747
4164,2,22.256747
4165,2,22.596034
4166,2,22.993022
4167,2,23.17536
4168,2,23.161511
4169,2,23.048416
4170,2,22.725286
4171,2,22.554488
4172,2,22.60065
4173,2,22.764523
4174,2,22.856846
4175,2,22.836073
4176,2,22.999946
4177,2,22.810684
4178,2,22.466781
4179,2,22.494478
4180,2,22.42062
4181,2,22.515251
4182,2,22.002859
4183,2,21.949773
4184,2,22.136727
4185,2,22.053636
4186,2,22.18058
4187,2,21.557401
4188,2,21.243503
4189,2,21.601254
4190,2,21.788208
4191,2,22.065177
4192,2,22.132111
4193,2,21.924384
4194,2,22.04902
4195,2,22.143651
4196,2,22.314449
4197,2,22.383691
4198,2,22.485246
4199,2,22.358302
4200,2,22.801452
4201,2,22.799144
4202,2,23.041492
4203,2,23.050724
4204,2,23.071497
4205,2,22.949169
4206,2,22.771447
4207,2,22.466781
4208,2,22.312141
4209,2,23.76161
4210,2,24.082432
4211,2,24.052428
4212,2,24.477113
4213,2,24.114746
4214,2,24.417103
4215,2,24.567128
4216,2,24.940728
4217,2,25.147253
4218,2,25.249355
4219,2,25.061394
4220,2,25.045151
4221,2,25.103163
4222,2,25.404828
4223,2,25.381623
4224,2,25.344495
4225,2,25.312008
4226,2,25.376982
4227,2,25.17974
4228,2,25.258637
4229,2,25.068356
4230,2,24.961613
4231,2,24.815421
4232,2,24.787575
4233,2,24.597294
4234,2,24.620499
4235,2,24.766691
4236,2,24.998741
4237,2,24.991779
4238,2,25.144932
4239,2,24.48591
4240,2,23.931311
4241,2,24.467346
4242,2,25.049792
4243,2,25.936222
4244,2,26.818012
4245,2,26.66718
4246,2,26.356233
4247,2,26.353912
4248,2,26.349271
4249,2,26.597565
4250,2,26.154349
4251,2,26.193798
4252,2,26.242528
4253,2,26.442091
4254,2,26.031363
4255,2,26.233246
4256,2,26.11026
4257,2,26.221644
4258,2,26.233246
4259,2,26.428168
4260,2,26.467617
4261,2,26.929396
4262,2,26.987409
4263,2,27.228741
4264,2,27.145203
4265,2,27.296035
4266,2,27.277471
4267,2,27.258907
4268,2,27.17769
4269,2,27.163767
4270,2,27.057024
4271,2,27.300676
4272,2,27.439906
4273,2,26.822653
4274,2,26.565078
4275,2,26.38872
4276,2,26.346951
4277,2,25.871248
4278,2,25.894453
4279,2,25.618314
4280,2,25.387392
4281,2,25.753602
4282,2,25.905217
4283,2,25.863231
4284,2,25.142475
4285,2,25.291758
4286,2,24.657307
4287,2,24.983862
4288,2,25.655635
4289,2,25.646305
4290,2,25.671963
4291,2,26.061497
4292,2,26.077825
4293,2,25.94487
4294,2,26.075492
4295,2,26.024176
4296,2,25.998518
4297,2,25.779259
4298,2,25.539008
4299,2,25.634642
4300,2,25.450371
4301,2,25.646305
4302,2,25.898219
4303,2,26.152466
4304,2,26.579322
4305,2,26.427706
4306,2,26.868557
4307,2,26.868557
4308,2,27.015507
4309,2,27.050495
4310,2,27.206775
4311,2,27.279084
4312,2,27.304742
4313,2,27.125136
4314,2,27.178785
4315,2,27.351393
4316,2,27.234766
4317,2,27.227768
4318,2,27.015507
4319,2,27.092481
4320,2,27.062158
4321,2,27.199778
4322,2,27.503008
4323,2,27.754923
4324,2,27.782913
4325,2,27.932196
4326,2,27.815569
4327,2,27.766586
4328,2,27.99051
4329,2,27.988177
4330,2,27.939194
4331,2,27.99051
4332,2,28.00917
4333,2,27.983512
4334,2,28.429028
4335,2,28.443023
4336,2,28.445356
4337,2,28.370714
4338,2,28.305403
4339,2,30.031484
4340,2,29.980168
4341,2,30.108458
4342,2,30.390696
4343,2,30.679931
4344,2,30.798891
4345,2,31.020482
4346,2,30.950205
4347,2,31.224287
4348,2,31.629554
4349,2,31.744341
4350,2,31.705688
4351,2,31.793535
4352,2,32.023108
4353,2,32.119154
4354,2,31.983284
4355,2,32.013738
4356,2,32.076987
4357,2,32.091043
4358,2,32.746966
4359,2,32.552532
4360,2,32.744623
4361,2,32.64155
4362,2,32.683716
4363,2,32.561902
4364,2,32.486939
4365,2,32.594698
4366,2,32.608754
4367,2,32.559559
4368,2,32.903919
4369,2,32.957798
4370,2,32.793818
4371,2,33.138177
4372,2,32.758679
4373,2,33.128807
4374,2,33.011678
4375,2,32.946086
4376,2,33.002308
4377,2,33.686342
4378,2,33.761304
4379,2,33.716795
4380,2,33.653546
4381,2,33.662916
4382,2,33.913572
4383,2,33.737879
4384,2,33.653546
4385,2,33.578583
4386,2,33.538759
4387,2,33.178001
4388,2,33.217825
4389,2,33.042131
4390,2,33.224853
4391,2,33.07727
4392,2,32.955456
4393,2,33.36775
4394,2,33.327927
4395,2,33.64886
4396,2,33.85735
4397,2,33.658231
4398,2,33.683999
4399,2,33.651203
4400,2,34.33758
4401,2,34.55544
4402,2,34.450024
4403,2,34.325867
4404,2,34.895115
4405,2,35.843861
4406,2,36.073434
4407,2,35.902425
4408,2,36.211646
4409,2,36.717362
4410,2,36.623276
4411,2,36.569176
4412,2,35.341343
4413,2,35.87999
4414,2,36.002303
4415,2,36.221055
4416,2,36.176364
4417,2,36.068164
4418,2,36.192829
4419,2,36.131672
4420,2,36.145785
4421,2,35.931738
4422,2,36.030529
4423,2,36.564471
4424,2,36.206942
4425,2,36.329255
4426,2,36.545654
4427,2,36.456272
4428,2,35.042618
4429,2,34.205246
4430,2,34.480449
4431,2,34.144089
4432,2,33.939451
4433,2,33.464312
4434,2,34.421645
4435,2,34.108807
4436,2,34.311093
4437,2,34.254641
4438,2,34.407532
4439,2,34.299332
4440,2,33.807729
4441,2,34.301685
4442,2,33.795968
4443,2,33.875942
4444,2,33.753629
4445,2,33.892407
4446,2,33.572512
4447,2,33.913577
4448,2,34.120568
4449,2,34.23112
4450,2,34.280515
4451,2,34.758005
4452,2,35.056731
4453,2,35.179044
4454,2,35.301357
4455,2,35.52246
4456,2,35.362513
4457,2,35.346048
4458,2,35.774143
4459,2,35.927034
4460,2,36.09639
4461,2,35.414261
4462,2,35.164931
4463,2,34.983814
4464,2,35.2943
4465,2,36.961988
4466,2,36.592698
4467,2,36.785575
4468,2,37.3548
4469,2,37.653526
4470,2,37.884038
4471,2,36.68208
4472,2,37.192209
4473,2,37.751935
4474,2,38.165234
4475,2,38.011723
4476,2,37.281954
4477,2,37.196933
4478,2,37.128443
4479,2,37.735403
4480,2,37.782637
4481,2,37.614955
4482,2,37.754296
4483,2,38.134532
4484,2,38.474618
4485,2,38.578533
4486,2,38.732044
4487,2,38.743853
4488,2,38.278596
4489,2,38.238447
4490,2,38.084936
4491,2,37.463806
4492,2,38.141617
4493,2,37.990467
4494,2,37.7047
4495,2,37.381146
4496,2,37.75902
4497,2,37.473253
4498,2,37.487423
4499,2,36.859208
4500,2,36.22627
4501,2,35.872013
4502,2,35.555544
4503,2,36.167227
4504,2,36.424654
4505,2,36.200291
4506,2,36.398675
4507,2,36.325462
4508,2,36.483696
4509,2,36.247525
4510,2,36.698612
4511,2,36.677357
4512,2,36.804889
4513,2,36.819059
4514,2,36.97257
4515,2,36.842676
4516,2,37.076486
4517,2,37.75902
4518,2,37.898361
4519,2,37.730679
4520,2,36.837953
4521,2,36.901719
4522,2,36.882825
4523,2,37.102464
4524,2,36.939506
4525,2,37.175677
4526,2,38.507682
4527,2,39.374429
4528,2,39.922346
4529,2,39.414578
4530,2,39.702707
4531,2,40.739498
4532,2,41.152797
4533,2,41.285053
4534,2,41.622777
4535,2,41.537756
4536,2,41.400777
4537,2,41.234861
4538,2,40.611491
4539,2,40.075819
4540,2,40.554605
4541,2,40.329433
4542,2,40.28914
4543,2,41.038132
4544,2,41.469513
4545,2,41.471883
4546,2,41.263303
4547,2,41.02154
4548,2,40.170628
4549,2,40.732372
4550,2,40.542754
4551,2,40.246475
4552,2,40.208552
4553,2,40.059227
4554,2,40.132704
4555,2,40.144556
4556,2,40.926731
4557,2,40.696819
4558,2,40.831922
4559,2,40.820071
4560,2,41.234861
4561,2,41.815566
4562,2,41.369964
4563,2,41.324929
4564,2,41.481364
4565,2,41.481364
4566,2,40.428983
4567,2,40.436094
4568,2,40.549865
4569,2,40.111372
4570,2,40.829552
4571,2,40.822441
4572,2,41.012059
4573,2,41.478994
4574,2,41.324929
4575,2,41.320189
4576,2,41.310708
4577,2,41.54536
4578,2,41.974372
4579,2,41.761051
4580,2,42.450788
4581,2,42.488711
4582,2,42.299093
4583,2,41.95304
4584,2,41.962521
4585,2,41.294116
4586,2,40.556975
4587,2,40.651784
4588,2,39.810353
4589,2,39.575701
4590,2,39.684731
4591,2,39.767689
4592,2,38.042163
4593,2,37.091702
4594,2,38.641831
4595,2,37.814621
4596,2,36.774091
4597,2,37.222064
4598,2,38.721323
4599,2,39.109226
4600,2,39.830298
4601,2,41.167731
4602,2,41.034464
4603,2,40.896437
4604,2,40.710815
4605,2,41.051123
4606,2,41.765055
4607,2,42.590837
4608,2,42.45281
4609,2,42.388556
4610,2,41.646066
4611,2,41.934019
4612,2,42.079185
4613,2,42.043489
4614,2,41.653206
4615,2,42.107743
4616,2,42.831194
4617,2,43.245275
4618,2,42.828815
4619,2,42.464709
4620,2,42.514684
4621,2,42.364758
4622,2,41.71746
4623,2,41.703181
4624,2,40.75841
4625,2,40.182505
4626,2,39.252012
4627,2,41.115376
4628,2,40.061136
4629,2,39.618498
4630,2,39.927869
4631,2,39.666093
4632,2,40.073035
4633,2,40.839323
4634,2,41.122516
4635,2,40.070655
4636,2,40.468078
4637,2,41.229606
4638,2,41.036844
4639,2,41.441406
4640,2,41.581812
4641,2,41.841208
4642,2,42.417113
4643,2,42.321922
4644,2,41.122516
4645,2,39.437635
4646,2,39.323406
4647,2,38.776057
4648,2,38.945021
4649,2,39.080669
4650,2,38.628511
4651,2,39.328165
4652,2,40.241999
4653,2,42.019691
4654,2,42.095844
4655,2,43.747408
4656,2,44.063918
4657,2,44.275718
4658,2,44.587468
4659,2,45.225248
4660,2,45.053904
4661,2,44.948789
4662,2,44.540272
4663,2,44.955956
4664,2,44.671667
4665,2,44.509215
4666,2,44.824562
4667,2,44.712279
4668,2,44.998958
4669,2,44.948789
4670,2,45.051515
4671,2,44.889064
4672,2,44.793505
4673,2,44.642999
4674,2,45.448087
4675,2,45.827936
4676,2,46.181506
4677,2,46.341568
4678,2,46.217341
4679,2,45.796879
4680,2,45.684597
4681,2,45.935441
4682,2,45.557981
4683,2,45.581871
4684,2,45.113629
4685,2,45.089739
4686,2,44.361098
4687,2,44.554606
4688,2,44.306152
4689,2,44.177146
4690,2,43.520175
4691,2,44.060086
4692,2,43.995583
4693,2,44.315707
4694,2,44.222537
4695,2,44.717057
4696,2,43.938248
4697,2,44.291818
4698,2,44.905787
4699,2,45.529313
4700,2,45.474366
4701,2,44.884286
4702,2,45.636817
4703,2,45.708487
4704,2,45.608149
4705,2,45.737155
4706,2,45.486311
4707,2,45.839881
4708,2,45.734766
4709,2,45.775378
4710,2,46.107448
4711,2,46.542243
4712,2,46.396515
4713,2,45.624872
4714,2,45.369251
4715,2,45.460032
4716,2,48.138087
4717,2,49.5452
4718,2,49.688539
4719,2,49.94655
4720,2,49.478308
4721,2,49.511754
4722,2,49.901159
4723,2,49.753042
4724,2,50.074292
4725,2,50.285262
4726,2,50.402734
4727,2,51.141131
4728,2,52.162419
4729,2,51.654172
4730,2,51.553482
4731,2,51.555879
4732,2,51.661364
4733,2,51.82199
4734,2,52.248725
4735,2,52.670666
4736,2,53.45701
4737,2,53.948475
4738,2,54.571796
4739,2,54.746806
4740,2,54.389595
4741,2,53.485778
4742,2,53.054248
4743,2,52.342223
4744,2,53.665583
4745,2,52.999108
4746,2,54.279315
4747,2,53.663185
4748,2,52.234341
4749,2,52.320647
4750,2,52.351813
4751,2,52.74978
4752,2,52.181598
4753,2,52.931981
4754,2,53.267616
4755,2,52.843278
4756,2,53.929296
4757,2,54.11869
4758,2,54.483093
4759,2,54.967366
4760,2,55.636238
4761,2,54.658102
4762,2,53.771068
4763,2,53.646404
4764,2,54.389595
4765,2,51.869937
4766,2,51.412036
4767,2,53.248437
4768,2,52.109676
4769,2,53.258026
4770,2,53.027877
4771,2,51.788426
4772,2,52.577168
4773,2,52.898418
4774,2,53.397075
4775,2,51.565469
4776,2,52.69464
4777,2,51.855553
4778,2,50.882213
4779,2,51.136336
4780,2,52.469285
4781,2,53.274808
4782,2,49.741055
4783,2,48.328992
4784,2,48.851623
4785,2,50.33321
4786,2,50.158201
4787,2,49.191075
4788,2,46.713117
4789,2,46.246395
4790,2,44.940054
4791,2,46.049121
4792,2,46.559147
4793,2,44.71391
4794,2,42.577574
4795,2,42.529458
4796,2,41.449261
4797,2,42.009809
4798,2,41.918389
4799,2,43.530264
4800,2,43.19586
4801,2,42.962499
4802,2,44.463709
4803,2,42.507806
4804,2,42.033866
4805,2,40.535063
4806,2,40.802105
4807,2,40.568744
4808,2,40.681816
4809,2,41.126886
4810,2,39.810922
4811,2,39.440431
4812,2,39.952863
4813,2,38.706667
4814,2,37.729918
4815,2,36.262389
4816,2,35.324134
4817,2,37.811715
4818,2,37.566325
4819,2,37.585571
4820,2,37.948844
4821,2,37.992149
4822,2,34.20785
4823,2,35.668161
4824,2,35.58877
4825,2,36.267201
4826,2,36.883082
4827,2,37.000965
4828,2,36.637692
4829,2,36.086767
4830,2,36.825343
4831,2,37.275225
4832,2,37.496557
4833,2,37.727512
4834,2,36.880676
4835,2,37.029835
4836,2,36.736329
4837,2,37.953656
4838,2,37.602411
4839,2,37.212674
4840,2,39.755589
4841,2,40.041877
4842,2,40.061123
4843,2,41.199059
4844,2,41.903954
4845,2,41.918389
4846,2,41.12448
4847,2,41.172596
4848,2,40.935819
4849,2,41.288568
4850,2,41.117026
4851,2,41.266823
4852,2,41.175012
4853,2,41.298232
4854,2,41.564002
4855,2,41.329641
4856,2,41.791115
4857,2,42.095542
4858,2,42.119703
4859,2,42.250172
4860,2,41.834604
4861,2,42.274333
4862,2,42.486949
4863,2,42.409634
4864,2,42.165609
4865,2,41.677559
4866,2,41.776618
4867,2,43.223856
4868,2,43.70949
4869,2,43.902778
4870,2,44.390828
4871,2,44.968274
4872,2,45.427331
4873,2,45.067333
4874,2,45.461156
4875,2,47.135507
4876,2,46.159406
4877,2,45.601289
4878,2,45.130152
4879,2,45.536055
4880,2,45.596457
4881,2,45.893636
4882,2,46.205312
4883,2,46.876985
4884,2,47.198325
4885,2,47.280472
4886,2,47.59698
4887,2,48.345968
4888,2,48.201002
4889,2,48.471605
4890,2,48.068117
4891,2,48.048789
4892,2,48.135768
4893,2,48.1406
4894,2,49.078043
4895,2,49.254418
4896,2,49.416296
4897,2,50.129043
4898,2,50.051728
4899,2,49.597503
4900,2,49.360726
4901,2,49.435625
4902,2,48.483685
4903,2,50.863534
4904,2,50.53253
4905,2,51.160713
4906,2,50.370652
4907,2,49.012809
4908,2,49.022473
4909,2,48.495765
4910,2,47.826508
4911,2,45.046856
4912,2,45.759961
4913,2,46.30813
4914,2,46.104385
4915,2,45.842429
4916,2,44.408943
4917,2,45.260303
4918,2,44.333752
4919,2,43.576988
4920,2,43.409627
4921,2,43.230138
4922,2,43.023968
4923,2,43.247117
4924,2,42.463672
4925,2,42.034354
4926,2,43.572137
4927,2,44.275539
4928,2,44.92558
4929,2,46.121364
4930,2,46.710767
4931,2,47.251659
4932,2,47.101276
4933,2,47.091574
4934,2,46.749575
4935,2,47.028511
4936,2,48.13455
4937,2,47.99387
4938,2,48.379528
4939,2,48.214592
4940,2,48.166082
4941,2,47.435999
4942,2,48.461996
4943,2,48.447443
4944,2,48.005997
4945,2,48.886463
4946,2,49.172675
4947,2,49.580163
4948,2,49.536504
4949,2,48.515358
4950,2,48.811272
4951,2,49.293951
4952,2,48.934974
4953,2,49.31093
4954,2,49.774205
4955,2,49.601993
4956,2,49.323058
4957,2,49.883354
4958,2,49.138718
4959,2,50.261736
4960,2,50.654671
4961,2,50.613437
4962,2,50.213225
4963,2,50.387863
4964,2,50.858415
4965,2,50.640118
4966,2,51.673392
4967,2,50.555224
4968,2,49.485568
4969,2,46.895107
4970,2,47.782849
4971,2,48.277656
4972,2,49.342462
4973,2,48.937399
4974,2,48.813223
4975,2,50.880383
4976,2,49.365927
4977,2,49.12001
4978,2,50.278984
4979,2,51.216388
4980,2,51.218823
4981,2,51.773962
4982,2,51.730135
4983,2,49.339144
4984,2,50.276549
4985,2,49.709236
4986,2,50.042806
4987,2,50.890123
4988,2,50.824383
4989,2,50.084198
4990,2,50.933949
4991,2,51.92979
4992,2,51.92492
4993,2,52.146489
4994,2,52.762498
4995,2,54.440087
4996,2,54.318346
4997,2,53.261635
4998,2,53.541639
4999,2,53.736425
5000,2,54.240432
5001,2,53.79973
5002,2,53.013284
5003,2,53.254331
5004,2,53.00111
5005,2,53.816774
5006,2,53.539204
5007,2,53.278679
5008,2,54.53261
5009,2,54.683569
5010,2,53.312766
5011,2,53.765642
5012,2,55.272794
5013,2,55.284969
5014,2,54.637307
5015,2,55.277664
5016,2,56.022718
5017,2,57.512827
5018,2,57.430043
5019,2,57.296128
5020,2,57.06482
5021,2,57.286389
5022,2,57.561523
5023,2,58.559798
5024,2,58.425883
5025,2,59.209895
5026,2,59.307287
5027,2,60.037733
5028,2,60.639132
5029,2,59.236678
5030,2,59.229373
5031,2,60.568523
5032,2,62.287504
5033,2,62.696553
5034,2,62.606465
5035,2,62.633248
5036,2,63.353954
5037,2,63.527339
5038,2,64.0304
5039,2,63.971791
5040,2,64.584744
5041,2,64.13785
5042,2,64.899768
5043,2,65.227002
5044,2,65.029196
5045,2,64.272163
5046,2,63.984002
5047,2,63.927834
5048,2,65.048733
5049,2,64.540788
5050,2,65.407713
5051,2,65.263633
5052,2,64.509041
5053,2,63.358838
5054,2,63.918066
5055,2,64.855811
5056,2,66.10858
5057,2,65.183045
5058,2,65.564004
5059,2,66.123232
5060,2,66.291733
5061,2,67.192848
5062,2,68.34305
5063,2,68.477363
5064,2,68.313746
5065,2,68.382123
5066,2,68.240485
5067,2,69.354057
5068,2,69.419992
5069,2,70.797305
5070,2,70.770442
5071,2,71.190474
5072,2,71.71063
5073,2,73.346799
5074,2,72.633722
5075,2,73.212487
5076,2,72.868158
5077,2,74.04034
5078,2,75.613016
5079,2,75.783959
5080,2,77.403035
5081,2,76.35784
5082,2,76.030606
5083,2,76.983003
5084,2,77.835277
5085,2,77.307795
5086,2,77.583746
5087,2,77.957379
5088,2,77.732711
5089,2,75.446957
5090,2,77.581304
5091,2,79.205263
5092,2,79.090487
5093,2,75.583712
5094,2,75.376138
5095,2,77.864581
5096,2,78.499513
5097,2,79.417721
5098,2,78.34078
5099,2,78.712863
5100,2,78.237967
5101,2,80.095938
5102,2,79.525573
5103,2,79.545156
5104,2,78.088644
5105,2,79.219583
5106,2,78.406874
5107,2,76.632132
5108,2,72.992075
5109,2,70.519676
5110,2,71.638375
5111,2,66.955504
5112,2,66.916338
5113,2,73.146294
5114,2,70.823218
5115,2,74.108326
5116,2,71.704469
5117,2,70.752228
5118,2,65.156283
5119,2,69.848946
5120,2,67.423057
5121,2,60.764715
5122,2,68.044829
5123,2,59.291067
5124,2,61.898102
5125,2,60.382839
5126,2,59.920183
5127,2,56.116115
5128,2,54.923978
5129,2,60.434246
5130,2,60.101329
5131,2,63.264041
5132,2,60.644767
5133,2,62.375446
5134,2,62.248154
5135,2,58.972838
5136,2,59.956901
5137,2,59.095234
5138,2,64.250553
5139,2,63.506385
5140,2,65.131804
5141,2,65.601805
5142,2,66.889411
5143,2,70.26754
5144,2,69.626185
5145,2,70.179415
5146,2,69.227174
5147,2,67.790245
5148,2,65.694826
5149,2,67.587068
5150,2,67.32514
5151,2,69.268789
5152,2,69.317747
5153,2,68.194152
5154,2,70.433998
5155,2,71.919886
5156,2,70.76202
5157,2,71.763219
5158,2,72.840304
5159,2,73.591815
5160,2,74.353118
5161,2,76.118068
5162,2,77.315812
5163,2,76.432231
5164,2,75.509379
5165,2,75.973259
5166,2,75.524105
5167,2,77.30354
5168,2,76.856841
5169,2,78.351565
5170,2,77.76742
5171,2,78.268116
5172,2,77.737967
5173,2,78.076673
5174,2,78.111035
5175,2,78.034949
5176,2,78.994616
5177,2,79.360321
5178,2,79.797202
5179,2,79.109973
5180,2,81.363105
5181,2,81.844166
5182,2,84.428641
5183,2,86.600778
5184,2,82.443037
5185,2,83.154811
5186,2,84.183202
5187,2,86.414244
5188,2,86.293979
5189,2,86.32834
5190,2,85.835008
5191,2,88.080777
5192,2,89.960841
5193,2,88.372849
5194,2,89.546049
5195,2,86.794675
5196,2,88.795005
5197,2,89.536231
5198,2,89.366878
5199,2,89.366878
5200,2,91.757456
5201,2,91.472747
5202,2,93.603159
5203,2,94.00568
5204,2,94.170124
5205,2,93.735696
5206,2,95.286872
5207,2,95.942195
5208,2,94.761632
5209,2,94.57019
5210,2,96.563156
5211,2,95.230421
5212,2,95.49795
5213,2,91.151221
5214,2,90.925417
5215,2,93.080374
5216,2,91.551287
5217,2,93.306178
5218,2,94.435198
5219,2,104.32149
5220,2,106.950145
5221,2,107.664373
5222,2,108.054621
5223,2,111.824568
5224,2,109.286726
5225,2,110.875189
5226,2,107.577776
5227,2,111.153047
5228,2,113.120183
5229,2,113.019367
5230,2,112.724297
5231,2,113.663605
5232,2,113.806222
5233,2,116.331533
5234,2,122.326382
5235,2,123.78944
5236,2,122.773905
5237,2,124.443513
5238,2,122.955866
5239,2,122.756693
5240,2,126.919646
5241,2,131.975186
5242,2,129.240867
5243,2,118.893729
5244,2,118.972414
5245,2,110.966169
5246,2,115.392226
5247,2,111.625159
5248,2,110.159643
5249,2,113.459514
5250,2,113.641474
5251,2,110.287507
5252,2,108.52692
5253,2,105.084431
5254,2,108.271192
5255,2,109.972765
5256,2,105.35983
5257,2,106.441755
5258,2,110.435042
5259,2,113.071005
5260,2,112.2153
5261,2,113.907038
5262,2,114.870935
5263,2,111.162882
5264,2,114.5857
5265,2,111.300582
5266,2,113.189033
5267,2,113.08084
5268,2,115.047977
5269,2,122.355889
5270,2,119.110114
5271,2,119.198635
5272,2,118.726522
5273,2,117.064292
5274,2,114.074244
5275,2,115.579104
5276,2,114.94962
5277,2,113.848024
5278,2,113.14969
5279,2,113.159526
5280,2,114.684057
5281,2,109.372788
5282,2,113.425089
5283,2,107.071239
5284,2,106.982717
5285,2,108.625276
5286,2,113.061169
5287,2,117.074128
5288,2,116.941346
5289,2,114.606263
5290,2,114.261419
5291,2,117.729559
5292,2,117.453685
5293,2,117.502948
5294,2,118.527626
5295,2,117.631033
5296,2,116.29107
5297,2,116.892082
5298,2,115.611235
5299,2,112.172653
5300,2,113.473206
5301,2,114.320535
5302,2,114.872285
5303,2,117.296042
5304,2,120.911972
5305,2,121.266668
5306,2,121.128731
5307,2,120.448896
5308,2,121.926797
5309,2,122.547515
5310,2,119.985821
5311,2,121.424311
5312,2,120.606539
5313,2,119.985821
5314,2,125.99595
5315,2,125.926981
5316,2,126.803869
5317,2,124.788998
5318,2,126.340793
5319,2,129.937018
5320,2,129.030572
5321,2,130.025692
5322,2,134.676153
5323,2,132.882967
5324,2,131.74991
5325,2,130.735084
5326,2,127.503409
5327,2,129.079836
5328,2,124.734808
5329,2,128.991162
5330,2,130.104514
5331,2,127.079744
5332,2,126.902396
5333,2,128.961604
5334,2,127.010775
5335,2,125.266852
5336,2,125.946687
5337,2,130.084808
5338,2,134.853501
5339,2,137.021088
5340,2,140.814366
5341,2,141.05083
5342,2,139.967037
5343,2,135.070259
5344,2,130.01584
5345,2,132.163722
5346,2,133.001199
5347,2,131.966668
5348,2,135.36584
5349,2,134.947101
5350,2,135.095113
5351,2,134.207043
5352,2,133.595262
5353,2,133.338708
5354,2,133.575527
5355,2,131.424425
5356,2,129.105577
5357,2,127.990556
5358,2,128.148435
5359,2,124.329736
5360,2,124.191592
5361,2,123.688353
5362,2,119.386149
5363,2,119.65257
5364,2,126.096008
5365,2,123.461402
5366,2,120.441965
5367,2,118.537549
5368,2,119.810449
5369,2,114.817525
5370,2,119.47989
5371,2,118.389538
5372,2,120.343291
5373,2,119.425619
5374,2,122.346381
5375,2,123.905436
5376,2,123.106174
5377,2,118.932247
5378,2,118.399405
5379,2,121.754335
5380,2,120.915602
5381,2,118.49808
5382,2,118.991452
5383,2,119.603233
5384,2,119.780847
5385,2,118.310598
5386,2,120.530772
5387,2,121.369504
5388,2,124.231062
5389,2,124.536953
5390,2,126.20455
5391,2,128.63194
5392,2,131.23201
5393,2,129.500275
5394,2,132.647988
5395,2,130.279802
5396,2,132.71706
5397,2,132.381567
5398,2,133.052553
5399,2,131.345486
5400,2,131.730316
5401,2,130.190995
5402,2,132.539446
5403,2,132.934143
5404,2,132.608518
5405,2,131.809255
5406,2,131.710581
5407,2,129.717358
5408,2,130.783042
5409,2,126.155213
5410,2,126.401899
5411,2,128.020159
5412,2,128.701012
5413,2,125.379951
5414,2,124.450844
5415,2,121.347233
5416,2,123.521738
5417,2,125.972997
5418,2,124.806672
5419,2,123.403128
5420,2,123.244983
5421,2,125.83462
5422,2,123.976407
5423,2,125.627053
5424,2,125.429371
5425,2,125.379951
5426,2,123.828145
5427,2,123.16591
5428,2,122.839734
5429,2,123.610695
5430,2,122.10831
5431,2,124.431076
5432,2,124.44096
5433,2,125.271225
5434,2,125.656706
5435,2,124.648526
5436,2,125.874156
5437,2,128.967883
5438,2,128.137618
5439,2,128.641707
5440,2,130.262702
5441,2,128.948115
5442,2,130.766791
5443,2,132.427322
5444,2,132.150567
5445,2,131.863928
5446,2,131.567404
5447,2,133.218051
5448,2,134.750088
5449,2,135.372787
5450,2,135.679194
5451,2,138.33802
5452,2,140.374147
5453,2,142.894596
5454,2,141.580009
5455,2,143.428338
5456,2,142.825407
5457,2,143.952196
5458,2,147.421519
5459,2,146.759283
5460,2,144.693504
5461,2,140.799164
5462,2,144.456285
5463,2,143.714977
5464,2,145.098752
5465,2,146.838356
5466,2,147.263373
5467,2,145.0691
5468,2,143.299844
5469,2,143.952196
5470,2,144.169646
5471,2,143.833586
5472,2,145.652263
5473,2,145.247014
5474,2,145.355739
5475,2,144.663852
5476,2,144.614357
5477,2,144.129306
5478,2,144.38668
5479,2,147.386074
5480,2,147.593953
5481,2,149.593549
5482,2,148.672943
5483,2,144.881629
5484,2,145.218195
5485,2,146.693145
5486,2,148.197791
5487,2,148.1087
5488,2,146.861428
5489,2,146.04971
5490,2,147.099003
5491,2,151.573347
5492,2,150.296377
5493,2,150.969509
5494,2,152.097994
5495,2,152.741428
5496,2,155.107287
5497,2,153.543246
5498,2,152.513751
5499,2,147.465266
5500,2,148.039407
5501,2,146.623852
5502,2,147.52466
5503,2,147.287084
5504,2,144.58466
5505,2,141.496174
5506,2,141.981225
5507,2,144.376781
5508,2,145.346882
5509,2,145.435973
5510,2,143.901629
5511,2,140.476578
5512,2,141.387286
5513,2,140.07072
5514,2,141.209104
5515,2,137.734558
5516,2,139.684659
5517,2,140.565669
5518,2,141.842639
5519,2,141.456579
5520,2,141.367488
5521,2,140.080619
5522,2,139.486679
5523,2,142.307892
5524,2,143.376983
5525,2,145.06971
5526,2,147.257387
5527,2,147.752337
5528,2,147.970114
5529,2,147.188094
5530,2,147.138599
5531,2,147.811731
5532,2,147.346478
5533,2,151.028903
5534,2,148.286882
5535,2,147.455367
5536,2,148.50466
5537,2,149.959812
5538,2,149.435165
5539,2,149.969711
5540,2,149.136986
5541,2,149.503781
5542,2,146.638813
5543,2,146.589246
5544,2,148.690884
5545,2,148.700797
5546,2,149.692136
5547,2,152.160569
5548,2,156.502632
5549,2,159.15942
5550,2,159.625349
5551,2,160.011971
5552,2,160.537381
5553,2,155.451813
5554,2,158.852105
5555,2,163.868278
5556,2,163.342869
5557,2,162.341617
5558,2,160.438247
5559,2,163.888105
5560,2,169.69735
5561,2,173.56357
5562,2,173.048074
5563,2,177.89572
5564,2,174.217854
5565,2,172.820066
5566,2,177.74702
5567,2,170.767995
5568,2,169.657696
5569,2,168.279735
5570,2,171.491673
5571,2,174.11872
5572,2,174.753177
5573,2,178.768098
5574,2,177.737106
5575,2,177.826327
5576,2,176.656547
5577,2,176.032004
5578,2,180.433547
5579,2,178.143555
5580,2,173.404956
5581,2,170.510247
5582,2,170.678775
5583,2,170.698602
5584,2,173.56357
5585,2,174.009673
5586,2,170.698602
5587,2,171.57098
5588,2,168.329302
5589,2,164.790223
5590,2,163.085121
5591,2,161.00331
5592,2,160.220152
5593,2,158.396089
5594,2,158.306869
5595,2,157.840939
5596,2,168.854712
5597,2,173.266169
5598,2,173.097641
5599,2,174.316988
5600,2,171.402452
5601,2,171.114964
5602,2,170.390363
5603,2,173.536917
5604,2,174.976193
5605,2,170.846961
5606,2,167.3927
5607,2,167.630925
5608,2,171.512005
5609,2,171.273781
5610,2,167.630925
5611,2,166.062611
5612,2,163.104652
5613,2,158.886086
5614,2,161.536338
5615,2,163.630732
5616,2,163.898735
5617,2,161.992935
5618,2,165.328084
5619,2,165.000525
5620,2,161.963157
5621,2,158.121781
5622,2,156.275538
5623,2,161.744784
5624,2,157.34755
5625,2,153.585581
5626,2,149.50598
5627,2,153.942919
5628,2,158.409636
5629,2,159.432018
5630,2,162.767166
5631,2,164.156812
5632,2,167.571369
5633,2,168.951088
5634,2,172.782538
5635,2,173.427731
5636,2,174.301222
5637,2,177.636371
5638,2,176.455172
5639,2,173.318544
5640,2,173.020763
5641,2,177.120217
5642,2,173.765216
5643,2,170.559106
5644,2,170.866813
5645,2,168.831975
5646,2,164.524075
5647,2,166.419948
5648,2,169.139682
5649,2,164.067477
5650,2,163.849104
5651,2,166.161871
5652,2,165.993129
5653,2,165.189119
5654,2,160.593364
5655,2,161.675302
5656,2,155.640271
5657,2,155.411972
5658,2,162.429681
5659,2,156.483984
5660,2,156.791692
5661,2,158.300449
5662,2,164.792078
5663,2,155.610493
5664,2,156.34502
5665,2,151.156051
5666,2,153.591487
5667,2,145.629104
5668,2,141.712526
5669,2,146.235477
5670,2,144.67481
5671,2,148.352815
5672,2,139.982869
5673,2,136.533497
5674,2,136.772071
5675,2,142.259256
5676,2,139.525604
5677,2,139.684653
5678,2,142.925273
5679,2,148.750437
5680,2,147.955193
5681,2,147.825966
5682,2,150.311104
5683,2,144.515762
5684,2,145.271244
5685,2,147.825966
5686,2,147.080424
5687,2,141.79205
5688,2,136.314805
5689,2,131.096015
5690,2,131.970784
5691,2,134.624911
5692,2,129.286834
5693,2,130.777917
5694,2,135.062296
5695,2,134.545387
5696,2,137.448028
5697,2,140.817876
5698,2,140.817876
5699,2,136.622962
5700,2,138.402321
5701,2,135.907243
5702,2,138.104105
5703,2,140.71847
5704,2,142.070386
5705,2,145.479995
5706,2,146.165893
5707,2,144.008793
5708,2,144.992908
5709,2,144.625108
5710,2,147.587393
5711,2,149.277287
5712,2,146.195715
5713,2,150.102352
5714,2,152.130225
5715,2,154.426493
5716,2,153.173983
5717,2,152.04076
5718,2,150.698786
5719,2,155.857933
5720,2,156.414604
5721,2,161.543929
5722,2,160.549874
5723,2,159.058791
5724,2,165.142409
5725,2,164.824312
5726,2,164.595679
5727,2,164.117869
5728,2,164.167641
5729,2,168.467933
5730,2,167.721354
5731,2,171.314886
5732,2,172.399913
5733,2,172.240643
5734,2,173.753709
5735,2,173.355534
5736,2,170.737532
5737,2,166.805551
5738,2,166.467102
5739,2,166.765734
5740,2,169.254329
5741,2,162.873571
5742,2,160.64379
5743,2,158.185058
5744,2,156.502768
5745,2,157.239392
5746,2,155.0992
5747,2,153.825039
5748,2,155.248516
5749,2,153.755359
5750,2,156.652083
5751,2,162.684438
5752,2,153.138187
5753,2,154.601481
5754,2,151.674893
5755,2,150.012512
5756,2,153.775268
5757,2,156.184228
5758,2,153.018735
5759,2,152.043205
5760,2,149.743744
5761,2,150.082192
5762,2,151.067676
5763,2,149.156435
5764,2,141.830011
5765,2,137.569536
5766,2,141.800148
5767,2,145.433497
5768,2,145.732128
5769,2,144.766553
5770,2,139.450914
5771,2,139.779409
5772,2,138.345978
5773,2,137.708898
5774,2,142.337685
5775,2,137.748715
5776,2,141.76033
5777,2,143.094217
5778,2,143.203716
5779,2,142.73586
5780,2,146.598159
5781,2,148.768214
5782,2,151.64503
5783,2,148.66867
5784,2,144.139427
5785,2,155.029519
5786,2,152.640468
5787,2,149.96274
5788,2,144.368378
5789,2,138.246434
5790,2,137.977666
5791,2,138.516096
5792,2,139.09441
5793,2,134.477871
5794,2,146.442982
5795,2,149.264754
5796,2,147.848882
5797,2,149.603765
5798,2,148.357399
5799,2,150.281788
5800,2,150.850131
5801,2,147.579667
5802,2,149.743358
5803,2,150.63077
5804,2,147.679376
5805,2,143.800686
5806,2,140.759554
5807,2,147.599609
5808,2,147.878795
5809,2,147.380249
5810,2,146.203679
5811,2,142.494495
5812,2,140.530223
5813,2,142.235251
5814,2,141.746676
5815,2,144.069901
5816,2,145.047052
5817,2,142.793623
5818,2,136.103132
5819,2,134.118918
5820,2,131.98514
5821,2,131.915343
5822,2,135.056185
5823,2,131.845547
5824,2,131.476623
5825,2,129.651943
5826,2,125.673544
5827,2,129.233164
5828,2,129.552234
5829,2,124.706364
5830,2,125.992614
5831,2,124.65651
5832,2,129.243135
5833,2,129.771594
5834,2,130.349908
5835,2,133.101883
5836,2,133.022116
5837,2,134.368191
5838,2,135.54476
5839,2,134.816883
5840,2,134.876708
5841,2,137.469149
5842,2,140.699729
5843,2,142.1156
5844,2,141.447548
5845,2,143.541442
5846,2,145.505715
5847,2,142.584233
5848,2,143.870483
5849,2,145.007168
5850,2,150.381497
5851,2,154.050798
5852,2,151.288851
5853,2,154.200362
5854,2,151.478299
5855,2,150.431352
5856,2,150.800276
5857,2,153.636332
5858,2,152.987235
5859,2,155.114276
5860,2,153.496526
5861,2,152.338137
5862,2,148.27379
5863,2,148.703193
5864,2,149.192512
5865,2,146.506248
5866,2,147.714567
5867,2,147.205276
5868,2,145.108192
5869,2,145.707359
5870,2,150.820248
5871,2,153.61636
5872,2,151.389457
5873,2,152.657693
5874,2,150.380859
5875,2,148.293762
5876,2,150.261026
5877,2,152.378082
5878,2,152.777526
5879,2,155.633554
5880,2,154.784735
5881,2,157.181402
5882,2,159.058791
5883,2,157.610804
5884,2,158.709277
5885,2,160.027443
5886,2,158.060179
5887,2,157.431054
5888,2,160.546721
5889,2,162.134513
5890,2,164.670985
5891,2,165.939222
5892,2,165.399972
5893,2,163.532569
5894,2,164.431319
5895,2,161.804971
5896,2,160.57668
5897,2,159.877652
5898,2,165.330069
5899,2,164.980555
5900,2,165.000527
5901,2,166.238805
5902,2,167.397194
5903,2,166.418555
5904,2,164.790819
5905,2,165.100388
5906,2,163.542555
5907,2,163.532569
5908,2,168.176111
5909,2,169.444347
5910,2,169.354472
5911,2,168.30593
5912,2,167.217444
5913,2,165.559749
5914,2,173.328945
5915,2,173.259042
5916,2,171.531444
5917,2,173.313965
5918,2,173.508695
5919,2,172.57
5920,2,172.07
5921,2,172.07
5922,2,172.69
5923,2,175.05
5924,2,175.16
5925,2,174.2
5926,2,171.56
5927,2,171.84
5928,2,172.99
5929,2,175.43
5930,2,177.3
5931,2,177.25
5932,2,180.09
5933,2,180.95
5934,2,179.58
5935,2,179.21
5936,2,177.82
5937,2,180.57
5938,2,180.96
5939,2,183.79
5940,2,183.31
5941,2,183.95
5942,2,186.01
5943,2,184.92
5944,2,185.01
5945,2,183.96
5946,2,187.0
5947,2,186.68
5948,2,185.27
5949,2,188.06
5950,2,189.25
5951,2,189.59
5952,2,193.97
5953,2,192.46
5954,2,191.33
5955,2,191.81
5956,2,190.68
5957,2,188.61
5958,2,188.08
5959,2,189.77
5960,2,190.54
5961,2,190.69
5962,2,193.99
5963,2,193.73
5964,2,195.1
5965,2,193.13
5966,2,191.94
0,3,22.622899
1,3,22.622899
2,3,22.622899
3,3,22.622899
4,3,22.622899
5,3,22.622899
6,3,22.622899
7,3,22.622899
8,3,22.622899
9,3,22.622899
10,3,22.622899
11,3,22.622899
12,3,22.622899
13,3,22.622899
14,3,22.622899
15,3,22.622899
16,3,22.622899
17,3,22.622899
18,3,22.622899
19,3,22.622899
20,3,22.622899
21,3,22.622899
22,3,22.622899
23,3,22.622899
24,3,22.622899
25,3,22.622899
26,3,22.622899
27,3,22.622899
28,3,22.622899
29,3,22.622899
30,3,22.622899
31,3,22.622899
32,3,22.622899
33,3,22.622899
34,3,22.622899
35,3,22.622899
36,3,22.622899
37,3,22.622899
38,3,22.622899
39,3,22.622899
40,3,22.622899
41,3,22.622899
42,3,22.622899
43,3,22.622899
44,3,22.622899
45,3,22.622899
46,3,22.622899
47,3,22.622899
48,3,22.622899
49,3,22.622899
50,3,22.622899
51,3,22.622899
52,3,22.622899
53,3,22.622899
54,3,22.622899
55,3,22.622899
56,3,22.622899
57,3,22.622899
58,3,22.622899
59,3,22.622899
60,3,22.622899
61,3,22.622899
62,3,22.622899
63,3,22.622899
64,3,22.622899
65,3,22.622899
66,3,22.622899
67,3,22.622899
68,3,22.622899
69,3,22.622899
70,3,22.622899
71,3,22.622899
72,3,22.622899
73,3,22.622899
74,3,22.622899
75,3,22.622899
76,3,22.622899
77,3,22.622899
78,3,22.622899
79,3,22.622899
80,3,22.622899
81,3,22.622899
82,3,22.622899
83,3,22.622899
84,3,22.622899
85,3,22.622899
86,3,22.622899
87,3,22.622899
88,3,22.622899
89,3,22.622899
90,3,22.622899
91,3,22.622899
92,3,22.622899
93,3,22.622899
94,3,22.622899
95,3,22.622899
96,3,22.622899
97,3,22.622899
98,3,22.622899
99,3,22.622899
100,3,22.622899
101,3,22.622899
102,3,22.622899
103,3,22.622899
104,3,22.622899
105,3,22.622899
106,3,22.622899
107,3,22.622899
108,3,22.622899
109,3,22.622899
110,3,22.622899
111,3,22.622899
112,3,22.622899
113,3,22.622899
114,3,22.622899
115,3,22.622899
116,3,22.622899
117,3,22.622899
118,3,22.622899
119,3,22.622899
120,3,22.622899
121,3,22.622899
122,3,22.622899
123,3,22.622899
124,3,22.622899
125,3,22.622899
126,3,22.622899
127,3,22.622899
128,3,22.622899
129,3,22.622899
130,3,22.622899
131,3,22.622899
132,3,22.622899
133,3,22.622899
134,3,22.622899
135,3,22.622899
136,3,22.622899
137,3,22.622899
138,3,22.622899
139,3,22.622899
140,3,22.622899
141,3,22.622899
142,3,22.622899
143,3,22.622899
144,3,22.622899
145,3,22.622899
146,3,22.622899
147,3,22.622899
148,3,22.622899
149,3,22.622899
150,3,22.622899
151,3,22.622899
152,3,22.622899
153,3,22.622899
154,3,22.622899
155,3,22.622899
156,3,22.622899
157,3,22.622899
158,3,22.622899
159,3,22.622899
160,3,22.622899
161,3,22.622899
162,3,22.622899
163,3,22.622899
164,3,22.622899
165,3,22.622899
166,3,22.622899
167,3,22.622899
168,3,22.622899
169,3,22.622899
170,3,22.622899
171,3,22.622899
172,3,22.622899
173,3,22.622899
174,3,22.622899
175,3,22.622899
176,3,22.622899
177,3,22.622899
178,3,22.622899
179,3,22.622899
180,3,22.622899
181,3,22.622899
182,3,22.622899
183,3,22.622899
184,3,22.622899
185,3,22.622899
186,3,22.622899
187,3,22.622899
188,3,22.622899
189,3,22.622899
190,3,22.622899
191,3,22.622899
192,3,22.622899
193,3,22.622899
194,3,22.622899
195,3,22.622899
196,3,22.622899
197,3,22.622899
198,3,22.622899
199,3,22.622899
200,3,22.622899
201,3,22.622899
202,3,22.622899
203,3,22.622899
204,3,22.622899
205,3,22.622899
206,3,22.622899
207,3,22.622899
208,3,22.622899
209,3,22.622899
210,3,22.622899
211,3,22.622899
212,3,22.622899
213,3,22.622899
214,3,22.622899
215,3,22.622899
216,3,22.622899
217,3,22.622899
218,3,22.622899
219,3,22.622899
220,3,22.622899
221,3,22.622899
222,3,22.622899
223,3,22.622899
224,3,22.622899
225,3,22.622899
226,3,22.622899
227,3,22.622899
228,3,22.622899
229,3,22.622899
230,3,22.622899
231,3,22.622899
232,3,22.622899
233,3,22.622899
234,3,22.622899
235,3,22.622899
236,3,22.622899
237,3,22.622899
238,3,22.622899
239,3,22.622899
240,3,22.622899
241,3,22.622899
242,3,22.622899
243,3,22.622899
244,3,22.622899
245,3,22.622899
246,3,22.622899
247,3,22.622899
248,3,22.622899
249,3,22.622899
250,3,22.622899
251,3,22.622899
252,3,22.622899
253,3,22.622899
254,3,22.622899
255,3,22.622899
256,3,22.622899
257,3,22.622899
258,3,22.622899
259,3,22.622899
260,3,22.622899
261,3,22.622899
262,3,22.622899
263,3,22.622899
264,3,22.622899
265,3,22.622899
266,3,22.622899
267,3,22.622899
268,3,22.622899
269,3,22.622899
270,3,22.622899
271,3,22.622899
272,3,22.622899
273,3,22.622899
274,3,22.622899
275,3,22.622899
276,3,22.622899
277,3,22.622899
278,3,22.622899
279,3,22.622899
280,3,22.622899
281,3,22.622899
282,3,22.622899
283,3,22.622899
284,3,22.622899
285,3,22.622899
286,3,22.622899
287,3,22.622899
288,3,22.622899
289,3,22.622899
290,3,22.622899
291,3,22.622899
292,3,22.622899
293,3,22.622899
294,3,22.622899
295,3,22.622899
296,3,22.622899
297,3,22.622899
298,3,22.622899
299,3,22.622899
300,3,22.622899
301,3,22.622899
302,3,22.622899
303,3,22.622899
304,3,22.622899
305,3,22.622899
306,3,22.622899
307,3,22.622899
308,3,22.622899
309,3,22.622899
310,3,22.622899
311,3,22.622899
312,3,22.622899
313,3,22.622899
314,3,22.622899
315,3,22.622899
316,3,22.622899
317,3,22.622899
318,3,22.622899
319,3,22.622899
320,3,22.622899
321,3,22.622899
322,3,22.622899
323,3,22.622899
324,3,22.622899
325,3,22.622899
326,3,22.622899
327,3,22.622899
328,3,22.622899
329,3,22.622899
330,3,22.622899
331,3,22.622899
332,3,22.622899
333,3,22.622899
334,3,22.622899
335,3,22.622899
336,3,22.622899
337,3,22.622899
338,3,22.622899
339,3,22.622899
340,3,22.622899
341,3,22.622899
342,3,22.622899
343,3,22.622899
344,3,22.622899
345,3,22.622899
346,3,22.622899
347,3,22.622899
348,3,22.622899
349,3,22.622899
350,3,22.622899
351,3,22.622899
352,3,22.622899
353,3,22.622899
354,3,22.622899
355,3,22.622899
356,3,22.622899
357,3,22.622899
358,3,22.622899
359,3,22.622899
360,3,22.622899
361,3,22.622899
362,3,22.622899
363,3,22.622899
364,3,22.622899
365,3,22.622899
366,3,22.622899
367,3,22.622899
368,3,22.622899
369,3,22.622899
370,3,22.622899
371,3,22.622899
372,3,22.622899
373,3,22.622899
374,3,22.622899
375,3,22.622899
376,3,22.622899
377,3,22.622899
378,3,22.622899
379,3,22.622899
380,3,22.622899
381,3,22.622899
382,3,22.622899
383,3,22.622899
384,3,22.622899
385,3,22.622899
386,3,22.622899
387,3,22.622899
388,3,22.622899
389,3,22.622899
390,3,22.622899
391,3,22.622899
392,3,22.622899
393,3,22.622899
394,3,22.622899
395,3,22.622899
396,3,22.622899
397,3,22.622899
398,3,22.622899
399,3,22.622899
400,3,22.622899
401,3,22.622899
402,3,22.622899
403,3,22.622899
404,3,22.622899
405,3,22.622899
406,3,22.622899
407,3,22.622899
408,3,22.622899
409,3,22.622899
410,3,22.622899
411,3,22.622899
412,3,22.622899
413,3,22.622899
414,3,22.622899
415,3,22.622899
416,3,22.622899
417,3,22.622899
418,3,22.622899
419,3,22.622899
420,3,22.622899
421,3,22.622899
422,3,22.622899
423,3,22.622899
424,3,22.622899
425,3,22.622899
426,3,22.622899
427,3,22.622899
428,3,22.622899
429,3,22.622899
430,3,22.622899
431,3,22.622899
432,3,22.622899
433,3,22.622899
434,3,22.622899
435,3,22.622899
436,3,22.622899
437,3,22.622899
438,3,22.622899
439,3,22.622899
440,3,22.622899
441,3,22.622899
442,3,22.622899
443,3,22.622899
444,3,22.622899
445,3,22.622899
446,3,22.622899
447,3,22.622899
448,3,22.622899
449,3,22.622899
450,3,22.622899
451,3,22.622899
452,3,22.622899
453,3,22.622899
454,3,22.622899
455,3,22.622899
456,3,22.622899
457,3,22.622899
458,3,22.622899
459,3,22.622899
460,3,22.622899
461,3,22.622899
462,3,22.622899
463,3,22.622899
464,3,22.622899
465,3,22.622899
466,3,22.622899
467,3,22.622899
468,3,22.622899
469,3,22.622899
470,3,22.622899
471,3,22.622899
472,3,22.622899
473,3,22.622899
474,3,22.622899
475,3,22.622899
476,3,22.622899
477,3,22.622899
478,3,22.622899
479,3,22.622899
480,3,22.622899
481,3,22.622899
482,3,22.622899
483,3,22.622899
484,3,22.622899
485,3,22.622899
486,3,22.622899
487,3,22.622899
488,3,22.622899
489,3,22.622899
490,3,22.622899
491,3,22.622899
492,3,22.622899
493,3,22.622899
494,3,22.622899
495,3,22.622899
496,3,22.622899
497,3,22.622899
498,3,22.622899
499,3,22.622899
500,3,22.622899
501,3,22.622899
502,3,22.622899
503,3,22.622899
504,3,22.622899
505,3,22.622899
506,3,22.622899
507,3,22.622899
508,3,22.622899
509,3,22.622899
510,3,22.622899
511,3,22.622899
512,3,22.622899
513,3,22.622899
514,3,22.622899
515,3,22.622899
516,3,22.622899
517,3,22.622899
518,3,22.622899
519,3,22.622899
520,3,22.622899
521,3,22.622899
522,3,22.622899
523,3,22.622899
524,3,22.622899
525,3,22.622899
526,3,22.622899
527,3,22.622899
528,3,22.622899
529,3,22.622899
530,3,22.622899
531,3,22.622899
532,3,22.622899
533,3,22.622899
534,3,22.622899
535,3,22.622899
536,3,22.622899
537,3,22.622899
538,3,22.622899
539,3,22.622899
540,3,22.622899
541,3,22.622899
542,3,22.622899
543,3,22.622899
544,3,22.622899
545,3,22.622899
546,3,22.622899
547,3,22.622899
548,3,22.622899
549,3,22.622899
550,3,22.622899
551,3,22.622899
552,3,22.622899
553,3,22.622899
554,3,22.622899
555,3,22.622899
556,3,22.622899
557,3,22.622899
558,3,22.622899
559,3,22.622899
560,3,22.622899
561,3,22.622899
562,3,22.622899
563,3,22.622899
564,3,22.622899
565,3,22.622899
566,3,22.622899
567,3,22.622899
568,3,22.622899
569,3,22.622899
570,3,22.622899
571,3,22.622899
572,3,22.622899
573,3,22.622899
574,3,22.622899
575,3,22.622899
576,3,22.622899
577,3,22.622899
578,3,22.622899
579,3,22.622899
580,3,22.622899
581,3,22.622899
582,3,22.622899
583,3,22.622899
584,3,22.622899
585,3,22.622899
586,3,22.622899
587,3,22.622899
588,3,22.622899
589,3,22.622899
590,3,22.622899
591,3,22.622899
592,3,22.622899
593,3,22.622899
594,3,22.622899
595,3,22.622899
596,3,22.622899
597,3,22.622899
598,3,22.622899
599,3,22.622899
600,3,22.622899
601,3,22.622899
602,3,22.622899
603,3,22.622899
604,3,22.622899
605,3,22.622899
606,3,22.622899
607,3,22.622899
608,3,22.622899
609,3,22.622899
610,3,22.622899
611,3,22.622899
612,3,22.622899
613,3,22.622899
614,3,22.622899
615,3,22.622899
616,3,22.622899
617,3,22.622899
618,3,22.622899
619,3,22.622899
620,3,22.622899
621,3,22.622899
622,3,22.622899
623,3,22.622899
624,3,22.622899
625,3,22.622899
626,3,22.622899
627,3,22.622899
628,3,22.622899
629,3,22.622899
630,3,22.622899
631,3,22.622899
632,3,22.622899
633,3,22.622899
634,3,22.622899
635,3,22.622899
636,3,22.622899
637,3,22.622899
638,3,22.622899
639,3,22.622899
640,3,22.622899
641,3,22.622899
642,3,22.622899
643,3,22.622899
644,3,22.622899
645,3,22.622899
646,3,22.622899
647,3,22.622899
648,3,22.622899
649,3,22.622899
650,3,22.622899
651,3,22.622899
652,3,22.622899
653,3,22.622899
654,3,22.622899
655,3,22.622899
656,3,22.622899
657,3,22.622899
658,3,22.622899
659,3,22.622899
660,3,22.622899
661,3,22.622899
662,3,22.622899
663,3,22.622899
664,3,22.622899
665,3,22.622899
666,3,22.622899
667,3,22.622899
668,3,22.622899
669,3,22.622899
670,3,22.622899
671,3,22.622899
672,3,22.622899
673,3,22.622899
674,3,22.622899
675,3,22.622899
676,3,22.622899
677,3,22.622899
678,3,22.622899
679,3,22.622899
680,3,22.622899
681,3,22.622899
682,3,22.622899
683,3,22.622899
684,3,22.622899
685,3,22.622899
686,3,22.622899
687,3,22.622899
688,3,22.622899
689,3,22.622899
690,3,22.622899
691,3,22.622899
692,3,22.622899
693,3,22.622899
694,3,22.622899
695,3,22.622899
696,3,22.622899
697,3,22.622899
698,3,22.622899
699,3,22.622899
700,3,22.622899
701,3,22.622899
702,3,22.622899
703,3,22.622899
704,3,22.622899
705,3,22.622899
706,3,22.622899
707,3,22.622899
708,3,22.622899
709,3,22.622899
710,3,22.622899
711,3,22.622899
712,3,22.622899
713,3,22.622899
714,3,22.622899
715,3,22.622899
716,3,22.622899
717,3,22.622899
718,3,22.622899
719,3,22.622899
720,3,22.622899
721,3,22.622899
722,3,22.622899
723,3,22.622899
724,3,22.622899
725,3,22.622899
726,3,22.622899
727,3,22.622899
728,3,22.622899
729,3,22.622899
730,3,22.622899
731,3,22.622899
732,3,22.622899
733,3,22.622899
734,3,22.622899
735,3,22.622899
736,3,22.622899
737,3,22.622899
738,3,22.622899
739,3,22.622899
740,3,22.622899
741,3,22.622899
742,3,22.622899
743,3,22.622899
744,3,22.622899
745,3,22.622899
746,3,22.622899
747,3,22.622899
748,3,22.622899
749,3,22.622899
750,3,22.622899
751,3,22.622899
752,3,22.622899
753,3,22.622899
754,3,22.622899
755,3,22.622899
756,3,22.622899
757,3,22.622899
758,3,22.622899
759,3,22.622899
760,3,22.622899
761,3,22.622899
762,3,22.622899
763,3,22.622899
764,3,22.622899
765,3,22.622899
766,3,22.622899
767,3,22.622899
768,3,22.622899
769,3,22.622899
770,3,22.622899
771,3,22.622899
772,3,22.622899
773,3,22.622899
774,3,22.622899
775,3,22.622899
776,3,22.622899
777,3,22.622899
778,3,22.622899
779,3,22.622899
780,3,22.622899
781,3,22.622899
782,3,22.622899
783,3,22.622899
784,3,22.622899
785,3,22.622899
786,3,22.622899
787,3,22.622899
788,3,22.622899
789,3,22.622899
790,3,22.622899
791,3,22.622899
792,3,22.622899
793,3,22.622899
794,3,22.622899
795,3,22.622899
796,3,22.622899
797,3,22.622899
798,3,22.622899
799,3,22.622899
800,3,22.622899
801,3,22.622899
802,3,22.622899
803,3,22.622899
804,3,22.622899
805,3,22.622899
806,3,22.622899
807,3,22.622899
808,3,22.622899
809,3,22.622899
810,3,22.622899
811,3,22.622899
812,3,22.622899
813,3,22.622899
814,3,22.622899
815,3,22.622899
816,3,22.622899
817,3,22.622899
818,3,22.622899
819,3,22.622899
820,3,22.622899
821,3,22.622899
822,3,22.622899
823,3,22.622899
824,3,22.622899
825,3,22.622899
826,3,22.622899
827,3,22.622899
828,3,22.622899
829,3,22.622899
830,3,22.622899
831,3,22.622899
832,3,22.622899
833,3,22.622899
834,3,22.622899
835,3,22.622899
836,3,22.622899
837,3,22.622899
838,3,22.622899
839,3,22.622899
840,3,22.622899
841,3,22.622899
842,3,22.622899
843,3,22.622899
844,3,22.622899
845,3,22.622899
846,3,22.622899
847,3,22.622899
848,3,22.622899
849,3,22.622899
850,3,22.622899
851,3,22.622899
852,3,22.622899
853,3,22.622899
854,3,22.622899
855,3,22.622899
856,3,22.622899
857,3,22.622899
858,3,22.622899
859,3,22.622899
860,3,22.622899
861,3,22.622899
862,3,22.622899
863,3,22.622899
864,3,22.622899
865,3,22.622899
866,3,22.622899
867,3,22.622899
868,3,22.622899
869,3,22.622899
870,3,22.622899
871,3,22.622899
872,3,22.622899
873,3,22.622899
874,3,22.622899
875,3,22.622899
876,3,22.622899
877,3,22.622899
878,3,22.622899
879,3,22.622899
880,3,22.622899
881,3,22.622899
882,3,22.622899
883,3,22.622899
884,3,22.622899
885,3,22.622899
886,3,22.622899
887,3,22.622899
888,3,22.622899
889,3,22.622899
890,3,22.622899
891,3,22.622899
892,3,22.622899
893,3,22.622899
894,3,22.622899
895,3,22.622899
896,3,22.622899
897,3,22.622899
898,3,22.622899
899,3,22.622899
900,3,22.622899
901,3,22.622899
902,3,22.622899
903,3,22.622899
904,3,22.622899
905,3,22.622899
906,3,22.622899
907,3,22.622899
908,3,22.622899
909,3,22.622899
910,3,22.622899
911,3,22.622899
912,3,22.622899
913,3,22.622899
914,3,22.622899
915,3,22.622899
916,3,22.622899
917,3,22.622899
918,3,22.622899
919,3,22.622899
920,3,22.622899
921,3,22.622899
922,3,22.622899
923,3,22.622899
924,3,22.622899
925,3,22.622899
926,3,22.622899
927,3,22.622899
928,3,22.622899
929,3,22.622899
930,3,22.622899
931,3,22.622899
932,3,22.622899
933,3,22.622899
934,3,22.622899
935,3,22.622899
936,3,22.622899
937,3,22.622899
938,3,22.622899
939,3,22.622899
940,3,22.622899
941,3,22.622899
942,3,22.622899
943,3,22.622899
944,3,22.622899
945,3,22.622899
946,3,22.622899
947,3,22.622899
948,3,22.622899
949,3,22.622899
950,3,22.622899
951,3,22.622899
952,3,22.622899
953,3,22.622899
954,3,22.622899
955,3,22.622899
956,3,22.622899
957,3,22.622899
958,3,22.622899
959,3,22.622899
960,3,22.622899
961,3,22.622899
962,3,22.622899
963,3,22.622899
964,3,22.622899
965,3,22.622899
966,3,22.622899
967,3,22.622899
968,3,22.622899
969,3,22.622899
970,3,22.622899
971,3,22.622899
972,3,22.622899
973,3,22.622899
974,3,22.622899
975,3,22.622899
976,3,22.622899
977,3,22.622899
978,3,22.622899
979,3,22.622899
980,3,22.622899
981,3,22.622899
982,3,22.622899
983,3,22.622899
984,3,22.622899
985,3,22.622899
986,3,22.622899
987,3,22.622899
988,3,22.622899
989,3,22.622899
990,3,22.622899
991,3,22.622899
992,3,22.622899
993,3,22.622899
994,3,22.622899
995,3,22.622899
996,3,22.622899
997,3,22.622899
998,3,22.622899
999,3,22.622899
1000,3,22.622899
1001,3,22.622899
1002,3,22.622899
1003,3,22.622899
1004,3,22.622899
1005,3,22.622899
1006,3,22.622899
1007,3,22.622899
1008,3,22.622899
1009,3,22.622899
1010,3,22.622899
1011,3,22.622899
1012,3,22.622899
1013,3,22.622899
1014,3,22.622899
1015,3,22.622899
1016,3,22.622899
1017,3,22.622899
1018,3,22.622899
1019,3,22.622899
1020,3,22.622899
1021,3,22.622899
1022,3,22.622899
1023,3,22.622899
1024,3,22.622899
1025,3,22.622899
1026,3,22.622899
1027,3,22.622899
1028,3,22.622899
1029,3,22.622899
1030,3,22.622899
1031,3,22.622899
1032,3,22.622899
1033,3,22.622899
1034,3,22.622899
1035,3,22.622899
1036,3,22.622899
1037,3,22.622899
1038,3,22.622899
1039,3,22.622899
1040,3,22.622899
1041,3,22.622899
1042,3,22.622899
1043,3,22.622899
1044,3,22.622899
1045,3,22.622899
1046,3,22.622899
1047,3,22.622899
1048,3,22.622899
1049,3,22.622899
1050,3,22.622899
1051,3,22.622899
1052,3,22.622899
1053,3,22.622899
1054,3,22.622899
1055,3,22.622899
1056,3,22.622899
1057,3,22.622899
1058,3,22.622899
1059,3,22.622899
1060,3,22.622899
1061,3,22.622899
1062,3,22.622899
1063,3,22.622899
1064,3,22.622899
1065,3,22.622899
1066,3,22.622899
1067,3,22.622899
1068,3,22.622899
1069,3,22.622899
1070,3,22.622899
1071,3,22.622899
1072,3,22.622899
1073,3,22.622899
1074,3,22.622899
1075,3,22.622899
1076,3,22.622899
1077,3,22.622899
1078,3,22.622899
1079,3,22.622899
1080,3,22.622899
1081,3,22.622899
1082,3,22.622899
1083,3,22.622899
1084,3,22.622899
1085,3,22.622899
1086,3,22.622899
1087,3,22.622899
1088,3,22.622899
1089,3,22.622899
1090,3,22.622899
1091,3,22.622899
1092,3,22.622899
1093,3,22.622899
1094,3,22.622899
1095,3,22.622899
1096,3,22.622899
1097,3,22.622899
1098,3,22.622899
1099,3,22.622899
1100,3,22.622899
1101,3,22.622899
1102,3,22.622899
1103,3,22.622899
1104,3,22.622899
1105,3,22.622899
1106,3,22.622899
1107,3,22.622899
1108,3,22.622899
1109,3,22.622899
1110,3,22.622899
1111,3,22.622899
1112,3,22.622899
1113,3,22.622899
1114,3,22.622899
1115,3,22.622899
1116,3,22.622899
1117,3,22.622899
1118,3,22.622899
1119,3,22.622899
1120,3,22.622899
1121,3,22.622899
1122,3,22.622899
1123,3,22.622899
1124,3,22.622899
1125,3,22.622899
1126,3,22.622899
1127,3,22.622899
1128,3,22.622899
1129,3,22.622899
1130,3,22.622899
1131,3,22.622899
1132,3,22.622899
1133,3,22.622899
1134,3,22.622899
1135,3,22.622899
1136,3,22.622899
1137,3,22.622899
1138,3,22.622899
1139,3,22.622899
1140,3,22.622899
1141,3,22.622899
1142,3,22.622899
1143,3,22.622899
1144,3,22.622899
1145,3,22.622899
1146,3,22.622899
1147,3,22.622899
1148,3,22.622899
1149,3,22.622899
1150,3,22.622899
1151,3,22.622899
1152,3,22.622899
1153,3,22.622899
1154,3,22.622899
1155,3,22.622899
1156,3,22.622899
1157,3,22.622899
1158,3,22.622899
1159,3,22.622899
1160,3,22.622899
1161,3,22.622899
1162,3,22.622899
1163,3,22.622899
1164,3,22.622899
1165,3,22.622899
1166,3,22.622899
1167,3,22.622899
1168,3,22.622899
1169,3,22.622899
1170,3,22.622899
1171,3,22.622899
1172,3,22.622899
1173,3,22.622899
1174,3,22.622899
1175,3,22.622899
1176,3,22.622899
1177,3,22.622899
1178,3,22.622899
1179,3,22.622899
1180,3,22.622899
1181,3,22.622899
1182,3,22.622899
1183,3,22.622899
1184,3,22.622899
1185,3,22.622899
1186,3,22.622899
1187,3,22.622899
1188,3,22.622899
1189,3,22.622899
1190,3,22.622899
1191,3,22.622899
1192,3,22.622899
1193,3,22.622899
1194,3,22.622899
1195,3,22.622899
1196,3,22.622899
1197,3,22.622899
1198,3,22.622899
1199,3,22.622899
1200,3,22.622899
1201,3,22.622899
1202,3,22.622899
1203,3,22.622899
1204,3,22.622899
1205,3,22.622899
1206,3,22.622899
1207,3,22.622899
1208,3,22.622899
1209,3,22.622899
1210,3,22.622899
1211,3,22.622899
1212,3,22.622899
1213,3,22.622899
1214,3,22.622899
1215,3,22.622899
1216,3,22.622899
1217,3,22.622899
1218,3,22.622899
1219,3,22.622899
1220,3,22.622899
1221,3,22.622899
1222,3,22.622899
1223,3,22.622899
1224,3,22.622899
1225,3,22.622899
1226,3,22.622899
1227,3,22.622899
1228,3,22.622899
1229,3,22.622899
1230,3,22.622899
1231,3,22.622899
1232,3,22.622899
1233,3,22.622899
1234,3,22.622899
1235,3,22.622899
1236,3,22.622899
1237,3,22.622899
1238,3,22.622899
1239,3,22.622899
1240,3,22.622899
1241,3,22.622899
1242,3,22.622899
1243,3,22.622899
1244,3,22.622899
1245,3,22.622899
1246,3,22.622899
1247,3,22.622899
1248,3,22.622899
1249,3,22.622899
1250,3,22.622899
1251,3,22.622899
1252,3,22.622899
1253,3,22.622899
1254,3,22.622899
1255,3,22.622899
1256,3,22.622899
1257,3,22.622899
1258,3,22.622899
1259,3,22.622899
1260,3,22.622899
1261,3,22.622899
1262,3,22.622899
1263,3,22.622899
1264,3,22.622899
1265,3,22.622899
1266,3,22.622899
1267,3,22.622899
1268,3,22.622899
1269,3,22.622899
1270,3,22.622899
1271,3,22.622899
1272,3,22.622899
1273,3,22.622899
1274,3,22.622899
1275,3,22.622899
1276,3,22.622899
1277,3,22.622899
1278,3,22.622899
1279,3,22.622899
1280,3,22.622899
1281,3,22.622899
1282,3,22.622899
1283,3,22.622899
1284,3,22.622899
1285,3,22.622899
1286,3,22.622899
1287,3,22.622899
1288,3,22.622899
1289,3,22.622899
1290,3,22.622899
1291,3,22.622899
1292,3,22.622899
1293,3,22.622899
1294,3,22.622899
1295,3,22.622899
1296,3,22.622899
1297,3,22.622899
1298,3,22.622899
1299,3,22.622899
1300,3,22.622899
1301,3,22.622899
1302,3,22.622899
1303,3,22.622899
1304,3,22.622899
1305,3,22.622899
1306,3,22.622899
1307,3,22.622899
1308,3,22.622899
1309,3,22.622899
1310,3,22.622899
1311,3,22.622899
1312,3,22.622899
1313,3,22.622899
1314,3,22.622899
1315,3,22.622899
1316,3,22.622899
1317,3,22.622899
1318,3,22.622899
1319,3,22.622899
1320,3,22.622899
1321,3,22.622899
1322,3,22.622899
1323,3,22.622899
1324,3,22.622899
1325,3,22.622899
1326,3,22.622899
1327,3,22.622899
1328,3,22.622899
1329,3,22.622899
1330,3,22.622899
1331,3,22.622899
1332,3,22.622899
1333,3,22.622899
1334,3,22.622899
1335,3,22.622899
1336,3,22.622899
1337,3,22.622899
1338,3,22.622899
1339,3,22.622899
1340,3,22.622899
1341,3,22.622899
1342,3,22.622899
1343,3,22.622899
1344,3,22.622899
1345,3,22.622899
1346,3,22.622899
1347,3,22.622899
1348,3,22.622899
1349,3,22.622899
1350,3,22.622899
1351,3,22.622899
1352,3,22.622899
1353,3,22.622899
1354,3,22.622899
1355,3,22.622899
1356,3,22.622899
1357,3,22.622899
1358,3,22.622899
1359,3,22.622899
1360,3,22.622899
1361,3,22.622899
1362,3,22.622899
1363,3,22.622899
1364,3,22.622899
1365,3,22.622899
1366,3,22.622899
1367,3,22.622899
1368,3,22.622899
1369,3,22.622899
1370,3,22.622899
1371,3,22.622899
1372,3,22.622899
1373,3,22.622899
1374,3,22.622899
1375,3,22.622899
1376,3,22.622899
1377,3,22.622899
1378,3,22.622899
1379,3,22.622899
1380,3,22.622899
1381,3,22.622899
1382,3,22.622899
1383,3,22.622899
1384,3,22.622899
1385,3,22.622899
1386,3,22.622899
1387,3,22.622899
1388,3,22.622899
1389,3,22.622899
1390,3,22.622899
1391,3,22.622899
1392,3,22.622899
1393,3,22.622899
1394,3,22.622899
1395,3,22.622899
1396,3,22.622899
1397,3,22.622899
1398,3,22.622899
1399,3,22.622899
1400,3,22.622899
1401,3,22.622899
1402,3,22.622899
1403,3,22.622899
1404,3,22.622899
1405,3,22.622899
1406,3,22.622899
1407,3,22.622899
1408,3,22.622899
1409,3,22.622899
1410,3,22.622899
1411,3,22.622899
1412,3,22.622899
1413,3,22.622899
1414,3,22.622899
1415,3,22.622899
1416,3,22.622899
1417,3,22.622899
1418,3,22.622899
1419,3,22.622899
1420,3,22.622899
1421,3,22.622899
1422,3,22.622899
1423,3,22.622899
1424,3,22.622899
1425,3,22.622899
1426,3,22.622899
1427,3,22.622899
1428,3,22.622899
1429,3,22.622899
1430,3,22.622899
1431,3,22.622899
1432,3,22.622899
1433,3,22.622899
1434,3,22.622899
1435,3,22.622899
1436,3,22.622899
1437,3,22.622899
1438,3,22.622899
1439,3,22.622899
1440,3,22.622899
1441,3,22.622899
1442,3,22.622899
1443,3,22.622899
1444,3,22.622899
1445,3,22.622899
1446,3,22.622899
1447,3,22.622899
1448,3,22.622899
1449,3,22.622899
1450,3,22.622899
1451,3,22.622899
1452,3,22.622899
1453,3,22.622899
1454,3,22.622899
1455,3,22.622899
1456,3,22.622899
1457,3,22.622899
1458,3,22.622899
1459,3,22.622899
1460,3,22.622899
1461,3,22.622899
1462,3,22.622899
1463,3,22.622899
1464,3,22.622899
1465,3,22.622899
1466,3,22.622899
1467,3,22.622899
1468,3,22.622899
1469,3,22.622899
1470,3,22.622899
1471,3,22.622899
1472,3,22.622899
1473,3,22.622899
1474,3,22.622899
1475,3,22.622899
1476,3,22.622899
1477,3,22.622899
1478,3,22.622899
1479,3,22.622899
1480,3,22.622899
1481,3,22.622899
1482,3,22.622899
1483,3,22.622899
1484,3,22.622899
1485,3,22.622899
1486,3,22.622899
1487,3,22.622899
1488,3,22.622899
1489,3,22.622899
1490,3,22.622899
1491,3,22.622899
1492,3,22.622899
1493,3,22.622899
1494,3,22.622899
1495,3,22.622899
1496,3,22.622899
1497,3,22.622899
1498,3,22.622899
1499,3,22.622899
1500,3,22.622899
1501,3,22.622899
1502,3,22.622899
1503,3,22.622899
1504,3,22.622899
1505,3,22.622899
1506,3,22.622899
1507,3,22.622899
1508,3,22.622899
1509,3,22.622899
1510,3,22.622899
1511,3,22.622899
1512,3,22.622899
1513,3,22.622899
1514,3,22.622899
1515,3,22.622899
1516,3,22.622899
1517,3,22.622899
1518,3,22.622899
1519,3,22.622899
1520,3,22.622899
1521,3,22.622899
1522,3,22.622899
1523,3,22.622899
1524,3,22.622899
1525,3,22.622899
1526,3,22.622899
1527,3,22.622899
1528,3,22.622899
1529,3,22.622899
1530,3,22.622899
1531,3,22.622899
1532,3,22.622899
1533,3,22.622899
1534,3,22.622899
1535,3,22.622899
1536,3,22.622899
1537,3,22.622899
1538,3,22.622899
1539,3,22.622899
1540,3,22.622899
1541,3,22.622899
1542,3,22.622899
1543,3,22.622899
1544,3,22.622899
1545,3,22.622899
1546,3,22.622899
1547,3,22.622899
1548,3,22.622899
1549,3,22.622899
1550,3,22.622899
1551,3,22.622899
1552,3,22.622899
1553,3,22.622899
1554,3,22.622899
1555,3,22.622899
1556,3,22.622899
1557,3,22.622899
1558,3,22.622899
1559,3,22.622899
1560,3,22.622899
1561,3,22.622899
1562,3,22.622899
1563,3,22.622899
1564,3,22.622899
1565,3,22.622899
1566,3,22.622899
1567,3,22.622899
1568,3,22.622899
1569,3,22.622899
1570,3,22.622899
1571,3,22.622899
1572,3,22.622899
1573,3,22.622899
1574,3,22.622899
1575,3,22.622899
1576,3,22.622899
1577,3,22.622899
1578,3,22.622899
1579,3,22.622899
1580,3,22.622899
1581,3,22.622899
1582,3,22.622899
1583,3,22.622899
1584,3,22.622899
1585,3,22.622899
1586,3,22.622899
1587,3,22.622899
1588,3,22.622899
1589,3,22.622899
1590,3,22.622899
1591,3,22.622899
1592,3,22.622899
1593,3,22.622899
1594,3,22.622899
1595,3,22.622899
1596,3,22.622899
1597,3,22.622899
1598,3,22.622899
1599,3,22.622899
1600,3,22.622899
1601,3,22.622899
1602,3,22.622899
1603,3,22.622899
1604,3,22.622899
1605,3,22.622899
1606,3,22.622899
1607,3,22.622899
1608,3,22.622899
1609,3,22.622899
1610,3,22.622899
1611,3,22.622899
1612,3,22.622899
1613,3,22.622899
1614,3,22.622899
1615,3,22.622899
1616,3,22.622899
1617,3,22.622899
1618,3,22.622899
1619,3,22.622899
1620,3,22.622899
1621,3,22.622899
1622,3,22.622899
1623,3,22.622899
1624,3,22.622899
1625,3,22.622899
1626,3,22.622899
1627,3,22.622899
1628,3,22.622899
1629,3,22.622899
1630,3,22.622899
1631,3,22.622899
1632,3,22.622899
1633,3,22.622899
1634,3,22.622899
1635,3,22.622899
1636,3,22.622899
1637,3,22.622899
1638,3,22.622899
1639,3,22.622899
1640,3,22.622899
1641,3,22.622899
1642,3,22.622899
1643,3,22.622899
1644,3,22.622899
1645,3,22.622899
1646,3,22.622899
1647,3,22.622899
1648,3,22.622899
1649,3,22.622899
1650,3,22.622899
1651,3,22.622899
1652,3,22.622899
1653,3,22.622899
1654,3,22.622899
1655,3,22.622899
1656,3,22.622899
1657,3,22.622899
1658,3,22.622899
1659,3,22.622899
1660,3,22.622899
1661,3,22.622899
1662,3,22.622899
1663,3,22.622899
1664,3,22.622899
1665,3,22.622899
1666,3,22.622899
1667,3,22.622899
1668,3,22.622899
1669,3,22.622899
1670,3,22.622899
1671,3,22.622899
1672,3,22.622899
1673,3,22.622899
1674,3,22.622899
1675,3,22.622899
1676,3,22.622899
1677,3,22.622899
1678,3,22.622899
1679,3,22.622899
1680,3,22.622899
1681,3,22.622899
1682,3,22.622899
1683,3,22.622899
1684,3,22.622899
1685,3,22.622899
1686,3,22.622899
1687,3,22.622899
1688,3,22.622899
1689,3,22.622899
1690,3,22.622899
1691,3,22.622899
1692,3,22.622899
1693,3,22.622899
1694,3,22.622899
1695,3,22.622899
1696,3,22.622899
1697,3,22.622899
1698,3,22.622899
1699,3,22.622899
1700,3,22.622899
1701,3,22.622899
1702,3,22.622899
1703,3,22.622899
1704,3,22.622899
1705,3,22.622899
1706,3,22.622899
1707,3,22.622899
1708,3,22.622899
1709,3,22.622899
1710,3,22.622899
1711,3,22.622899
1712,3,22.622899
1713,3,22.622899
1714,3,22.622899
1715,3,22.622899
1716,3,22.622899
1717,3,22.622899
1718,3,22.622899
1719,3,22.622899
1720,3,22.622899
1721,3,22.622899
1722,3,22.622899
1723,3,22.622899
1724,3,22.622899
1725,3,22.622899
1726,3,22.622899
1727,3,22.622899
1728,3,22.622899
1729,3,22.622899
1730,3,22.622899
1731,3,22.622899
1732,3,22.622899
1733,3,22.622899
1734,3,22.622899
1735,3,22.622899
1736,3,22.622899
1737,3,22.622899
1738,3,22.622899
1739,3,22.622899
1740,3,22.622899
1741,3,22.622899
1742,3,22.622899
1743,3,22.622899
1744,3,22.622899
1745,3,22.622899
1746,3,22.622899
1747,3,22.622899
1748,3,22.622899
1749,3,22.622899
1750,3,22.622899
1751,3,22.622899
1752,3,22.622899
1753,3,22.622899
1754,3,22.622899
1755,3,22.622899
1756,3,22.622899
1757,3,22.622899
1758,3,22.622899
1759,3,22.622899
1760,3,22.622899
1761,3,22.622899
1762,3,22.622899
1763,3,22.622899
1764,3,22.622899
1765,3,22.622899
1766,3,22.622899
1767,3,22.622899
1768,3,22.622899
1769,3,22.622899
1770,3,22.622899
1771,3,22.622899
1772,3,22.622899
1773,3,22.622899
1774,3,22.622899
1775,3,22.622899
1776,3,22.622899
1777,3,22.622899
1778,3,22.622899
1779,3,22.622899
1780,3,22.622899
1781,3,22.622899
1782,3,22.622899
1783,3,22.622899
1784,3,22.622899
1785,3,22.622899
1786,3,22.622899
1787,3,22.622899
1788,3,22.622899
1789,3,22.622899
1790,3,22.622899
1791,3,22.622899
1792,3,22.622899
1793,3,22.622899
1794,3,22.622899
1795,3,22.622899
1796,3,22.622899
1797,3,22.622899
1798,3,22.622899
1799,3,22.622899
1800,3,22.622899
1801,3,22.622899
1802,3,22.622899
1803,3,22.622899
1804,3,22.622899
1805,3,22.622899
1806,3,22.622899
1807,3,22.622899
1808,3,22.622899
1809,3,22.622899
1810,3,22.622899
1811,3,22.622899
1812,3,22.622899
1813,3,22.622899
1814,3,22.622899
1815,3,22.622899
1816,3,22.622899
1817,3,22.622899
1818,3,22.622899
1819,3,22.622899
1820,3,22.622899
1821,3,22.622899
1822,3,22.622899
1823,3,22.622899
1824,3,22.622899
1825,3,22.622899
1826,3,22.622899
1827,3,22.622899
1828,3,22.622899
1829,3,22.622899
1830,3,22.622899
1831,3,22.622899
1832,3,22.622899
1833,3,22.622899
1834,3,22.622899
1835,3,22.622899
1836,3,22.622899
1837,3,22.622899
1838,3,22.622899
1839,3,22.622899
1840,3,22.622899
1841,3,22.622899
1842,3,22.622899
1843,3,22.622899
1844,3,22.622899
1845,3,22.622899
1846,3,22.622899
1847,3,22.622899
1848,3,22.622899
1849,3,22.622899
1850,3,22.622899
1851,3,22.622899
1852,3,22.622899
1853,3,22.622899
1854,3,22.622899
1855,3,22.622899
1856,3,22.622899
1857,3,22.622899
1858,3,22.622899
1859,3,22.622899
1860,3,22.622899
1861,3,22.622899
1862,3,22.622899
1863,3,22.622899
1864,3,22.622899
1865,3,22.622899
1866,3,22.622899
1867,3,22.622899
1868,3,22.622899
1869,3,22.622899
1870,3,22.622899
1871,3,22.622899
1872,3,22.622899
1873,3,22.622899
1874,3,22.622899
1875,3,22.622899
1876,3,22.622899
1877,3,22.622899
1878,3,22.622899
1879,3,22.622899
1880,3,22.622899
1881,3,22.622899
1882,3,22.622899
1883,3,22.622899
1884,3,22.622899
1885,3,22.622899
1886,3,22.622899
1887,3,22.622899
1888,3,22.622899
1889,3,22.622899
1890,3,22.622899
1891,3,22.622899
1892,3,22.622899
1893,3,22.622899
1894,3,22.622899
1895,3,22.622899
1896,3,22.622899
1897,3,22.622899
1898,3,22.622899
1899,3,22.622899
1900,3,22.622899
1901,3,22.622899
1902,3,22.622899
1903,3,22.622899
1904,3,22.622899
1905,3,22.622899
1906,3,22.622899
1907,3,22.622899
1908,3,22.622899
1909,3,22.622899
1910,3,22.622899
1911,3,22.622899
1912,3,22.622899
1913,3,22.622899
1914,3,22.622899
1915,3,22.622899
1916,3,22.622899
1917,3,22.622899
1918,3,22.622899
1919,3,22.622899
1920,3,22.622899
1921,3,22.622899
1922,3,22.622899
1923,3,22.622899
1924,3,22.622899
1925,3,22.622899
1926,3,22.622899
1927,3,22.622899
1928,3,22.622899
1929,3,22.622899
1930,3,22.622899
1931,3,22.622899
1932,3,22.622899
1933,3,22.622899
1934,3,22.622899
1935,3,22.622899
1936,3,22.622899
1937,3,22.622899
1938,3,22.622899
1939,3,22.622899
1940,3,22.622899
1941,3,22.622899
1942,3,22.622899
1943,3,22.622899
1944,3,22.622899
1945,3,22.622899
1946,3,22.622899
1947,3,22.622899
1948,3,22.622899
1949,3,22.622899
1950,3,22.622899
1951,3,22.622899
1952,3,22.622899
1953,3,22.622899
1954,3,22.622899
1955,3,22.622899
1956,3,22.622899
1957,3,22.622899
1958,3,22.622899
1959,3,22.622899
1960,3,22.622899
1961,3,22.622899
1962,3,22.622899
1963,3,22.622899
1964,3,22.622899
1965,3,22.622899
1966,3,22.622899
1967,3,22.622899
1968,3,22.622899
1969,3,22.622899
1970,3,22.622899
1971,3,22.622899
1972,3,22.622899
1973,3,22.622899
1974,3,22.622899
1975,3,22.622899
1976,3,22.622899
1977,3,22.622899
1978,3,22.622899
1979,3,22.622899
1980,3,22.622899
1981,3,22.622899
1982,3,22.622899
1983,3,22.622899
1984,3,22.622899
1985,3,22.622899
1986,3,22.622899
1987,3,22.622899
1988,3,22.622899
1989,3,22.622899
1990,3,22.622899
1991,3,22.622899
1992,3,22.622899
1993,3,22.622899
1994,3,22.622899
1995,3,22.622899
1996,3,22.622899
1997,3,22.622899
1998,3,22.622899
1999,3,22.622899
2000,3,22.622899
2001,3,22.622899
2002,3,22.622899
2003,3,22.622899
2004,3,22.622899
2005,3,22.622899
2006,3,22.622899
2007,3,22.622899
2008,3,22.622899
2009,3,22.622899
2010,3,22.622899
2011,3,22.622899
2012,3,22.622899
2013,3,22.622899
2014,3,22.622899
2015,3,22.622899
2016,3,22.622899
2017,3,22.622899
2018,3,22.622899
2019,3,22.622899
2020,3,22.622899
2021,3,22.622899
2022,3,22.622899
2023,3,22.622899
2024,3,22.622899
2025,3,22.622899
2026,3,22.622899
2027,3,22.622899
2028,3,22.622899
2029,3,22.622899
2030,3,22.622899
2031,3,22.622899
2032,3,22.622899
2033,3,22.622899
2034,3,22.622899
2035,3,22.622899
2036,3,22.622899
2037,3,22.622899
2038,3,22.622899
2039,3,22.622899
2040,3,22.622899
2041,3,22.622899
2042,3,22.622899
2043,3,22.622899
2044,3,22.622899
2045,3,22.622899
2046,3,22.622899
2047,3,22.622899
2048,3,22.622899
2049,3,22.622899
2050,3,22.622899
2051,3,22.622899
2052,3,22.622899
2053,3,22.622899
2054,3,22.622899
2055,3,22.622899
2056,3,22.622899
2057,3,22.622899
2058,3,22.622899
2059,3,22.622899
2060,3,22.622899
2061,3,22.622899
2062,3,22.622899
2063,3,22.622899
2064,3,22.622899
2065,3,22.622899
2066,3,22.622899
2067,3,22.622899
2068,3,22.622899
2069,3,22.622899
2070,3,22.622899
2071,3,22.622899
2072,3,22.622899
2073,3,22.622899
2074,3,22.622899
2075,3,22.622899
2076,3,22.622899
2077,3,22.622899
2078,3,22.622899
2079,3,22.622899
2080,3,22.622899
2081,3,22.622899
2082,3,22.622899
2083,3,22.622899
2084,3,22.622899
2085,3,22.622899
2086,3,22.622899
2087,3,22.622899
2088,3,22.622899
2089,3,22.622899
2090,3,22.622899
2091,3,22.622899
2092,3,22.622899
2093,3,22.622899
2094,3,22.622899
2095,3,22.622899
2096,3,22.622899
2097,3,22.622899
2098,3,22.622899
2099,3,22.622899
2100,3,22.622899
2101,3,22.622899
2102,3,22.622899
2103,3,22.622899
2104,3,22.622899
2105,3,22.622899
2106,3,22.622899
2107,3,22.622899
2108,3,22.622899
2109,3,22.622899
2110,3,22.622899
2111,3,22.622899
2112,3,22.622899
2113,3,22.622899
2114,3,22.622899
2115,3,22.622899
2116,3,22.622899
2117,3,22.622899
2118,3,22.622899
2119,3,22.622899
2120,3,22.622899
2121,3,22.622899
2122,3,22.622899
2123,3,22.622899
2124,3,22.622899
2125,3,22.622899
2126,3,22.622899
2127,3,22.622899
2128,3,22.622899
2129,3,22.622899
2130,3,22.622899
2131,3,22.622899
2132,3,22.622899
2133,3,22.622899
2134,3,22.622899
2135,3,22.622899
2136,3,22.622899
2137,3,22.622899
2138,3,22.622899
2139,3,22.622899
2140,3,22.622899
2141,3,22.622899
2142,3,22.622899
2143,3,22.622899
2144,3,22.622899
2145,3,22.622899
2146,3,22.622899
2147,3,22.622899
2148,3,22.622899
2149,3,22.622899
2150,3,22.622899
2151,3,22.622899
2152,3,22.622899
2153,3,22.622899
2154,3,22.622899
2155,3,22.622899
2156,3,22.622899
2157,3,22.622899
2158,3,22.622899
2159,3,22.622899
2160,3,22.622899
2161,3,22.622899
2162,3,22.622899
2163,3,22.622899
2164,3,22.622899
2165,3,22.622899
2166,3,22.622899
2167,3,22.622899
2168,3,22.622899
2169,3,22.622899
2170,3,22.622899
2171,3,22.622899
2172,3,22.622899
2173,3,22.622899
2174,3,22.622899
2175,3,22.622899
2176,3,22.622899
2177,3,22.622899
2178,3,22.622899
2179,3,22.622899
2180,3,22.622899
2181,3,22.622899
2182,3,22.622899
2183,3,22.622899
2184,3,22.622899
2185,3,22.622899
2186,3,22.622899
2187,3,22.622899
2188,3,22.622899
2189,3,22.622899
2190,3,22.622899
2191,3,22.622899
2192,3,22.622899
2193,3,22.622899
2194,3,22.622899
2195,3,22.622899
2196,3,22.622899
2197,3,22.622899
2198,3,22.622899
2199,3,22.622899
2200,3,22.622899
2201,3,22.622899
2202,3,22.622899
2203,3,22.622899
2204,3,22.622899
2205,3,22.622899
2206,3,22.622899
2207,3,22.622899
2208,3,22.622899
2209,3,22.622899
2210,3,22.622899
2211,3,22.622899
2212,3,22.622899
2213,3,22.622899
2214,3,22.622899
2215,3,22.622899
2216,3,22.622899
2217,3,22.622899
2218,3,22.622899
2219,3,22.622899
2220,3,22.622899
2221,3,22.622899
2222,3,22.622899
2223,3,22.622899
2224,3,22.622899
2225,3,22.622899
2226,3,22.622899
2227,3,22.622899
2228,3,22.622899
2229,3,22.622899
2230,3,22.622899
2231,3,22.622899
2232,3,22.622899
2233,3,22.622899
2234,3,22.622899
2235,3,22.622899
2236,3,22.622899
2237,3,22.622899
2238,3,22.622899
2239,3,22.622899
2240,3,22.622899
2241,3,22.622899
2242,3,22.622899
2243,3,22.622899
2244,3,22.622899
2245,3,22.622899
2246,3,22.622899
2247,3,22.622899
2248,3,22.622899
2249,3,22.622899
2250,3,22.622899
2251,3,22.622899
2252,3,22.622899
2253,3,22.622899
2254,3,22.622899
2255,3,22.622899
2256,3,22.622899
2257,3,22.622899
2258,3,22.622899
2259,3,22.622899
2260,3,22.622899
2261,3,22.622899
2262,3,22.622899
2263,3,22.622899
2264,3,22.622899
2265,3,22.622899
2266,3,22.622899
2267,3,22.622899
2268,3,22.622899
2269,3,22.622899
2270,3,22.622899
2271,3,22.622899
2272,3,22.622899
2273,3,22.622899
2274,3,22.622899
2275,3,22.622899
2276,3,22.622899
2277,3,22.622899
2278,3,22.622899
2279,3,22.622899
2280,3,22.622899
2281,3,22.622899
2282,3,22.622899
2283,3,22.622899
2284,3,22.622899
2285,3,22.622899
2286,3,22.622899
2287,3,22.622899
2288,3,22.622899
2289,3,22.622899
2290,3,22.622899
2291,3,22.622899
2292,3,22.622899
2293,3,22.622899
2294,3,22.622899
2295,3,22.622899
2296,3,22.622899
2297,3,22.622899
2298,3,22.622899
2299,3,22.622899
2300,3,22.622899
2301,3,22.622899
2302,3,22.622899
2303,3,22.622899
2304,3,22.622899
2305,3,22.622899
2306,3,22.622899
2307,3,22.622899
2308,3,22.622899
2309,3,22.622899
2310,3,22.622899
2311,3,22.622899
2312,3,22.622899
2313,3,22.622899
2314,3,22.622899
2315,3,22.622899
2316,3,22.622899
2317,3,22.622899
2318,3,22.622899
2319,3,22.622899
2320,3,22.622899
2321,3,22.622899
2322,3,22.622899
2323,3,22.622899
2324,3,22.622899
2325,3,22.622899
2326,3,22.622899
2327,3,22.622899
2328,3,22.622899
2329,3,22.622899
2330,3,22.622899
2331,3,22.622899
2332,3,22.622899
2333,3,22.622899
2334,3,22.622899
2335,3,22.622899
2336,3,22.622899
2337,3,22.622899
2338,3,22.622899
2339,3,22.622899
2340,3,22.622899
2341,3,22.622899
2342,3,22.622899
2343,3,22.622899
2344,3,22.622899
2345,3,22.622899
2346,3,22.622899
2347,3,22.622899
2348,3,22.622899
2349,3,22.622899
2350,3,22.622899
2351,3,22.622899
2352,3,22.622899
2353,3,22.622899
2354,3,22.622899
2355,3,22.622899
2356,3,22.622899
2357,3,22.622899
2358,3,22.622899
2359,3,22.622899
2360,3,22.622899
2361,3,22.622899
2362,3,22.622899
2363,3,22.622899
2364,3,22.622899
2365,3,22.622899
2366,3,22.622899
2367,3,22.622899
2368,3,22.622899
2369,3,22.622899
2370,3,22.622899
2371,3,22.622899
2372,3,22.622899
2373,3,22.622899
2374,3,22.622899
2375,3,22.622899
2376,3,22.622899
2377,3,22.622899
2378,3,22.622899
2379,3,22.622899
2380,3,22.622899
2381,3,22.622899
2382,3,22.622899
2383,3,22.622899
2384,3,22.622899
2385,3,22.622899
2386,3,22.622899
2387,3,22.622899
2388,3,22.622899
2389,3,22.622899
2390,3,22.622899
2391,3,22.622899
2392,3,22.622899
2393,3,22.622899
2394,3,22.622899
2395,3,22.622899
2396,3,22.622899
2397,3,22.622899
2398,3,22.622899
2399,3,22.622899
2400,3,22.622899
2401,3,22.622899
2402,3,22.622899
2403,3,22.622899
2404,3,22.622899
2405,3,22.622899
2406,3,22.622899
2407,3,22.622899
2408,3,22.622899
2409,3,22.622899
2410,3,22.622899
2411,3,22.622899
2412,3,22.622899
2413,3,22.622899
2414,3,22.622899
2415,3,22.622899
2416,3,22.622899
2417,3,22.622899
2418,3,22.622899
2419,3,22.622899
2420,3,22.622899
2421,3,22.622899
2422,3,22.622899
2423,3,22.622899
2424,3,22.622899
2425,3,22.622899
2426,3,22.622899
2427,3,22.622899
2428,3,22.622899
2429,3,22.622899
2430,3,22.622899
2431,3,22.622899
2432,3,22.622899
2433,3,22.622899
2434,3,22.622899
2435,3,22.622899
2436,3,22.622899
2437,3,22.622899
2438,3,22.622899
2439,3,22.622899
2440,3,22.622899
2441,3,22.622899
2442,3,22.622899
2443,3,22.622899
2444,3,22.622899
2445,3,22.622899
2446,3,22.622899
2447,3,22.622899
2448,3,22.622899
2449,3,22.622899
2450,3,22.622899
2451,3,22.622899
2452,3,22.622899
2453,3,22.622899
2454,3,22.622899
2455,3,22.622899
2456,3,22.622899
2457,3,22.622899
2458,3,22.622899
2459,3,22.622899
2460,3,22.622899
2461,3,22.622899
2462,3,22.622899
2463,3,22.622899
2464,3,22.622899
2465,3,22.622899
2466,3,22.622899
2467,3,22.622899
2468,3,22.622899
2469,3,22.622899
2470,3,22.622899
2471,3,22.622899
2472,3,22.622899
2473,3,22.622899
2474,3,22.622899
2475,3,22.622899
2476,3,22.622899
2477,3,22.622899
2478,3,22.622899
2479,3,22.622899
2480,3,22.622899
2481,3,22.622899
2482,3,22.622899
2483,3,22.622899
2484,3,22.622899
2485,3,22.622899
2486,3,22.622899
2487,3,22.622899
2488,3,22.622899
2489,3,22.622899
2490,3,22.622899
2491,3,22.622899
2492,3,22.622899
2493,3,22.622899
2494,3,22.622899
2495,3,22.622899
2496,3,22.622899
2497,3,22.622899
2498,3,22.622899
2499,3,22.622899
2500,3,22.622899
2501,3,22.622899
2502,3,22.622899
2503,3,22.622899
2504,3,22.622899
2505,3,22.622899
2506,3,22.622899
2507,3,22.622899
2508,3,22.622899
2509,3,22.622899
2510,3,22.622899
2511,3,22.622899
2512,3,22.622899
2513,3,22.622899
2514,3,22.622899
2515,3,22.622899
2516,3,22.622899
2517,3,22.622899
2518,3,22.622899
2519,3,22.622899
2520,3,22.622899
2521,3,22.622899
2522,3,22.622899
2523,3,22.622899
2524,3,22.622899
2525,3,22.622899
2526,3,22.622899
2527,3,22.622899
2528,3,22.622899
2529,3,22.622899
2530,3,22.622899
2531,3,22.622899
2532,3,22.622899
2533,3,22.622899
2534,3,22.622899
2535,3,22.622899
2536,3,22.622899
2537,3,22.622899
2538,3,22.622899
2539,3,22.622899
2540,3,22.622899
2541,3,22.622899
2542,3,22.622899
2543,3,22.622899
2544,3,22.622899
2545,3,22.622899
2546,3,22.622899
2547,3,22.622899
2548,3,22.622899
2549,3,22.622899
2550,3,22.622899
2551,3,22.622899
2552,3,22.622899
2553,3,22.622899
2554,3,22.622899
2555,3,22.622899
2556,3,22.622899
2557,3,22.622899
2558,3,22.622899
2559,3,22.622899
2560,3,22.622899
2561,3,22.622899
2562,3,22.622899
2563,3,22.622899
2564,3,22.622899
2565,3,22.622899
2566,3,22.622899
2567,3,22.622899
2568,3,22.622899
2569,3,22.622899
2570,3,22.622899
2571,3,22.622899
2572,3,22.622899
2573,3,22.622899
2574,3,22.622899
2575,3,22.622899
2576,3,22.622899
2577,3,22.622899
2578,3,22.622899
2579,3,22.622899
2580,3,22.622899
2581,3,22.622899
2582,3,22.622899
2583,3,22.622899
2584,3,22.622899
2585,3,22.622899
2586,3,22.622899
2587,3,22.622899
2588,3,22.622899
2589,3,22.622899
2590,3,22.622899
2591,3,22.622899
2592,3,22.622899
2593,3,22.622899
2594,3,22.622899
2595,3,22.622899
2596,3,22.622899
2597,3,22.622899
2598,3,22.622899
2599,3,22.622899
2600,3,22.622899
2601,3,22.622899
2602,3,22.622899
2603,3,22.622899
2604,3,22.622899
2605,3,22.622899
2606,3,22.622899
2607,3,22.622899
2608,3,22.622899
2609,3,22.622899
2610,3,22.622899
2611,3,22.622899
2612,3,22.622899
2613,3,22.622899
2614,3,22.622899
2615,3,22.622899
2616,3,22.622899
2617,3,22.622899
2618,3,22.622899
2619,3,22.622899
2620,3,22.622899
2621,3,22.622899
2622,3,22.622899
2623,3,22.622899
2624,3,22.622899
2625,3,22.622899
2626,3,22.622899
2627,3,22.622899
2628,3,22.622899
2629,3,22.622899
2630,3,22.622899
2631,3,22.622899
2632,3,22.622899
2633,3,22.622899
2634,3,22.622899
2635,3,22.622899
2636,3,22.622899
2637,3,22.622899
2638,3,22.622899
2639,3,22.622899
2640,3,22.622899
2641,3,22.622899
2642,3,22.622899
2643,3,22.622899
2644,3,22.622899
2645,3,22.622899
2646,3,22.622899
2647,3,22.622899
2648,3,22.622899
2649,3,22.622899
2650,3,22.622899
2651,3,22.622899
2652,3,22.622899
2653,3,22.622899
2654,3,22.622899
2655,3,22.622899
2656,3,22.622899
2657,3,22.622899
2658,3,22.622899
2659,3,22.622899
2660,3,22.622899
2661,3,22.622899
2662,3,22.622899
2663,3,22.622899
2664,3,22.622899
2665,3,22.622899
2666,3,22.622899
2667,3,22.622899
2668,3,22.622899
2669,3,22.622899
2670,3,22.622899
2671,3,22.622899
2672,3,22.622899
2673,3,22.622899
2674,3,22.622899
2675,3,22.622899
2676,3,22.622899
2677,3,22.622899
2678,3,22.622899
2679,3,22.622899
2680,3,22.622899
2681,3,22.622899
2682,3,22.622899
2683,3,22.622899
2684,3,22.622899
2685,3,22.622899
2686,3,22.622899
2687,3,22.622899
2688,3,22.622899
2689,3,22.622899
2690,3,22.622899
2691,3,22.622899
2692,3,22.622899
2693,3,22.622899
2694,3,22.622899
2695,3,22.622899
2696,3,22.622899
2697,3,22.622899
2698,3,22.622899
2699,3,22.622899
2700,3,22.622899
2701,3,22.622899
2702,3,22.622899
2703,3,22.622899
2704,3,22.622899
2705,3,22.622899
2706,3,22.622899
2707,3,22.622899
2708,3,22.622899
2709,3,22.622899
2710,3,22.622899
2711,3,22.622899
2712,3,22.622899
2713,3,22.622899
2714,3,22.622899
2715,3,22.622899
2716,3,22.622899
2717,3,22.622899
2718,3,22.622899
2719,3,22.622899
2720,3,22.622899
2721,3,22.622899
2722,3,22.622899
2723,3,22.622899
2724,3,22.622899
2725,3,22.622899
2726,3,22.622899
2727,3,22.622899
2728,3,22.622899
2729,3,22.622899
2730,3,22.622899
2731,3,22.622899
2732,3,22.622899
2733,3,22.622899
2734,3,22.622899
2735,3,22.622899
2736,3,22.622899
2737,3,22.622899
2738,3,22.622899
2739,3,22.622899
2740,3,22.622899
2741,3,22.622899
2742,3,22.622899
2743,3,22.622899
2744,3,22.622899
2745,3,22.622899
2746,3,22.622899
2747,3,22.622899
2748,3,22.622899
2749,3,22.622899
2750,3,22.622899
2751,3,22.622899
2752,3,22.622899
2753,3,22.622899
2754,3,22.622899
2755,3,22.622899
2756,3,22.622899
2757,3,22.622899
2758,3,22.622899
2759,3,22.622899
2760,3,22.622899
2761,3,22.622899
2762,3,22.622899
2763,3,22.622899
2764,3,22.622899
2765,3,22.622899
2766,3,22.622899
2767,3,22.622899
2768,3,22.622899
2769,3,22.622899
2770,3,22.622899
2771,3,22.622899
2772,3,22.622899
2773,3,22.622899
2774,3,22.622899
2775,3,22.622899
2776,3,22.622899
2777,3,22.622899
2778,3,22.622899
2779,3,22.622899
2780,3,22.622899
2781,3,22.622899
2782,3,22.622899
2783,3,22.622899
2784,3,22.622899
2785,3,22.622899
2786,3,22.622899
2787,3,22.622899
2788,3,22.622899
2789,3,22.622899
2790,3,22.622899
2791,3,22.622899
2792,3,22.622899
2793,3,22.622899
2794,3,22.622899
2795,3,22.622899
2796,3,22.622899
2797,3,22.622899
2798,3,22.622899
2799,3,22.622899
2800,3,22.622899
2801,3,22.622899
2802,3,22.622899
2803,3,22.622899
2804,3,22.622899
2805,3,22.622899
2806,3,22.622899
2807,3,22.622899
2808,3,22.622899
2809,3,22.622899
2810,3,22.622899
2811,3,22.622899
2812,3,22.622899
2813,3,22.622899
2814,3,22.622899
2815,3,22.622899
2816,3,22.622899
2817,3,22.622899
2818,3,22.622899
2819,3,22.622899
2820,3,22.622899
2821,3,22.622899
2822,3,22.622899
2823,3,22.622899
2824,3,22.622899
2825,3,22.622899
2826,3,22.622899
2827,3,22.622899
2828,3,22.622899
2829,3,22.622899
2830,3,22.622899
2831,3,22.622899
2832,3,22.622899
2833,3,22.622899
2834,3,22.622899
2835,3,22.622899
2836,3,22.622899
2837,3,22.622899
2838,3,22.622899
2839,3,22.622899
2840,3,22.622899
2841,3,22.622899
2842,3,22.622899
2843,3,22.622899
2844,3,22.622899
2845,3,22.622899
2846,3,22.622899
2847,3,22.622899
2848,3,22.622899
2849,3,22.622899
2850,3,22.622899
2851,3,22.622899
2852,3,22.622899
2853,3,22.622899
2854,3,22.622899
2855,3,22.622899
2856,3,22.622899
2857,3,22.622899
2858,3,22.622899
2859,3,22.622899
2860,3,22.622899
2861,3,22.622899
2862,3,22.622899
2863,3,22.622899
2864,3,22.622899
2865,3,22.622899
2866,3,22.622899
2867,3,22.622899
2868,3,22.622899
2869,3,22.622899
2870,3,22.622899
2871,3,22.622899
2872,3,22.622899
2873,3,22.622899
2874,3,22.622899
2875,3,22.622899
2876,3,22.622899
2877,3,22.622899
2878,3,22.622899
2879,3,22.622899
2880,3,22.622899
2881,3,22.622899
2882,3,22.622899
2883,3,22.622899
2884,3,22.622899
2885,3,22.622899
2886,3,22.622899
2887,3,22.622899
2888,3,22.622899
2889,3,22.622899
2890,3,22.622899
2891,3,22.622899
2892,3,22.622899
2893,3,22.622899
2894,3,22.622899
2895,3,22.622899
2896,3,22.622899
2897,3,22.622899
2898,3,22.622899
2899,3,22.622899
2900,3,22.622899
2901,3,22.622899
2902,3,22.622899
2903,3,22.622899
2904,3,22.622899
2905,3,22.622899
2906,3,22.622899
2907,3,22.622899
2908,3,22.622899
2909,3,22.622899
2910,3,22.622899
2911,3,22.622899
2912,3,22.622899
2913,3,22.622899
2914,3,22.622899
2915,3,22.622899
2916,3,22.622899
2917,3,22.622899
2918,3,22.622899
2919,3,22.622899
2920,3,22.622899
2921,3,22.622899
2922,3,22.622899
2923,3,22.622899
2924,3,22.622899
2925,3,22.622899
2926,3,22.622899
2927,3,22.622899
2928,3,22.622899
2929,3,22.622899
2930,3,22.622899
2931,3,22.622899
2932,3,22.622899
2933,3,22.622899
2934,3,22.622899
2935,3,22.622899
2936,3,22.622899
2937,3,22.622899
2938,3,22.622899
2939,3,22.622899
2940,3,22.622899
2941,3,22.622899
2942,3,22.622899
2943,3,22.622899
2944,3,22.622899
2945,3,22.622899
2946,3,22.622899
2947,3,22.622899
2948,3,22.622899
2949,3,22.622899
2950,3,22.622899
2951,3,22.622899
2952,3,22.622899
2953,3,22.622899
2954,3,22.622899
2955,3,22.622899
2956,3,22.622899
2957,3,22.622899
2958,3,22.622899
2959,3,22.622899
2960,3,22.622899
2961,3,22.622899
2962,3,22.622899
2963,3,22.622899
2964,3,22.622899
2965,3,22.622899
2966,3,22.622899
2967,3,22.622899
2968,3,22.622899
2969,3,22.622899
2970,3,22.622899
2971,3,22.622899
2972,3,22.622899
2973,3,22.622899
2974,3,22.622899
2975,3,22.622899
2976,3,22.622899
2977,3,22.622899
2978,3,22.622899
2979,3,22.622899
2980,3,22.622899
2981,3,22.622899
2982,3,22.622899
2983,3,22.622899
2984,3,22.622899
2985,3,22.622899
2986,3,22.622899
2987,3,22.622899
2988,3,22.622899
2989,3,22.622899
2990,3,22.622899
2991,3,22.622899
2992,3,22.622899
2993,3,22.622899
2994,3,22.622899
2995,3,22.622899
2996,3,22.622899
2997,3,22.622899
2998,3,22.622899
2999,3,22.622899
3000,3,22.622899
3001,3,22.622899
3002,3,22.622899
3003,3,22.622899
3004,3,22.622899
3005,3,22.622899
3006,3,22.622899
3007,3,22.622899
3008,3,22.622899
3009,3,22.622899
3010,3,22.622899
3011,3,22.622899
3012,3,22.622899
3013,3,22.622899
3014,3,22.622899
3015,3,22.622899
3016,3,22.622899
3017,3,22.622899
3018,3,22.622899
3019,3,22.622899
3020,3,22.622899
3021,3,22.622899
3022,3,22.622899
3023,3,22.622899
3024,3,22.622899
3025,3,22.622899
3026,3,22.622899
3027,3,22.622899
3028,3,22.622899
3029,3,22.622899
3030,3,22.622899
3031,3,22.622899
3032,3,22.622899
3033,3,22.622899
3034,3,22.622899
3035,3,22.622899
3036,3,22.622899
3037,3,22.622899
3038,3,22.622899
3039,3,22.622899
3040,3,22.622899
3041,3,22.622899
3042,3,22.622899
3043,3,22.622899
3044,3,22.622899
3045,3,22.622899
3046,3,22.622899
3047,3,22.622899
3048,3,22.622899
3049,3,22.622899
3050,3,22.622899
3051,3,22.622899
3052,3,22.622899
3053,3,22.622899
3054,3,22.622899
3055,3,22.622899
3056,3,22.622899
3057,3,22.622899
3058,3,22.622899
3059,3,22.622899
3060,3,22.622899
3061,3,22.622899
3062,3,22.622899
3063,3,22.622899
3064,3,22.622899
3065,3,22.622899
3066,3,22.622899
3067,3,22.622899
3068,3,22.622899
3069,3,22.622899
3070,3,22.622899
3071,3,22.622899
3072,3,22.622899
3073,3,22.622899
3074,3,22.622899
3075,3,22.622899
3076,3,22.622899
3077,3,22.622899
3078,3,22.622899
3079,3,22.622899
3080,3,22.622899
3081,3,22.622899
3082,3,22.622899
3083,3,22.622899
3084,3,22.622899
3085,3,22.622899
3086,3,22.622899
3087,3,22.622899
3088,3,22.622899
3089,3,22.622899
3090,3,22.622899
3091,3,22.622899
3092,3,22.622899
3093,3,22.622899
3094,3,22.622899
3095,3,22.622899
3096,3,22.622899
3097,3,22.622899
3098,3,22.622899
3099,3,22.622899
3100,3,22.622899
3101,3,22.622899
3102,3,22.622899
3103,3,22.622899
3104,3,22.622899
3105,3,22.622899
3106,3,22.622899
3107,3,22.622899
3108,3,22.622899
3109,3,22.622899
3110,3,22.622899
3111,3,22.622899
3112,3,22.622899
3113,3,22.622899
3114,3,22.622899
3115,3,22.622899
3116,3,22.622899
3117,3,22.622899
3118,3,22.622899
3119,3,22.622899
3120,3,22.622899
3121,3,22.622899
3122,3,22.622899
3123,3,22.622899
3124,3,22.622899
3125,3,22.622899
3126,3,22.622899
3127,3,22.622899
3128,3,22.622899
3129,3,22.622899
3130,3,22.622899
3131,3,22.622899
3132,3,22.622899
3133,3,22.622899
3134,3,22.622899
3135,3,22.622899
3136,3,22.622899
3137,3,22.622899
3138,3,22.622899
3139,3,22.622899
3140,3,22.622899
3141,3,22.622899
3142,3,22.622899
3143,3,22.622899
3144,3,22.622899
3145,3,22.622899
3146,3,22.622899
3147,3,22.622899
3148,3,22.622899
3149,3,22.622899
3150,3,22.622899
3151,3,22.622899
3152,3,22.622899
3153,3,22.622899
3154,3,22.622899
3155,3,22.622899
3156,3,22.622899
3157,3,22.622899
3158,3,22.622899
3159,3,22.622899
3160,3,22.622899
3161,3,22.622899
3162,3,22.622899
3163,3,22.622899
3164,3,22.622899
3165,3,22.622899
3166,3,22.622899
3167,3,22.622899
3168,3,22.622899
3169,3,22.622899
3170,3,22.622899
3171,3,22.622899
3172,3,22.622899
3173,3,22.622899
3174,3,22.622899
3175,3,22.622899
3176,3,22.622899
3177,3,22.622899
3178,3,22.622899
3179,3,22.622899
3180,3,22.622899
3181,3,22.622899
3182,3,22.622899
3183,3,22.622899
3184,3,22.622899
3185,3,22.622899
3186,3,22.622899
3187,3,22.622899
3188,3,22.622899
3189,3,22.622899
3190,3,22.622899
3191,3,22.622899
3192,3,22.622899
3193,3,22.622899
3194,3,22.622899
3195,3,22.622899
3196,3,22.622899
3197,3,22.622899
3198,3,22.622899
3199,3,22.622899
3200,3,22.622899
3201,3,22.622899
3202,3,22.622899
3203,3,22.622899
3204,3,22.622899
3205,3,22.622899
3206,3,22.622899
3207,3,22.622899
3208,3,22.622899
3209,3,22.622899
3210,3,22.622899
3211,3,22.622899
3212,3,22.622899
3213,3,22.622899
3214,3,22.622899
3215,3,22.622899
3216,3,22.622899
3217,3,22.622899
3218,3,22.622899
3219,3,22.622899
3220,3,22.622899
3221,3,22.622899
3222,3,22.622899
3223,3,22.622899
3224,3,22.622899
3225,3,22.622899
3226,3,22.622899
3227,3,22.622899
3228,3,22.622899
3229,3,22.622899
3230,3,22.622899
3231,3,22.622899
3232,3,22.622899
3233,3,22.622899
3234,3,22.622899
3235,3,22.622899
3236,3,22.622899
3237,3,22.622899
3238,3,22.622899
3239,3,22.622899
3240,3,22.622899
3241,3,22.622899
3242,3,22.622899
3243,3,22.622899
3244,3,22.622899
3245,3,22.622899
3246,3,22.622899
3247,3,22.622899
3248,3,22.622899
3249,3,22.622899
3250,3,22.622899
3251,3,22.622899
3252,3,22.622899
3253,3,22.622899
3254,3,22.622899
3255,3,22.622899
3256,3,22.622899
3257,3,22.622899
3258,3,22.622899
3259,3,22.622899
3260,3,22.622899
3261,3,22.622899
3262,3,22.622899
3263,3,22.622899
3264,3,22.622899
3265,3,22.622899
3266,3,22.622899
3267,3,22.622899
3268,3,22.622899
3269,3,22.622899
3270,3,22.622899
3271,3,22.622899
3272,3,22.622899
3273,3,22.622899
3274,3,22.622899
3275,3,22.622899
3276,3,22.622899
3277,3,22.622899
3278,3,22.622899
3279,3,22.622899
3280,3,22.622899
3281,3,22.622899
3282,3,22.622899
3283,3,22.622899
3284,3,22.622899
3285,3,22.622899
3286,3,22.622899
3287,3,22.622899
3288,3,22.622899
3289,3,22.622899
3290,3,22.622899
3291,3,22.622899
3292,3,22.622899
3293,3,22.622899
3294,3,22.622899
3295,3,22.622899
3296,3,22.622899
3297,3,22.622899
3298,3,22.622899
3299,3,22.622899
3300,3,22.622899
3301,3,22.622899
3302,3,22.622899
3303,3,22.622899
3304,3,22.622899
3305,3,22.622899
3306,3,22.622899
3307,3,22.622899
3308,3,22.622899
3309,3,22.622899
3310,3,22.622899
3311,3,22.622899
3312,3,22.436093
3313,3,22.153178
3314,3,22.197753
3315,3,21.714633
3316,3,21.837024
3317,3,21.90144
3318,3,22.06248
3319,3,22.218905
3320,3,22.551309
3321,3,23.163974
3322,3,23.737534
3323,3,24.324128
3324,3,23.737534
3325,3,24.636979
3326,3,24.415377
3327,3,24.506625
3328,3,24.043867
3329,3,24.317611
3330,3,24.069937
3331,3,23.913512
3332,3,24.23288
3333,3,24.298058
3334,3,24.245916
3335,3,24.20681
3336,3,23.737534
3337,3,23.626732
3338,3,23.366024
3339,3,23.085762
3340,3,22.987996
3341,3,23.8353
3342,3,24.493589
3343,3,24.89117
3344,3,25.164914
3345,3,25.275715
3346,3,25.067148
3347,3,24.356717
3348,3,24.174221
3349,3,23.939583
3350,3,24.06342
3351,3,24.643497
3352,3,24.923759
3353,3,24.447965
3354,3,24.597873
3355,3,24.43493
3356,3,24.337164
3357,3,24.552249
3358,3,24.226363
3359,3,24.226363
3360,3,24.480554
3361,3,25.093219
3362,3,24.871617
3363,3,25.001971
3364,3,25.458212
3365,3,25.086702
3366,3,25.399552
3367,3,25.627672
3368,3,26.207749
3369,3,26.168643
3370,3,26.579259
3371,3,26.800862
3372,3,26.533635
3373,3,26.442387
3374,3,27.113712
3375,3,26.924698
3376,3,27.224514
3377,3,27.732896
3378,3,28.430292
3379,3,28.417256
3380,3,28.344897
3381,3,27.259516
3382,3,27.923901
3383,3,27.785762
3384,3,27.838386
3385,3,27.884433
3386,3,29.075063
3387,3,29.693401
3388,3,29.154
3389,3,29.101375
3390,3,30.153866
3391,3,29.752604
3392,3,30.292006
3393,3,29.963102
3394,3,28.936924
3395,3,29.39081
3396,3,29.331608
3397,3,29.542106
3398,3,28.60802
3399,3,29.101375
3400,3,29.607887
3401,3,29.298717
3402,3,29.831541
3403,3,30.27885
3404,3,30.397255
3405,3,31.028749
3406,3,30.430145
3407,3,30.614331
3408,3,30.759049
3409,3,30.647221
3410,3,29.890744
3411,3,29.857853
3412,3,28.864565
3413,3,29.305295
3414,3,28.081775
3415,3,28.522505
3416,3,28.700113
3417,3,28.312007
3418,3,28.614598
3419,3,28.943502
3420,3,28.890877
3421,3,28.673801
3422,3,28.134399
3423,3,28.384366
3424,3,28.423834
3425,3,28.292273
3426,3,28.640911
3427,3,28.312007
3428,3,27.00955
3429,3,28.035728
3430,3,27.555529
3431,3,28.042306
3432,3,28.535661
3433,3,28.37121
3434,3,27.193735
3435,3,27.371343
3436,3,27.766027
3437,3,27.779184
3438,3,28.101509
3439,3,28.733003
3440,3,28.496193
3441,3,28.884299
3442,3,29.061907
3443,3,29.904954
3444,3,29.619513
3445,3,29.081821
3446,3,29.181394
3447,3,29.420368
3448,3,29.553131
3449,3,29.851849
3450,3,29.41373
3451,3,28.968973
3452,3,29.367263
3453,3,29.732362
3454,3,29.911593
3455,3,29.672619
3456,3,30.190396
3457,3,30.037718
3458,3,30.084185
3459,3,29.679257
3460,3,29.792106
3461,3,29.586322
3462,3,29.911593
3463,3,29.679257
3464,3,29.898316
3465,3,29.825296
3466,3,29.59296
3467,3,28.683531
3468,3,28.54413
3469,3,28.789742
3470,3,28.524215
3471,3,28.086096
3472,3,28.491024
3473,3,28.829571
3474,3,28.842847
3475,3,28.298517
3476,3,28.25205
3477,3,28.291879
3478,3,28.285241
3479,3,28.271965
3480,3,28.630426
3481,3,28.882676
3482,3,29.134927
3483,3,29.493388
3484,3,29.725724
3485,3,29.838573
3486,3,29.672619
3487,3,29.798744
3488,3,30.416094
3489,3,31.597688
3490,3,31.810109
3491,3,31.464924
3492,3,31.757004
3493,3,31.265779
3494,3,30.522304
3495,3,30.090823
3496,3,29.871764
3497,3,29.427006
3498,3,29.692533
3499,3,30.402817
3500,3,30.50239
3501,3,30.542219
3502,3,31.066634
3503,3,30.595324
3504,3,29.553131
3505,3,29.745638
3506,3,30.588686
3507,3,30.568597
3508,3,31.023945
3509,3,30.856538
3510,3,31.512775
3511,3,32.256064
3512,3,32.363205
3513,3,32.376597
3514,3,32.811857
3515,3,32.363205
3516,3,32.095353
3517,3,33.012746
3518,3,33.093101
3519,3,33.340864
3520,3,32.677931
3521,3,32.44356
3522,3,32.785071
3523,3,32.651145
3524,3,32.256064
3525,3,32.175708
3526,3,31.633308
3527,3,32.162316
3528,3,32.523916
3529,3,31.794019
3530,3,32.041782
3531,3,32.169012
3532,3,32.436864
3533,3,32.724805
3534,3,32.450257
3535,3,32.108745
3536,3,32.523916
3537,3,32.771679
3538,3,32.416775
3539,3,32.544005
3540,3,32.309634
3541,3,32.44356
3542,3,32.403382
3543,3,33.461397
3544,3,33.260509
3545,3,33.320775
3546,3,34.385486
3547,3,34.291738
3548,3,34.914494
3549,3,35.269398
3550,3,35.081901
3551,3,35.068509
3552,3,35.738139
3553,3,35.912242
3554,3,36.374287
3555,3,35.242613
3556,3,35.215827
3557,3,35.209131
3558,3,35.061813
3559,3,35.483679
3560,3,35.189042
3561,3,35.497072
3562,3,35.363146
3563,3,34.807353
3564,3,35.021635
3565,3,33.742642
3566,3,33.809605
3567,3,33.722553
3568,3,34.298435
3569,3,34.084153
3570,3,33.635501
3571,3,34.155255
3572,3,33.824503
3573,3,34.087755
3574,3,33.790752
3575,3,33.750252
3576,3,33.129247
3577,3,32.987496
3578,3,32.258491
3579,3,31.610486
3580,3,32.19099
3581,3,32.13699
3582,3,32.609494
3583,3,33.230498
3584,3,31.961489
3585,3,32.366492
3586,3,32.217991
3587,3,32.352992
3588,3,33.000996
3589,3,33.4465
3590,3,33.52075
3591,3,34.128255
3592,3,33.986504
3593,3,34.243006
3594,3,34.735759
3595,3,34.553508
3596,3,35.005761
3597,3,34.452257
3598,3,34.324006
3599,3,34.236256
3600,3,34.249756
3601,3,34.364507
3602,3,34.364507
3603,3,33.811003
3604,3,34.82351
3605,3,34.897761
3606,3,35.127262
3607,3,34.735759
3608,3,34.87076
3609,3,34.931511
3610,3,34.85726
3611,3,34.641259
3612,3,34.567008
3613,3,35.086762
3614,3,35.842768
3615,3,35.849518
3616,3,36.234271
3617,3,36.085769
3618,3,34.668259
3619,3,34.891011
3620,3,34.76276
3621,3,34.87076
3622,3,34.411757
3623,3,34.695259
3624,3,35.167763
3625,3,36.004769
3626,3,36.11277
3627,3,35.235263
3628,3,34.168755
3629,3,33.142748
3630,3,34.175505
3631,3,31.961489
3632,3,31.644236
3633,3,31.896246
3634,3,32.597786
3635,3,32.774874
3636,3,33.06775
3637,3,33.667124
3638,3,34.062167
3639,3,34.15071
3640,3,33.592203
3641,3,33.469603
3642,3,34.647919
3643,3,34.988472
3644,3,35.472058
3645,3,35.151938
3646,3,34.859062
3647,3,34.981661
3648,3,34.675163
3649,3,35.955644
3650,3,35.519736
3651,3,35.594658
3652,3,35.669579
3653,3,35.553791
3654,3,36.010133
3655,3,35.887534
3656,3,36.050999
3657,3,36.854706
3658,3,36.466475
3659,3,36.282576
3660,3,36.527774
3661,3,36.745729
3662,3,36.772973
3663,3,36.827461
3664,3,36.800217
3665,3,37.004549
3666,3,36.88195
3667,3,37.031794
3668,3,37.174826
3669,3,37.665223
3670,3,37.529002
3671,3,36.670807
3672,3,36.759351
3673,3,36.936439
3674,3,36.548208
3675,3,36.888761
3676,3,36.779784
3677,3,36.984116
3678,3,37.168015
3679,3,36.909194
3680,3,36.303009
3681,3,36.609507
3682,3,36.50053
3683,3,37.460891
3684,3,38.489363
3685,3,38.680073
3686,3,38.441685
3687,3,38.748183
3688,3,39.579134
3689,3,39.654056
3690,3,39.095548
3691,3,37.930855
3692,3,37.467702
3693,3,37.998966
3694,3,37.719712
3695,3,37.644217
3696,3,36.676517
3697,3,36.820643
3698,3,36.731422
3699,3,37.685396
3700,3,37.060852
3701,3,37.095168
3702,3,37.390282
3703,3,37.115757
3704,3,36.498076
3705,3,36.882411
3706,3,36.669654
3707,3,36.889274
3708,3,35.921574
3709,3,36.017658
3710,3,36.573571
3711,3,36.230415
3712,3,35.722544
3713,3,35.983342
3714,3,36.251004
3715,3,36.587297
3716,3,36.26473
3717,3,36.786327
3718,3,37.191251
3719,3,36.992221
3720,3,37.273609
3721,3,37.946195
3722,3,37.788343
3723,3,37.719712
3724,3,37.884427
3725,3,38.344256
3726,3,38.261898
3727,3,38.227583
3728,3,38.158951
3729,3,37.939332
3730,3,37.795206
3731,3,38.097183
3732,3,38.117773
3733,3,38.392298
3734,3,38.138362
3735,3,39.085473
3736,3,39.250188
3737,3,39.703154
3738,3,39.723743
3739,3,39.758059
3740,3,40.217888
3741,3,40.917926
3742,3,40.801253
3743,3,40.533591
3744,3,40.293382
3745,3,39.504123
3746,3,40.526728
3747,3,39.8061
3748,3,40.622812
3749,3,40.162983
3750,3,39.641386
3751,3,39.27764
3752,3,38.893305
3753,3,40.279656
3754,3,39.675701
3755,3,38.879579
3756,3,40.039447
3757,3,38.927621
3758,3,38.014826
3759,3,37.081226
3760,3,37.433919
3761,3,37.779697
3762,3,36.583305
3763,3,36.908337
3764,3,37.627555
3765,3,38.92768
3766,3,39.349529
3767,3,41.161405
3768,3,41.693903
3769,3,41.832214
3770,3,42.136499
3771,3,41.479521
3772,3,42.309388
3773,3,43.886135
3774,3,43.740909
3775,3,43.332891
3776,3,43.249904
3777,3,43.367468
3778,3,42.530686
3779,3,44.114349
3780,3,44.155842
3781,3,44.093602
3782,3,44.0037
3783,3,44.259575
3784,3,44.978794
3785,3,45.677265
3786,3,45.296909
3787,3,45.082527
3788,3,46.583203
3789,3,46.873657
3790,3,47.067292
3791,3,47.509888
3792,3,47.855666
3793,3,47.793426
3794,3,47.904075
3795,3,47.371577
3796,3,48.111542
3797,3,48.208359
3798,3,48.007808
3799,3,47.814173
3800,3,46.735345
3801,3,46.35499
3802,3,45.137851
3803,3,45.379896
3804,3,45.12402
3805,3,46.036874
3806,3,46.970474
3807,3,46.825248
3808,3,46.313496
3809,3,44.50162
3810,3,45.787914
3811,3,46.320412
3812,3,46.431061
3813,3,45.850154
3814,3,45.255416
3815,3,45.566616
3816,3,44.709087
3817,3,44.487789
3818,3,46.285834
3819,3,46.769923
3820,3,45.490545
3821,3,45.476714
3822,3,44.176589
3823,3,44.392628
3824,3,43.828138
3825,3,44.978025
3826,3,44.218403
3827,3,43.695727
3828,3,43.890859
3829,3,43.507563
3830,3,43.786324
3831,3,43.974487
3832,3,43.10336
3833,3,43.988425
3834,3,42.058008
3835,3,42.301924
3836,3,42.96398
3837,3,39.660667
3838,3,40.41332
3839,3,39.653698
3840,3,38.664098
3841,3,39.646729
3842,3,39.507348
3843,3,39.758233
3844,3,40.455134
3845,3,40.922059
3846,3,41.284447
3847,3,41.117191
3848,3,42.720064
3849,3,42.211326
3850,3,42.420397
3851,3,42.246171
3852,3,42.176481
3853,3,42.162543
3854,3,42.134667
3855,3,41.54927
3856,3,42.002256
3857,3,39.625822
3858,3,38.775602
3859,3,38.705912
3860,3,38.914982
3861,3,39.458565
3862,3,40.420289
3863,3,40.420289
3864,3,41.200819
3865,3,41.625929
3866,3,41.737433
3867,3,42.643405
3868,3,42.092853
3869,3,42.148605
3870,3,41.556239
3871,3,40.573608
3872,3,39.911551
3873,3,40.176374
3874,3,40.587546
3875,3,40.796616
3876,3,39.793078
3877,3,39.730357
3878,3,40.148498
3879,3,40.712988
3880,3,40.98478
3881,3,42.037101
3882,3,43.207896
3883,3,43.005794
3884,3,43.371203
3885,3,43.589043
3886,3,43.98256
3887,3,43.771747
3888,3,44.650133
3889,3,44.699323
3890,3,45.338788
3891,3,45.149057
3892,3,46.427987
3893,3,45.690143
3894,3,46.723125
3895,3,46.118795
3896,3,45.437167
3897,3,45.198246
3898,3,45.451222
3899,3,44.875
3900,3,44.931217
3901,3,45.465276
3902,3,45.844739
3903,3,45.81663
3904,3,45.542574
3905,3,45.886901
3906,3,46.357716
3907,3,46.37177
3908,3,46.104741
3909,3,46.189066
3910,3,46.3015
3911,3,46.132849
3912,3,46.013389
3913,3,46.449068
3914,3,47.348536
3915,3,47.41178
3916,3,46.793396
3917,3,47.032317
3918,3,46.814477
3919,3,47.088534
3920,3,47.376644
3921,3,47.36259
3922,3,47.636647
3923,3,47.552322
3924,3,47.952866
3925,3,47.812324
3926,3,47.116642
3927,3,47.018263
3928,3,46.919884
3929,3,47.622593
3930,3,48.472871
3931,3,48.824225
3932,3,49.273959
3933,3,49.203688
3934,3,48.641521
3935,3,49.063146
3936,3,49.51288
3937,3,47.207994
3938,3,47.215021
3939,3,48.142597
3940,3,47.931785
3941,3,47.938812
3942,3,48.177733
3943,3,47.545295
3944,3,47.763134
3945,3,48.648548
3946,3,49.245851
3947,3,49.408658
3948,3,49.373265
3949,3,49.543152
3950,3,49.543152
3951,3,50.116519
3952,3,49.932475
3953,3,49.946632
3954,3,49.918318
3955,3,48.191138
3956,3,49.083043
3957,3,50.420899
3958,3,50.095283
3959,3,49.663488
3960,3,49.557309
3961,3,49.359108
3962,3,49.514837
3963,3,49.762589
3964,3,49.012257
3965,3,48.573383
3966,3,48.991021
3967,3,48.311475
3968,3,48.665405
3969,3,48.516754
3970,3,48.594619
3971,3,49.104278
3972,3,48.74327
3973,3,48.552147
3974,3,47.766422
3975,3,46.648003
3976,3,44.913745
3977,3,42.974207
3978,3,44.694308
3979,3,45.664077
3980,3,45.288911
3981,3,44.17757
3982,3,42.825556
3983,3,43.165329
3984,3,43.590046
3985,3,42.308818
3986,3,42.875107
3987,3,41.947809
3988,3,42.174325
3989,3,42.011517
3990,3,41.721294
3991,3,41.905338
3992,3,42.124775
3993,3,42.372526
3994,3,43.335216
3995,3,42.039831
3996,3,40.871862
3997,3,40.652425
3998,3,40.043665
3999,3,39.456141
4000,3,37.162673
4001,3,37.367952
4002,3,38.514686
4003,3,39.024346
4004,3,39.51277
4005,3,40.121529
4006,3,38.988953
4007,3,39.378276
4008,3,39.668499
4009,3,39.385355
4010,3,39.477376
4011,3,38.4439
4012,3,38.54394
4013,3,40.115996
4014,3,40.394678
4015,3,40.130287
4016,3,39.179908
4017,3,38.465337
4018,3,34.492325
4019,3,35.971486
4020,3,37.064779
4021,3,37.572124
4022,3,38.058032
4023,3,38.658271
4024,3,42.552681
4025,3,45.289487
4026,3,44.610645
4027,3,45.589607
4028,3,44.853599
4029,3,45.825415
4030,3,45.182301
4031,3,44.517751
4032,3,43.488769
4033,3,43.038589
4034,3,42.774198
4035,3,42.881384
4036,3,43.145775
4037,3,43.581663
4038,3,43.267252
4039,3,43.667412
4040,3,43.695994
4041,3,43.681703
4042,3,43.081464
4043,3,42.874238
4044,3,41.552283
4045,3,42.173959
4046,3,41.245017
4047,3,40.101704
4048,3,40.859149
4049,3,40.20889
4050,3,40.494718
4051,3,40.037393
4052,3,39.85875
4053,3,38.615397
4054,3,39.615796
4055,3,40.294638
4056,3,41.180706
4057,3,40.287493
4058,3,39.830167
4059,3,40.15887
4060,3,41.152123
4061,3,41.859548
4062,3,41.773799
4063,3,41.981025
4064,3,42.481224
4065,3,42.731324
4066,3,42.331165
4067,3,41.166414
4068,3,40.994917
4069,3,41.002063
4070,3,40.880586
4071,3,39.765856
4072,3,38.501066
4073,3,39.187054
4074,3,36.97903
4075,3,39.421178
4076,3,41.429809
4077,3,39.731866
4078,3,41.292528
4079,3,42.166788
4080,3,42.506377
4081,3,42.376322
4082,3,42.094535
4083,3,41.263627
4084,3,40.353241
4085,3,39.666838
4086,3,39.298348
4087,3,38.980436
4088,3,41.068544
4089,3,41.010742
4090,3,38.380737
4091,3,38.214555
4092,3,38.640847
4093,3,38.091725
4094,3,37.701559
4095,3,37.990571
4096,3,38.662523
4097,3,39.746316
4098,3,39.413953
4099,3,39.226095
4100,3,39.941399
4101,3,39.789668
4102,3,39.659613
4103,3,40.606126
4104,3,40.46162
4105,3,39.457305
4106,3,40.70728
4107,3,40.244861
4108,3,40.411043
4109,3,40.569999
4110,3,40.750631
4111,3,39.9703
4112,3,40.743406
4113,3,40.627802
4114,3,41.711595
4115,3,41.33588
4116,3,40.187059
4117,3,40.685604
4118,3,39.9703
4119,3,40.873461
4120,3,40.468845
4121,3,41.545413
4122,3,40.72173
4123,3,40.548323
4124,3,40.541098
4125,3,41.220275
4126,3,41.184149
4127,3,41.270852
4128,3,41.487611
4129,3,42.780938
4130,3,42.296843
4131,3,43.272257
4132,3,42.845965
4133,3,42.246266
4134,3,42.267942
4135,3,43.272257
4136,3,43.0844
4137,3,43.24489
4138,3,43.412676
4139,3,43.682592
4140,3,43.894147
4141,3,44.120293
4142,3,44.76955
4143,3,44.806025
4144,3,44.477749
4145,3,44.448569
4146,3,44.280783
4147,3,44.645535
4148,3,44.499634
4149,3,44.820615
4150,3,45.061351
4151,3,44.835205
4152,3,45.477167
4153,3,45.601182
4154,3,46.46929
4155,3,46.49847
4156,3,45.739788
4157,3,45.586592
4158,3,45.229136
4159,3,45.557412
4160,3,43.952508
4161,3,44.105703
4162,3,43.24489
4163,3,43.543986
4164,3,43.25948
4165,3,44.280783
4166,3,44.660125
4167,3,45.156186
4168,3,45.747083
4169,3,45.907573
4170,3,45.834623
4171,3,47.483298
4172,3,47.417643
4173,3,45.827328
4174,3,46.031589
4175,3,45.032171
4176,3,44.317259
4177,3,44.499634
4178,3,43.719067
4179,3,43.697182
4180,3,44.061933
4181,3,44.426684
4182,3,43.777427
4183,3,43.850377
4184,3,43.755542
4185,3,44.054638
4186,3,44.72578
4187,3,43.668002
4188,3,42.807189
4189,3,43.762837
4190,3,45.090531
4191,3,45.163481
4192,3,45.747083
4193,3,45.170776
4194,3,46.228554
4195,3,46.272324
4196,3,46.804861
4197,3,46.943467
4198,3,47.782394
4199,3,47.665674
4200,3,46.819363
4201,3,46.598587
4202,3,46.775208
4203,3,46.598587
4204,3,46.66482
4205,3,47.018062
4206,3,46.959188
4207,3,47.334509
4208,3,47.430179
4209,3,47.761344
4210,3,47.628878
4211,3,48.74012
4212,3,49.262625
4213,3,49.144877
4214,3,48.990333
4215,3,48.64445
4216,3,48.968256
4217,3,48.821071
4218,3,49.130159
4219,3,48.887304
4220,3,49.269984
4221,3,49.446605
4222,3,49.59379
4223,3,49.11544
4224,3,49.181673
4225,3,49.137518
4226,3,49.380372
4227,3,49.314139
4228,3,48.695965
4229,3,47.879091
4230,3,47.628878
4231,3,47.547926
4232,3,47.474334
4233,3,47.216761
4234,3,47.172606
4235,3,47.121091
4236,3,47.187324
4237,3,47.547926
4238,3,47.812858
4239,3,47.143169
4240,3,46.628024
4241,3,47.157887
4242,3,46.613305
4243,3,46.613305
4244,3,46.620664
4245,3,46.561791
4246,3,46.296859
4247,3,46.56915
4248,3,47.172606
4249,3,47.89381
4250,3,47.820217
4251,3,47.150528
4252,3,47.518489
4253,3,47.260917
4254,3,46.230626
4255,3,46.414606
4256,3,46.532354
4257,3,46.363092
4258,3,46.650101
4259,3,46.237985
4260,3,46.311577
4261,3,46.591227
4262,3,45.914179
4263,3,45.465267
4264,3,45.4207
4265,3,44.69278
4266,3,44.670497
4267,3,45.71781
4268,3,45.628677
4269,3,45.873793
4270,3,45.294428
4271,3,45.398417
4272,3,45.71781
4273,3,45.324139
4274,3,45.65096
4275,3,42.783848
4276,3,41.431998
4277,3,41.929657
4278,3,42.182201
4279,3,41.513703
4280,3,41.625119
4281,3,43.756884
4282,3,43.682606
4283,3,46.527435
4284,3,47.537609
4285,3,46.869112
4286,3,46.772551
4287,3,46.698273
4288,3,45.710382
4289,3,45.829226
4290,3,44.952752
4291,3,44.878474
4292,3,43.771739
4293,3,44.700208
4294,3,44.945324
4295,3,44.16541
4296,3,45.747521
4297,3,45.160729
4298,3,43.942578
4299,3,44.143127
4300,3,45.205295
4301,3,45.769804
4302,3,44.559081
4303,3,45.235006
4304,3,45.710382
4305,3,46.08177
4306,3,46.044631
4307,3,45.806943
4308,3,46.066915
4309,3,46.21547
4310,3,46.21547
4311,3,46.170903
4312,3,45.643533
4313,3,45.799515
4314,3,46.304603
4315,3,46.423447
4316,3,46.252608
4317,3,46.594285
4318,3,46.51258
4319,3,46.356597
4320,3,47.010239
4321,3,47.366771
4322,3,47.381627
4323,3,47.693592
4324,3,47.589604
4325,3,45.888648
4326,3,45.993726
4327,3,46.526616
4328,3,46.429045
4329,3,46.278935
4330,3,46.068781
4331,3,45.896154
4332,3,45.753549
4333,3,45.46834
4334,3,46.068781
4335,3,45.98622
4336,3,45.033021
4337,3,45.355758
4338,3,45.866132
4339,3,45.701011
4340,3,45.701011
4341,3,45.53589
4342,3,45.520879
4343,3,45.453329
4344,3,45.423307
4345,3,45.663483
4346,3,45.348252
4347,3,45.415802
4348,3,45.648472
4349,3,46.271429
4350,3,46.143836
4351,3,46.361495
4352,3,46.406528
4353,3,46.05377
4354,3,46.489089
4355,3,46.601671
4356,3,46.699243
4357,3,46.414034
4358,3,47.157079
4359,3,47.47231
4360,3,47.539859
4361,3,47.697475
4362,3,47.802552
4363,3,48.1403
4364,3,48.410498
4365,3,49.446257
4366,3,49.423741
4367,3,49.288642
4368,3,49.949126
4369,3,49.461268
4370,3,49.303653
4371,3,49.386213
4372,3,49.048465
4373,3,49.176059
4374,3,49.273631
4375,3,49.251114
4376,3,49.611378
4377,3,49.521312
4378,3,49.363697
4379,3,49.131026
4380,3,48.905861
4381,3,48.808289
4382,3,48.868333
4383,3,48.755751
4384,3,48.845817
4385,3,49.19107
4386,3,48.763256
4387,3,48.650674
4388,3,48.7947
4389,3,48.612772
4390,3,48.749218
4391,3,48.248915
4392,3,48.097308
4393,3,48.34746
4394,3,48.377781
4395,3,49.01453
4396,3,49.348066
4397,3,49.302584
4398,3,50.08336
4399,3,49.984815
4400,3,50.394154
4401,3,50.507859
4402,3,50.591243
4403,3,50.96268
4404,3,50.780752
4405,3,50.189484
4406,3,50.159163
4407,3,50.015136
4408,3,49.499673
4409,3,50.075779
4410,3,50.53818
4411,3,50.674627
4412,3,49.552735
4413,3,49.749824
4414,3,49.711923
4415,3,49.605798
4416,3,49.909012
4417,3,49.977235
4418,3,50.272868
4419,3,50.075779
4420,3,50.045458
4421,3,50.045458
4422,3,50.568502
4423,3,50.977841
4424,3,51.17493
4425,3,51.447822
4426,3,52.114893
4427,3,52.122473
4428,3,52.812285
4429,3,52.70616
4430,3,52.812285
4431,3,53.456614
4432,3,53.517257
4433,3,53.858373
4434,3,54.078203
4435,3,53.987239
4436,3,54.078203
4437,3,55.472987
4438,3,55.063648
4439,3,55.139452
4440,3,54.87414
4441,3,55.275898
4442,3,54.942363
4443,3,54.965104
4444,3,54.896881
4445,3,54.942363
4446,3,54.373837
4447,3,54.601247
4448,3,54.44964
4449,3,54.45722
4450,3,54.972684
4451,3,55.546272
4452,3,55.913369
4453,3,55.599807
4454,3,55.240358
4455,3,55.653342
4456,3,56.601674
4457,3,57.07584
4458,3,56.525196
4459,3,55.462146
4460,3,55.515681
4461,3,54.857966
4462,3,53.871395
4463,3,53.466059
4464,3,53.825508
4465,3,54.077887
4466,3,54.292026
4467,3,54.292026
4468,3,54.467927
4469,3,54.659123
4470,3,55.079754
4471,3,53.871395
4472,3,54.016704
4473,3,54.162013
4474,3,53.794916
4475,3,53.856099
4476,3,53.420172
4477,3,53.504298
4478,3,54.070239
4479,3,54.873262
4480,3,54.697362
4481,3,55.148584
4482,3,55.431555
4483,3,56.073973
4484,3,56.5099
4485,3,56.532844
4486,3,57.588246
4487,3,57.68002
4488,3,57.550007
4489,3,58.926618
4490,3,62.544047
4491,3,65.266679
4492,3,66.53622
4493,3,67.109808
4494,3,67.660453
4495,3,68.234041
4496,3,66.81919
4497,3,65.251383
4498,3,66.054406
4499,3,66.849782
4500,3,66.849782
4501,3,66.903317
4502,3,66.207363
4503,3,65.274326
4504,3,64.815456
4505,3,68.035197
4506,3,67.958719
4507,3,69.128838
4508,3,68.601137
4509,3,68.754094
4510,3,68.968234
4511,3,69.205317
4512,3,69.427104
4513,3,69.72537
4514,3,70.650759
4515,3,70.406028
4516,3,69.828424
4517,3,70.113376
4518,3,70.983632
4519,3,73.964066
4520,3,74.302927
4521,3,74.010274
4522,3,72.785755
4523,3,70.613965
4524,3,70.683278
4525,3,68.973571
4526,3,70.798798
4527,3,70.051764
4528,3,69.504966
4529,3,71.191569
4530,3,70.097973
4531,3,71.091451
4532,3,71.592041
4533,3,72.362179
4534,3,73.709921
4535,3,73.848545
4536,3,73.494282
4537,3,73.255539
4538,3,72.970588
4539,3,72.208151
4540,3,72.754949
4541,3,72.092631
4542,3,72.084929
4543,3,72.916678
4544,3,72.754949
4545,3,72.947484
4546,3,73.486581
4547,3,73.486581
4548,3,73.794636
4549,3,74.641788
4550,3,74.179705
4551,3,73.332553
4552,3,73.478879
4553,3,72.70104
4554,3,72.577818
4555,3,73.894754
4556,3,74.295226
4557,3,74.164302
4558,3,74.972947
4559,3,74.164302
4560,3,75.049961
4561,3,75.619863
4562,3,75.411926
4563,3,75.019155
4564,3,75.404224
4565,3,75.635266
4566,3,75.281002
4567,3,75.542849
4568,3,75.311808
4569,3,74.480059
4570,3,75.789294
4571,3,76.975306
4572,3,76.536328
4573,3,77.868667
4574,3,76.621043
4575,3,77.198646
4576,3,76.77507
4577,3,76.99841
4578,3,77.828352
4579,3,79.495992
4580,3,80.94645
4581,3,80.519845
4582,3,81.163631
4583,3,82.598577
4584,3,81.737609
4585,3,81.838443
4586,3,84.002497
4587,3,95.567383
4588,3,94.869302
4589,3,89.881896
4590,3,87.04303
4591,3,90.238693
4592,3,89.331187
4593,3,84.941029
4594,3,86.251871
4595,3,88.128935
4596,3,84.142113
4597,3,86.329436
4598,3,86.818093
4599,3,86.763798
4600,3,87.710086
4601,3,89.121762
4602,3,91.991654
4603,3,91.510753
4604,3,91.456458
4605,3,91.184982
4606,3,92.108001
4607,3,94.272054
4608,3,91.727934
4609,3,89.843114
4610,3,88.299577
4611,3,89.230353
4612,3,89.711254
4613,3,88.858043
4614,3,88.982146
4615,3,90.758376
4616,3,92.52685
4617,3,91.75896
4618,3,92.883647
4619,3,92.255374
4620,3,89.145032
4621,3,88.198743
4622,3,86.895657
4623,3,87.376558
4624,3,87.221429
4625,3,76.090904
4626,3,75.594491
4627,3,73.903582
4628,3,71.367218
4629,3,73.120179
4630,3,73.414924
4631,3,70.940613
4632,3,70.2658
4633,3,72.088569
4634,3,71.522347
4635,3,69.637527
4636,3,70.180479
4637,3,72.616009
4638,3,72.631522
4639,3,72.19716
4640,3,71.969878
4641,3,72.57335
4642,3,73.349242
4643,3,73.921365
4644,3,72.894679
4645,3,72.57335
4646,3,73.020076
4647,3,71.601525
4648,3,72.001227
4649,3,76.366601
4650,3,77.377612
4651,3,75.669081
4652,3,79.995268
4653,3,78.662928
4654,3,78.592392
4655,3,78.506182
4656,3,78.082968
4657,3,77.90271
4658,3,79.297749
4659,3,80.606577
4660,3,81.648937
4661,3,82.989115
4662,3,81.648937
4663,3,82.322945
4664,3,82.542389
4665,3,83.05965
4666,3,83.255583
4667,3,83.255583
4668,3,82.761833
4669,3,80.833859
4670,3,79.219376
4671,3,77.957571
4672,3,80.731974
4673,3,77.542195
4674,3,76.844675
4675,3,77.667591
4676,3,77.777314
4677,3,78.357273
4678,3,77.840012
4679,3,78.709952
4680,3,78.19269
4681,3,77.518683
4682,3,76.476323
4683,3,77.393286
4684,3,78.035944
4685,3,77.181679
4686,3,76.813326
4687,3,77.001421
4688,3,74.885352
4689,3,73.270869
4690,3,72.926028
4691,3,72.19716
4692,3,71.719085
4693,3,72.440116
4694,3,72.612536
4695,3,72.973052
4696,3,73.364917
4697,3,74.046761
4698,3,75.959061
4699,3,76.053109
4700,3,77.463822
4701,3,74.422951
4702,3,75.684756
4703,3,76.492187
4704,3,76.191379
4705,3,75.526436
4706,3,74.726921
4707,3,71.204307
4708,3,70.381044
4709,3,70.768928
4710,3,72.462949
4711,3,73.713675
4712,3,74.362786
4713,3,71.687182
4714,3,72.391705
4715,3,73.009152
4716,3,74.339038
4717,3,75.296872
4718,3,76.413027
4719,3,76.832574
4720,3,74.457778
4721,3,74.19655
4722,3,75.573932
4723,3,75.83516
4724,3,76.610926
4725,3,75.930151
4726,3,77.141298
4727,3,77.750829
4728,3,78.217872
4729,3,77.283785
4730,3,77.370861
4731,3,77.291701
4732,3,76.903818
4733,3,77.101718
4734,3,77.592509
4735,3,76.990894
4736,3,77.244205
4737,3,76.618842
4738,3,75.977647
4739,3,74.853577
4740,3,75.352284
4741,3,74.204466
4742,3,74.544854
4743,3,74.267794
4744,3,73.761171
4745,3,73.808667
4746,3,76.254707
4747,3,75.740168
4748,3,75.494772
4749,3,73.30996
4750,3,72.051318
4751,3,73.365372
4752,3,73.0329
4753,3,73.951155
4754,3,74.23613
4755,3,74.55277
4756,3,74.521106
4757,3,74.869409
4758,3,75.201881
4759,3,74.59235
4760,3,76.001395
4761,3,74.283626
4762,3,74.711089
4763,3,75.051477
4764,3,74.861493
4765,3,73.682011
4766,3,71.798006
4767,3,72.550025
4768,3,71.342058
4769,3,73.525998
4770,3,73.81399
4771,3,71.918042
4772,3,70.374084
4773,3,67.414165
4774,3,66.366193
4775,3,63.526271
4776,3,65.38222
4777,3,64.63024
4778,3,65.086228
4779,3,65.270223
4780,3,62.278304
4781,3,64.166253
4782,3,63.646267
4783,3,66.062201
4784,3,66.926178
4785,3,69.566106
4786,3,70.182089
4787,3,71.030066
4788,3,71.750047
4789,3,70.574079
4790,3,70.646077
4791,3,72.110037
4792,3,73.222007
4793,3,71.582051
4794,3,70.470081
4795,3,68.918124
4796,3,68.502135
4797,3,68.990122
4798,3,70.14209
4799,3,71.150063
4800,3,71.926042
4801,3,75.413947
4802,3,74.92596
4803,3,72.438028
4804,3,72.262033
4805,3,69.566106
4806,3,70.086092
4807,3,70.53408
4808,3,70.87807
4809,3,70.16609
4810,3,68.486135
4811,3,67.94215
4812,3,66.86218
4813,3,66.814181
4814,3,68.294141
4815,3,67.934151
4816,3,67.326167
4817,3,71.230061
4818,3,71.926042
4819,3,72.894015
4820,3,73.749992
4821,3,71.382057
4822,3,69.030121
4823,3,71.25406
4824,3,72.294032
4825,3,72.630023
4826,3,70.246088
4827,3,70.558079
4828,3,70.646077
4829,3,68.662131
4830,3,69.261588
4831,3,69.302092
4832,3,70.638719
4833,3,72.501896
4834,3,71.821431
4835,3,71.651315
4836,3,69.569417
4837,3,65.243606
4838,3,62.489344
4839,3,62.756669
4840,3,64.044692
4841,3,65.041086
4842,3,65.211202
4843,3,63.615351
4844,3,64.55504
4845,3,64.060893
4846,3,64.1338
4847,3,64.538839
4848,3,64.619846
4849,3,64.749459
4850,3,65.446125
4851,3,65.227404
4852,3,65.494729
4853,3,65.227404
4854,3,64.798063
4855,3,63.793568
4856,3,64.822365
4857,3,65.041086
4858,3,65.219303
4859,3,64.328218
4860,3,64.190505
4861,3,64.887172
4862,3,64.368722
4863,3,63.92318
4864,3,63.258917
4865,3,63.380428
4866,3,62.845777
4867,3,63.250816
4868,3,63.785467
4869,3,63.939381
4870,3,64.76566
4871,3,65.891667
4872,3,65.332714
4873,3,65.470427
4874,3,65.154497
4875,3,65.810659
4876,3,64.611745
4877,3,64.409226
4878,3,65.421822
4879,3,64.717055
4880,3,64.773761
4881,3,65.284109
4882,3,65.438024
4883,3,67.2931
4884,3,67.301201
4885,3,67.08248
4886,3,67.60093
4887,3,68.030271
4888,3,66.985271
4889,3,67.195891
4890,3,66.24
4891,3,66.304806
4892,3,66.510008
4893,3,65.836946
4894,3,64.006546
4895,3,63.670015
4896,3,64.146084
4897,3,64.564695
4898,3,64.572903
4899,3,65.122844
4900,3,65.418335
4901,3,65.910819
4902,3,65.163884
4903,3,64.753481
4904,3,64.408742
4905,3,64.605736
4906,3,65.05718
4907,3,63.981922
4908,3,64.014754
4909,3,63.94909
4910,3,63.571518
4911,3,63.09545
4912,3,64.384118
4913,3,64.663192
4914,3,65.254173
4915,3,65.221341
4916,3,65.516832
4917,3,66.386887
4918,3,66.96966
4919,3,66.608505
4920,3,65.713825
4921,3,64.047587
4922,3,64.072211
4923,3,63.702848
4924,3,62.964121
4925,3,62.135106
4926,3,62.996953
4927,3,63.251404
4928,3,63.259612
4929,3,63.555102
4930,3,63.161115
4931,3,64.1625
4932,3,64.490823
4933,3,64.802729
4934,3,64.589319
4935,3,64.556487
4936,3,64.228164
4937,3,63.702848
4938,3,64.302037
4939,3,64.663192
4940,3,64.392326
4941,3,53.927034
4942,3,55.81489
4943,3,57.456505
4944,3,59.6891
4945,3,60.247249
4946,3,60.928519
4947,3,61.527709
4948,3,59.910718
4949,3,58.45789
4950,3,58.474306
4951,3,58.810837
4952,3,58.474306
4953,3,58.564594
4954,3,58.556261
4955,3,57.631294
4956,3,56.931319
4957,3,56.872988
4958,3,57.114646
4959,3,56.664662
4960,3,56.43967
4961,3,56.214678
4962,3,55.548035
4963,3,56.464669
4964,3,55.981353
4965,3,55.981353
4966,3,55.514702
4967,3,54.831393
4968,3,54.456407
4969,3,54.35641
4970,3,53.97309
4971,3,53.714766
4972,3,54.539737
4973,3,54.648066
4974,3,53.773097
4975,3,54.173083
4976,3,52.914794
4977,3,52.481476
4978,3,53.689767
4979,3,55.464704
4980,3,55.339709
4981,3,56.281342
4982,3,56.264676
4983,3,54.973055
4984,3,55.381374
4985,3,54.723064
4986,3,55.056385
4987,3,55.181381
4988,3,54.781395
4989,3,54.498072
4990,3,55.314709
4991,3,55.856357
4992,3,56.348006
4993,3,55.581367
4994,3,56.814656
4995,3,57.906284
4996,3,59.022912
4997,3,58.756254
4998,3,58.814586
4999,3,59.664556
5000,3,59.389565
5001,3,59.722887
5002,3,60.322866
5003,3,60.77285
5004,3,60.789516
5005,3,60.072874
5006,3,61.689484
5007,3,62.372793
5008,3,63.097767
5009,3,61.022841
5010,3,60.106207
5011,3,61.539489
5012,3,62.214465
5013,3,61.939475
5014,3,61.272832
5015,3,61.081172
5016,3,62.039472
5017,3,62.247797
5018,3,62.357701
5019,3,62.983307
5020,3,63.194661
5021,3,63.524372
5022,3,64.640318
5023,3,65.350465
5024,3,65.832351
5025,3,65.730901
5026,3,64.927758
5027,3,64.699497
5028,3,66.221241
5029,3,66.339599
5030,3,67.345641
5031,3,67.252646
5032,3,69.112555
5033,3,70.160868
5034,3,69.188642
5035,3,69.391542
5036,3,69.332363
5037,3,72.037686
5038,3,72.418122
5039,3,73.077545
5040,3,73.263536
5041,3,74.083587
5042,3,74.929
5043,3,75.013542
5044,3,75.258712
5045,3,73.720059
5046,3,73.145178
5047,3,72.747833
5048,3,74.193491
5049,3,74.159674
5050,3,74.675376
5051,3,74.168128
5052,3,73.576339
5053,3,72.663292
5054,3,73.720059
5055,3,73.31426
5056,3,73.534068
5057,3,73.077545
5058,3,73.178994
5059,3,73.297352
5060,3,75.013542
5061,3,74.261124
5062,3,75.605331
5063,3,76.15485
5064,3,75.52079
5065,3,75.047358
5066,3,75.486973
5067,3,76.29857
5068,3,75.960405
5069,3,75.943497
5070,3,75.410886
5071,3,74.836005
5072,3,74.852913
5073,3,75.706781
5074,3,74.988179
5075,3,75.579969
5076,3,75.148808
5077,3,75.681418
5078,3,76.264754
5079,3,75.292528
5080,3,74.836005
5081,3,75.56306
5082,3,76.471188
5083,3,76.471188
5084,3,75.391716
5085,3,75.383148
5086,3,74.714904
5087,3,73.052859
5088,3,71.570726
5089,3,71.981954
5090,3,71.767773
5091,3,71.27944
5092,3,70.062892
5093,3,69.411782
5094,3,70.508389
5095,3,72.27324
5096,3,74.218004
5097,3,74.689202
5098,3,79.067062
5099,3,81.174603
5100,3,82.245508
5101,3,83.779044
5102,3,81.688637
5103,3,80.574896
5104,3,80.197937
5105,3,80.652001
5106,3,80.729106
5107,3,81.354515
5108,3,79.795277
5109,3,76.40265
5110,3,75.742972
5111,3,73.181368
5112,3,73.429818
5113,3,75.982855
5114,3,75.023324
5115,3,78.604431
5116,3,77.627765
5117,3,76.094229
5118,3,73.052859
5119,3,74.989055
5120,3,72.693035
5121,3,67.347077
5122,3,73.138531
5123,3,63.628895
5124,3,62.557989
5125,3,60.853109
5126,3,60.87881
5127,3,58.959749
5128,3,55.258701
5129,3,57.820306
5130,3,58.18013
5131,3,63.251936
5132,3,62.258136
5133,3,64.459917
5134,3,65.273805
5135,3,62.900679
5136,3,64.365677
5137,3,62.857843
5138,3,64.879712
5139,3,64.588425
5140,3,67.304241
5141,3,68.323742
5142,3,68.794941
5143,3,71.37368
5144,3,71.10428
5145,3,71.139041
5146,3,72.520803
5147,3,72.990081
5148,3,69.835491
5149,3,70.800118
5150,3,71.295467
5151,3,72.642468
5152,3,73.598404
5153,3,71.921171
5154,3,72.790204
5155,3,71.434512
5156,3,71.990693
5157,3,71.139041
5158,3,74.189347
5159,3,74.232798
5160,3,73.189959
5161,3,72.96401
5162,3,76.388
5163,3,78.612725
5164,3,77.230962
5165,3,78.160828
5166,3,78.829983
5167,3,79.490448
5168,3,79.255809
5169,3,79.247119
5170,3,80.837449
5171,3,80.037939
5172,3,78.829983
5173,3,78.195589
5174,3,78.239041
5175,3,80.533288
5176,3,78.821293
5177,3,79.116764
5178,3,78.986409
5179,3,80.85483
5180,3,81.558747
5181,3,82.201831
5182,3,83.574903
5183,3,84.209297
5184,3,80.176984
5185,3,80.350791
5186,3,80.889591
5187,3,83.479309
5188,3,83.201219
5189,3,83.627045
5190,3,84.044181
5191,3,84.530839
5192,3,84.565601
5193,3,82.679799
5194,3,84.28751
5195,3,83.540142
5196,3,83.809542
5197,3,85.321659
5198,3,86.155931
5199,3,85.929983
5200,3,86.042957
5201,3,86.338428
5202,3,86.277596
5203,3,85.113092
5204,3,84.148465
5205,3,85.043569
5206,3,86.946751
5207,3,88.362593
5208,3,87.870126
5209,3,88.670385
5210,3,87.535952
5211,3,85.654026
5212,3,85.917848
5213,3,86.208051
5214,3,85.398999
5215,3,85.442969
5216,3,85.047237
5217,3,85.311058
5218,3,84.458036
5219,3,83.464308
5220,3,84.370095
5221,3,82.919077
5222,3,82.004496
5223,3,81.406501
5224,3,81.714293
5225,3,81.239414
5226,3,81.494441
5227,3,83.991951
5228,3,83.262045
5229,3,83.605013
5230,3,84.730651
5231,3,84.115068
5232,3,84.5108
5233,3,83.719336
5234,3,83.420338
5235,3,83.112546
5236,3,82.716814
5237,3,82.971842
5238,3,82.927871
5239,3,82.813549
5240,3,84.220596
5241,3,81.116297
5242,3,82.62008
5243,3,80.790918
5244,3,80.790918
5245,3,79.3399
5246,3,80.57986
5247,3,78.838639
5248,3,78.882609
5249,3,79.577339
5250,3,79.946689
5251,3,78.952962
5252,3,78.821051
5253,3,79.243165
5254,3,78.346172
5255,3,77.915264
5256,3,76.631333
5257,3,75.549665
5258,3,75.831075
5259,3,76.75445
5260,3,76.411482
5261,3,77.027065
5262,3,76.631333
5263,3,75.73434
5264,3,77.326063
5265,3,75.532077
5266,3,76.569775
5267,3,76.807214
5268,3,77.1238
5269,3,77.669031
5270,3,77.238122
5271,3,76.728068
5272,3,75.97924
5273,3,76.90636
5274,3,75.159096
5275,3,75.105608
5276,3,73.893221
5277,3,75.159096
5278,3,75.18584
5279,3,74.811426
5280,3,73.732758
5281,3,71.753714
5282,3,71.914177
5283,3,75.86335
5284,3,78.671453
5285,3,78.412929
5286,3,84.243086
5287,3,83.521002
5288,3,82.772175
5289,3,84.795792
5290,3,88.138771
5291,3,87.496919
5292,3,87.006615
5293,3,88.29032
5294,3,87.684126
5295,3,88.441868
5296,3,88.005052
5297,3,88.85194
5298,3,89.89495
5299,3,91.089508
5300,3,92.676309
5301,3,92.89026
5302,3,93.505368
5303,3,93.229015
5304,3,92.747626
5305,3,93.594514
5306,3,93.371649
5307,3,95.63596
5308,3,94.352256
5309,3,96.001459
5310,3,96.875091
5311,3,95.823167
5312,3,94.797987
5313,3,92.89026
5314,3,91.660043
5315,3,93.282502
5316,3,93.505368
5317,3,93.113125
5318,3,92.453444
5319,3,91.642214
5320,3,92.070115
5321,3,92.052286
5322,3,92.221664
5323,3,93.33599
5324,3,93.844123
5325,3,95.52007
5326,3,93.968928
5327,3,94.94062
5328,3,94.120476
5329,3,95.127827
5330,3,95.627045
5331,3,97.187103
5332,3,97.864613
5333,3,100.244815
5334,3,100.672716
5335,3,99.67167
5336,3,101.16873
5337,3,101.56554
5338,3,100.339034
5339,3,99.978297
5340,3,99.653634
5341,3,98.120501
5342,3,92.700425
5343,3,93.981042
5344,3,92.420854
5345,3,92.258522
5346,3,93.313678
5347,3,96.452092
5348,3,97.877003
5349,3,98.057372
5350,3,96.352889
5351,3,95.054235
5352,3,93.836747
5353,3,93.566194
5354,3,94.188466
5355,3,93.972024
5356,3,95.856875
5357,3,95.649451
5358,3,94.702516
5359,3,96.551294
5360,3,95.838838
5361,3,98.021298
5362,3,96.794792
5363,3,97.164547
5364,3,97.768782
5365,3,97.26375
5366,3,96.235649
5367,3,95.279696
5368,3,96.226631
5369,3,95.694544
5370,3,96.307797
5371,3,97.399027
5372,3,97.281787
5373,3,97.597432
5374,3,99.437191
5375,3,99.96026
5376,3,94.729572
5377,3,93.584231
5378,3,93.268586
5379,3,95.505157
5380,3,94.549203
5381,3,92.943923
5382,3,93.683434
5383,3,95.577304
5384,3,96.253686
5385,3,96.307797
5386,3,97.597432
5387,3,97.867985
5388,3,95.721599
5389,3,95.036198
5390,3,94.882885
5391,3,95.685525
5392,3,96.984179
5393,3,97.624487
5394,3,97.597432
5395,3,96.677552
5396,3,97.581337
5397,3,98.512509
5398,3,99.151548
5399,3,99.534972
5400,3,101.150829
5401,3,100.466144
5402,3,101.680319
5403,3,101.689448
5404,3,101.735094
5405,3,102.182421
5406,3,101.232991
5407,3,101.789869
5408,3,104.692934
5409,3,103.980861
5410,3,105.697139
5411,3,105.971013
5412,3,105.669751
5413,3,106.098821
5414,3,104.884646
5415,3,104.94855
5416,3,106.445728
5417,3,106.290533
5418,3,106.710473
5419,3,107.002605
5420,3,105.761043
5421,3,106.911314
5422,3,106.007529
5423,3,105.815818
5424,3,104.583384
5425,3,104.711192
5426,3,102.538458
5427,3,103.341822
5428,3,102.438037
5429,3,101.698577
5430,3,102.438037
5431,3,102.574974
5432,3,103.168368
5433,3,102.556716
5434,3,104.072153
5435,3,106.117079
5436,3,105.36849
5437,3,105.350232
5438,3,105.742784
5439,3,105.46891
5440,3,104.893775
5441,3,103.268789
5442,3,104.738579
5443,3,104.711192
5444,3,104.072153
5445,3,104.747709
5446,3,103.140981
5447,3,103.159239
5448,3,102.520199
5449,3,102.83059
5450,3,104.30951
5451,3,105.140261
5452,3,105.651493
5453,3,106.582665
5454,3,106.2175
5455,3,106.42747
5456,3,107.386029
5457,3,107.641645
5458,3,108.32633
5459,3,108.160185
5460,3,108.455554
5461,3,106.53566
5462,3,107.117166
5463,3,107.98481
5464,3,108.492475
5465,3,109.092442
5466,3,108.723231
5467,3,108.880146
5468,3,109.424731
5469,3,109.720099
5470,3,107.347922
5471,3,106.56335
5472,3,107.301771
5473,3,106.221831
5474,3,106.258752
5475,3,105.640324
5476,3,105.280344
5477,3,105.981844
5478,3,104.966515
5479,3,106.738725
5480,3,107.514067
5481,3,109.295507
5482,3,110.44929
5483,3,108.261718
5484,3,108.852455
5485,3,109.673948
5486,3,110.172382
5487,3,110.46775
5488,3,111.132329
5489,3,111.132329
5490,3,110.375448
5491,3,111.289243
5492,3,111.483079
5493,3,103.628128
5494,3,103.397371
5495,3,103.028161
5496,3,100.637524
5497,3,101.865148
5498,3,99.012998
5499,3,98.468412
5500,3,99.206833
5501,3,98.283807
5502,3,99.474511
5503,3,99.760649
5504,3,99.43759
5505,3,98.209965
5506,3,98.902235
5507,3,98.219195
5508,3,99.09607
5509,3,98.828393
5510,3,99.428359
5511,3,99.07761
5512,3,100.462149
5513,3,99.566813
5514,3,100.692905
5515,3,100.360616
5516,3,101.080576
5517,3,100.905201
5518,3,102.335891
5519,3,102.622029
5520,3,101.846688
5521,3,100.212932
5522,3,100.176011
5523,3,101.726694
5524,3,102.118993
5525,3,100.34431
5526,3,100.36299
5527,3,101.259672
5528,3,101.586588
5529,3,101.941524
5530,3,101.343736
5531,3,102.26844
5532,3,101.250332
5533,3,102.436567
5534,3,107.106786
5535,3,107.237552
5536,3,108.844107
5537,3,109.815512
5538,3,109.33915
5539,3,109.451235
5540,3,108.405106
5541,3,107.984787
5542,3,109.049596
5543,3,108.937511
5544,3,109.255086
5545,3,109.13366
5546,3,108.741362
5547,3,109.610023
5548,3,109.34849
5549,3,108.573234
5550,3,108.022148
5551,3,111.039109
5552,3,110.83362
5553,3,108.825426
5554,3,109.180363
5555,3,107.676552
5556,3,108.265
5557,3,109.161682
5558,3,111.011088
5559,3,113.346197
5560,3,113.495644
5561,3,113.8319
5562,3,115.961519
5563,3,117.194457
5564,3,118.165862
5565,3,118.894417
5566,3,121.640505
5567,3,123.088273
5568,3,120.986674
5569,3,122.228952
5570,3,121.378973
5571,3,123.340464
5572,3,124.31187
5573,3,125.544807
5574,3,125.526126
5575,3,126.432149
5576,3,126.964554
5577,3,126.469511
5578,3,126.488191
5579,3,126.24534
5580,3,126.908511
5581,3,126.310723
5582,3,125.983808
5583,3,127.394214
5584,3,127.935959
5585,3,128.234853
5586,3,126.03051
5587,3,128.248692
5588,3,129.107648
5589,3,127.625713
5590,3,125.567995
5591,3,124.576893
5592,3,124.746796
5593,3,125.62463
5594,3,126.700684
5595,3,128.343083
5596,3,130.183702
5597,3,129.211478
5598,3,129.315308
5599,3,130.844438
5600,3,132.836082
5601,3,132.760569
5602,3,134.535115
5603,3,135.460145
5604,3,135.167533
5605,3,134.705019
5606,3,134.044283
5607,3,134.978752
5608,3,136.640029
5609,3,137.687766
5610,3,136.838249
5611,3,135.950976
5612,3,137.395155
5613,3,138.527843
5614,3,137.121421
5615,3,141.151906
5616,3,139.48119
5617,3,139.405677
5618,3,141.180223
5619,3,141.973105
5620,3,142.114691
5621,3,141.066954
5622,3,138.895967
5623,3,140.491171
5624,3,140.80266
5625,3,140.69883
5626,3,143.568309
5627,3,147.136278
5628,3,147.296743
5629,3,149.694267
5630,3,150.270051
5631,3,151.072372
5632,3,151.034616
5633,3,149.533803
5634,3,151.289471
5635,3,152.280574
5636,3,152.884674
5637,3,153.082895
5638,3,154.564829
5639,3,153.016821
5640,3,153.554849
5641,3,152.809162
5642,3,154.262779
5643,3,159.435391
5644,3,163.560266
5645,3,165.146031
5646,3,160.303786
5647,3,157.92514
5648,3,151.364983
5649,3,154.564646
5650,3,151.755418
5651,3,148.889054
5652,3,149.222352
5653,3,150.955503
5654,3,147.593953
5655,3,148.84144
5656,3,148.727166
5657,3,150.09845
5658,3,148.850963
5659,3,139.870958
5660,3,140.813716
5661,3,142.461161
5662,3,144.356199
5663,3,144.918045
5664,3,145.537027
5665,3,143.756262
5666,3,144.832339
5667,3,144.708543
5668,3,146.927356
5669,3,146.175055
5670,3,148.051047
5671,3,147.393974
5672,3,145.156115
5673,3,144.479996
5674,3,143.803876
5675,3,140.966081
5676,3,141.994543
5677,3,144.708543
5678,3,143.384873
5679,3,142.842073
5680,3,140.337575
5681,3,139.051997
5682,3,139.747161
5683,3,140.147119
5684,3,139.53766
5685,3,142.023112
5686,3,142.127863
5687,3,138.490151
5688,3,136.366566
5689,3,132.766946
5690,3,131.052841
5691,3,131.500412
5692,3,132.50983
5693,3,131.681346
5694,3,136.623681
5695,3,140.518509
5696,3,142.318319
5697,3,145.070409
5698,3,145.832234
5699,3,145.213251
5700,3,146.784514
5701,3,145.851279
5702,3,146.460739
5703,3,146.584535
5704,3,145.251343
5705,3,144.746634
5706,3,145.556072
5707,3,145.917939
5708,3,145.184683
5709,3,144.889476
5710,3,144.603792
5711,3,147.660426
5712,3,143.767543
5713,3,143.930948
5714,3,141.960476
5715,3,142.018149
5716,3,142.710217
5717,3,144.392327
5718,3,145.01711
5719,3,145.286248
5720,3,143.94056
5721,3,137.942636
5722,3,134.780269
5723,3,134.943674
5724,3,135.722251
5725,3,133.530702
5726,3,132.684841
5727,3,134.895614
5728,3,134.809105
5729,3,135.472337
5730,3,136.568112
5731,3,137.067939
5732,3,136.769965
5733,3,137.019879
5734,3,135.95294
5735,3,135.808759
5736,3,136.347035
5737,3,134.895614
5738,3,133.626822
5739,3,132.559884
5740,3,133.924796
5741,3,131.060403
5742,3,130.445231
5743,3,130.291438
5744,3,129.243724
5745,3,133.078935
5746,3,130.993119
5747,3,132.252298
5748,3,133.328849
5749,3,135.068631
5750,3,135.933716
5751,3,136.721905
5752,3,133.155832
5753,3,134.136261
5754,3,136.98143
5755,3,138.471299
5756,3,137.125611
5757,3,136.270138
5758,3,134.866778
5759,3,137.462033
5760,3,137.510094
5761,3,135.731863
5762,3,136.222078
5763,3,138.99035
5764,3,137.183284
5765,3,129.003423
5766,3,132.953978
5767,3,136.481603
5768,3,137.769619
5769,3,134.847554
5770,3,133.376909
5771,3,132.944366
5772,3,136.020225
5773,3,134.54958
5774,3,138.730825
5775,3,138.750239
5776,3,140.177151
5777,3,140.361582
5778,3,138.93467
5779,3,138.740532
5780,3,142.749476
5781,3,146.467214
5782,3,145.428577
5783,3,148.039729
5784,3,149.000711
5785,3,143.283355
5786,3,142.108821
5787,3,142.603873
5788,3,140.283927
5789,3,140.186858
5790,3,141.02165
5791,3,143.758992
5792,3,144.176388
5793,3,143.293062
5794,3,145.331508
5795,3,145.758611
5796,3,147.292299
5797,3,148.554194
5798,3,147.418488
5799,3,147.699988
5800,3,150.43733
5801,3,152.504897
5802,3,155.106343
5803,3,154.718067
5804,3,154.941326
5805,3,153.786206
5806,3,153.562948
5807,3,156.4556
5808,3,156.89241
5809,3,158.862908
5810,3,159.134701
5811,3,158.921149
5812,3,160.551906
5813,3,161.124613
5814,3,158.280495
5815,3,160.474251
5816,3,159.959786
5817,3,160.027734
5818,3,158.319322
5819,3,155.776118
5820,3,156.756514
5821,3,155.873187
5822,3,157.455409
5823,3,158.484339
5824,3,158.319322
5825,3,158.212547
5826,3,157.474823
5827,3,157.79515
5828,3,156.872996
5829,3,157.620426
5830,3,158.892029
5831,3,158.697891
5832,3,161.668198
5833,3,156.921531
5834,3,154.960739
5835,3,152.563138
5836,3,149.194849
5837,3,150.547423
5838,3,149.792726
5839,3,146.234867
5840,3,145.754605
5841,3,146.617116
5842,3,145.597785
5843,3,144.754876
5844,3,144.852889
5845,3,144.470639
5846,3,143.372898
5847,3,142.755418
5848,3,144.813684
5849,3,143.686538
5850,3,141.961516
5851,3,142.314361
5852,3,142.137938
5853,3,142.255553
5854,3,141.736086
5855,3,145.744804
5856,3,149.028227
5857,3,150.67484
5858,3,149.557496
5859,3,148.057902
5860,3,146.558309
5861,3,148.302934
5862,3,148.979221
5863,3,147.675653
5864,3,149.04783
5865,3,149.675111
5866,3,151.213909
5867,3,150.841461
5868,3,152.184234
5869,3,151.311922
5870,3,152.958534
5871,3,152.194036
5872,3,149.890739
5873,3,146.626917
5874,3,144.421633
5875,3,146.734731
5876,3,148.930215
5877,3,150.792455
5878,3,150.998281
5879,3,152.213638
5880,3,151.155102
5881,3,153.017342
5882,3,153.654424
5883,3,150.616032
5884,3,152.213638
5885,3,154.879582
5886,3,154.409122
5887,3,155.105011
5888,3,154.85998
5889,3,154.78157
5890,3,156.202753
5891,3,157.231886
5892,3,156.604605
5893,3,157.604334
5894,3,158.339429
5895,3,158.074794
5896,3,158.172807
5897,3,159.133331
5898,3,160.90736
5899,3,159.819413
5900,3,159.413905
5901,3,157.841327
5902,3,159.443577
5903,3,159.967769
5904,3,160.630428
5905,3,162.282129
5906,3,163.093144
5907,3,160.027112
5908,3,147.23879
5909,3,149.464136
5910,3,152.025756
5911,3,149.958657
5912,3,147.614626
5913,3,145.745335
5914,3,146.407994
5915,3,145.834349
5916,3,145.221142
5917,3,144.815635
5918,3,144.983772
5919,3,145.537636
5920,3,144.983772
5921,3,141.719931
5922,3,141.779274
5923,3,141.868288
5924,3,143.519989
5925,3,143.31229
5926,3,140.958368
5927,3,139.60338
5928,3,137.101102
5929,3,136.052716
5930,3,134.944989
5931,3,136.448333
5932,3,131.97786
5933,3,135.370277
5934,3,135.360386
5935,3,133.946055
5936,3,135.004331
5937,3,136.13184
5938,3,136.665923
5939,3,136.220854
5940,3,136.794498
5941,3,134.73729
5942,3,134.401015
5943,3,137.120883
5944,3,136.309867
5945,3,135.360386
5946,3,135.90436
5947,3,134.430686
5948,3,133.471315
5949,3,131.147064
5950,3,131.058051
5951,3,131.770161
5952,3,133.253725
5953,3,133.530657
5954,3,136.112059
5955,3,135.746113
5956,3,134.015288
5957,3,133.016355
5958,3,134.084521
5959,3,133.500986
5960,3,133.59
5961,3,136.01
5962,3,134.83
5963,3,136.58
5964,3,137.68
5965,3,142.19
5966,3,143.74
0,4,2.59811
1,4,2.513806
2,4,2.490814
3,4,2.418005
4,4,2.431417
5,4,2.490814
6,4,2.586614
7,4,2.479318
8,4,2.513806
9,4,2.538714
10,4,2.479318
11,4,2.45441
12,4,2.646011
13,4,2.623019
14,4,2.538714
15,4,2.358609
16,4,2.358609
17,4,2.358609
18,4,2.347113
19,4,2.372021
20,4,2.383517
21,4,2.324121
22,4,2.251312
23,4,2.287717
24,4,2.262809
25,4,2.262809
26,4,2.274305
27,4,2.467822
28,4,2.383517
29,4,2.50231
30,4,2.50231
31,4,2.395013
32,4,2.45441
33,4,2.431417
34,4,2.50231
35,4,2.467822
36,4,2.561706
37,4,2.659423
38,4,2.898924
39,4,2.81462
40,4,2.91042
41,4,2.91042
42,4,2.981313
43,4,2.778215
44,4,2.992809
45,4,3.220814
46,4,3.64042
47,4,3.736221
48,4,3.855013
49,4,3.855013
50,4,4.539029
51,4,4.251628
52,4,4.071523
53,4,4.083019
54,4,3.868425
55,4,3.68832
56,4,3.724725
57,4,3.59252
58,4,3.473727
59,4,3.59252
60,4,3.59252
61,4,3.473727
62,4,3.581024
63,4,3.617428
64,4,3.59252
65,4,3.533124
66,4,3.508215
67,4,3.423911
68,4,3.305118
69,4,3.268714
70,4,3.161418
71,4,3.136509
72,4,3.042625
73,4,3.054121
74,4,3.209318
75,4,3.006221
76,4,3.017717
77,4,2.969816
78,4,2.874016
79,4,2.682415
80,4,2.778215
81,4,2.789711
82,4,2.849108
83,4,2.86252
84,4,2.741811
85,4,2.659423
86,4,2.50231
87,4,2.479318
88,4,2.490814
89,4,2.490814
90,4,2.467822
91,4,2.299213
92,4,2.623019
93,4,3.125013
94,4,3.029213
95,4,3.054121
96,4,3.065617
97,4,3.065617
98,4,2.885512
99,4,2.874016
100,4,2.86252
101,4,2.86252
102,4,2.874016
103,4,2.778215
104,4,2.874016
105,4,2.801208
106,4,2.981313
107,4,3.077113
108,4,3.220814
109,4,3.209318
110,4,2.981313
111,4,3.268714
112,4,3.341523
113,4,3.412415
114,4,3.28021
115,4,3.330026
116,4,3.437323
117,4,3.460315
118,4,3.460315
119,4,3.423911
120,4,3.581024
121,4,3.651916
122,4,3.736221
123,4,3.832021
124,4,3.736221
125,4,3.460315
126,4,3.460315
127,4,3.496719
128,4,3.64042
129,4,3.567612
130,4,3.567612
131,4,3.485223
132,4,3.485223
133,4,3.389423
134,4,3.448819
135,4,3.832021
136,4,3.795617
137,4,3.843517
138,4,4.215223
139,4,4.192231
140,4,4.383832
141,4,4.885827
142,4,4.849423
143,4,4.767034
144,4,4.77853
145,4,4.646326
146,4,4.860919
147,4,4.837927
148,4,4.671234
149,4,5.029528
150,4,4.908819
151,4,4.753622
152,4,4.933727
153,4,5.018032
154,4,5.604331
155,4,5.269029
156,4,5.483622
157,4,5.640735
158,4,5.508531
159,4,5.579423
160,4,5.567927
161,4,5.46063
162,4,5.449134
163,4,5.736536
164,4,5.376326
165,4,5.688636
166,4,5.962625
167,4,5.943465
168,4,5.843832
169,4,5.866825
170,4,6.50294
171,4,6.646641
172,4,6.658137
173,4,6.274935
174,4,6.119738
175,4,5.891733
176,4,5.832336
177,4,5.891733
178,4,5.903229
179,4,5.675223
180,4,5.903229
181,4,5.939633
182,4,5.999029
183,4,5.807428
184,4,6.04693
185,4,6.322835
186,4,6.658137
187,4,6.694541
188,4,6.717533
189,4,6.633229
190,4,6.82483
191,4,6.897638
192,4,7.257848
193,4,7.244436
194,4,7.089239
195,4,6.993439
196,4,7.13714
197,4,7.089239
198,4,7.029843
199,4,6.790342
200,4,7.052835
201,4,6.838242
202,4,7.23294
203,4,7.016431
204,4,6.874646
205,4,6.742441
206,4,6.669633
207,4,6.587245
208,4,6.441628
209,4,6.55084
210,4,6.729029
211,4,6.669633
212,4,6.598741
213,4,6.395643
214,4,6.50294
215,4,6.55084
216,4,6.466536
217,4,6.861234
218,4,6.970447
219,4,7.029843
220,4,7.436037
221,4,6.981943
222,4,7.244436
223,4,7.579738
224,4,7.460945
225,4,8.100893
226,4,8.700604
227,4,8.74084
228,4,8.466851
229,4,8.982258
230,4,9.00525
231,4,9.424856
232,4,9.269659
233,4,9.148951
234,4,9.269659
235,4,9.148951
236,4,8.790657
237,4,8.982258
238,4,8.886457
239,4,8.357638
240,4,8.658452
241,4,8.706352
242,4,8.813649
243,4,8.802153
244,4,8.478347
245,4,8.562651
246,4,8.777245
247,4,8.478347
248,4,7.855644
249,4,8.131549
250,4,8.047245
251,4,8.466851
252,4,8.32315
253,4,8.453439
254,4,7.819239
255,4,7.796247
256,4,7.844148
257,4,8.035749
258,4,8.526247
259,4,8.790657
260,4,8.945854
261,4,8.694856
262,4,8.825145
263,4,8.886457
264,4,8.706352
265,4,9.185355
266,4,9.244751
267,4,9.219843
268,4,9.208347
269,4,9.447848
270,4,9.844463
271,4,9.557061
272,4,9.507245
273,4,9.436352
274,4,9.36546
275,4,8.813649
276,4,8.633544
277,4,8.120053
278,4,7.951444
279,4,8.190945
280,4,8.311654
281,4,7.86714
282,4,8.047245
283,4,8.261838
284,4,8.813649
285,4,9.219843
286,4,9.495749
287,4,9.185355
288,4,9.256247
289,4,9.568557
290,4,9.698846
291,4,9.926851
292,4,10.082048
293,4,9.675854
294,4,9.568557
295,4,9.760158
296,4,8.95735
297,4,8.64504
298,4,9.173859
299,4,9.196851
300,4,9.532153
301,4,9.208347
302,4,9.411444
303,4,9.36546
304,4,9.388452
305,4,8.610552
306,4,8.058741
307,4,8.453439
308,4,8.945854
309,4,8.717848
310,4,9.078058
311,4,9.041654
312,4,9.344384
313,4,9.194935
314,4,9.164279
315,4,9.10105
316,4,9.407612
317,4,9.585801
318,4,9.905775
319,4,9.800394
320,4,9.819554
321,4,10.020736
322,4,10.254489
323,4,10.538058
324,4,10.505486
325,4,10.212337
326,4,10.488242
327,4,10.601287
328,4,10.480578
329,4,10.467166
330,4,10.442258
331,4,10.72966
332,4,10.789056
333,4,10.292809
334,4,10.377114
335,4,10.750736
336,4,11.045801
337,4,10.911681
338,4,10.561051
339,4,10.321549
340,4,10.304305
341,4,9.848295
342,4,9.712258
343,4,9.637533
344,4,9.499581
345,4,9.28882
346,4,8.660368
347,4,8.715932
348,4,8.717848
349,4,8.31357
350,4,8.505171
351,4,8.453439
352,4,8.602888
353,4,8.93819
354,4,9.560893
355,4,9.398032
356,4,9.330972
357,4,9.271575
358,4,9.294568
359,4,9.867455
360,4,9.785066
361,4,9.896195
362,4,10.055224
363,4,9.980499
364,4,10.013072
365,4,9.980499
366,4,10.097376
367,4,9.857875
368,4,9.907691
369,4,9.854043
370,4,9.944095
371,4,9.909607
372,4,9.982415
373,4,9.873203
374,4,10.139528
375,4,10.346457
376,4,10.166352
377,4,10.011156
378,4,10.001575
379,4,10.187428
380,4,9.991995
381,4,9.752494
382,4,9.831051
383,4,9.942179
384,4,9.965171
385,4,10.049476
386,4,9.936431
387,4,10.068636
388,4,10.555303
389,4,10.620447
390,4,10.547638
391,4,10.54189
392,4,10.327297
393,4,10.641523
394,4,10.616615
395,4,10.86378
396,4,10.72966
397,4,11.057297
398,4,11.312127
399,4,11.660841
400,4,11.300631
401,4,10.988321
402,4,11.124358
403,4,11.273807
404,4,11.120526
405,4,10.812048
406,4,10.87336
407,4,10.833124
408,4,11.342783
409,4,11.319791
410,4,11.23357
411,4,11.632101
412,4,11.825618
413,4,11.312127
414,4,10.921261
415,4,10.944253
416,4,10.921261
417,4,11.026641
418,4,10.605119
419,4,10.672179
420,4,10.804384
421,4,10.660683
422,4,10.538058
423,4,10.584043
424,4,10.538058
425,4,10.490158
426,4,10.467166
427,4,10.681759
428,4,10.756484
429,4,11.022809
430,4,11.141602
431,4,10.959581
432,4,11.086037
433,4,10.84462
434,4,10.595539
435,4,10.601287
436,4,11.017061
437,4,11.229738
438,4,11.394515
439,4,11.139686
440,4,10.957665
441,4,10.78714
442,4,10.88294
443,4,10.925093
444,4,10.72966
445,4,10.626195
446,4,10.73924
447,4,11.007481
448,4,11.053465
449,4,11.034305
450,4,10.921261
451,4,10.950001
452,4,11.304463
453,4,11.275723
454,4,11.476904
455,4,11.764305
456,4,11.687665
457,4,11.91567
458,4,12.454069
459,4,12.377429
460,4,12.166667
461,4,12.038295
462,4,12.346772
463,4,12.519213
464,4,12.544122
465,4,12.781707
466,4,12.434909
467,4,12.431077
468,4,12.2663
469,4,12.454069
470,4,12.358269
471,4,12.590106
472,4,12.455985
473,4,12.682074
474,4,13.065276
475,4,13.055696
476,4,13.258794
477,4,13.594095
478,4,13.536615
479,4,13.412074
480,4,13.067192
481,4,13.274122
482,4,13.325854
483,4,13.220473
484,4,13.274122
485,4,13.314358
486,4,13.046116
487,4,12.841103
488,4,13.107429
489,4,13.402494
490,4,13.345014
491,4,13.402494
492,4,13.563439
493,4,13.661156
494,4,13.325854
495,4,13.000132
496,4,13.180237
497,4,12.770211
498,4,12.649502
499,4,12.070867
500,4,12.178164
501,4,12.070867
502,4,11.936746
503,4,12.067035
504,4,12.243308
505,4,12.233728
506,4,11.208662
507,4,10.72966
508,4,10.881024
509,4,10.921261
510,4,10.557219
511,4,10.627153
512,4,10.974107
513,4,11.045032
514,4,11.165795
515,4,11.190714
516,4,11.081452
517,4,10.861012
518,4,10.807339
519,4,10.928102
520,4,11.144709
521,4,11.405404
522,4,11.750441
523,4,11.76386
524,4,11.600925
525,4,11.2118
526,4,11.207966
527,4,11.022029
528,4,11.043115
529,4,11.060367
530,4,11.121707
531,4,11.397737
532,4,11.288475
533,4,11.530001
534,4,11.829033
535,4,11.8252
536,4,11.999635
537,4,12.116565
538,4,12.179821
539,4,12.072476
540,4,12.258413
541,4,12.181738
542,4,12.047557
543,4,11.827116
544,4,11.530001
545,4,11.127457
546,4,11.198382
547,4,11.184963
548,4,11.317228
549,4,11.363233
550,4,11.485913
551,4,11.405404
552,4,11.165795
553,4,10.956855
554,4,10.887848
555,4,11.472495
556,4,11.658431
557,4,11.957464
558,4,11.988134
559,4,11.942129
560,4,11.694852
561,4,11.961298
562,4,12.407929
563,4,12.225826
564,4,12.124232
565,4,12.310169
566,4,11.957464
567,4,11.817532
568,4,12.07631
569,4,12.16832
570,4,12.266081
571,4,12.32167
572,4,12.289083
573,4,12.287166
574,4,12.178863
575,4,12.249815
576,4,12.368708
577,4,12.35912
578,4,12.39939
579,4,12.629506
580,4,12.790587
581,4,12.98235
582,4,13.039878
583,4,12.827022
584,4,12.614165
585,4,12.706211
586,4,13.014949
587,4,12.72347
588,4,12.733058
589,4,13.078231
590,4,13.260406
591,4,13.363958
592,4,13.432992
593,4,13.337111
594,4,13.352452
595,4,13.097407
596,4,13.398475
597,4,13.392722
598,4,13.2815
599,4,12.907562
600,4,13.158771
601,4,13.097407
602,4,13.260406
603,4,13.191371
604,4,12.963173
605,4,12.94975
606,4,12.669776
607,4,12.867292
608,4,12.951668
609,4,13.024537
610,4,13.070561
611,4,13.2163
612,4,13.32177
613,4,13.423404
614,4,13.087819
615,4,13.536544
616,4,13.864459
617,4,13.95267
618,4,13.521203
619,4,13.730225
620,4,14.497277
621,4,15.074483
622,4,14.666028
623,4,14.861626
624,4,14.585488
625,4,14.572064
626,4,14.547135
627,4,14.807933
628,4,14.585488
629,4,14.572064
630,4,14.669863
631,4,14.462759
632,4,14.495359
633,4,14.426324
634,4,14.547135
635,4,14.586446
636,4,14.889531
637,4,14.830065
638,4,14.822392
639,4,14.92406
640,4,15.058338
641,4,14.977771
642,4,15.048747
643,4,15.117804
644,4,15.14466
645,4,14.787864
646,4,14.580692
647,4,14.62673
648,4,14.444495
649,4,14.62673
650,4,15.085194
651,4,15.559004
652,4,15.461173
653,4,15.077521
654,4,15.138905
655,4,15.135069
656,4,15.53023
657,4,15.622307
658,4,15.779604
659,4,15.537903
660,4,15.190698
661,4,14.914469
662,4,14.732234
663,4,14.691951
664,4,14.977771
665,4,14.578773
666,4,13.771186
667,4,13.517976
668,4,13.354924
669,4,13.801878
670,4,13.581278
671,4,12.042834
672,4,12.079281
673,4,11.317732
674,4,11.701384
675,4,11.643836
676,4,12.050507
677,4,12.372775
678,4,12.140665
679,4,11.768523
680,4,11.087541
681,4,11.336915
682,4,11.921984
683,4,12.326737
684,4,12.547336
685,4,13.232155
686,4,13.341496
687,4,12.850421
688,4,12.518562
689,4,12.468688
690,4,12.008305
691,4,12.207804
692,4,12.48787
693,4,13.021147
694,4,13.257092
695,4,13.095959
696,4,12.948253
697,4,13.362597
698,4,13.300253
699,4,13.144818
700,4,13.279145
701,4,13.240766
702,4,13.524771
703,4,14.062077
704,4,13.622637
705,4,13.868263
706,4,13.701314
707,4,13.779991
708,4,14.062077
709,4,13.914318
710,4,13.574663
711,4,13.695557
712,4,13.918156
713,4,13.950778
714,4,13.950778
715,4,13.678287
716,4,13.584258
717,4,13.751207
718,4,13.806857
719,4,14.01986
720,4,13.365498
721,4,13.294496
722,4,12.895355
723,4,13.200468
724,4,13.148656
725,4,13.442256
726,4,13.67253
727,4,13.943102
728,4,13.576582
729,4,13.705152
730,4,14.004509
731,4,13.622637
732,4,14.058239
733,4,13.614961
734,4,13.528609
735,4,14.106213
736,4,13.785748
737,4,13.676368
738,4,14.081267
739,4,14.378704
740,4,14.246296
741,4,14.123484
742,4,13.701314
743,4,13.566988
744,4,14.085104
745,4,14.351839
746,4,14.324973
747,4,13.858668
748,4,14.24054
749,4,13.730098
750,4,13.872101
751,4,14.067834
752,4,13.65334
753,4,13.902804
754,4,13.806857
755,4,13.204306
756,4,13.691719
757,4,13.436499
758,4,12.856975
759,4,12.620944
760,4,12.795569
761,4,12.753352
762,4,12.247708
763,4,12.479992
764,4,12.17092
765,4,11.326251
766,4,11.583491
767,4,11.076689
768,4,11.385761
769,4,10.911595
770,4,11.188032
771,4,11.230265
772,4,11.13812
773,4,11.487506
774,4,11.499024
775,4,12.122928
776,4,11.658359
777,4,11.961673
778,4,11.948235
779,4,11.500944
780,4,10.971106
781,4,10.806011
782,4,10.973025
783,4,10.686989
784,4,10.650515
785,4,10.587165
786,4,10.42399
787,4,9.848079
788,4,10.366399
789,4,10.3568
790,4,10.460464
791,4,10.400954
792,4,10.308808
793,4,10.42591
794,4,11.063251
795,4,11.230265
796,4,11.364645
797,4,11.07285
798,4,10.667792
799,4,10.531493
800,4,10.412472
801,4,10.581406
802,4,10.483501
803,4,10.395194
804,4,10.456625
805,4,10.416311
806,4,10.318406
807,4,10.477742
808,4,10.443187
809,4,10.625559
810,4,10.61788
811,4,10.926952
812,4,10.926952
813,4,11.019098
814,4,11.172674
815,4,11.038295
816,4,11.038295
817,4,11.166915
818,4,11.084368
819,4,10.861682
820,4,10.938471
821,4,10.901996
822,4,10.524774
823,4,10.330796
824,4,10.17715
825,4,10.426825
826,4,10.44219
827,4,10.563186
828,4,10.718753
829,4,10.547821
830,4,10.730276
831,4,10.649612
832,4,10.630406
833,4,10.563186
834,4,10.384572
835,4,10.209799
836,4,10.27894
837,4,10.198276
838,4,10.088803
839,4,9.798795
840,4,9.821842
841,4,9.353221
842,4,9.234145
843,4,8.980629
844,4,9.602896
845,4,9.839128
846,4,10.04463
847,4,9.965886
848,4,10.081121
849,4,9.796875
850,4,10.253973
851,4,9.996615
852,4,10.092644
853,4,10.252052
854,4,10.083041
855,4,10.127215
856,4,10.369208
857,4,10.405699
858,4,10.336558
859,4,10.303908
860,4,10.117612
861,4,9.827604
862,4,9.958204
863,4,9.988933
864,4,10.106088
865,4,10.209799
866,4,10.008139
867,4,9.987012
868,4,9.756543
869,4,9.938998
870,4,9.656673
871,4,10.204038
872,4,10.371128
873,4,10.620803
874,4,10.84167
875,4,11.110551
876,4,10.899287
877,4,11.018363
878,4,11.089425
879,4,10.983793
880,4,11.064457
881,4,11.120154
882,4,11.50619
883,4,11.596458
884,4,11.725137
885,4,11.682884
886,4,11.680003
887,4,11.826027
888,4,11.351449
889,4,11.151626
890,4,11.336078
891,4,11.386033
892,4,11.345685
893,4,11.485945
894,4,11.582013
895,4,11.753015
896,4,12.045063
897,4,12.039299
898,4,12.020085
899,4,12.25065
900,4,12.850117
901,4,13.265132
902,4,12.78479
903,4,12.857802
904,4,12.978848
905,4,12.986534
906,4,12.72907
907,4,13.238233
908,4,13.399628
909,4,13.207491
910,4,13.046096
911,4,13.47264
912,4,13.126794
913,4,13.032647
914,4,13.197885
915,4,13.449584
916,4,13.390021
917,4,13.324695
918,4,13.474562
919,4,13.687834
920,4,13.678227
921,4,14.083636
922,4,13.870364
923,4,13.653249
924,4,13.26129
925,4,13.338144
926,4,13.343909
927,4,13.411156
928,4,13.292032
929,4,13.161378
930,4,13.209413
931,4,12.978848
932,4,12.815532
933,4,12.86933
934,4,12.373617
935,4,12.331347
936,4,12.450472
937,4,12.623395
938,4,12.688722
939,4,12.121918
940,4,11.97013
941,4,11.797206
942,4,11.524372
943,4,11.182368
944,4,11.704981
945,4,11.612755
946,4,11.60507
947,4,11.801049
948,4,11.81642
949,4,11.865415
950,4,11.876948
951,4,11.776996
952,4,11.707799
953,4,11.532884
954,4,11.559794
955,4,11.400255
956,4,11.283004
957,4,11.081179
958,4,10.802468
959,4,11.152298
960,4,11.188819
961,4,11.281082
962,4,10.921641
963,4,10.869743
964,4,10.541056
965,4,10.902419
966,4,10.979305
967,4,11.158065
968,4,11.163831
969,4,11.298382
970,4,11.217651
971,4,11.04658
972,4,10.975461
973,4,10.888964
974,4,10.539133
975,4,10.369984
976,4,10.498768
977,4,10.377673
978,4,10.283488
979,4,10.299096
980,4,10.321931
981,4,10.389206
982,4,10.57181
983,4,10.823611
984,4,10.869743
985,4,10.70636
986,4,10.658307
987,4,10.775558
988,4,10.93894
989,4,10.762102
990,4,10.852443
991,4,10.986994
992,4,10.946629
993,4,10.975461
994,4,11.002371
995,4,10.956239
996,4,11.233029
997,4,10.977383
998,4,11.300304
999,4,10.958162
1000,4,11.01967
1001,4,11.048502
1002,4,10.994682
1003,4,10.904341
1004,4,10.91203
1005,4,10.765947
1006,4,10.840911
1007,4,11.671278
1008,4,11.715488
1009,4,11.738553
1010,4,11.723176
1011,4,12.149893
1012,4,12.242156
1013,4,12.489152
1014,4,12.343012
1015,4,12.464154
1016,4,12.269943
1017,4,12.491075
1018,4,12.352627
1019,4,12.104574
1020,4,12.26802
1021,4,12.227639
1022,4,12.118035
1023,4,12.169953
1024,4,12.489152
1025,4,12.669903
1026,4,12.498766
1027,4,12.498766
1028,4,12.498766
1029,4,12.498766
1030,4,12.269943
1031,4,12.09496
1032,4,11.854599
1033,4,11.89498
1034,4,12.173798
1035,4,12.114189
1036,4,12.087268
1037,4,12.233408
1038,4,12.216102
1039,4,12.269943
1040,4,12.258405
1041,4,12.269943
1042,4,12.256482
1043,4,12.177644
1044,4,12.210333
1045,4,10.797011
1046,4,10.38359
1047,4,10.735479
1048,4,10.691252
1049,4,10.795088
1050,4,10.74317
1051,4,10.695098
1052,4,10.623951
1053,4,10.412434
1054,4,10.623951
1055,4,10.537421
1056,4,10.662409
1057,4,10.664332
1058,4,10.723941
1059,4,10.845083
1060,4,10.81624
1061,4,10.795088
1062,4,10.837392
1063,4,10.731633
1064,4,10.668178
1065,4,10.585494
1066,4,10.645103
1067,4,10.691252
1068,4,10.698944
1069,4,10.547036
1070,4,10.689329
1071,4,10.773936
1072,4,10.897001
1073,4,10.965264
1074,4,10.884467
1075,4,10.890238
1076,4,10.965264
1077,4,10.94795
1078,4,10.903704
1079,4,10.946026
1080,4,10.788281
1081,4,10.851764
1082,4,11.005662
1083,4,11.115315
1084,4,11.163408
1085,4,11.328849
1086,4,11.213425
1087,4,11.351934
1088,4,11.378866
1089,4,11.223044
1090,4,11.059527
1091,4,10.938332
1092,4,10.570899
1093,4,10.520882
1094,4,10.813289
1095,4,10.742111
1096,4,10.574746
1097,4,10.543967
1098,4,10.572823
1099,4,10.34967
1100,4,10.301577
1101,4,10.184229
1102,4,10.111127
1103,4,10.178458
1104,4,10.291958
1105,4,10.336204
1106,4,10.320814
1107,4,10.518958
1108,4,10.426619
1109,4,10.540119
1110,4,10.56128
1111,4,10.570899
1112,4,10.536272
1113,4,10.515111
1114,4,10.611297
1115,4,10.526653
1116,4,10.465094
1117,4,10.609374
1118,4,10.663238
1119,4,10.769043
1120,4,10.688247
1121,4,10.999891
1122,4,11.161484
1123,4,11.157637
1124,4,11.244205
1125,4,11.22112
1126,4,11.10762
1127,4,10.976806
1128,4,11.136476
1129,4,11.57701
1130,4,11.775154
1131,4,11.742451
1132,4,11.794392
1133,4,11.713595
1134,4,11.523146
1135,4,11.586629
1136,4,11.369247
1137,4,11.301917
1138,4,11.349048
1139,4,11.216254
1140,4,11.225877
1141,4,11.25667
1142,4,11.102706
1143,4,11.15082
1144,4,11.152744
1145,4,11.585767
1146,4,11.599239
1147,4,11.566522
1148,4,11.543427
1149,4,11.757052
1150,4,11.751278
1151,4,11.735882
1152,4,11.862902
1153,4,11.853279
1154,4,11.835958
1155,4,11.693542
1156,4,11.68007
1157,4,11.59539
1158,4,11.655051
1159,4,11.57422
1160,4,11.566522
1161,4,11.499163
1162,4,11.418332
1163,4,11.375992
1164,4,11.412558
1165,4,11.272066
1166,4,11.247047
1167,4,11.231651
1168,4,11.366369
1169,4,11.504936
1170,4,10.725495
1171,4,10.690853
1172,4,10.392549
1173,4,10.357907
1174,4,10.329039
1175,4,10.217415
1176,4,10.111565
1177,4,10.277076
1178,4,10.159679
1179,4,10.17315
1180,4,10.180849
1181,4,10.252057
1182,4,10.361756
1183,4,10.113489
1184,4,10.55421
1185,4,10.658136
1186,4,10.55421
1187,4,10.282849
1188,4,10.17315
1189,4,10.390624
1190,4,10.404096
1191,4,10.373303
1192,4,10.371379
1193,4,10.44836
1194,4,10.305944
1195,4,10.198169
1196,4,10.144282
1197,4,10.23666
1198,4,10.290548
1199,4,10.200094
1200,4,9.605409
1201,4,9.911412
1202,4,9.986469
1203,4,10.082697
1204,4,10.108678
1205,4,10.162591
1206,4,10.245386
1207,4,10.208802
1208,4,10.278119
1209,4,10.330106
1210,4,10.410976
1211,4,10.40905
1212,4,10.416752
1213,4,10.626627
1214,4,10.88849
1215,4,10.834577
1216,4,10.894267
1217,4,10.449485
1218,4,10.605447
1219,4,10.493771
1220,4,10.407125
1221,4,10.588118
1222,4,10.541907
1223,4,10.615075
1224,4,10.599671
1225,4,10.499547
1226,4,10.570789
1227,4,10.432156
1228,4,10.539982
1229,4,10.57464
1230,4,10.470665
1231,4,10.476441
1232,4,10.436007
1233,4,10.341659
1234,4,10.593895
1235,4,10.407125
1236,4,10.305075
1237,4,10.418678
1238,4,10.237684
1239,4,10.189548
1240,4,10.216504
1241,4,10.256939
1242,4,10.191473
1243,4,10.164516
1244,4,10.127933
1245,4,10.204951
1246,4,10.03166
1247,4,9.80638
1248,4,9.713958
1249,4,9.964268
1250,4,9.850666
1251,4,10.106753
1252,4,10.674764
1253,4,10.590044
1254,4,10.597746
1255,4,10.513025
1256,4,10.819174
1257,4,10.851907
1258,4,10.878863
1259,4,11.077186
1260,4,11.285136
1261,4,11.34675
1262,4,11.437247
1263,4,11.369856
1264,4,11.360229
1265,4,11.371781
1266,4,11.236999
1267,4,11.163832
1268,4,11.199453
1269,4,11.037644
1270,4,11.130106
1271,4,11.199453
1272,4,11.141664
1273,4,11.157074
1274,4,11.236052
1275,4,11.353556
1276,4,11.515364
1277,4,11.476838
1278,4,11.524996
1279,4,11.867875
1280,4,11.817792
1281,4,12.104809
1282,4,12.253133
1283,4,12.266617
1284,4,12.168377
1285,4,12.195345
1286,4,12.145261
1287,4,12.124072
1288,4,11.879433
1289,4,11.939148
1290,4,11.944927
1291,4,10.997192
1292,4,10.949035
1293,4,10.898951
1294,4,11.07617
1295,4,11.172485
1296,4,11.276504
1297,4,11.303472
1298,4,11.201379
1299,4,11.11277
1300,4,11.09158
1301,4,11.185969
1302,4,11.153222
1303,4,11.153222
1304,4,11.18019
1305,4,11.184042
1306,4,10.999118
1307,4,11.031865
1308,4,11.162853
1309,4,11.07617
1310,4,11.174411
1311,4,10.981782
1312,4,11.089654
1313,4,10.887394
1314,4,11.149369
1315,4,11.068465
1316,4,11.243757
1317,4,11.226421
1318,4,11.357408
1319,4,11.334293
1320,4,11.55389
1321,4,11.480691
1322,4,11.451797
1323,4,11.582784
1324,4,11.388229
1325,4,11.461428
1326,4,11.623236
1327,4,11.598195
1328,4,11.887138
1329,4,11.799492
1330,4,11.502722
1331,4,11.562462
1332,4,11.333139
1333,4,11.406368
1334,4,11.562462
1335,4,11.562462
1336,4,11.543191
1337,4,11.85345
1338,4,11.897773
1339,4,11.972929
1340,4,12.073137
1341,4,12.069283
1342,4,12.098189
1343,4,11.660743
1344,4,11.641472
1345,4,11.622201
1346,4,11.766732
1347,4,11.587514
1348,4,11.489233
1349,4,11.714701
1350,4,11.72819
1351,4,11.718555
1352,4,11.641472
1353,4,11.85345
1354,4,11.776367
1355,4,10.411997
1356,4,10.427413
1357,4,10.753089
1358,4,11.040224
1359,4,10.861006
1360,4,11.121161
1361,4,11.358191
1362,4,11.290744
1363,4,11.408295
1364,4,11.144286
1365,4,11.269546
1366,4,11.371681
1367,4,11.331212
1368,4,11.485379
1369,4,11.658815
1370,4,11.43142
1371,4,11.525847
1372,4,11.427566
1373,4,11.552826
1374,4,11.562462
1375,4,11.543191
1376,4,11.53741
1377,4,11.637618
1378,4,11.629909
1379,4,11.809127
1380,4,11.957512
1381,4,11.855377
1382,4,11.955585
1383,4,12.005689
1384,4,12.138658
1385,4,12.331365
1386,4,12.269699
1387,4,12.252355
1388,4,12.298605
1389,4,12.317876
1390,4,12.495167
1391,4,12.687875
1392,4,12.774593
1393,4,12.735088
1394,4,12.717738
1395,4,12.723521
1396,4,12.719665
1397,4,12.710026
1398,4,12.625203
1399,4,12.534596
1400,4,12.447845
1401,4,12.569297
1402,4,12.623275
1403,4,12.550018
1404,4,12.613636
1405,4,12.546163
1406,4,12.488329
1407,4,12.397722
1408,4,12.445917
1409,4,12.640625
1410,4,12.951002
1411,4,12.956786
1412,4,13.112938
1413,4,13.141855
1414,4,13.228606
1415,4,13.084021
1416,4,12.983775
1417,4,12.906663
1418,4,12.925941
1419,4,12.879673
1420,4,13.112938
1421,4,13.224751
1422,4,13.33078
1423,4,13.369336
1424,4,13.411748
1425,4,13.369336
1426,4,13.504283
1427,4,13.666218
1428,4,13.602601
1429,4,13.573684
1430,4,13.492716
1431,4,13.610312
1432,4,13.652724
1433,4,13.627662
1434,4,13.504283
1435,4,13.621879
1436,4,13.668146
1437,4,13.361625
1438,4,13.340419
1439,4,13.538983
1440,4,13.608384
1441,4,13.870566
1442,4,13.839721
1443,4,13.795381
1444,4,13.889844
1445,4,13.887916
1446,4,13.855143
1447,4,13.889844
1448,4,13.984306
1449,4,14.084552
1450,4,13.947678
1451,4,14.157809
1452,4,14.072985
1453,4,14.040213
1454,4,13.957317
1455,4,14.017079
1456,4,14.014187
1457,4,13.863767
1458,4,14.014187
1459,4,13.638136
1460,4,13.564854
1461,4,14.027687
1462,4,14.018044
1463,4,14.307315
1464,4,14.432665
1465,4,14.399881
1466,4,14.37674
1467,4,14.23789
1468,4,14.289958
1469,4,14.463521
1470,4,14.367097
1471,4,14.453878
1472,4,14.509804
1473,4,14.538731
1474,4,14.633226
1475,4,15.124986
1476,4,15.084488
1477,4,14.966851
1478,4,15.042062
1479,4,15.049775
1480,4,14.964923
1481,4,14.868499
1482,4,14.876213
1483,4,14.868499
1484,4,14.964923
1485,4,14.891641
1486,4,14.907069
1487,4,14.957209
1488,4,15.016991
1489,4,14.637083
1490,4,14.637083
1491,4,14.652511
1492,4,14.469306
1493,4,14.357455
1494,4,14.417237
1495,4,14.440379
1496,4,14.42688
1497,4,14.563801
1498,4,14.689152
1499,4,14.687223
1500,4,14.532946
1501,4,14.475092
1502,4,14.617798
1503,4,14.355526
1504,4,14.153037
1505,4,14.162679
1506,4,14.529089
1507,4,14.708436
1508,4,14.617798
1509,4,14.698794
1510,4,14.835715
1511,4,14.752791
1512,4,14.770147
1513,4,14.837644
1514,4,14.824144
1515,4,14.839572
1516,4,14.845358
1517,4,14.799074
1518,4,14.870428
1519,4,14.907069
1520,4,15.042062
1521,4,15.042062
1522,4,15.225266
1523,4,15.292763
1524,4,15.298552
1525,4,15.319778
1526,4,15.304341
1527,4,15.533973
1528,4,15.505028
1529,4,15.323638
1530,4,15.333286
1531,4,15.630458
1532,4,15.533973
1533,4,15.514676
1534,4,15.767465
1535,4,15.713434
1536,4,15.713434
1537,4,15.726942
1538,4,15.711504
1539,4,15.6787
1540,4,15.809918
1541,4,15.611161
1542,4,15.705715
1543,4,15.682559
1544,4,15.775184
1545,4,15.784833
1546,4,15.763606
1547,4,16.164981
1548,4,16.008676
1549,4,15.977801
1550,4,16.309707
1551,4,16.201645
1552,4,16.000957
1553,4,15.823426
1554,4,15.823426
1555,4,15.827286
1556,4,15.823426
1557,4,15.946926
1558,4,15.98552
1559,4,15.788692
1560,4,15.873598
1561,4,15.807989
1562,4,15.835004
1563,4,15.815707
1564,4,16.112879
1565,4,16.548988
1566,4,16.618457
1567,4,17.012113
1568,4,16.892472
1569,4,16.842301
1570,4,16.938785
1571,4,16.877035
1572,4,16.826863
1573,4,16.78441
1574,4,16.72266
1575,4,16.768972
1576,4,16.695644
1577,4,16.850019
1578,4,16.853879
1579,4,16.795988
1580,4,16.960011
1581,4,17.149228
1582,4,16.979319
1583,4,17.156951
1584,4,17.682125
1585,4,17.786387
1586,4,17.716879
1587,4,18.045112
1588,4,17.759356
1589,4,17.763218
1590,4,17.747771
1591,4,17.570139
1592,4,17.434984
1593,4,17.601032
1594,4,17.685986
1595,4,17.763218
1596,4,17.67054
1597,4,17.821141
1598,4,17.898373
1599,4,18.145513
1600,4,18.28453
1601,4,18.423546
1602,4,18.280668
1603,4,18.272945
1604,4,18.446715
1605,4,18.184129
1606,4,18.265222
1607,4,18.133928
1608,4,18.431269
1609,4,18.520085
1610,4,18.442854
1611,4,18.639794
1612,4,18.763364
1613,4,18.520085
1614,4,18.697717
1615,4,18.269083
1616,4,17.801833
1617,4,18.021943
1618,4,17.666679
1619,4,18.006497
1620,4,17.809557
1621,4,18.072143
1622,4,18.342453
1623,4,18.338592
1624,4,18.373346
1625,4,18.106897
1626,4,18.311561
1627,4,17.956296
1628,4,16.701286
1629,4,16.712871
1630,4,16.662671
1631,4,16.790102
1632,4,16.902088
1633,4,16.95615
1634,4,16.83258
1635,4,16.960011
1636,4,17.033381
1637,4,17.064274
1638,4,17.00635
1639,4,17.052689
1640,4,16.983181
1641,4,17.07972
1642,4,17.199429
1643,4,16.913673
1644,4,16.865403
1645,4,16.788127
1646,4,16.853812
1647,4,16.904041
1648,4,16.869267
1649,4,17.2711
1650,4,17.09723
1651,4,16.706988
1652,4,16.84222
1653,4,16.938815
1654,4,16.896313
1655,4,16.60653
1656,4,16.768808
1657,4,16.706988
1658,4,16.475161
1659,4,16.204696
1660,4,15.914913
1661,4,15.744907
1662,4,15.833773
1663,4,16.084919
1664,4,15.957414
1665,4,15.872411
1666,4,15.744907
1667,4,15.911049
1668,4,15.741043
1669,4,15.82991
1670,4,15.957414
1671,4,15.787408
1672,4,15.760362
1673,4,15.965142
1674,4,16.196969
1675,4,16.150603
1676,4,15.911049
1677,4,16.212424
1678,4,16.324474
1679,4,16.185378
1680,4,16.150603
1681,4,16.119693
1682,4,16.054009
1683,4,16.108102
1684,4,16.026963
1685,4,15.914913
1686,4,16.467434
1687,4,16.189241
1688,4,16.220152
1689,4,16.81131
1690,4,16.904041
1691,4,16.629712
1692,4,16.614257
1693,4,16.614257
1694,4,16.614257
1695,4,16.618121
1696,4,16.691533
1697,4,16.741762
1698,4,16.506071
1699,4,16.683805
1700,4,16.394022
1701,4,16.579483
1702,4,16.710852
1703,4,16.734034
1704,4,16.764945
1705,4,16.807446
1706,4,16.884722
1707,4,16.848016
1708,4,16.88281
1709,4,16.890542
1710,4,17.149564
1711,4,17.041316
1712,4,16.952398
1713,4,16.90214
1714,4,17.323534
1715,4,17.246214
1716,4,17.103172
1717,4,17.072244
1718,4,17.567091
1719,4,17.454977
1720,4,17.315802
1721,4,17.284874
1722,4,17.377658
1723,4,17.466575
1724,4,17.632813
1725,4,17.849309
1726,4,17.574823
1727,4,17.942093
1728,4,17.880237
1729,4,17.857041
1730,4,17.864773
1731,4,17.099306
1732,4,17.176626
1733,4,17.34673
1734,4,17.188224
1735,4,17.238482
1736,4,17.396988
1737,4,17.474307
1738,4,17.482039
1739,4,17.497503
1740,4,17.791319
1741,4,18.065805
1742,4,17.764257
1743,4,17.783587
1744,4,17.733329
1745,4,17.779721
1746,4,17.849309
1747,4,17.841577
1748,4,17.795185
1749,4,17.864773
1750,4,17.922763
1751,4,17.976887
1752,4,18.050341
1753,4,18.320961
1754,4,18.320961
1755,4,17.976887
1756,4,17.973021
1757,4,18.065805
1758,4,18.100599
1759,4,18.247507
1760,4,18.224311
1761,4,17.891835
1762,4,17.559359
1763,4,17.706267
1764,4,17.729463
1765,4,17.652143
1766,4,17.354462
1767,4,17.447245
1768,4,17.389256
1769,4,17.915031
1770,4,18.139259
1771,4,18.332559
1772,4,18.177756
1773,4,17.89911
1774,4,17.721087
1775,4,17.744307
1776,4,17.500492
1777,4,17.39213
1778,4,17.500492
1779,4,17.577894
1780,4,17.798488
1781,4,17.697866
1782,4,18.081004
1783,4,18.011342
1784,4,17.961031
1785,4,17.945551
1786,4,17.802358
1787,4,17.833319
1788,4,18.022953
1789,4,18.305468
1790,4,17.856539
1791,4,17.968772
1792,4,17.678516
1793,4,17.562413
1794,4,17.566283
1795,4,17.465661
1796,4,17.283768
1797,4,17.214106
1798,4,17.430831
1799,4,17.430831
1800,4,17.39987
1801,4,17.844929
1802,4,17.91459
1803,4,17.697866
1804,4,17.976512
1805,4,17.918461
1806,4,18.003602
1807,4,18.289988
1808,4,18.332559
1809,4,18.444791
1810,4,18.719567
1811,4,18.611204
1812,4,18.580244
1813,4,18.39448
1814,4,18.603464
1815,4,20.108925
1816,4,20.519153
1817,4,20.445621
1818,4,20.054743
1819,4,20.255988
1820,4,20.271468
1821,4,20.267598
1822,4,20.252117
1823,4,20.317909
1824,4,20.283078
1825,4,20.321779
1826,4,20.3837
1827,4,20.708787
1828,4,20.712657
1829,4,20.937121
1830,4,20.89842
1831,4,21.409271
1832,4,21.246727
1833,4,21.308649
1834,4,21.227377
1835,4,21.204157
1836,4,21.308649
1837,4,20.925163
1838,4,20.258904
1839,4,20.375112
1840,4,20.309261
1841,4,20.018741
1842,4,19.766958
1843,4,20.320882
1844,4,20.026489
1845,4,20.398354
1846,4,20.564918
1847,4,20.313135
1848,4,19.797946
1849,4,20.096213
1850,4,20.239536
1851,4,20.088466
1852,4,20.646264
1853,4,20.456458
1854,4,20.506814
1855,4,20.638517
1856,4,20.874806
1857,4,20.847691
1858,4,20.646264
1859,4,20.708241
1860,4,20.712115
1861,4,20.433216
1862,4,20.638517
1863,4,20.905795
1864,4,20.816702
1865,4,20.921289
1866,4,20.820576
1867,4,20.874806
1868,4,20.770219
1869,4,20.820576
1870,4,21.052991
1871,4,21.18082
1872,4,21.231177
1873,4,21.246671
1874,4,21.095601
1875,4,21.211809
1876,4,21.316396
1877,4,21.831584
1878,4,20.266652
1879,4,19.673991
1880,4,19.495806
1881,4,19.364104
1882,4,19.488059
1883,4,19.813441
1884,4,19.960637
1885,4,19.879292
1886,4,19.89866
1887,4,19.949017
1888,4,20.111708
1889,4,19.894786
1890,4,19.367977
1891,4,19.848303
1892,4,19.244022
1893,4,19.770831
1894,4,19.697233
1895,4,19.898858
1896,4,20.038445
1897,4,19.891103
1898,4,19.83682
1899,4,19.639072
1900,4,20.24007
1901,4,20.294354
1902,4,20.212928
1903,4,19.860084
1904,4,19.906613
1905,4,19.902736
1906,4,19.867839
1907,4,19.786413
1908,4,19.774781
1909,4,19.852329
1910,4,19.751517
1911,4,19.767026
1912,4,19.906613
1913,4,19.813555
1914,4,19.577033
1915,4,19.549891
1916,4,19.49173
1917,4,19.328879
1918,4,19.367653
1919,4,19.154396
1920,4,19.231944
1921,4,19.173783
1922,4,19.390918
1923,4,19.251331
1924,4,19.181538
1925,4,19.321124
1926,4,19.41806
1927,4,19.317247
1928,4,19.359899
1929,4,19.197047
1930,4,18.882977
1931,4,18.98379
1932,4,19.41806
1933,4,19.449079
1934,4,19.305615
1935,4,19.480098
1936,4,19.076848
1937,4,19.049706
1938,4,18.739513
1939,4,19.018687
1940,4,19.07297
1941,4,19.231944
1942,4,18.506869
1943,4,17.964032
1944,4,18.266469
1945,4,18.266469
1946,4,18.435912
1947,4,18.340037
1948,4,18.411943
1949,4,19.043119
1950,4,18.272126
1951,4,18.02445
1952,4,17.397269
1953,4,18.20022
1954,4,18.655625
1955,4,18.244163
1956,4,17.828706
1957,4,17.756799
1958,4,18.456673
1959,4,18.428678
1960,4,18.392685
1961,4,18.780615
1962,4,19.388505
1963,4,19.092559
1964,4,19.412501
1965,4,18.856601
1966,4,18.904593
1967,4,18.8646
1968,4,19.136551
1969,4,19.044567
1970,4,18.812609
1971,4,18.824607
1972,4,18.836605
1973,4,18.576652
1974,4,18.784614
1975,4,18.400683
1976,4,18.340694
1977,4,17.856781
1978,4,18.044748
1979,4,18.396684
1980,4,18.348693
1981,4,18.232714
1982,4,18.124733
1983,4,17.840784
1984,4,17.900774
1985,4,18.092739
1986,4,17.868779
1987,4,18.128732
1988,4,17.964762
1989,4,18.152728
1990,4,17.97676
1991,4,17.828786
1992,4,18.332696
1993,4,18.164726
1994,4,18.064744
1995,4,18.436677
1996,4,18.188722
1997,4,18.176724
1998,4,17.952764
1999,4,17.856781
2000,4,17.872779
2001,4,17.852782
2002,4,17.704809
2003,4,17.564834
2004,4,17.868779
2005,4,17.760799
2006,4,17.852782
2007,4,17.812789
2008,4,17.848783
2009,4,17.844784
2010,4,18.840604
2011,4,18.072743
2012,4,17.548837
2013,4,17.376868
2014,4,17.560835
2015,4,17.276886
2016,4,17.872779
2017,4,17.484848
2018,4,17.652818
2019,4,17.836785
2020,4,17.632822
2021,4,17.774796
2022,4,18.019165
2023,4,17.502386
2024,4,17.754766
2025,4,17.434283
2026,4,17.582506
2027,4,17.478349
2028,4,17.294072
2029,4,17.798832
2030,4,17.850911
2031,4,18.1754
2032,4,17.638591
2033,4,17.51841
2034,4,17.810851
2035,4,18.047207
2036,4,18.383714
2037,4,18.34766
2038,4,17.658621
2039,4,17.722718
2040,4,17.502386
2041,4,17.157866
2042,4,17.458319
2043,4,17.478349
2044,4,17.330126
2045,4,17.470337
2046,4,17.846905
2047,4,18.167388
2048,4,18.151364
2049,4,18.211455
2050,4,18.227479
2051,4,17.975098
2052,4,17.846905
2053,4,17.955068
2054,4,17.546452
2055,4,17.778802
2056,4,18.287569
2057,4,18.451817
2058,4,18.712209
2059,4,18.952572
2060,4,18.920523
2061,4,18.375702
2062,4,18.808354
2063,4,18.684167
2064,4,18.664137
2065,4,18.451817
2066,4,18.331636
2067,4,18.399738
2068,4,18.015159
2069,4,18.147358
2070,4,19.116819
2071,4,18.860433
2072,4,18.660131
2073,4,18.680161
2074,4,18.94456
2075,4,18.503895
2076,4,18.335642
2077,4,18.211455
2078,4,18.159376
2079,4,17.77079
2080,4,17.971092
2081,4,17.792823
2082,4,17.523965
2083,4,17.503901
2084,4,17.61626
2085,4,17.495875
2086,4,17.026376
2087,4,17.283196
2088,4,17.495875
2089,4,17.407593
2090,4,17.223004
2091,4,16.978222
2092,4,16.741466
2093,4,16.645158
2094,4,16.552863
2095,4,16.653184
2096,4,16.155595
2097,4,16.50471
2098,4,16.340184
2099,4,16.151582
2100,4,15.914826
2101,4,15.9068
2102,4,15.722211
2103,4,15.686095
2104,4,16.071326
2105,4,16.709363
2106,4,16.625094
2107,4,16.793632
2108,4,16.721402
2109,4,16.637133
2110,4,16.408402
2111,4,16.44853
2112,4,16.444517
2113,4,16.753504
2114,4,16.207761
2115,4,16.031197
2116,4,16.416428
2117,4,16.267954
2118,4,16.111454
2119,4,16.151582
2120,4,16.03521
2121,4,15.790429
2122,4,15.758326
2123,4,15.850621
2124,4,15.991069
2125,4,16.03521
2126,4,16.360248
2127,4,16.396364
2128,4,16.440505
2129,4,15.842595
2130,4,16.075338
2131,4,16.424453
2132,4,16.572928
2133,4,16.697325
2134,4,16.271966
2135,4,16.63312
2136,4,16.63312
2137,4,16.641145
2138,4,17.014337
2139,4,16.693312
2140,4,16.757517
2141,4,16.528787
2142,4,16.544838
2143,4,16.50471
2144,4,16.524774
2145,4,16.494678
2146,4,16.534879
2147,4,16.695685
2148,4,16.687645
2149,4,16.462516
2150,4,16.792169
2151,4,16.538899
2152,4,16.751967
2153,4,16.715786
2154,4,16.659504
2155,4,16.615282
2156,4,16.639403
2157,4,16.703725
2158,4,16.876592
2159,4,16.981116
2160,4,16.530859
2161,4,16.458496
2162,4,16.261509
2163,4,15.996179
2164,4,16.181106
2165,4,16.474577
2166,4,16.390154
2167,4,16.462516
2168,4,15.895675
2169,4,16.000199
2170,4,15.992159
2171,4,15.911756
2172,4,15.887635
2173,4,16.152965
2174,4,15.678587
2175,4,15.76301
2176,4,16.076582
2177,4,15.863514
2178,4,15.634365
2179,4,15.694668
2180,4,15.425318
2181,4,15.871554
2182,4,15.638386
2183,4,15.566023
2184,4,15.421297
2185,4,15.22029
2186,4,15.180088
2187,4,15.268532
2188,4,15.332854
2189,4,15.22029
2190,4,15.256471
2191,4,15.843413
2192,4,16.080602
2193,4,17.34695
2194,4,16.961015
2195,4,16.667544
2196,4,16.993176
2197,4,16.969055
2198,4,16.83237
2199,4,16.900713
2200,4,16.81227
2201,4,17.250466
2202,4,16.973076
2203,4,17.061519
2204,4,17.34695
2205,4,17.234385
2206,4,17.210264
2207,4,17.025337
2208,4,16.987146
2209,4,17.071719
2210,4,16.769672
2211,4,16.709262
2212,4,16.737454
2213,4,16.826054
2214,4,16.9509
2215,4,16.693153
2216,4,16.773699
2217,4,16.71329
2218,4,16.749535
2219,4,16.515952
2220,4,16.640798
2221,4,16.640798
2222,4,16.507898
2223,4,16.330696
2224,4,16.721344
2225,4,16.419297
2226,4,16.379024
2227,4,16.443461
2228,4,16.536089
2229,4,16.370969
2230,4,16.089058
2231,4,15.26749
2232,4,15.807148
2233,4,15.879639
2234,4,15.291653
2235,4,15.448718
2236,4,15.517182
2237,4,15.408445
2238,4,15.420527
2239,4,15.396363
2240,4,15.16278
2241,4,14.820459
2242,4,14.61104
2243,4,14.901005
2244,4,13.966672
2245,4,13.467287
2246,4,13.261895
2247,4,12.428244
2248,4,11.860395
2249,4,13.072612
2250,4,12.758482
2251,4,12.222852
2252,4,12.420189
2253,4,12.492681
2254,4,13.124967
2255,4,13.229676
2256,4,12.959847
2257,4,12.879301
2258,4,12.347698
2259,4,11.787903
2260,4,12.698073
2261,4,11.804013
2262,4,12.154388
2263,4,12.593363
2264,4,12.625582
2265,4,12.617527
2266,4,12.452408
2267,4,12.138278
2268,4,12.182579
2269,4,12.230906
2270,4,11.828176
2271,4,11.469747
2272,4,12.198688
2273,4,12.073842
2274,4,12.25507
2275,4,12.412135
2276,4,11.924832
2277,4,11.10729
2278,4,12.024813
2279,4,12.032897
2280,4,12.036939
2281,4,12.424967
2282,4,12.671526
2283,4,12.077359
2284,4,12.194576
2285,4,12.408799
2286,4,12.020772
2287,4,12.429009
2288,4,12.469428
2289,4,12.36838
2290,4,12.202659
2291,4,12.905959
2292,4,13.3627
2293,4,13.390994
2294,4,14.235762
2295,4,13.770938
2296,4,13.819441
2297,4,13.904322
2298,4,13.839651
2299,4,13.799231
2300,4,13.758812
2301,4,13.908364
2302,4,13.851777
2303,4,14.304476
2304,4,14.413608
2305,4,14.377231
2306,4,14.652084
2307,4,14.595496
2308,4,14.514657
2309,4,14.842056
2310,4,14.522741
2311,4,14.494447
2312,4,14.579328
2313,4,14.631874
2314,4,14.894601
2315,4,15.12095
2316,4,14.78951
2317,4,15.092657
2318,4,15.173496
2319,4,14.579328
2320,4,14.894601
2321,4,14.930979
2322,4,15.262419
2323,4,14.987566
2324,4,14.680377
2325,4,14.918853
2326,4,15.177538
2327,4,15.32709
2328,4,15.521104
2329,4,15.666614
2330,4,15.634279
2331,4,15.213915
2332,4,15.104783
2333,4,15.335174
2334,4,15.136595
2335,4,14.6827
2336,4,14.638121
2337,4,14.40712
2338,4,14.447647
2339,4,14.026173
2340,4,14.216646
2341,4,13.847857
2342,4,13.223751
2343,4,12.871171
2344,4,12.37675
2345,4,12.303802
2346,4,12.579382
2347,4,12.555066
2348,4,12.445645
2349,4,12.234908
2350,4,12.652329
2351,4,11.42438
2352,4,11.922855
2353,4,12.664487
2354,4,12.388908
2355,4,12.721224
2356,4,12.644224
2357,4,12.348381
2358,4,12.39296
2359,4,12.883329
2360,4,12.988698
2361,4,13.118382
2362,4,13.248066
2363,4,13.085961
2364,4,13.073803
2365,4,13.235909
2366,4,13.264277
2367,4,13.588488
2368,4,13.280488
2369,4,13.296698
2370,4,13.175119
2371,4,13.199435
2372,4,13.406119
2373,4,13.483119
2374,4,13.426382
2375,4,13.329119
2376,4,13.718172
2377,4,14.119383
2378,4,14.058594
2379,4,14.009962
2380,4,14.082909
2381,4,14.350383
2382,4,14.014015
2383,4,14.285541
2384,4,14.143699
2385,4,14.074804
2386,4,13.633067
2387,4,13.920804
2388,4,14.224752
2389,4,14.232857
2390,4,14.265278
2391,4,14.739436
2392,4,14.707015
2393,4,14.451699
2394,4,14.548963
2395,4,14.463857
2396,4,14.520594
2397,4,14.21986
2398,4,14.459634
2399,4,14.614066
2400,4,15.016399
2401,4,14.780689
2402,4,14.866032
2403,4,15.191151
2404,4,14.926992
2405,4,14.983888
2406,4,15.077359
2407,4,15.300878
2408,4,15.386221
2409,4,15.097679
2410,4,14.776625
2411,4,14.784753
2412,4,14.776625
2413,4,14.524658
2414,4,14.614066
2415,4,15.032655
2416,4,14.85384
2417,4,14.55717
2418,4,14.459634
2419,4,14.825392
2420,4,14.95544
2421,4,14.882288
2422,4,14.630322
2423,4,14.370227
2424,4,14.223924
2425,4,14.841648
2426,4,14.768497
2427,4,14.687217
2428,4,14.418995
2429,4,14.825392
2430,4,14.418995
2431,4,14.459634
2432,4,14.792881
2433,4,14.573426
2434,4,14.500274
2435,4,14.402739
2436,4,14.719729
2437,4,14.817265
2438,4,14.857904
2439,4,15.044847
2440,4,15.426861
2441,4,15.207406
2442,4,15.532525
2443,4,15.27243
2444,4,15.565037
2445,4,15.695084
2446,4,15.646316
2447,4,15.686956
2448,4,16.483496
2449,4,16.060842
2450,4,16.02833
2451,4,16.142121
2452,4,16.621671
2453,4,16.613543
2454,4,16.629799
2455,4,16.532263
2456,4,16.516007
2457,4,16.499752
2458,4,16.613543
2459,4,16.727334
2460,4,16.613543
2461,4,16.459112
2462,4,16.662311
2463,4,16.930533
2464,4,17.117476
2465,4,17.158232
2466,4,16.954453
2467,4,17.060418
2468,4,17.035964
2469,4,17.239744
2470,4,17.2805
2471,4,17.370163
2472,4,17.2805
2473,4,17.125627
2474,4,17.231593
2475,4,17.35386
2476,4,17.256046
2477,4,17.467977
2478,4,17.549489
2479,4,17.655454
2480,4,17.720663
2481,4,17.565791
2482,4,17.736966
2483,4,17.582093
2484,4,17.736966
2485,4,17.891838
2486,4,17.679908
2487,4,17.671756
2488,4,17.565791
2489,4,17.533186
2490,4,17.745117
2491,4,17.916292
2492,4,18.242339
2493,4,17.957048
2494,4,17.622849
2495,4,17.842931
2496,4,18.054862
2497,4,18.266792
2498,4,18.258641
2499,4,18.429816
2500,4,18.535781
2501,4,18.437967
2502,4,18.80477
2503,4,19.033003
2504,4,19.179725
2505,4,19.098213
2506,4,19.326446
2507,4,19.130817
2508,4,19.14712
2509,4,18.902584
2510,4,18.682503
2511,4,18.59284
2512,4,18.160827
2513,4,18.470572
2514,4,18.054862
2515,4,18.348304
2516,4,18.910736
2517,4,18.861829
2518,4,19.098213
2519,4,19.253085
2520,4,19.407958
2521,4,19.83997
2522,4,19.782912
2523,4,19.546528
2524,4,20.051901
2525,4,19.986691
2526,4,19.791063
2527,4,19.945935
2528,4,19.799214
2529,4,20.028201
2530,4,20.420751
2531,4,20.461641
2532,4,20.428929
2533,4,20.330792
2534,4,20.191764
2535,4,20.322613
2536,4,20.24901
2537,4,20.101804
2538,4,20.175407
2539,4,20.150873
2540,4,19.81557
2541,4,20.036379
2542,4,20.486176
2543,4,20.273545
2544,4,20.445285
2545,4,21.083178
2546,4,21.369412
2547,4,21.148603
2548,4,21.287631
2549,4,21.353056
2550,4,21.516618
2551,4,21.524796
2552,4,21.541152
2553,4,21.598399
2554,4,21.565687
2555,4,21.516618
2556,4,21.320343
2557,4,21.778318
2558,4,21.622934
2559,4,21.418481
2560,4,21.075
2561,4,21.303987
2562,4,21.541152
2563,4,21.688358
2564,4,22.11362
2565,4,22.252648
2566,4,22.015483
2567,4,22.383498
2568,4,22.195402
2569,4,21.737427
2570,4,21.802852
2571,4,22.170867
2572,4,22.440745
2573,4,22.293539
2574,4,22.309895
2575,4,22.293539
2576,4,22.694267
2577,4,23.348516
2578,4,23.160419
2579,4,22.424389
2580,4,22.089086
2581,4,22.040017
2582,4,22.211758
2583,4,22.301717
2584,4,22.572389
2585,4,22.432952
2586,4,22.6134
2587,4,22.629804
2588,4,22.851263
2589,4,23.080924
2590,4,22.875869
2591,4,22.761039
2592,4,22.875869
2593,4,23.031711
2594,4,22.998902
2595,4,23.023509
2596,4,23.343393
2597,4,22.966093
2598,4,22.957891
2599,4,23.302383
2600,4,23.023509
2601,4,22.957891
2602,4,23.007104
2603,4,23.031711
2604,4,22.908678
2605,4,22.761039
2606,4,23.261372
2607,4,23.130137
2608,4,23.433617
2609,4,23.523841
2610,4,24.024174
2611,4,23.958557
2612,4,23.55665
2613,4,23.458224
2614,4,23.450022
2615,4,23.655076
2616,4,24.015972
2617,4,23.720694
2618,4,23.450022
2619,4,23.720694
2620,4,23.810917
2621,4,23.81912
2622,4,23.93395
2623,4,24.171813
2624,4,24.065185
2625,4,24.163611
2626,4,23.950354
2627,4,24.188218
2628,4,24.508102
2629,4,24.458889
2630,4,24.918211
2631,4,24.901807
2632,4,25.763035
2633,4,25.533374
2634,4,25.615396
2635,4,25.311916
2636,4,25.2545
2637,4,25.722024
2638,4,25.303714
2639,4,25.656407
2640,4,25.40214
2641,4,25.451353
2642,4,25.221692
2643,4,24.532709
2644,4,25.475959
2645,4,25.607194
2646,4,26.074718
2647,4,25.918877
2648,4,25.681014
2649,4,25.754833
2650,4,25.664609
2651,4,25.771238
2652,4,25.229894
2653,4,25.353247
2654,4,25.246341
2655,4,24.892728
2656,4,25.032528
2657,4,25.961791
2658,4,25.723308
2659,4,25.3368
2660,4,26.093368
2661,4,26.381193
2662,4,25.303906
2663,4,25.303906
2664,4,25.180553
2665,4,25.443707
2666,4,26.060474
2667,4,26.249616
2668,4,26.488099
2669,4,26.693688
2670,4,26.940395
2671,4,27.039078
2672,4,26.775924
2673,4,26.660794
2674,4,26.28251
2675,4,26.208498
2676,4,25.978238
2677,4,26.208498
2678,4,26.751253
2679,4,26.085145
2680,4,26.109815
2681,4,25.435483
2682,4,25.427259
2683,4,25.772649
2684,4,26.134486
2685,4,26.249616
2686,4,26.183827
2687,4,26.109815
2688,4,26.586782
2689,4,26.965066
2690,4,26.915725
2691,4,26.430534
2692,4,26.307181
2693,4,26.529217
2694,4,26.323628
2695,4,24.36642
2696,4,25.10654
2697,4,25.08187
2698,4,23.963465
2699,4,23.79077
2700,4,23.831888
2701,4,24.646021
2702,4,25.147658
2703,4,24.654244
2704,4,24.96674
2705,4,24.950293
2706,4,24.868057
2707,4,24.711809
2708,4,24.646021
2709,4,23.947018
2710,4,23.971689
2711,4,23.881229
2712,4,23.609852
2713,4,24.25129
2714,4,24.226619
2715,4,23.988136
2716,4,23.848335
2717,4,23.534975
2718,4,22.982472
2719,4,23.023704
2720,4,22.792807
2721,4,22.867024
2722,4,22.776315
2723,4,22.49594
2724,4,23.064936
2725,4,23.155645
2726,4,23.155645
2727,4,23.114413
2728,4,23.130906
2729,4,23.295832
2730,4,23.477251
2731,4,23.50199
2732,4,23.988523
2733,4,24.945095
2734,4,24.846139
2735,4,24.887371
2736,4,25.266701
2737,4,25.390396
2738,4,25.085282
2739,4,25.019312
2740,4,25.852189
2741,4,25.522337
2742,4,25.703755
2743,4,25.365657
2744,4,25.283194
2745,4,25.439873
2746,4,25.349164
2747,4,25.975884
2748,4,25.843943
2749,4,26.132564
2750,4,26.116071
2751,4,26.215027
2752,4,26.437677
2753,4,26.693313
2754,4,26.643835
2755,4,26.627342
2756,4,26.668574
2757,4,26.025362
2758,4,26.256258
2759,4,26.685067
2760,4,26.437677
2761,4,26.412938
2762,4,26.742791
2763,4,27.394249
2764,4,27.550929
2765,4,27.072643
2766,4,27.039658
2767,4,26.346968
2768,4,26.124317
2769,4,26.355214
2770,4,26.124317
2771,4,25.934652
2772,4,25.423381
2773,4,25.951145
2774,4,26.083086
2775,4,25.82745
2776,4,25.901667
2777,4,25.555322
2778,4,25.373903
2779,4,26.008869
2780,4,25.661422
2781,4,25.735875
2782,4,25.603515
2783,4,25.595242
2784,4,25.553879
2785,4,25.529062
2786,4,25.520789
2787,4,26.099867
2788,4,26.372861
2789,4,26.587947
2790,4,26.621037
2791,4,26.703762
2792,4,26.2405
2793,4,26.232228
2794,4,26.563129
2795,4,25.992324
2796,4,26.422496
2797,4,26.69549
2798,4,27.034664
2799,4,27.448291
2800,4,27.613742
2801,4,27.911553
2802,4,28.242455
2803,4,28.457541
2804,4,28.374816
2805,4,28.283818
2806,4,28.656082
2807,4,28.308635
2808,4,28.22591
2809,4,28.391361
2810,4,28.077004
2811,4,28.507176
2812,4,28.838078
2813,4,28.895986
2814,4,28.730535
2815,4,29.011801
2816,4,28.838078
2817,4,29.26825
2818,4,29.309613
2819,4,29.921781
2820,4,29.408883
2821,4,29.549517
2822,4,29.863873
2823,4,30.021051
2824,4,29.739785
2825,4,30.103777
2826,4,30.459496
2827,4,29.781148
2828,4,29.665332
2829,4,30.021051
2830,4,29.384066
2831,4,29.276523
2832,4,30.24441
2833,4,30.17823
2834,4,30.24441
2835,4,30.335408
2836,4,30.368498
2837,4,30.327135
2838,4,30.500859
2839,4,30.2775
2840,4,30.169957
2841,4,31.049258
2842,4,31.347888
2843,4,31.024372
2844,4,30.559836
2845,4,30.468587
2846,4,31.016076
2847,4,31.447431
2848,4,30.949714
2849,4,30.825285
2850,4,31.198573
2851,4,31.248344
2852,4,30.941419
2853,4,31.148801
2854,4,31.895377
2855,4,31.140506
2856,4,30.709151
2857,4,30.377339
2858,4,30.228024
2859,4,30.360749
2860,4,30.377339
2861,4,30.941419
2862,4,31.39766
2863,4,31.770947
2864,4,31.646518
2865,4,32.401389
2866,4,32.592181
2867,4,32.666838
2868,4,32.957173
2869,4,32.733201
2870,4,32.816154
2871,4,33.471481
2872,4,33.653978
2873,4,33.662273
2874,4,33.653978
2875,4,33.662273
2876,4,33.347052
2877,4,33.29728
2878,4,32.849335
2879,4,32.890811
2880,4,32.882516
2881,4,32.841039
2882,4,32.766382
2883,4,32.990355
2884,4,33.587615
2885,4,33.637387
2886,4,33.977494
2887,4,34.077037
2888,4,34.865089
2889,4,34.010675
2890,4,33.712045
2891,4,34.151695
2892,4,34.135104
2893,4,33.811588
2894,4,34.035561
2895,4,34.400553
2896,4,35.0227
2897,4,35.097357
2898,4,35.014405
2899,4,35.205196
2900,4,34.873385
2901,4,35.064176
2902,4,34.873385
2903,4,34.707479
2904,4,34.699184
2905,4,34.595493
2906,4,34.395855
2907,4,34.029853
2908,4,34.537265
2909,4,34.462401
2910,4,34.154627
2911,4,34.287718
2912,4,33.863489
2913,4,33.896762
2914,4,33.564033
2915,4,33.647215
2916,4,34.029853
2917,4,34.079763
2918,4,34.553901
2919,4,34.204536
2920,4,33.938353
2921,4,34.304355
2922,4,34.13799
2923,4,34.154627
2924,4,34.104717
2925,4,34.429128
2926,4,34.587174
2927,4,34.296036
2928,4,34.362582
2929,4,33.38935
2930,4,33.81358
2931,4,34.437446
2932,4,34.179581
2933,4,34.437446
2934,4,35.036358
2935,4,35.16945
2936,4,35.843226
2937,4,35.809953
2938,4,35.477224
2939,4,35.194405
2940,4,35.16945
2941,4,35.202723
2942,4,35.119541
2943,4,34.928221
2944,4,34.271082
2945,4,34.811766
2946,4,34.728584
2947,4,32.657346
2948,4,33.705443
2949,4,33.564033
2950,4,33.214667
2951,4,32.449391
2952,4,32.208162
2953,4,31.867115
2954,4,31.384658
2955,4,31.384658
2956,4,31.742342
2957,4,30.161879
2958,4,30.619382
2959,4,28.806009
2960,4,30.469654
2961,4,29.31342
2962,4,31.14343
2963,4,31.858797
2964,4,32.349572
2965,4,32.025161
2966,4,32.183208
2967,4,31.447045
2968,4,31.321891
2969,4,31.196737
2970,4,31.92263
2971,4,31.864225
2972,4,31.355265
2973,4,32.10619
2974,4,32.73196
2975,4,32.765334
2976,4,33.023986
2977,4,32.94055
2978,4,32.381529
2979,4,32.598462
2980,4,33.349387
2981,4,33.157484
2982,4,32.039441
2983,4,31.772445
2984,4,32.139564
2985,4,32.681898
2986,4,32.189626
2987,4,32.798709
2988,4,32.882145
2989,4,33.115766
2990,4,32.01441
2991,4,31.705697
2992,4,31.50545
2993,4,32.464965
2994,4,32.673555
2995,4,32.206313
2996,4,31.472076
2997,4,31.096613
2998,4,29.820042
2999,4,29.970227
3000,4,30.354033
3001,4,30.120412
3002,4,29.853416
3003,4,30.938085
3004,4,30.87968
3005,4,31.38864
3006,4,31.655635
3007,4,31.855881
3008,4,31.613917
3009,4,32.006066
3010,4,31.864225
3011,4,32.331467
3012,4,33.132453
3013,4,33.916752
3014,4,33.040673
3015,4,34.125342
3016,4,34.617615
3017,4,35.109887
3018,4,34.041906
3019,4,33.407792
3020,4,33.265951
3021,4,33.307669
3022,4,32.723616
3023,4,33.140797
3024,4,33.023986
3025,4,31.897599
3026,4,32.31478
3027,4,33.099079
3028,4,32.698586
3029,4,32.832083
3030,4,31.772445
3031,4,31.41367
3032,4,31.21273
3033,4,30.743869
3034,4,30.668517
3035,4,30.450831
3036,4,30.124303
3037,4,30.509439
3038,4,30.459204
3039,4,31.103887
3040,4,31.17924
3041,4,30.986672
3042,4,30.651772
3043,4,30.509439
3044,4,30.635027
3045,4,30.375479
3046,4,30.450831
3047,4,30.007088
3048,4,30.023833
3049,4,29.78103
3050,4,29.973598
3051,4,30.768987
3052,4,30.534557
3053,4,31.062025
3054,4,31.01179
3055,4,31.04528
3056,4,31.329945
3057,4,31.572748
3058,4,30.835967
3059,4,31.254593
3060,4,31.137377
3061,4,31.874159
3062,4,31.983001
3063,4,32.225804
3064,4,32.309529
3065,4,32.292784
3066,4,32.661175
3067,4,32.326274
3068,4,32.518842
3069,4,31.648101
3070,4,32.066726
3071,4,32.686292
3072,4,32.987703
3073,4,33.565406
3074,4,33.322603
3075,4,33.113291
3076,4,33.255623
3077,4,32.652802
3078,4,32.636057
3079,4,32.502097
3080,4,32.627685
3081,4,33.330976
3082,4,32.937468
3083,4,32.84537
3084,4,32.636057
3085,4,32.54396
3086,4,32.94584
3087,4,32.627685
3088,4,32.317902
3089,4,31.154123
3090,4,31.438788
3091,4,30.84434
3092,4,31.054394
3093,4,30.819133
3094,4,30.407427
3095,4,30.919959
3096,4,31.457697
3097,4,31.676154
3098,4,31.676154
3099,4,31.676154
3100,4,31.398882
3101,4,31.340067
3102,4,30.743514
3103,4,30.709905
3104,4,30.483047
3105,4,30.96197
3106,4,31.4661
3107,4,31.810588
3108,4,31.709762
3109,4,31.945023
3110,4,32.12987
3111,4,31.852599
3112,4,32.197088
3113,4,32.39874
3114,4,32.608794
3115,4,32.39874
3116,4,32.171881
3117,4,32.734826
3118,4,33.272565
3119,4,33.171739
3120,4,32.835652
3121,4,32.936478
3122,4,33.322978
3123,4,32.928076
3124,4,32.499566
3125,4,32.331522
3126,4,32.113066
3127,4,32.297914
3128,4,32.255903
3129,4,32.583587
3130,4,32.608794
3131,4,31.533317
3132,4,31.491306
3133,4,32.113066
3134,4,31.4661
3135,4,31.491306
3136,4,31.718164
3137,4,31.499708
3138,4,31.50811
3139,4,31.802186
3140,4,31.062796
3141,4,31.003981
3142,4,31.264448
3143,4,31.340067
3144,4,31.264448
3145,4,30.709905
3146,4,30.390623
3147,4,30.205775
3148,4,30.382221
3149,4,30.256188
3150,4,30.735111
3151,4,30.76872
3152,4,30.793927
3153,4,30.583872
3154,4,30.835937
3155,4,30.726709
3156,4,30.347263
3157,4,30.423152
3158,4,30.566499
3159,4,30.617091
3160,4,30.743574
3161,4,31.114588
3162,4,30.785734
3163,4,31.072427
3164,4,31.190477
3165,4,30.591795
3166,4,30.701413
3167,4,30.988106
3168,4,31.447657
3169,4,31.182045
3170,4,31.249502
3171,4,30.743574
3172,4,31.198909
3173,4,30.735141
3174,4,31.16518
3175,4,31.443441
3176,4,31.881912
3177,4,32.075851
3178,4,32.008394
3179,4,31.780726
3180,4,31.983098
3181,4,31.831319
3182,4,31.797591
3183,4,32.15174
3184,4,32.666101
3185,4,33.180461
3186,4,33.602068
3187,4,33.543043
3188,4,33.273215
3189,4,32.682965
3190,4,32.801015
3191,4,32.834744
3192,4,33.129868
3193,4,33.020251
3194,4,33.424993
3195,4,33.231054
3196,4,33.551475
3197,4,33.517747
3198,4,33.500882
3199,4,33.062411
3200,4,32.590212
3201,4,32.210765
3202,4,31.999962
3203,4,32.008394
3204,4,32.598644
3205,4,32.489026
3206,4,33.475586
3207,4,33.172029
3208,4,32.775719
3209,4,33.21419
3210,4,33.070843
3211,4,33.172029
3212,4,32.632372
3213,4,32.62394
3214,4,32.62394
3215,4,32.539619
3216,4,32.286655
3217,4,32.058987
3218,4,31.687973
3219,4,31.763862
3220,4,31.907705
3221,4,31.780785
3222,4,32.085393
3223,4,32.136161
3224,4,32.237697
3225,4,32.102316
3226,4,31.730017
3227,4,31.856937
3228,4,32.237697
3229,4,32.593073
3230,4,32.813068
3231,4,32.305388
3232,4,32.694609
3233,4,32.305388
3234,4,32.178468
3235,4,31.958473
3236,4,32.06847
3237,4,32.203852
3238,4,31.611558
3239,4,32.170006
3240,4,32.415385
3241,4,32.296926
3242,4,32.432308
3243,4,32.973833
3244,4,33.303826
3245,4,32.872297
3246,4,32.703071
3247,4,33.01614
3248,4,32.753839
3249,4,32.990756
3250,4,33.024601
3251,4,33.049986
3252,4,33.303826
3253,4,33.439207
3254,4,33.659202
3255,4,33.574588
3256,4,33.32921
3257,4,33.3969
3258,4,33.422284
3259,4,33.769199
3260,4,34.479952
3261,4,34.293802
3262,4,34.420722
3263,4,34.082269
3264,4,34.209189
3265,4,33.786122
3266,4,33.557666
3267,4,33.642279
3268,4,33.286903
3269,4,33.371516
3270,4,34.623794
3271,4,34.268418
3272,4,34.065346
3273,4,34.149959
3274,4,34.488413
3275,4,34.124575
3276,4,34.243034
3277,4,33.896119
3278,4,34.446106
3279,4,34.023039
3280,4,34.158421
3281,4,34.243477
3282,4,34.609217
3283,4,34.702778
3284,4,34.745306
3285,4,35.196102
3286,4,35.255641
3287,4,35.060013
3288,4,35.043001
3289,4,35.31518
3290,4,35.910571
3291,4,36.072177
3292,4,36.361367
3293,4,35.944593
3294,4,36.199761
3295,4,35.953099
3296,4,35.919076
3297,4,36.676073
3298,4,36.327344
3299,4,36.446423
3300,4,36.880207
3301,4,37.237442
3302,4,37.348014
3303,4,37.126869
3304,4,37.254453
3305,4,37.118364
3306,4,36.965263
3307,4,36.676073
3308,4,36.769635
3309,4,36.420906
3310,4,36.727107
3311,4,36.99078
3312,4,36.91423
3313,4,37.160892
3314,4,37.27997
3315,4,37.228936
3316,4,37.228936
3317,4,37.331003
3318,4,37.288475
3319,4,37.671226
3320,4,38.334662
3321,4,38.292134
3322,4,38.717413
3323,4,38.998097
3324,4,38.802469
3325,4,39.278782
3326,4,38.887525
3327,4,38.30064
3328,4,38.368684
3329,4,38.734424
3330,4,38.768447
3331,4,38.589829
3332,4,39.576477
3333,4,39.159703
3334,4,39.363837
3335,4,39.525444
3336,4,39.465904
3337,4,39.882678
3338,4,39.772105
3339,4,39.942217
3340,4,39.848656
3341,4,39.959726
3342,4,39.81448
3343,4,40.344201
3344,4,39.823024
3345,4,39.711954
3346,4,40.113516
3347,4,39.455637
3348,4,39.788849
3349,4,40.181867
3350,4,40.327113
3351,4,40.993536
3352,4,41.22422
3353,4,41.241308
3354,4,41.42073
3355,4,41.078974
3356,4,41.42073
3357,4,41.480537
3358,4,41.565976
3359,4,41.745397
3360,4,42.112784
3361,4,41.771029
3362,4,41.26694
3363,4,42.770663
3364,4,42.924452
3365,4,42.539978
3366,4,42.565609
3367,4,43.223488
3368,4,43.334559
3369,4,43.326015
3370,4,43.958262
3371,4,44.120596
3372,4,44.778474
3373,4,44.163315
3374,4,44.274385
3375,4,44.496526
3376,4,44.96644
3377,4,45.214212
3378,4,45.53888
3379,4,45.974618
3380,4,46.290741
3381,4,46.171127
3382,4,46.94862
3383,4,47.042603
3384,4,47.36727
3385,4,47.777376
3386,4,48.016605
3387,4,48.102044
3388,4,47.691937
3389,4,45.632862
3390,4,45.504704
3391,4,46.188215
3392,4,46.239478
3393,4,46.000249
3394,4,46.863181
3395,4,46.623952
3396,4,46.478706
3397,4,46.974251
3398,4,47.076778
3399,4,46.829006
3400,4,46.854637
3401,4,46.547058
3402,4,46.957164
3403,4,46.999883
3404,4,46.658128
3405,4,47.164163
3406,4,47.018356
3407,4,46.872549
3408,4,46.709589
3409,4,46.812511
3410,4,46.692435
3411,4,46.632397
3412,4,46.229285
3413,4,46.932588
3414,4,46.383668
3415,4,45.182908
3416,4,45.680366
3417,4,45.371599
3418,4,45.071409
3419,4,45.405906
3420,4,46.066324
3421,4,47.009779
3422,4,46.958318
3423,4,46.795358
3424,4,47.112702
3425,4,47.738813
3426,4,47.91035
3427,4,47.653044
3428,4,46.43513
3429,4,46.606667
3430,4,45.980556
3431,4,45.929095
3432,4,47.207047
3433,4,47.438622
3434,4,47.884619
3435,4,47.181317
3436,4,47.026933
3437,4,47.249931
3438,4,47.653044
3439,4,48.270578
3440,4,47.953234
3441,4,48.502153
3442,4,49.831567
3443,4,50.080296
3444,4,49.951643
3445,4,49.98595
3446,4,50.148911
3447,4,50.011681
3448,4,50.440524
3449,4,50.594907
3450,4,49.428454
3451,4,48.690844
3452,4,49.411301
3453,4,50.148911
3454,4,50.080296
3455,4,49.943066
3456,4,49.977373
3457,4,50.431947
3458,4,50.157488
3459,4,50.629215
3460,4,50.311871
3461,4,50.380486
3462,4,51.126673
3463,4,51.023751
3464,4,50.320448
3465,4,49.865874
3466,4,49.771529
3467,4,49.299801
3468,4,48.662786
3469,4,48.938252
3470,4,49.454751
3471,4,49.127635
3472,4,49.437534
3473,4,49.454751
3474,4,49.446143
3475,4,48.955469
3476,4,49.032944
3477,4,49.196502
3478,4,48.99851
3479,4,49.403101
3480,4,50.040116
3481,4,50.057333
3482,4,50.134808
3483,4,50.496357
3484,4,51.107547
3485,4,52.071678
3486,4,52.045853
3487,4,51.890903
3488,4,52.46766
3489,4,53.018592
3490,4,52.932509
3491,4,53.569524
3492,4,53.070242
3493,4,53.001375
3494,4,52.433227
3495,4,52.51931
3496,4,52.648435
3497,4,52.751734
3498,4,52.596785
3499,4,53.784732
3500,4,53.543699
3501,4,52.872251
3502,4,53.776123
3503,4,53.345708
3504,4,52.67426
3505,4,52.743126
3506,4,53.74169
3507,4,53.931073
3508,4,54.327055
3509,4,54.068806
3510,4,54.877987
3511,4,55.62691
3512,4,55.618302
3513,4,54.981287
3514,4,54.886596
3515,4,54.946854
3516,4,55.644127
3517,4,56.160626
3518,4,56.126193
3519,4,56.642691
3520,4,56.143409
3521,4,56.238101
3522,4,57.141973
3523,4,57.753163
3524,4,57.563781
3525,4,57.813422
3526,4,57.443264
3527,4,58.53652
3528,4,58.631211
3529,4,58.786161
3530,4,58.958327
3531,4,59.789029
3532,4,60.03088
3533,4,59.728566
3534,4,59.486715
3535,4,59.89268
3536,4,60.281369
3537,4,60.480032
3538,4,60.825534
3539,4,60.989647
3540,4,60.894634
3541,4,60.920547
3542,4,61.231498
3543,4,60.955097
3544,4,59.99633
3545,4,59.719929
3546,4,60.713246
3547,4,61.006922
3548,4,60.264094
3549,4,59.426253
3550,4,59.40034
3551,4,59.123939
3552,4,59.123939
3553,4,59.037564
3554,4,60.125893
3555,4,60.143168
3556,4,60.307281
3557,4,60.48867
3558,4,60.583683
3559,4,60.721883
3560,4,60.644145
3561,4,60.790983
3562,4,60.730521
3563,4,60.367744
3564,4,60.410932
3565,4,60.194993
3566,4,60.851446
3567,4,61.447436
3568,4,61.654737
3569,4,61.620187
3570,4,60.989647
3571,4,60.929184
3572,4,60.937822
3573,4,60.894634
3574,4,60.920547
3575,4,60.911909
3576,4,60.704608
3577,4,60.151806
3578,4,58.087434
3579,4,57.707383
3580,4,58.493399
3581,4,58.096072
3582,4,58.536586
3583,4,58.061522
3584,4,56.290827
3585,4,56.152626
3586,4,55.902138
3587,4,56.584503
3588,4,57.474169
3589,4,57.327331
3590,4,58.355198
3591,4,58.510674
3592,4,58.843219
3593,4,58.938561
3594,4,59.371933
3595,4,59.033903
3596,4,59.276591
3597,4,59.285258
3598,4,59.441272
3599,4,59.562616
3600,4,59.163914
3601,4,58.947228
3602,4,58.808549
3603,4,58.505189
3604,4,59.597286
3605,4,59.709962
3606,4,59.588618
3607,4,59.7533
3608,4,59.891979
3609,4,59.233254
3610,4,58.661203
3611,4,58.756545
3612,4,58.565861
3613,4,59.0079
3614,4,58.808549
3615,4,57.959141
3616,4,57.621111
3617,4,56.182316
3618,4,55.748945
3619,4,55.956963
3620,4,56.208319
3621,4,55.566928
3622,4,56.182316
3623,4,56.849709
3624,4,57.127067
3625,4,56.841041
3626,4,57.031725
3627,4,56.381667
3628,4,55.6276
3629,4,55.618933
3630,4,56.893046
3631,4,56.33833
3632,4,55.618933
3633,4,55.913626
3634,4,55.66227
3635,4,56.294993
3636,4,56.060972
3637,4,56.164981
3638,4,56.060972
3639,4,56.199651
3640,4,56.242988
3641,4,54.457497
3642,4,54.994878
3643,4,55.462919
3644,4,56.494344
3645,4,56.225653
3646,4,55.705607
3647,4,56.425004
3648,4,56.138979
3649,4,55.939628
3650,4,55.818284
3651,4,56.841041
3652,4,57.785792
3653,4,57.941806
3654,4,58.33184
3655,4,58.708874
3656,4,59.41338
3657,4,60.378815
3658,4,60.700627
3659,4,61.500807
3660,4,62.057454
3661,4,62.309685
3662,4,62.970703
3663,4,63.214236
3664,4,63.736093
3665,4,63.649117
3666,4,63.67521
3667,4,63.570838
3668,4,64.066602
3669,4,63.30991
3670,4,63.057679
3671,4,62.918517
3672,4,62.631496
3673,4,62.553218
3674,4,62.153128
3675,4,62.431451
3676,4,62.205313
3677,4,62.396661
3678,4,62.709775
3679,4,62.561915
3680,4,62.848937
3681,4,63.040284
3682,4,63.101167
3683,4,63.266422
3684,4,63.249027
3685,4,63.379491
3686,4,63.196841
3687,4,63.475164
3688,4,63.536048
3689,4,63.692605
3690,4,63.501257
3691,4,63.379491
3692,4,63.475164
3693,4,63.422979
3694,4,63.475164
3695,4,63.579536
3696,4,63.231631
3697,4,63.466467
3698,4,63.231631
3699,4,63.544745
3700,4,63.266422
3701,4,64.118788
3702,4,64.414506
3703,4,66.423655
3704,4,66.788954
3705,4,67.319509
3706,4,67.510856
3707,4,67.797877
3708,4,66.893326
3709,4,67.232532
3710,4,67.658715
3711,4,67.015092
3712,4,66.127936
3713,4,65.197291
3714,4,65.606079
3715,4,66.006169
3716,4,65.945286
3717,4,66.22361
3718,4,66.845489
3719,4,66.592484
3720,4,66.82804
3721,4,67.115942
3722,4,67.054872
3723,4,67.115942
3724,4,66.82804
3725,4,67.107217
3726,4,66.932732
3727,4,66.627382
3728,4,66.932732
3729,4,67.517259
3730,4,67.307876
3731,4,67.491086
3732,4,67.482362
3733,4,68.17158
3734,4,68.337342
3735,4,68.04944
3736,4,68.014543
3737,4,67.482362
3738,4,67.264255
3739,4,67.037423
3740,4,67.272979
3741,4,66.76697
3742,4,67.290427
3743,4,67.464913
3744,4,67.334049
3745,4,66.993802
3746,4,68.084338
3747,4,67.604502
3748,4,67.543432
3749,4,67.726642
3750,4,67.43874
3751,4,66.906559
3752,4,67.063596
3753,4,67.953473
3754,4,67.630675
3755,4,66.740797
3756,4,67.953473
3757,4,67.351497
3758,4,67.089769
3759,4,66.164994
3760,4,66.854213
3761,4,66.322031
3762,4,65.449603
3763,4,66.164994
3764,4,65.859644
3765,4,66.845489
3766,4,66.854213
3767,4,67.56088
3768,4,68.29372
3769,4,69.314462
3770,4,69.488948
3771,4,69.567466
3772,4,74.016853
3773,4,74.514137
3774,4,75.814056
3775,4,76.939489
3776,4,76.607966
3777,4,76.25027
3778,4,75.665743
3779,4,76.520723
3780,4,76.712658
3781,4,77.393152
3782,4,77.968955
3783,4,77.750138
3784,4,77.907686
3785,4,78.564138
3786,4,78.179019
3787,4,77.811407
3788,4,77.671364
3789,4,78.809213
3790,4,79.054288
3791,4,78.852977
3792,4,79.693235
3793,4,79.509428
3794,4,80.559751
3795,4,80.515987
3796,4,80.480977
3797,4,80.708547
3798,4,81.014891
3799,4,80.603514
3800,4,79.57945
3801,4,81.006138
3802,4,79.631966
3803,4,79.378138
3804,4,78.275299
3805,4,79.264353
3806,4,79.894547
3807,4,80.244654
3808,4,80.472224
3809,4,80.017084
3810,4,80.174633
3811,4,80.095858
3812,4,80.200891
3813,4,79.894547
3814,4,78.914245
3815,4,79.176826
3816,4,78.502869
3817,4,78.931751
3818,4,80.507235
3819,4,80.691041
3820,4,81.400009
3821,4,79.588202
3822,4,80.209643
3823,4,80.612267
3824,4,79.999579
3825,4,80.892353
3826,4,80.909858
3827,4,81.20745
3828,4,82.406568
3829,4,82.914224
3830,4,83.894525
3831,4,83.955794
3832,4,84.349665
3833,4,84.323407
3834,4,83.19431
3835,4,83.281837
3836,4,83.710719
3837,4,83.912031
3838,4,84.323407
3839,4,84.936095
3840,4,83.640698
3841,4,84.822311
3842,4,86.424053
3843,4,87.631924
3844,4,88.079608
3845,4,88.307839
3846,4,88.360507
3847,4,88.667741
3848,4,89.519219
3849,4,90.203911
3850,4,90.388252
3851,4,90.669152
3852,4,90.39703
3853,4,90.203911
3854,4,90.502367
3855,4,90.449699
3856,4,90.835936
3857,4,90.976386
3858,4,89.765006
3859,4,90.713042
3860,4,90.353139
3861,4,91.151948
3862,4,92.503778
3863,4,93.179693
3864,4,96.673382
3865,4,96.875279
3866,4,98.051546
3867,4,98.63968
3868,4,99.596495
3869,4,99.754501
3870,4,99.973954
3871,4,98.437784
3872,4,98.393893
3873,4,99.359486
3874,4,99.622829
3875,4,99.780835
3876,4,98.341224
3877,4,98.657236
3878,4,98.788908
3879,4,98.911802
3880,4,99.403376
3881,4,99.631607
3882,4,101.255558
3883,4,100.061735
3884,4,100.070513
3885,4,99.736945
3886,4,99.921285
3887,4,98.850355
3888,4,99.359486
3889,4,99.973954
3890,4,99.903729
3891,4,101.123887
3892,4,101.369674
3893,4,100.167072
3894,4,100.0354
3895,4,98.701127
3896,4,100.333856
3897,4,100.605978
3898,4,101.167777
3899,4,100.684981
3900,4,100.123182
3901,4,100.13196
3902,4,101.211668
3903,4,100.869321
3904,4,100.992215
3905,4,100.333856
3906,4,100.904434
3907,4,100.482019
3908,4,99.716391
3909,4,101.300448
3910,4,100.948435
3911,4,100.270811
3912,4,100.147607
3913,4,99.443581
3914,4,99.9628
3915,4,99.531584
3916,4,99.056367
3917,4,99.67239
3918,4,98.985965
3919,4,98.897962
3920,4,98.114733
3921,4,98.123534
3922,4,96.997093
3923,4,96.029058
3924,4,95.703447
3925,4,97.164299
3926,4,96.935491
3927,4,97.357906
3928,4,97.841924
3929,4,98.132334
3930,4,98.493147
3931,4,98.097133
3932,4,98.378743
3933,4,98.396344
3934,4,96.451474
3935,4,94.70021
3936,4,94.902618
3937,4,93.371363
3938,4,93.58257
3939,4,94.788214
3940,4,94.251394
3941,4,95.069824
3942,4,95.597843
3943,4,94.893817
3944,4,95.80025
3945,4,96.328269
3946,4,96.865088
3947,4,97.155499
3948,4,97.269903
3949,4,98.457946
3950,4,99.619588
3951,4,100.992437
3952,4,100.411616
3953,4,101.159643
3954,4,96.90909
3955,4,95.685846
3956,4,94.489003
3957,4,95.043423
3958,4,94.849816
3959,4,91.936911
3960,4,93.063352
3961,4,93.124954
3962,4,93.468166
3963,4,94.383399
3964,4,92.18332
3965,4,91.840107
3966,4,92.095317
3967,4,91.972112
3968,4,91.857708
3969,4,91.672901
3970,4,91.725851
3971,4,92.325943
3972,4,92.617164
3973,4,93.667325
3974,4,91.222832
3975,4,89.837325
3976,4,86.951588
3977,4,85.963201
3978,4,88.787164
3979,4,89.263708
3980,4,89.016611
3981,4,88.284146
3982,4,87.60463
3983,4,88.495943
3984,4,88.248846
3985,4,87.357533
3986,4,89.175459
3987,4,88.910713
3988,4,90.040298
3989,4,92.078846
3990,4,92.325943
3991,4,93.155482
3992,4,93.799699
3993,4,94.232118
3994,4,93.632026
3995,4,92.908385
3996,4,91.134583
3997,4,90.737464
3998,4,89.987348
3999,4,88.107648
4000,4,84.886565
4001,4,83.880528
4002,4,83.827579
4003,4,83.403985
4004,4,83.75698
4005,4,83.827579
4006,4,82.097902
4007,4,82.018478
4008,4,82.547971
4009,4,81.930229
4010,4,82.706819
4011,4,83.086289
4012,4,82.097902
4013,4,83.01569
4014,4,83.889353
4015,4,83.651081
4016,4,82.230275
4017,4,81.815505
4018,4,81.894929
4019,4,82.18615
4020,4,82.627395
4021,4,86.077925
4022,4,86.042625
4023,4,85.442533
4024,4,85.168961
4025,4,86.333846
4026,4,86.192648
4027,4,86.01615
4028,4,86.386796
4029,4,86.139699
4030,4,85.954376
4031,4,87.251634
4032,4,86.695667
4033,4,85.822003
4034,4,85.538616
4035,4,86.167381
4036,4,87.823424
4037,4,88.832991
4038,4,87.841136
4039,4,87.761433
4040,4,87.433767
4041,4,87.230082
4042,4,87.610884
4043,4,87.664019
4044,4,87.354064
4045,4,88.115667
4046,4,87.540037
4047,4,87.416055
4048,4,88.461045
4049,4,88.540748
4050,4,88.974684
4051,4,89.151801
4052,4,90.285349
4053,4,90.400475
4054,4,90.798988
4055,4,90.055097
4056,4,89.966539
4057,4,90.630727
4058,4,90.223358
4059,4,91.117799
4060,4,91.356907
4061,4,92.047663
4062,4,92.056518
4063,4,92.269059
4064,4,92.782698
4065,4,93.004094
4066,4,91.843978
4067,4,90.214503
4068,4,91.534024
4069,4,90.1348
4070,4,87.25665
4071,4,86.751867
4072,4,83.298087
4073,4,83.404357
4074,4,82.483349
4075,4,82.996988
4076,4,82.155683
4077,4,81.951998
4078,4,80.49964
4079,4,80.207397
4080,4,80.588198
4081,4,80.827306
4082,4,80.81845
4083,4,79.862019
4084,4,77.302679
4085,4,79.312956
4086,4,78.817029
4087,4,78.055426
4088,4,77.922588
4089,4,74.74334
4090,4,75.009015
4091,4,74.052584
4092,4,75.053294
4093,4,75.806041
4094,4,74.876177
4095,4,75.814897
4096,4,75.814897
4097,4,77.479796
4098,4,77.072427
4099,4,77.205786
4100,4,77.970376
4101,4,77.659205
4102,4,77.41916
4103,4,77.88147
4104,4,77.828126
4105,4,77.010193
4106,4,77.73033
4107,4,77.908142
4108,4,78.432686
4109,4,78.237093
4110,4,78.325999
4111,4,78.077063
4112,4,77.854798
4113,4,76.619008
4114,4,79.615133
4115,4,78.201531
4116,4,76.725695
4117,4,77.410269
4118,4,76.35229
4119,4,77.774783
4120,4,77.463613
4121,4,77.490284
4122,4,77.588081
4123,4,76.610117
4124,4,76.885725
4125,4,76.832382
4126,4,77.42805
4127,4,76.947959
4128,4,76.912397
4129,4,77.490284
4130,4,76.183369
4131,4,77.828126
4132,4,77.045755
4133,4,75.845527
4134,4,75.072047
4135,4,75.481014
4136,4,75.721059
4137,4,77.081318
4138,4,78.085953
4139,4,78.823871
4140,4,79.561789
4141,4,81.668856
4142,4,81.642185
4143,4,81.695528
4144,4,81.357686
4145,4,81.153203
4146,4,80.584206
4147,4,76.832382
4148,4,75.658825
4149,4,75.774403
4150,4,75.996667
4151,4,74.938688
4152,4,69.346514
4153,4,68.030709
4154,4,68.786408
4155,4,68.172958
4156,4,67.355025
4157,4,66.483748
4158,4,65.488003
4159,4,66.314827
4160,4,66.261483
4161,4,66.812699
4162,4,67.026073
4163,4,66.820663
4164,4,66.034748
4165,4,66.391982
4166,4,66.124057
4167,4,65.811477
4168,4,66.115126
4169,4,66.963557
4170,4,67.552994
4171,4,68.839037
4172,4,68.356771
4173,4,68.276393
4174,4,68.070983
4175,4,68.097776
4176,4,68.026329
4177,4,68.285324
4178,4,68.24067
4179,4,67.436893
4180,4,67.981675
4181,4,67.874504
4182,4,67.606579
4183,4,68.204946
4184,4,68.383563
4185,4,68.883691
4186,4,69.258787
4187,4,67.374377
4188,4,65.95437
4189,4,67.267206
4190,4,68.999792
4191,4,70.839549
4192,4,71.589741
4193,4,71.768358
4194,4,72.509619
4195,4,72.331002
4196,4,73.161571
4197,4,73.393773
4198,4,75.179945
4199,4,75.849759
4200,4,76.760706
4201,4,76.403472
4202,4,76.832153
4203,4,76.733913
4204,4,77.376935
4205,4,76.635674
4206,4,76.680328
4207,4,76.27844
4208,4,76.546366
4209,4,76.287371
4210,4,75.751519
4211,4,76.081961
4212,4,76.394541
4213,4,79.868644
4214,4,80.279463
4215,4,79.466755
4216,4,79.797197
4217,4,79.189899
4218,4,79.145245
4219,4,78.502223
4220,4,79.439963
4221,4,79.404239
4222,4,79.83292
4223,4,79.895436
4224,4,79.431032
4225,4,79.761474
4226,4,79.653894
4227,4,79.564244
4228,4,79.779404
4229,4,79.241504
4230,4,76.659589
4231,4,76.874748
4232,4,77.376788
4233,4,77.134733
4234,4,77.968477
4235,4,78.129846
4236,4,78.389831
4237,4,78.560166
4238,4,78.667745
4239,4,78.237426
4240,4,76.480289
4241,4,77.950547
4242,4,76.426499
4243,4,75.171401
4244,4,75.485176
4245,4,75.404491
4246,4,74.642467
4247,4,73.584599
4248,4,74.427307
4249,4,74.938312
4250,4,74.705222
4251,4,74.158358
4252,4,74.633502
4253,4,74.588677
4254,4,72.840505
4255,4,72.419151
4256,4,71.827462
4257,4,72.195026
4258,4,71.746777
4259,4,71.845392
4260,4,71.173018
4261,4,71.397142
4262,4,71.370247
4263,4,72.266746
4264,4,72.060551
4265,4,71.531617
4266,4,71.486792
4267,4,72.697065
4268,4,72.033656
4269,4,72.383291
4270,4,71.737812
4271,4,71.755742
4272,4,72.069516
4273,4,71.155088
4274,4,71.271633
4275,4,61.983908
4276,4,63.041776
4277,4,62.566632
4278,4,68.098028
4279,4,64.834773
4280,4,63.176251
4281,4,64.485139
4282,4,61.885293
4283,4,67.784253
4284,4,71.352317
4285,4,70.751663
4286,4,72.912225
4287,4,71.298528
4288,4,70.697874
4289,4,72.190544
4290,4,71.334992
4291,4,70.650551
4292,4,70.614527
4293,4,70.875696
4294,4,70.75862
4295,4,71.190899
4296,4,69.912075
4297,4,70.236284
4298,4,70.065173
4299,4,70.965754
4300,4,71.632184
4301,4,71.028795
4302,4,68.786349
4303,4,69.236639
4304,4,71.055812
4305,4,70.30833
4306,4,71.181893
4307,4,69.389738
4308,4,69.047517
4309,4,69.686929
4310,4,70.623533
4311,4,71.416044
4312,4,71.010783
4313,4,70.074179
4314,4,70.749615
4315,4,70.983766
4316,4,70.560493
4317,4,71.452067
4318,4,70.4164
4319,4,74.396966
4320,4,76.243156
4321,4,75.360587
4322,4,76.369238
4323,4,76.981633
4324,4,76.396255
4325,4,73.424339
4326,4,75.522692
4327,4,76.207133
4328,4,77.440929
4329,4,77.00865
4330,4,76.972627
4331,4,75.423628
4332,4,76.441284
4333,4,76.018011
4334,4,77.296836
4335,4,75.099419
4336,4,74.234862
4337,4,75.306553
4338,4,78.602678
4339,4,79.80045
4340,4,79.296125
4341,4,80.403839
4342,4,81.034245
4343,4,81.349449
4344,4,82.015878
4345,4,82.538215
4346,4,82.105936
4347,4,81.484536
4348,4,81.790733
4349,4,82.114942
4350,4,81.669155
4351,4,82.067012
4352,4,82.293067
4353,4,82.591459
4354,4,82.835599
4355,4,83.33292
4356,4,82.944105
4357,4,82.745177
4358,4,83.396215
4359,4,83.133991
4360,4,83.396215
4361,4,81.370762
4362,4,80.00539
4363,4,80.547922
4364,4,80.122938
4365,4,79.851672
4366,4,80.602175
4367,4,80.303782
4368,4,80.90961
4369,4,79.571364
4370,4,79.146381
4371,4,78.585764
4372,4,77.681544
4373,4,77.654418
4374,4,77.753882
4375,4,78.269287
4376,4,79.10117
4377,4,79.119254
4378,4,80.936737
4379,4,80.602175
4380,4,80.023474
4381,4,78.965537
4382,4,78.603849
4383,4,78.829904
4384,4,79.245845
4385,4,79.227761
4386,4,79.969221
4387,4,79.453816
4388,4,78.504385
4389,4,78.368752
4390,4,78.341625
4391,4,74.652407
4392,4,74.010411
4393,4,74.480605
4394,4,73.476921
4395,4,73.187571
4396,4,73.684892
4397,4,73.467879
4398,4,74.25455
4399,4,74.191255
4400,4,74.589112
4401,4,74.742829
4402,4,74.751871
4403,4,78.242161
4404,4,77.66346
4405,4,78.296414
4406,4,79.155423
4407,4,79.697955
4408,4,80.348993
4409,4,80.249529
4410,4,81.307467
4411,4,80.584091
4412,4,78.016106
4413,4,78.716876
4414,4,80.959703
4415,4,81.250272
4416,4,80.986944
4417,4,81.695205
4418,4,82.730356
4419,4,82.630473
4420,4,82.657714
4421,4,83.329654
4422,4,84.573652
4423,4,84.973184
4424,4,84.737097
4425,4,83.257012
4426,4,83.474939
4427,4,83.148049
4428,4,83.629303
4429,4,83.86539
4430,4,84.446528
4431,4,85.263752
4432,4,85.745007
4433,4,84.019755
4434,4,85.127548
4435,4,84.673535
4436,4,86.825559
4437,4,87.506579
4438,4,87.007164
4439,4,87.161529
4440,4,86.743837
4441,4,87.51566
4442,4,86.952683
4443,4,85.835809
4444,4,85.990174
4445,4,86.462348
4446,4,84.001594
4447,4,85.272833
4448,4,83.983434
4449,4,83.701946
4450,4,84.637214
4451,4,84.319404
4452,4,84.410207
4453,4,84.1832
4454,4,82.966443
4455,4,82.784838
4456,4,83.493099
4457,4,83.19345
4458,4,84.564571
4459,4,85.944773
4460,4,85.545241
4461,4,84.246762
4462,4,85.327314
4463,4,85.19111
4464,4,84.428367
4465,4,82.875641
4466,4,74.194901
4467,4,73.395837
4468,4,73.16883
4469,4,72.941823
4470,4,72.460569
4471,4,71.625184
4472,4,72.660335
4473,4,72.714817
4474,4,72.642174
4475,4,72.669415
4476,4,72.919123
4477,4,71.696811
4478,4,71.185994
4479,4,72.27148
4480,4,71.277211
4481,4,71.514376
4482,4,71.240724
4483,4,71.751541
4484,4,71.660324
4485,4,71.450524
4486,4,73.201896
4487,4,73.192775
4488,4,72.691079
4489,4,73.630618
4490,4,75.309016
4491,4,75.254286
4492,4,76.978293
4493,4,76.531328
4494,4,76.914441
4495,4,73.603253
4496,4,74.43333
4497,4,73.585009
4498,4,72.317088
4499,4,72.517767
4500,4,73.320479
4501,4,73.931635
4502,4,73.867783
4503,4,74.798199
4504,4,75.190434
4505,4,73.876905
4506,4,75.482329
4507,4,75.984025
4508,4,75.600912
4509,4,75.473208
4510,4,76.732007
4511,4,73.411696
4512,4,71.468767
4513,4,72.563375
4514,4,73.265749
4515,4,73.703592
4516,4,72.463036
4517,4,72.06168
4518,4,72.928244
4519,4,73.420818
4520,4,74.980634
4521,4,75.901929
4522,4,75.281651
4523,4,74.661373
4524,4,74.998878
4525,4,71.85188
4526,4,69.671786
4527,4,70.173482
4528,4,70.191725
4529,4,69.890708
4530,4,66.798441
4531,4,68.230553
4532,4,68.285283
4533,4,68.330892
4534,4,68.422109
4535,4,68.659274
4536,4,68.412987
4537,4,68.777857
4538,4,68.777857
4539,4,70.720785
4540,4,73.256627
4541,4,72.262358
4542,4,70.997492
4543,4,72.830631
4544,4,74.608777
4545,4,74.45296
4546,4,74.352137
4547,4,76.212774
4548,4,77.596794
4549,4,77.743445
4550,4,77.862599
4551,4,80.126526
4552,4,78.724175
4553,4,78.815832
4554,4,78.760838
4555,4,79.466596
4556,4,79.530756
4557,4,80.493154
4558,4,81.09809
4559,4,81.858843
4560,4,85.396802
4561,4,84.691044
4562,4,85.965076
4563,4,85.919247
4564,4,85.23182
4565,4,84.746038
4566,4,85.470128
4567,4,84.874358
4568,4,84.865192
4569,4,84.159433
4570,4,86.194218
4571,4,86.515017
4572,4,86.322538
4573,4,87.367427
4574,4,88.815608
4575,4,89.383881
4576,4,89.099744
4577,4,89.952154
4578,4,90.740404
4579,4,91.244517
4580,4,92.848514
4581,4,92.445224
4582,4,91.711968
4583,4,94.095049
4584,4,94.232535
4585,4,95.891526
4586,4,95.662383
4587,4,96.679776
4588,4,96.322314
4589,4,93.911735
4590,4,91.354506
4591,4,91.006209
4592,4,88.009026
4593,4,84.232759
4594,4,83.902794
4595,4,86.359201
4596,4,83.911959
4597,4,81.748855
4598,4,81.987163
4599,4,89.613023
4600,4,88.357323
4601,4,89.457206
4602,4,91.455328
4603,4,91.952168
4604,4,90.691667
4605,4,89.35756
4606,4,90.553656
4607,4,92.541015
4608,4,89.835999
4609,4,87.554216
4610,4,85.842879
4611,4,86.450127
4612,4,87.314997
4613,4,87.130982
4614,4,87.959048
4615,4,88.547895
4616,4,91.087299
4617,4,92.274194
4618,4,92.559417
4619,4,90.700868
4620,4,89.578378
4621,4,88.888323
4622,4,85.566857
4623,4,82.061376
4624,4,82.346598
4625,4,78.206267
4626,4,77.313795
4627,4,78.160263
4628,4,77.295394
4629,4,78.307475
4630,4,79.319556
4631,4,76.062495
4632,4,77.221788
4633,4,79.356359
4634,4,80.396042
4635,4,78.583497
4636,4,79.853199
4637,4,81.803755
4638,4,81.969368
4639,4,81.141302
4640,4,79.880801
4641,4,81.674945
4642,4,83.763512
4643,4,85.336838
4644,4,84.36156
4645,4,82.687026
4646,4,83.48749
4647,4,82.935446
4648,4,84.122341
4649,4,84.720389
4650,4,85.631262
4651,4,83.340278
4652,4,82.070576
4653,4,84.812396
4654,4,78.546694
4655,4,79.466768
4656,4,77.921044
4657,4,77.921044
4658,4,77.948646
4659,4,78.693906
4660,4,79.936005
4661,4,80.304035
4662,4,78.822716
4663,4,79.11714
4664,4,80.110819
4665,4,78.344278
4666,4,77.946873
4667,4,78.103986
4668,4,77.595677
4669,4,77.715823
4670,4,79.0097
4671,4,76.311042
4672,4,77.752791
4673,4,75.913637
4674,4,77.022674
4675,4,77.928389
4676,4,78.362762
4677,4,80.543869
4678,4,80.03556
4679,4,79.564219
4680,4,80.664015
4681,4,81.366406
4682,4,83.787805
4683,4,86.273898
4684,4,87.660195
4685,4,84.628825
4686,4,85.183344
4687,4,86.162994
4688,4,86.14451
4689,4,86.412528
4690,4,85.229554
4691,4,83.538271
4692,4,83.011478
4693,4,79.573461
4694,4,78.806377
4695,4,79.222266
4696,4,80.109496
4697,4,80.590079
4698,4,81.301712
4699,4,81.560487
4700,4,81.458826
4701,4,80.534627
4702,4,80.2204
4703,4,81.24626
4704,4,80.31282
4705,4,80.238884
4706,4,79.786027
4707,4,79.074394
4708,4,78.279584
4709,4,78.325794
4710,4,77.567951
4711,4,78.344278
4712,4,76.930255
4713,4,76.634511
4714,4,76.625269
4715,4,75.627135
4716,4,73.464511
4717,4,72.99317
4718,4,74.832325
4719,4,75.913637
4720,4,77.115094
4721,4,76.39422
4722,4,76.930255
4723,4,75.765765
4724,4,76.763899
4725,4,78.03005
4726,4,78.667747
4727,4,80.238884
4728,4,81.421858
4729,4,81.932369
4730,4,81.672472
4731,4,81.820984
4732,4,81.941651
4733,4,81.988061
4734,4,82.108727
4735,4,82.48929
4736,4,82.851288
4737,4,83.59385
4738,4,83.510312
4739,4,82.76775
4740,4,83.018365
4741,4,82.034471
4742,4,82.275803
4743,4,81.988061
4744,4,78.061767
4745,4,79.092071
4746,4,79.760376
4747,4,79.676838
4748,4,80.530784
4749,4,81.059859
4750,4,82.971955
4751,4,84.522051
4752,4,83.658824
4753,4,83.139031
4754,4,83.092621
4755,4,83.8259
4756,4,84.60559
4757,4,85.598766
4758,4,86.127841
4759,4,84.83764
4760,4,84.494205
4761,4,84.503487
4762,4,84.076515
4763,4,84.735538
4764,4,84.392103
4765,4,84.317847
4766,4,81.041295
4767,4,82.127291
4768,4,83.111185
4769,4,85.923636
4770,4,87.028196
4771,4,86.67548
4772,4,86.137123
4773,4,83.742362
4774,4,83.798054
4775,4,78.423766
4776,4,79.565454
4777,4,78.637252
4778,4,79.816069
4779,4,81.319755
4780,4,81.681754
4781,4,84.392103
4782,4,82.210829
4783,4,82.201547
4784,4,77.968947
4785,4,80.32658
4786,4,82.76775
4787,4,82.480008
4788,4,83.463901
4789,4,84.754102
4790,4,83.148313
4791,4,82.749186
4792,4,82.749186
4793,4,84.679223
4794,4,82.861072
4795,4,81.518438
4796,4,81.732886
4797,4,82.926339
4798,4,83.569685
4799,4,85.070825
4800,4,84.38086
4801,4,82.889044
4802,4,83.00093
4803,4,81.686267
4804,4,80.166479
4805,4,78.61872
4806,4,77.900783
4807,4,76.903131
4808,4,77.593096
4809,4,76.353024
4810,4,73.630459
4811,4,71.79366
4812,4,71.085047
4813,4,71.150314
4814,4,68.269244
4815,4,67.113086
4816,4,65.975576
4817,4,68.101415
4818,4,68.558283
4819,4,68.959209
4820,4,69.369459
4821,4,69.416078
4822,4,68.409102
4823,4,69.201629
4824,4,69.695793
4825,4,70.441702
4826,4,71.159638
4827,4,70.861275
4828,4,71.383411
4829,4,71.663126
4830,4,72.03608
4831,4,72.073376
4832,4,70.935866
4833,4,74.460282
4834,4,74.320424
4835,4,73.994089
4836,4,73.378715
4837,4,74.273805
4838,4,74.702702
4839,4,74.161918
4840,4,73.220209
4841,4,77.732954
4842,4,78.096584
4843,4,78.73993
4844,4,79.970678
4845,4,80.781853
4846,4,79.99865
4847,4,78.609396
4848,4,77.984698
4849,4,79.989326
4850,4,80.567405
4851,4,80.6047
4852,4,81.173455
4853,4,81.351426
4854,4,80.864348
4855,4,79.599818
4856,4,80.246133
4857,4,79.309444
4858,4,78.606928
4859,4,77.548469
4860,4,78.026181
4861,4,77.72644
4862,4,75.384718
4863,4,74.616633
4864,4,71.778466
4865,4,71.497459
4866,4,71.572395
4867,4,73.014895
4868,4,73.455139
4869,4,74.738403
4870,4,74.47613
4871,4,75.103711
4872,4,75.300416
4873,4,75.937365
4874,4,74.251325
4875,4,75.272315
4876,4,73.78298
4877,4,72.21871
4878,4,71.712898
4879,4,71.656697
4880,4,72.958694
4881,4,74.485497
4882,4,74.082721
4883,4,69.773952
4884,4,70.298498
4885,4,71.160251
4886,4,72.377947
4887,4,73.174132
4888,4,72.527817
4889,4,69.314974
4890,4,69.483578
4891,4,70.008124
4892,4,71.291388
4893,4,70.579504
4894,4,67.722603
4895,4,67.863107
4896,4,66.561109
4897,4,68.781062
4898,4,69.399276
4899,4,69.052702
4900,4,69.361809
4901,4,69.792686
4902,4,70.026858
4903,4,68.743594
4904,4,72.181242
4905,4,74.129555
4906,4,73.352103
4907,4,72.555918
4908,4,73.736146
4909,4,74.167023
4910,4,72.565285
4911,4,70.888612
4912,4,71.834667
4913,4,72.930593
4914,4,72.677687
4915,4,73.183499
4916,4,74.595763
4917,4,75.857385
4918,4,77.015441
4919,4,75.734989
4920,4,75.960951
4921,4,76.158668
4922,4,73.767235
4923,4,73.73899
4924,4,73.305895
4925,4,75.669083
4926,4,77.40146
4927,4,76.874215
4928,4,76.968366
4929,4,78.597176
4930,4,79.811723
4931,4,79.764648
4932,4,80.386044
4933,4,81.384043
4934,4,80.075346
4935,4,80.348383
4936,4,80.451949
4937,4,81.02627
4938,4,80.555515
4939,4,79.519855
4940,4,78.634837
4941,4,79.350384
4942,4,78.879629
4943,4,80.621421
4944,4,80.273063
4945,4,80.583761
4946,4,80.461364
4947,4,82.466779
4948,4,82.824552
4949,4,82.692741
4950,4,83.069344
4951,4,84.076759
4952,4,85.234815
4953,4,84.594589
4954,4,84.66991
4955,4,83.794306
4956,4,80.461364
4957,4,81.685326
4958,4,80.517855
4959,4,80.075346
4960,4,80.790893
4961,4,81.807722
4962,4,80.903874
4963,4,81.08276
4964,4,82.127835
4965,4,83.530684
4966,4,82.052515
4967,4,86.336381
4968,4,85.150079
4969,4,83.511854
4970,4,79.190327
4971,4,80.828553
4972,4,82.749231
4973,4,82.334967
4974,4,82.269062
4975,4,84.039099
4976,4,81.289892
4977,4,80.941534
4978,4,82.608005
4979,4,82.995792
4980,4,81.624351
4981,4,81.643268
4982,4,80.914985
4983,4,79.013885
4984,4,81.246023
4985,4,76.87633
4986,4,76.620958
4987,4,77.472197
4988,4,77.812693
4989,4,79.486796
4990,4,80.565032
4991,4,81.378438
4992,4,81.643268
4993,4,82.409383
4994,4,81.227106
4995,4,83.033624
4996,4,80.054288
4997,4,78.900387
4998,4,79.250341
4999,4,78.67339
5000,4,78.503142
5001,4,80.04483
5002,4,80.508282
5003,4,79.30709
5004,4,78.219396
5005,4,78.720681
5006,4,77.557321
5007,4,76.554751
5008,4,77.869442
5009,4,77.670819
5010,4,76.592584
5011,4,76.933079
5012,4,77.415448
5013,4,77.424906
5014,4,75.826469
5015,4,76.015633
5016,4,76.441252
5017,4,77.519488
5018,4,77.160076
5019,4,78.692306
5020,4,81.387896
5021,4,84.650978
5022,4,84.783393
5023,4,81.964847
5024,4,81.397354
5025,4,81.009568
5026,4,81.321688
5027,4,82.097262
5028,4,82.655296
5029,4,84.055111
5030,4,81.198732
5031,4,80.754196
5032,4,82.163469
5033,4,82.759336
5034,4,81.463562
5035,4,80.120496
5036,4,79.524629
5037,4,81.406812
5038,4,79.486796
5039,4,80.905527
5040,4,81.425729
5041,4,81.463562
5042,4,82.948501
5043,4,83.395073
5044,4,83.433079
5045,4,83.186039
5046,4,83.908157
5047,4,85.760958
5048,4,86.122017
5049,4,83.471086
5050,4,84.098188
5051,4,83.528095
5052,4,83.452083
5053,4,83.072021
5054,4,83.955664
5055,4,83.442581
5056,4,83.841646
5057,4,82.08386
5058,4,82.435417
5059,4,82.340402
5060,4,82.463922
5061,4,80.620622
5062,4,81.675293
5063,4,79.005359
5064,4,79.385421
5065,4,79.622959
5066,4,81.399749
5067,4,81.333238
5068,4,81.16221
5069,4,80.810653
5070,4,80.677631
5071,4,79.470935
5072,4,80.782148
5073,4,80.839157
5074,4,79.822492
5075,4,80.991182
5076,4,80.411588
5077,4,81.190714
5078,4,82.340402
5079,4,82.70146
5080,4,81.855823
5081,4,84.402237
5082,4,86.81563
5083,4,86.901144
5084,4,86.521082
5085,4,86.701611
5086,4,87.442732
5087,4,86.616098
5088,4,84.487751
5089,4,83.157535
5090,4,84.66828
5091,4,85.380896
5092,4,84.449745
5093,4,81.295231
5094,4,81.428253
5095,4,83.699123
5096,4,86.882141
5097,4,87.870302
5098,4,87.357218
5099,4,88.934475
5100,4,89.856125
5101,4,91.005812
5102,4,90.207682
5103,4,90.054982
5104,4,90.007263
5105,4,90.789852
5106,4,92.125979
5107,4,92.574536
5108,4,90.598976
5109,4,88.690223
5110,4,89.434637
5111,4,82.639475
5112,4,80.47304
5113,4,83.18347
5114,4,81.952324
5115,4,86.256563
5116,4,83.002138
5117,4,81.895061
5118,4,79.470945
5119,4,82.143199
5120,4,81.083841
5121,4,76.817778
5122,4,85.8939
5123,4,76.827321
5124,4,85.416711
5125,4,81.093385
5126,4,82.076393
5127,4,76.932303
5128,4,70.557067
5129,4,76.206976
5130,4,71.912281
5131,4,80.32034
5132,4,78.048923
5133,4,84.080584
5134,4,84.462335
5135,4,82.2959
5136,4,80.062658
5137,4,77.628998
5138,4,82.353162
5139,4,83.221645
5140,4,84.300091
5141,4,83.803815
5142,4,81.551486
5143,4,85.340361
5144,4,84.300091
5145,4,82.343618
5146,4,85.120854
5147,4,85.531236
5148,4,81.666011
5149,4,82.553581
5150,4,83.278908
5151,4,84.65321
5152,4,86.638313
5153,4,85.445343
5154,4,85.264011
5155,4,85.569411
5156,4,82.439056
5157,4,82.477231
5158,4,83.956515
5159,4,81.599205
5160,4,84.691385
5161,4,84.07104
5162,4,86.504701
5163,4,84.538685
5164,4,80.310796
5165,4,80.196271
5166,4,82.238637
5167,4,85.547363
5168,4,85.959755
5169,4,88.932814
5170,4,88.472469
5171,4,89.326025
5172,4,87.062664
5173,4,89.508245
5174,4,90.534429
5175,4,91.435938
5176,4,91.253718
5177,4,94.619987
5178,4,95.416
5179,4,95.377638
5180,4,94.917293
5181,4,98.110934
5182,4,95.809211
5183,4,92.98001
5184,4,89.680874
5185,4,90.985184
5186,4,92.270312
5187,4,95.05156
5188,4,96.048974
5189,4,96.144879
5190,4,97.967076
5191,4,97.564274
5192,4,97.343693
5193,4,94.792617
5194,4,96.54768
5195,4,95.118694
5196,4,94.936474
5197,4,96.643585
5198,4,95.377638
5199,4,95.991431
5200,4,96.595633
5201,4,94.274729
5202,4,93.229363
5203,4,92.442941
5204,4,93.075915
5205,4,93.286906
5206,4,95.262552
5207,4,97.727313
5208,4,98.532916
5209,4,100.172894
5210,4,98.005438
5211,4,99.885178
5212,4,99.559101
5213,4,99.770092
5214,4,99.511148
5215,4,99.741321
5216,4,97.928714
5217,4,99.079575
5218,4,97.986257
5219,4,96.087336
5220,4,100.201665
5221,4,100.412656
5222,4,99.261795
5223,4,97.449188
5224,4,97.919123
5225,4,98.820631
5226,4,97.228607
5227,4,99.309748
5228,4,98.523326
5229,4,99.904359
5230,4,99.586591
5231,4,99.02809
5232,4,97.939975
5233,4,95.368942
5234,4,94.511931
5235,4,93.95343
5236,4,94.637113
5237,4,94.040094
5238,4,94.492673
5239,4,93.934171
5240,4,93.433446
5241,4,90.804637
5242,4,94.646742
5243,4,93.963059
5244,4,93.019384
5245,4,91.825347
5246,4,92.634211
5247,4,90.775749
5248,4,90.592792
5249,4,91.093517
5250,4,91.382397
5251,4,93.202342
5252,4,93.2216
5253,4,93.240859
5254,4,92.268296
5255,4,91.729053
5256,4,90.650568
5257,4,91.151293
5258,4,93.211971
5259,4,93.963059
5260,4,92.595693
5261,4,93.327523
5262,4,91.825347
5263,4,91.844605
5264,4,92.817168
5265,4,92.085339
5266,4,92.046821
5267,4,94.839329
5268,4,93.269747
5269,4,93.269747
5270,4,93.66455
5271,4,94.791182
5272,4,95.667452
5273,4,95.83115
5274,4,94.174904
5275,4,94.357862
5276,4,94.107499
5277,4,95.060803
5278,4,95.69634
5279,4,94.723777
5280,4,94.030464
5281,4,92.152744
5282,4,91.083888
5283,4,92.509029
5284,4,95.272649
5285,4,98.363666
5286,4,101.098397
5287,4,101.512458
5288,4,100.096946
5289,4,102.321323
5290,4,105.999729
5291,4,103.351662
5292,4,102.167253
5293,4,104.53607
5294,4,105.396568
5295,4,101.413137
5296,4,100.011201
5297,4,98.522249
5298,4,97.129981
5299,4,97.149318
5300,4,99.682471
5301,4,99.69214
5302,4,99.779157
5303,4,99.69214
5304,4,98.802636
5305,4,99.701808
5306,4,98.135508
5307,4,99.566449
5308,4,96.192135
5309,4,97.100976
5310,4,97.758435
5311,4,96.076112
5312,4,94.809536
5313,4,93.900695
5314,4,95.747383
5315,4,95.10926
5316,4,95.466995
5317,4,95.341305
5318,4,94.432463
5319,4,93.513954
5320,4,94.016717
5321,4,93.755667
5322,4,93.591302
5323,4,93.900695
5324,4,93.745998
5325,4,94.51948
5326,4,93.301246
5327,4,94.51948
5328,4,102.650708
5329,4,106.479443
5330,4,106.382758
5331,4,103.791594
5332,4,102.989106
5333,4,102.118939
5334,4,102.138276
5335,4,103.259825
5336,4,100.069212
5337,4,100.349599
5338,4,101.432474
5339,4,104.188003
5340,4,103.327504
5341,4,105.232203
5342,4,103.298499
5343,4,103.35651
5344,4,100.746009
5345,4,103.346842
5346,4,102.118939
5347,4,102.031922
5348,4,108.210109
5349,4,106.054028
5350,4,104.893805
5351,4,103.868942
5352,4,102.747393
5353,4,101.490485
5354,4,102.121584
5355,4,100.364216
5356,4,102.247804
5357,4,102.199258
5358,4,102.791521
5359,4,103.034251
5360,4,103.374074
5361,4,102.141003
5362,4,99.859336
5363,4,98.276733
5364,4,100.170031
5365,4,101.218627
5366,4,100.335088
5367,4,99.995265
5368,4,101.781762
5369,4,104.383833
5370,4,106.927649
5371,4,108.578216
5372,4,106.6655
5373,4,109.636521
5374,4,110.549188
5375,4,109.578266
5376,4,110.685117
5377,4,112.26772
5378,4,112.549288
5379,4,112.966784
5380,4,110.461805
5381,4,112.01528
5382,4,113.927997
5383,4,115.277579
5384,4,115.588274
5385,4,115.597983
5386,4,114.63677
5387,4,113.491082
5388,4,113.607593
5389,4,112.617252
5390,4,113.093004
5391,4,112.092954
5392,4,113.413408
5393,4,114.122181
5394,4,113.714394
5395,4,114.568806
5396,4,115.578565
5397,4,116.209664
5398,4,116.025189
5399,4,116.996111
5400,4,117.636919
5401,4,117.37477
5402,4,118.112671
5403,4,116.248501
5404,4,115.345543
5405,4,115.860132
5406,4,117.724302
5407,4,117.287387
5408,4,120.190444
5409,4,122.190544
5410,4,115.364962
5411,4,114.209564
5412,4,117.345643
5413,4,119.666146
5414,4,116.607742
5415,4,116.598033
5416,4,115.986352
5417,4,113.559047
5418,4,115.108642
5419,4,113.97812
5420,4,115.722633
5421,4,116.989598
5422,4,117.018836
5423,4,115.508223
5424,4,112.067926
5425,4,111.765804
5426,4,112.087418
5427,4,111.824279
5428,4,111.414952
5429,4,112.194623
5430,4,113.831931
5431,4,113.948882
5432,4,115.25483
5433,4,114.903979
5434,4,114.416684
5435,4,117.866728
5436,4,116.79468
5437,4,115.712887
5438,4,116.005264
5439,4,115.352289
5440,4,115.108642
5441,4,111.512411
5442,4,113.656505
5443,4,113.724727
5444,4,112.867089
5445,4,112.545475
5446,4,113.383621
5447,4,111.824279
5448,4,111.531903
5449,4,111.580632
5450,4,113.48108
5451,4,113.656505
5452,4,112.486999
5453,4,112.116656
5454,4,111.531903
5455,4,112.204369
5456,4,112.613696
5457,4,111.307747
5458,4,110.674265
5459,4,110.284429
5460,4,110.011545
5461,4,109.73866
5462,4,113.529809
5463,4,115.215847
5464,4,116.79468
5465,4,118.227325
5466,4,117.720539
5467,4,118.324784
5468,4,118.256563
5469,4,119.591749
5470,4,119.065471
5471,4,119.611241
5472,4,120.566338
5473,4,122.35958
5474,4,118.792587
5475,4,117.574351
5476,4,117.17477
5477,4,115.946788
5478,4,116.209927
5479,4,116.989598
5480,4,116.96036
5481,4,117.449448
5482,4,118.30046
5483,4,115.991967
5484,4,116.657126
5485,4,116.931015
5486,4,117.06796
5487,4,115.424626
5488,4,115.512662
5489,4,114.260598
5490,4,117.273376
5491,4,116.911452
5492,4,119.542742
5493,4,120.002484
5494,4,122.252286
5495,4,122.408794
5496,4,121.499091
5497,4,121.596909
5498,4,120.902405
5499,4,120.129647
5500,4,120.941532
5501,4,120.403536
5502,4,123.054389
5503,4,121.518655
5504,4,120.775242
5505,4,119.30798
5506,4,118.848238
5507,4,119.425361
5508,4,119.875321
5509,4,119.630777
5510,4,119.953575
5511,4,118.642821
5512,4,119.826412
5513,4,116.842979
5514,4,117.195122
5515,4,115.747424
5516,4,116.021312
5517,4,114.348634
5518,4,115.982185
5519,4,116.764725
5520,4,119.728595
5521,4,117.116868
5522,4,116.246293
5523,4,117.488575
5524,4,117.244031
5525,4,115.796332
5526,4,117.224467
5527,4,119.581869
5528,4,120.031829
5529,4,120.628516
5530,4,119.92423
5531,4,120.276373
5532,4,116.940797
5533,4,118.065698
5534,4,119.356889
5535,4,120.129647
5536,4,122.467484
5537,4,125.490045
5538,4,124.013001
5539,4,124.785759
5540,4,123.230461
5541,4,121.949052
5542,4,122.937008
5543,4,122.94679
5544,4,123.054389
5545,4,122.151166
5546,4,121.601377
5547,4,122.396607
5548,4,122.219889
5549,4,118.322283
5550,4,118.911342
5551,4,121.405025
5552,4,121.189036
5553,4,118.037572
5554,4,118.037572
5555,4,113.639266
5556,4,111.999719
5557,4,113.688354
5558,4,114.630848
5559,4,116.731825
5560,4,117.340519
5561,4,118.646266
5562,4,119.470948
5563,4,120.884689
5564,4,120.285813
5565,4,121.051589
5566,4,121.513019
5567,4,121.719189
5568,4,122.897307
5569,4,123.712172
5570,4,125.282995
5571,4,125.479348
5572,4,127.167983
5573,4,129.494766
5574,4,129.946378
5575,4,130.908507
5576,4,131.330666
5577,4,130.466713
5578,4,130.201636
5579,4,128.964613
5580,4,130.083825
5581,4,128.071207
5582,4,130.692519
5583,4,132.184801
5584,4,133.961795
5585,4,133.235289
5586,4,132.430242
5587,4,133.716354
5588,4,131.369936
5589,4,129.97583
5590,4,130.456895
5591,4,129.121695
5592,4,129.151148
5593,4,128.670083
5594,4,128.169383
5595,4,132.233889
5596,4,134.305413
5597,4,133.716354
5598,4,135.149731
5599,4,133.598542
5600,4,135.365719
5601,4,134.118878
5602,4,136.867819
5603,4,139.646213
5604,4,140.313813
5605,4,138.958978
5606,4,138.134295
5607,4,138.075196
5608,4,139.355677
5609,4,140.586908
5610,4,139.976217
5611,4,139.375376
5612,4,138.44949
5613,4,137.375857
5614,4,135.790031
5615,4,139.78907
5616,4,140.389911
5617,4,139.838319
5618,4,140.852854
5619,4,143.285767
5620,4,145.088289
5621,4,142.665226
5622,4,142.241683
5623,4,143.640361
5624,4,143.975256
5625,4,142.38943
5626,4,143.955557
5627,4,149.116878
5628,4,148.240241
5629,4,149.914716
5630,4,149.717719
5631,4,150.880001
5632,4,149.826067
5633,4,149.254776
5634,4,150.31856
5635,4,152.367328
5636,4,152.406728
5637,4,152.712073
5638,4,152.810572
5639,4,152.387028
5640,4,154.169851
5641,4,152.426428
5642,4,153.421262
5643,4,155.765527
5644,4,160.473755
5645,4,162.955917
5646,4,160.207809
5647,4,160.178259
5648,4,160.513154
5649,4,158.789431
5650,4,159.46907
5651,4,160.404806
5652,4,163.241563
5653,4,162.542223
5654,4,156.612614
5655,4,156.090572
5656,4,154.88889
5657,4,155.095737
5658,4,155.381382
5659,4,149.018379
5660,4,146.733214
5661,4,148.496337
5662,4,154.435797
5663,4,152.859821
5664,4,156.622464
5665,4,154.957839
5666,4,157.252854
5667,4,158.878079
5668,4,149.333575
5669,4,151.047449
5670,4,152.687443
5671,4,155.038761
5672,4,149.2889
5673,4,147.579749
5674,4,148.370108
5675,4,150.859738
5676,4,151.235159
5677,4,152.410817
5678,4,153.922379
5679,4,154.969604
5680,4,152.924551
5681,4,148.202157
5682,4,146.423849
5683,4,145.25807
5684,4,145.119757
5685,4,147.75758
5686,4,144.655422
5687,4,142.225068
5688,4,142.709163
5689,4,139.814474
5690,4,139.50821
5691,4,140.594953
5692,4,139.261223
5693,4,138.984597
5694,4,141.533504
5695,4,143.272294
5696,4,142.857355
5697,4,146.670837
5698,4,147.421677
5699,4,141.464348
5700,4,141.849648
5701,4,139.774956
5702,4,141.41495
5703,4,139.014236
5704,4,138.15472
5705,4,139.093271
5706,4,140.832061
5707,4,139.616884
5708,4,139.676161
5709,4,137.433518
5710,4,137.848456
5711,4,140.506038
5712,4,138.707972
5713,4,141.365553
5714,4,139.784835
5715,4,140.427002
5716,4,140.782663
5717,4,142.412778
5718,4,143.450124
5719,4,143.321691
5720,4,143.815665
5721,4,144.171327
5722,4,144.171327
5723,4,141.088927
5724,4,137.324844
5725,4,137.59159
5726,4,139.607005
5727,4,138.92532
5728,4,142.975909
5729,4,143.825545
5730,4,146.433729
5731,4,149.140708
5732,4,149.457818
5733,4,151.281199
5734,4,148.179469
5735,4,148.556037
5736,4,150.656889
5737,4,147.644346
5738,4,146.683107
5739,4,146.89121
5740,4,149.06143
5741,4,144.869635
5742,4,146.157894
5743,4,144.116499
5744,4,145.236293
5745,4,146.27681
5746,4,146.375907
5747,4,144.701171
5748,4,146.504733
5749,4,146.207442
5750,4,145.939881
5751,4,146.375907
5752,4,139.706691
5753,4,138.844549
5754,4,138.547258
5755,4,139.280575
5756,4,139.1022
5757,4,137.645477
5758,4,137.86349
5759,4,138.745452
5760,4,135.960831
5761,4,135.118508
5762,4,134.216727
5763,4,137.159903
5764,4,134.841037
5765,4,134.107721
5766,4,138.051774
5767,4,141.440885
5768,4,141.163414
5769,4,138.646355
5770,4,136.109477
5771,4,136.377038
5772,4,140.430098
5773,4,137.685116
5774,4,140.767027
5775,4,139.330123
5776,4,141.094046
5777,4,142.689505
5778,4,141.698537
5779,4,141.480524
5780,4,146.395726
5781,4,148.744321
5782,4,151.390206
5783,4,153.292864
5784,4,154.491936
5785,4,157.871137
5786,4,155.800014
5787,4,154.908143
5788,4,153.411781
5789,4,156.414414
5790,4,160.180093
5791,4,160.546751
5792,4,158.217976
5793,4,156.761253
5794,4,154.080684
5795,4,152.102487
5796,4,153.812286
5797,4,151.873851
5798,4,154.875939
5799,4,157.977434
5800,4,161.039167
5801,4,159.349249
5802,4,163.733093
5803,4,164.54823
5804,4,166.70536
5805,4,166.178503
5806,4,166.904173
5807,4,169.677626
5808,4,170.61205
5809,4,172.958053
5810,4,170.264126
5811,4,168.315751
5812,4,169.279998
5813,4,169.44899
5814,4,164.349416
5815,4,166.208325
5816,4,164.051196
5817,4,164.289772
5818,4,164.617815
5819,4,165.800757
5820,4,166.228206
5821,4,166.387258
5822,4,168.315751
5823,4,168.266048
5824,4,169.001659
5825,4,167.997649
5826,4,166.367376
5827,4,165.065146
5828,4,164.727162
5829,4,163.315585
5830,4,161.904007
5831,4,162.112761
5832,4,164.727162
5833,4,163.991551
5834,4,166.267969
5835,4,164.40906
5836,4,163.921967
5837,4,163.305644
5838,4,163.186356
5839,4,161.983532
5840,4,161.973591
5841,4,161.247921
5842,4,160.760827
5843,4,160.472547
5844,4,162.490507
5845,4,163.931907
5846,4,163.186356
5847,4,164.329535
5848,4,167.957886
5849,4,160.094801
5850,4,157.530103
5851,4,155.800423
5852,4,153.573709
5853,4,155.860068
5854,4,156.913781
5855,4,154.582689
5856,4,158.581377
5857,4,158.162562
5858,4,156.916088
5859,4,158.361997
5860,4,160.017315
5861,4,161.034437
5862,4,160.386271
5863,4,159.678274
5864,4,159.050051
5865,4,158.122674
5866,4,156.188147
5867,4,155.121166
5868,4,156.068486
5869,4,154.463027
5870,4,155.709501
5871,4,156.018627
5872,4,152.777795
5873,4,151.431603
5874,4,149.57685
5875,4,149.177979
5876,4,147.951449
5877,4,148.868853
5878,4,149.187951
5879,4,151.621067
5880,4,151.591152
5881,4,153.425961
5882,4,155.599812
5883,4,153.007146
5884,4,150.504227
5885,4,155.968768
5886,4,156.247978
5887,4,157.554282
5888,4,158.521546
5889,4,158.890502
5890,4,159.65833
5891,4,161.822209
5892,4,162.510262
5893,4,166.887878
5894,4,165.880727
5895,4,165.910642
5896,4,166.080163
5897,4,164.953351
5898,4,166.907821
5899,4,166.658527
5900,4,166.907821
5901,4,166.937737
5902,4,164.016002
5903,4,165.491827
5904,4,166.259655
5905,4,167.236891
5906,4,167.615819
5907,4,165.023153
5908,4,166.937737
5909,4,166.379317
5910,4,166.319486
5911,4,168.6828
5912,4,166.419204
5913,4,166.12005
5914,4,167.516101
5915,4,167.73548
5916,4,167.775367
5917,4,169.021841
5918,4,171.44
5919,4,170.99
5920,4,173.34
5921,4,174.6
5922,4,174.79
5923,4,174.82
5924,4,173.39
5925,4,172.25
5926,4,171.26
5927,4,171.06
5928,4,170.17
5929,4,168.41
5930,4,166.01
5931,4,170.15
5932,4,172.59
5933,4,174.52
5934,4,174.69
5935,4,174.37
5936,4,173.58
5937,4,176.45
5938,4,178.22
5939,4,179.32
5940,4,179.79
5941,4,179.05
5942,4,181.89
5943,4,183.01
5944,4,184.49
5945,4,185.83
5946,4,187.87
5947,4,187.67
5948,4,187.76
5949,4,188.78
5950,4,189.72
5951,4,190.52
5952,4,192.43
5953,4,190.92
5954,4,190.65
5955,4,192.19
5956,4,190.86
5957,4,192.83
5958,4,193.22
5959,4,190.8
5960,4,191.28
5961,4,191.42
5962,4,192.14
5963,4,192.39
5964,4,191.94
5965,4,193.41
5966,4,192.59
0,5,0.167963
1,5,0.167963
2,5,0.167963
3,5,0.167963
4,5,0.182113
5,5,0.17432
6,5,0.17432
7,5,0.176986
8,5,0.176986
9,5,0.176986
10,5,0.176986
11,5,0.176986
12,5,0.176986
13,5,0.176986
14,5,0.198725
15,5,0.194828
16,5,0.189701
17,5,0.189701
18,5,0.189701
19,5,0.189701
20,5,0.189701
21,5,0.21021
22,5,0.21021
23,5,0.21021
24,5,0.21021
25,5,0.21021
26,5,0.21021
27,5,0.21021
28,5,0.21021
29,5,0.21021
30,5,0.21021
31,5,0.21021
32,5,0.21021
33,5,0.21021
34,5,0.21021
35,5,0.21021
36,5,0.21021
37,5,0.208979
38,5,0.211871
39,5,0.211871
40,5,0.211871
41,5,0.211871
42,5,0.211871
43,5,0.211871
44,5,0.211871
45,5,0.211871
46,5,0.211871
47,5,0.211871
48,5,0.202722
49,5,0.202722
50,5,0.202722
51,5,0.202722
52,5,0.202722
53,5,0.202722
54,5,0.202722
55,5,0.202722
56,5,0.202722
57,5,0.202722
58,5,0.202722
59,5,0.202722
60,5,0.202722
61,5,0.202722
62,5,0.202722
63,5,0.202722
64,5,0.202722
65,5,0.202722
66,5,0.202722
67,5,0.202722
68,5,0.202722
69,5,0.202722
70,5,0.202722
71,5,0.202722
72,5,0.202722
73,5,0.202722
74,5,0.202722
75,5,0.202722
76,5,0.202722
77,5,0.197524
78,5,0.197524
79,5,0.197524
80,5,0.197524
81,5,0.197524
82,5,0.197524
83,5,0.197524
84,5,0.202722
85,5,0.202722
86,5,0.201475
87,5,0.201475
88,5,0.201475
89,5,0.201475
90,5,0.201475
91,5,0.201475
92,5,0.201475
93,5,0.201475
94,5,0.201475
95,5,0.201475
96,5,0.201475
97,5,0.201475
98,5,0.201475
99,5,0.201475
100,5,0.201475
101,5,0.20792
102,5,0.20792
103,5,0.20792
104,5,0.20792
105,5,0.20792
106,5,0.20792
107,5,0.20792
108,5,0.223514
109,5,0.228712
110,5,0.244306
111,5,0.244306
112,5,0.244306
113,5,0.244306
114,5,0.244306
115,5,0.244306
116,5,0.248257
117,5,0.248257
118,5,0.248257
119,5,0.248257
120,5,0.248257
121,5,0.248257
122,5,0.248257
123,5,0.223514
124,5,0.223514
125,5,0.223514
126,5,0.223514
127,5,0.223514
128,5,0.223514
129,5,0.223514
130,5,0.223514
131,5,0.223514
132,5,0.223514
133,5,0.223514
134,5,0.223514
135,5,0.223514
136,5,0.223514
137,5,0.223514
138,5,0.223514
139,5,0.223514
140,5,0.223514
141,5,0.223514
142,5,0.223514
143,5,0.223514
144,5,0.223514
145,5,0.223514
146,5,0.223514
147,5,0.223514
148,5,0.223514
149,5,0.223514
150,5,0.223514
151,5,0.223514
152,5,0.223514
153,5,0.221019
154,5,0.221019
155,5,0.221019
156,5,0.221019
157,5,0.221019
158,5,0.221019
159,5,0.221019
160,5,0.221019
161,5,0.221019
162,5,0.221019
163,5,0.221019
164,5,0.221019
165,5,0.221019
166,5,0.244306
167,5,0.254702
168,5,0.2599
169,5,0.2599
170,5,0.2599
171,5,0.2599
172,5,0.2599
173,5,0.283395
174,5,0.293791
175,5,0.293791
176,5,0.293791
177,5,0.293791
178,5,0.322276
179,5,0.322276
180,5,0.322276
181,5,0.322276
182,5,0.322276
183,5,0.322276
184,5,0.322276
185,5,0.322276
186,5,0.322276
187,5,0.332672
188,5,0.332672
189,5,0.332672
190,5,0.332672
191,5,0.332672
192,5,0.332672
193,5,0.332672
194,5,0.332672
195,5,0.332672
196,5,0.332672
197,5,0.327474
198,5,0.327474
199,5,0.327474
200,5,0.327474
201,5,0.327474
202,5,0.327474
203,5,0.327474
204,5,0.327474
205,5,0.327474
206,5,0.327474
207,5,0.327474
208,5,0.317078
209,5,0.317078
210,5,0.31188
211,5,0.31188
212,5,0.31188
213,5,0.31188
214,5,0.31188
215,5,0.31188
216,5,0.31188
217,5,0.31188
218,5,0.31188
219,5,0.31188
220,5,0.31188
221,5,0.31188
222,5,0.31188
223,5,0.31188
224,5,0.31188
225,5,0.31188
226,5,0.31188
227,5,0.31188
228,5,0.31396
229,5,0.31396
230,5,0.31396
231,5,0.31396
232,5,0.31396
233,5,0.31396
234,5,0.33489
235,5,0.33489
236,5,0.324425
237,5,0.324425
238,5,0.324425
239,5,0.324425
240,5,0.324425
241,5,0.324425
242,5,0.324425
243,5,0.324425
244,5,0.324425
245,5,0.324425
246,5,0.324425
247,5,0.324425
248,5,0.324425
249,5,0.315215
250,5,0.315215
251,5,0.315215
252,5,0.350588
253,5,0.350588
254,5,0.350588
255,5,0.384705
256,5,0.384705
257,5,0.384705
258,5,0.402915
259,5,0.402915
260,5,0.402915
261,5,0.402915
262,5,0.402915
263,5,0.402915
264,5,0.402915
265,5,0.402915
266,5,0.402915
267,5,0.416101
268,5,0.416101
269,5,0.405636
270,5,0.39517
271,5,0.39517
272,5,0.39517
273,5,0.39517
274,5,0.39517
275,5,0.400403
276,5,0.408147
277,5,0.408147
278,5,0.408147
279,5,0.408147
280,5,0.408147
281,5,0.408147
282,5,0.408147
283,5,0.408147
284,5,0.429078
285,5,0.447497
286,5,0.441846
287,5,0.441846
288,5,0.441846
289,5,0.441846
290,5,0.441846
291,5,0.474763
292,5,0.474763
293,5,0.474763
294,5,0.506414
295,5,0.506414
296,5,0.506414
297,5,0.506414
298,5,0.485313
299,5,0.485313
300,5,0.485313
301,5,0.485313
302,5,0.493331
303,5,0.493331
304,5,0.493331
305,5,0.493331
306,5,0.514432
307,5,0.514432
308,5,0.514432
309,5,0.514432
310,5,0.514432
311,5,0.495863
312,5,0.496074
313,5,0.496074
314,5,0.496074
315,5,0.527514
316,5,0.548615
317,5,0.548615
318,5,0.548615
319,5,0.548615
320,5,0.548615
321,5,0.548615
322,5,0.548615
323,5,0.548615
324,5,0.527514
325,5,0.514221
326,5,0.485313
327,5,0.488056
328,5,0.488056
329,5,0.488056
330,5,0.488056
331,5,0.488056
332,5,0.488056
333,5,0.488056
334,5,0.488056
335,5,0.488056
336,5,0.516964
337,5,0.516964
338,5,0.516964
339,5,0.524771
340,5,0.511689
341,5,0.511689
342,5,0.511689
343,5,0.474763
344,5,0.474763
345,5,0.474763
346,5,0.474763
347,5,0.474763
348,5,0.474763
349,5,0.474763
350,5,0.474763
351,5,0.474763
352,5,0.474763
353,5,0.464212
354,5,0.485313
355,5,0.469699
356,5,0.469699
357,5,0.469699
358,5,0.469699
359,5,0.469699
360,5,0.469699
361,5,0.458937
362,5,0.458937
363,5,0.458937
364,5,0.458937
365,5,0.455772
366,5,0.455772
367,5,0.455772
368,5,0.455772
369,5,0.455983
370,5,0.432562
371,5,0.422011
372,5,0.430451
373,5,0.430451
374,5,0.430451
375,5,0.430451
376,5,0.430451
377,5,0.430451
378,5,0.430451
379,5,0.430451
380,5,0.430451
381,5,0.430451
382,5,0.430451
383,5,0.430451
384,5,0.430451
385,5,0.430451
386,5,0.430451
387,5,0.422011
388,5,0.422011
389,5,0.422011
390,5,0.422011
391,5,0.422011
392,5,0.422011
393,5,0.422011
394,5,0.422011
395,5,0.422011
396,5,0.422011
397,5,0.422011
398,5,0.422011
399,5,0.422011
400,5,0.422011
401,5,0.422011
402,5,0.422011
403,5,0.422011
404,5,0.422011
405,5,0.422011
406,5,0.422011
407,5,0.422011
408,5,0.422011
409,5,0.422011
410,5,0.422011
411,5,0.422011
412,5,0.422011
413,5,0.422011
414,5,0.422011
415,5,0.422011
416,5,0.422011
417,5,0.422011
418,5,0.422011
419,5,0.422011
420,5,0.422011
421,5,0.422011
422,5,0.422011
423,5,0.422011
424,5,0.422011
425,5,0.422011
426,5,0.395636
427,5,0.395636
428,5,0.411461
429,5,0.411461
430,5,0.411461
431,5,0.411461
432,5,0.411461
433,5,0.411461
434,5,0.411461
435,5,0.411461
436,5,0.411461
437,5,0.411461
438,5,0.411461
439,5,0.415681
440,5,0.415681
441,5,0.415681
442,5,0.415681
443,5,0.415681
444,5,0.415681
445,5,0.415681
446,5,0.415681
447,5,0.415681
448,5,0.415681
449,5,0.415681
450,5,0.431507
451,5,0.422117
452,5,0.422117
453,5,0.422117
454,5,0.413632
455,5,0.413632
456,5,0.413632
457,5,0.413632
458,5,0.394329
459,5,0.388178
460,5,0.388178
461,5,0.381814
462,5,0.381814
463,5,0.37736
464,5,0.371208
465,5,0.371208
466,5,0.371208
467,5,0.371208
468,5,0.371208
469,5,0.371208
470,5,0.371208
471,5,0.371208
472,5,0.371208
473,5,0.314997
474,5,0.314997
475,5,0.314997
476,5,0.260694
477,5,0.286361
478,5,0.286361
479,5,0.286361
480,5,0.286361
481,5,0.286361
482,5,0.286361
483,5,0.286361
484,5,0.286361
485,5,0.286361
486,5,0.286361
487,5,0.286361
488,5,0.286361
489,5,0.286361
490,5,0.286361
491,5,0.286361
492,5,0.286361
493,5,0.286361
494,5,0.286361
495,5,0.286361
496,5,0.286361
497,5,0.286361
498,5,0.286361
499,5,0.296967
500,5,0.296967
501,5,0.296967
502,5,0.296967
503,5,0.296967
504,5,0.349996
505,5,0.349996
506,5,0.349996
507,5,0.349996
508,5,0.349996
509,5,0.352118
510,5,0.352118
511,5,0.352118
512,5,0.352118
513,5,0.352118
514,5,0.352118
515,5,0.352118
516,5,0.352118
517,5,0.352118
518,5,0.352118
519,5,0.352118
520,5,0.352118
521,5,0.352118
522,5,0.352118
523,5,0.352118
524,5,0.352118
525,5,0.352118
526,5,0.352118
527,5,0.352118
528,5,0.352118
529,5,0.352118
530,5,0.352118
531,5,0.352118
532,5,0.352118
533,5,0.352118
534,5,0.352118
535,5,0.352118
536,5,0.352118
537,5,0.352118
538,5,0.352118
539,5,0.354705
540,5,0.354705
541,5,0.354705
542,5,0.385689
543,5,0.385689
544,5,0.385689
545,5,0.385689
546,5,0.385689
547,5,0.385689
548,5,0.385689
549,5,0.385689
550,5,0.385689
551,5,0.385689
552,5,0.385689
553,5,0.401759
554,5,0.385689
555,5,0.385689
556,5,0.385689
557,5,0.385689
558,5,0.385689
559,5,0.385689
560,5,0.385689
561,5,0.372832
562,5,0.372832
563,5,0.364262
564,5,0.364262
565,5,0.364262
566,5,0.364262
567,5,0.364262
568,5,0.364262
569,5,0.364262
570,5,0.364262
571,5,0.364262
572,5,0.351405
573,5,0.351405
574,5,0.351405
575,5,0.351405
576,5,0.351405
577,5,0.351405
578,5,0.332121
579,5,0.332121
580,5,0.332121
581,5,0.332121
582,5,0.332121
583,5,0.369618
584,5,0.369618
585,5,0.369618
586,5,0.354619
587,5,0.356119
588,5,0.357833
589,5,0.35869
590,5,0.359762
591,5,0.359762
592,5,0.359762
593,5,0.359762
594,5,0.359762
595,5,0.359762
596,5,0.359762
597,5,0.359762
598,5,0.359762
599,5,0.359762
600,5,0.359762
601,5,0.359762
602,5,0.359762
603,5,0.374975
604,5,0.374975
605,5,0.374975
606,5,0.374975
607,5,0.374975
608,5,0.374975
609,5,0.374975
610,5,0.374975
611,5,0.374975
612,5,0.374975
613,5,0.374975
614,5,0.374975
615,5,0.374975
616,5,0.374975
617,5,0.374975
618,5,0.374975
619,5,0.374975
620,5,0.374975
621,5,0.374975
622,5,0.374975
623,5,0.374975
624,5,0.374975
625,5,0.374975
626,5,0.374975
627,5,0.374975
628,5,0.374975
629,5,0.374975
630,5,0.374975
631,5,0.364262
632,5,0.364262
633,5,0.364262
634,5,0.342834
635,5,0.342834
636,5,0.342834
637,5,0.342834
638,5,0.342834
639,5,0.342834
640,5,0.342834
641,5,0.342834
642,5,0.342834
643,5,0.342834
644,5,0.342834
645,5,0.342834
646,5,0.342834
647,5,0.342834
648,5,0.342834
649,5,0.342834
650,5,0.342834
651,5,0.342834
652,5,0.342834
653,5,0.342834
654,5,0.342834
655,5,0.342834
656,5,0.342834
657,5,0.342834
658,5,0.342834
659,5,0.29998
660,5,0.302123
661,5,0.302123
662,5,0.302123
663,5,0.277696
664,5,0.277696
665,5,0.277696
666,5,0.284981
667,5,0.267839
668,5,0.267839
669,5,0.267839
670,5,0.267839
671,5,0.267839
672,5,0.267839
673,5,0.267839
674,5,0.267839
675,5,0.289266
676,5,0.289266
677,5,0.289266
678,5,0.289266
679,5,0.302123
680,5,0.306408
681,5,0.306408
682,5,0.306408
683,5,0.306408
684,5,0.274267
685,5,0.274267
686,5,0.274267
687,5,0.274267
688,5,0.274267
689,5,0.27641
690,5,0.27641
691,5,0.27641
692,5,0.27641
693,5,0.27641
694,5,0.27641
695,5,0.27641
696,5,0.27641
697,5,0.27641
698,5,0.27641
699,5,0.27641
700,5,0.27641
701,5,0.27641
702,5,0.280696
703,5,0.278553
704,5,0.278553
705,5,0.278553
706,5,0.278553
707,5,0.278553
708,5,0.278553
709,5,0.278553
710,5,0.267839
711,5,0.267839
712,5,0.267839
713,5,0.267839
714,5,0.267839
715,5,0.267839
716,5,0.267839
717,5,0.269982
718,5,0.269982
719,5,0.269982
720,5,0.269982
721,5,0.269982
722,5,0.269982
723,5,0.269982
724,5,0.269982
725,5,0.269982
726,5,0.269982
727,5,0.269982
728,5,0.269982
729,5,0.269982
730,5,0.269982
731,5,0.269982
732,5,0.269982
733,5,0.269982
734,5,0.269982
735,5,0.269982
736,5,0.269982
737,5,0.269982
738,5,0.269982
739,5,0.269982
740,5,0.269982
741,5,0.269982
742,5,0.269982
743,5,0.269982
744,5,0.230342
745,5,0.218128
746,5,0.2201
747,5,0.241072
748,5,0.241072
749,5,0.241072
750,5,0.241072
751,5,0.241072
752,5,0.241072
753,5,0.241072
754,5,0.241072
755,5,0.241072
756,5,0.261612
757,5,0.261612
758,5,0.261612
759,5,0.261612
760,5,0.272422
761,5,0.272422
762,5,0.272422
763,5,0.272422
764,5,0.272422
765,5,0.272422
766,5,0.272422
767,5,0.272422
768,5,0.278908
769,5,0.289719
770,5,0.289719
771,5,0.291881
772,5,0.291881
773,5,0.291881
774,5,0.291881
775,5,0.291881
776,5,0.291881
777,5,0.291881
778,5,0.291881
779,5,0.291881
780,5,0.291881
781,5,0.291881
782,5,0.291881
783,5,0.291881
784,5,0.291881
785,5,0.291881
786,5,0.291881
787,5,0.291881
788,5,0.291881
789,5,0.291881
790,5,0.291881
791,5,0.291881
792,5,0.291881
793,5,0.28107
794,5,0.28107
795,5,0.28107
796,5,0.28107
797,5,0.28107
798,5,0.28107
799,5,0.302691
800,5,0.302691
801,5,0.302691
802,5,0.302691
803,5,0.302691
804,5,0.302691
805,5,0.302691
806,5,0.302691
807,5,0.302691
808,5,0.302691
809,5,0.302691
810,5,0.302691
811,5,0.302691
812,5,0.302691
813,5,0.302691
814,5,0.302691
815,5,0.302691
816,5,0.302691
817,5,0.302691
818,5,0.302691
819,5,0.302691
820,5,0.302691
821,5,0.302691
822,5,0.302691
823,5,0.302691
824,5,0.302691
825,5,0.302691
826,5,0.306172
827,5,0.306172
828,5,0.306172
829,5,0.306172
830,5,0.306172
831,5,0.260902
832,5,0.260902
833,5,0.260902
834,5,0.260902
835,5,0.260902
836,5,0.260902
837,5,0.260902
838,5,0.260902
839,5,0.260902
840,5,0.260902
841,5,0.260902
842,5,0.260902
843,5,0.260902
844,5,0.260902
845,5,0.260902
846,5,0.260902
847,5,0.260902
848,5,0.260902
849,5,0.260902
850,5,0.260902
851,5,0.260902
852,5,0.260902
853,5,0.260902
854,5,0.260902
855,5,0.260902
856,5,0.260902
857,5,0.260902
858,5,0.260902
859,5,0.260902
860,5,0.260902
861,5,0.260902
862,5,0.260902
863,5,0.260902
864,5,0.260902
865,5,0.260902
866,5,0.260902
867,5,0.260902
868,5,0.317107
869,5,0.317107
870,5,0.317107
871,5,0.317107
872,5,0.352098
873,5,0.352098
874,5,0.352098
875,5,0.352098
876,5,0.352098
877,5,0.37178
878,5,0.37178
879,5,0.376154
880,5,0.376154
881,5,0.376154
882,5,0.376154
883,5,0.376154
884,5,0.376154
885,5,0.376154
886,5,0.376154
887,5,0.376154
888,5,0.376154
889,5,0.376154
890,5,0.376154
891,5,0.376154
892,5,0.376154
893,5,0.376154
894,5,0.376154
895,5,0.376154
896,5,0.376154
897,5,0.376154
898,5,0.376154
899,5,0.376154
900,5,0.380528
901,5,0.380528
902,5,0.380528
903,5,0.389276
904,5,0.389276
905,5,0.389276
906,5,0.389276
907,5,0.389276
908,5,0.395837
909,5,0.395837
910,5,0.395837
911,5,0.395837
912,5,0.395837
913,5,0.395837
914,5,0.395837
915,5,0.384683
916,5,0.384683
917,5,0.384683
918,5,0.384683
919,5,0.384683
920,5,0.384683
921,5,0.384683
922,5,0.384683
923,5,0.384683
924,5,0.384683
925,5,0.384683
926,5,0.384683
927,5,0.384683
928,5,0.384683
929,5,0.384683
930,5,0.384683
931,5,0.384683
932,5,0.384683
933,5,0.384683
934,5,0.384683
935,5,0.384683
936,5,0.384683
937,5,0.384683
938,5,0.384683
939,5,0.384683
940,5,0.384683
941,5,0.360846
942,5,0.360846
943,5,0.360846
944,5,0.360846
945,5,0.360846
946,5,0.360846
947,5,0.360846
948,5,0.360846
949,5,0.360846
950,5,0.360846
951,5,0.360846
952,5,0.360846
953,5,0.360846
954,5,0.360846
955,5,0.360846
956,5,0.360846
957,5,0.37178
958,5,0.37178
959,5,0.37178
960,5,0.37178
961,5,0.37178
962,5,0.415519
963,5,0.415519
964,5,0.415519
965,5,0.415519
966,5,0.415519
967,5,0.415519
968,5,0.415519
969,5,0.415519
970,5,0.415519
971,5,0.415519
972,5,0.415519
973,5,0.415519
974,5,0.415519
975,5,0.415519
976,5,0.415519
977,5,0.415519
978,5,0.415519
979,5,0.415519
980,5,0.415519
981,5,0.415519
982,5,0.415519
983,5,0.415519
984,5,0.415519
985,5,0.415519
986,5,0.415519
987,5,0.415519
988,5,0.415519
989,5,0.415519
990,5,0.415519
991,5,0.415519
992,5,0.415519
993,5,0.415519
994,5,0.415519
995,5,0.415519
996,5,0.415519
997,5,0.45051
998,5,0.45051
999,5,0.45051
1000,5,0.45051
1001,5,0.45051
1002,5,0.45051
1003,5,0.45051
1004,5,0.45051
1005,5,0.45051
1006,5,0.45051
1007,5,0.45051
1008,5,0.45051
1009,5,0.45051
1010,5,0.45051
1011,5,0.45051
1012,5,0.45051
1013,5,0.45051
1014,5,0.45051
1015,5,0.45051
1016,5,0.45051
1017,5,0.45051
1018,5,0.45051
1019,5,0.45051
1020,5,0.45051
1021,5,0.45051
1022,5,0.45051
1023,5,0.45051
1024,5,0.45051
1025,5,0.45051
1026,5,0.45051
1027,5,0.45051
1028,5,0.443949
1029,5,0.443949
1030,5,0.443949
1031,5,0.443949
1032,5,0.443949
1033,5,0.443949
1034,5,0.443949
1035,5,0.439576
1036,5,0.439576
1037,5,0.448323
1038,5,0.448323
1039,5,0.448323
1040,5,0.448323
1041,5,0.448323
1042,5,0.448323
1043,5,0.448323
1044,5,0.448323
1045,5,0.448323
1046,5,0.448323
1047,5,0.448323
1048,5,0.448323
1049,5,0.448323
1050,5,0.448323
1051,5,0.448323
1052,5,0.448323
1053,5,0.448323
1054,5,0.448323
1055,5,0.448323
1056,5,0.448323
1057,5,0.448323
1058,5,0.448323
1059,5,0.502997
1060,5,0.502997
1061,5,0.502997
1062,5,0.502997
1063,5,0.502997
1064,5,0.502997
1065,5,0.502997
1066,5,0.502997
1067,5,0.502997
1068,5,0.502997
1069,5,0.502997
1070,5,0.502997
1071,5,0.502997
1072,5,0.502997
1073,5,0.502997
1074,5,0.502997
1075,5,0.502997
1076,5,0.502997
1077,5,0.502997
1078,5,0.502997
1079,5,0.502997
1080,5,0.513932
1081,5,0.513932
1082,5,0.513932
1083,5,0.502997
1084,5,0.535801
1085,5,0.606877
1086,5,0.606877
1087,5,0.688887
1088,5,0.743561
1089,5,0.742248
1090,5,0.760181
1091,5,0.763462
1092,5,0.743561
1093,5,0.723878
1094,5,0.718848
1095,5,0.718848
1096,5,0.719789
1097,5,0.722635
1098,5,0.708402
1099,5,0.722197
1100,5,0.724825
1101,5,0.708402
1102,5,0.718256
1103,5,0.718256
1104,5,0.718256
1105,5,0.699204
1106,5,0.711686
1107,5,0.711686
1108,5,0.720446
1109,5,0.722635
1110,5,0.727891
1111,5,0.719789
1112,5,0.724825
1113,5,0.722635
1114,5,0.722635
1115,5,0.722635
1116,5,0.722635
1117,5,0.722635
1118,5,0.720008
1119,5,0.720008
1120,5,0.720008
1121,5,0.720008
1122,5,0.720008
1123,5,0.720008
1124,5,0.720008
1125,5,0.752636
1126,5,0.742344
1127,5,0.755482
1128,5,0.766431
1129,5,0.760957
1130,5,0.760957
1131,5,0.760957
1132,5,0.760957
1133,5,0.771906
1134,5,0.739059
1135,5,0.739059
1136,5,0.733584
1137,5,0.749789
1138,5,0.766431
1139,5,0.759862
1140,5,0.759862
1141,5,0.759862
1142,5,0.759862
1143,5,0.751103
1144,5,0.751103
1145,5,0.810227
1146,5,0.788329
1147,5,0.788329
1148,5,0.810227
1149,5,0.799278
1150,5,0.799278
1151,5,0.799278
1152,5,0.799278
1153,5,0.854024
1154,5,0.854024
1155,5,0.854024
1156,5,0.854024
1157,5,0.854024
1158,5,0.854024
1159,5,0.854024
1160,5,0.854024
1161,5,0.854024
1162,5,0.854024
1163,5,0.854024
1164,5,0.854024
1165,5,0.854024
1166,5,0.854024
1167,5,0.854024
1168,5,0.857746
1169,5,0.846797
1170,5,0.846797
1171,5,0.856651
1172,5,0.856651
1173,5,0.864973
1174,5,0.864973
1175,5,0.864973
1176,5,0.854024
1177,5,0.854024
1178,5,0.854024
1179,5,0.854024
1180,5,0.854024
1181,5,0.854024
1182,5,0.854024
1183,5,0.854024
1184,5,0.854024
1185,5,0.814607
1186,5,0.814607
1187,5,0.814607
1188,5,0.814607
1189,5,0.814607
1190,5,0.828184
1191,5,0.828184
1192,5,0.828184
1193,5,0.828184
1194,5,0.829936
1195,5,0.829936
1196,5,0.829936
1197,5,0.854024
1198,5,0.864973
1199,5,0.864973
1200,5,0.870228
1201,5,0.870228
1202,5,0.870228
1203,5,0.870228
1204,5,0.870228
1205,5,0.870228
1206,5,0.892783
1207,5,0.892783
1208,5,0.887966
1209,5,0.887966
1210,5,0.887966
1211,5,0.887966
1212,5,0.887966
1213,5,0.887966
1214,5,0.886652
1215,5,0.886652
1216,5,0.886652
1217,5,0.886652
1218,5,0.886652
1219,5,0.886652
1220,5,0.930667
1221,5,0.924097
1222,5,0.924097
1223,5,0.924097
1224,5,0.924097
1225,5,0.924097
1226,5,0.922083
1227,5,0.922083
1228,5,0.93306
1229,5,0.93306
1230,5,0.93306
1231,5,0.927571
1232,5,0.927571
1233,5,0.927571
1234,5,0.927571
1235,5,0.927571
1236,5,0.927571
1237,5,0.927571
1238,5,0.927571
1239,5,0.927571
1240,5,0.927571
1241,5,0.93306
1242,5,0.959405
1243,5,0.959405
1244,5,0.98092
1245,5,0.98092
1246,5,0.98092
1247,5,1.012535
1248,5,1.020877
1249,5,1.020877
1250,5,1.042832
1251,5,1.042832
1252,5,1.031854
1253,5,1.031854
1254,5,1.031854
1255,5,1.031854
1256,5,1.031854
1257,5,1.087618
1258,5,1.087618
1259,5,1.088497
1260,5,1.088497
1261,5,1.088497
1262,5,1.09157
1263,5,1.081252
1264,5,1.095083
1265,5,1.095083
1266,5,1.095083
1267,5,1.095083
1268,5,1.095083
1269,5,1.088936
1270,5,1.088936
1271,5,1.076861
1272,5,1.082349
1273,5,1.085643
1274,5,1.085643
1275,5,1.075763
1276,5,1.075763
1277,5,1.065664
1278,5,1.065664
1279,5,1.075324
1280,5,1.076422
1281,5,1.072909
1282,5,1.063469
1283,5,1.05798
1284,5,1.064347
1285,5,1.070275
1286,5,1.08191
1287,5,1.097937
1288,5,1.097937
1289,5,1.097937
1290,5,1.097937
1291,5,1.130649
1292,5,1.130649
1293,5,1.142724
1294,5,1.142724
1295,5,1.142724
1296,5,1.142504
1297,5,1.142504
1298,5,1.152603
1299,5,1.152603
1300,5,1.152603
1301,5,1.129551
1302,5,1.132625
1303,5,1.132625
1304,5,1.132625
1305,5,1.132625
1306,5,1.132625
1307,5,1.132625
1308,5,1.08696
1309,5,1.08696
1310,5,1.039931
1311,5,1.039931
1312,5,1.043022
1313,5,1.043022
1314,5,1.082544
1315,5,1.068192
1316,5,1.068192
1317,5,1.068192
1318,5,1.068192
1319,5,1.068192
1320,5,1.068192
1321,5,1.068192
1322,5,1.068192
1323,5,1.068192
1324,5,1.068192
1325,5,1.068192
1326,5,1.068192
1327,5,1.068192
1328,5,1.133989
1329,5,1.138846
1330,5,1.138846
1331,5,1.11478
1332,5,1.11478
1333,5,1.121183
1334,5,1.121183
1335,5,1.121183
1336,5,1.11478
1337,5,1.099545
1338,5,1.049204
1339,5,1.070842
1340,5,1.070842
1341,5,1.070842
1342,5,1.065101
1343,5,1.065101
1344,5,1.043243
1345,5,1.043243
1346,5,1.043243
1347,5,1.043243
1348,5,1.043243
1349,5,1.043243
1350,5,1.043243
1351,5,1.026684
1352,5,1.026684
1353,5,1.026684
1354,5,1.026684
1355,5,1.011228
1356,5,1.011228
1357,5,1.011228
1358,5,0.927327
1359,5,0.927327
1360,5,0.927327
1361,5,0.927327
1362,5,0.927327
1363,5,0.927327
1364,5,0.927327
1365,5,0.927327
1366,5,0.927327
1367,5,0.927327
1368,5,0.927327
1369,5,0.927327
1370,5,0.927327
1371,5,0.927327
1372,5,0.927327
1373,5,0.927327
1374,5,0.927327
1375,5,0.927327
1376,5,0.927327
1377,5,0.927327
1378,5,0.927327
1379,5,0.927327
1380,5,0.927327
1381,5,0.927327
1382,5,0.927327
1383,5,0.927327
1384,5,0.927327
1385,5,0.927327
1386,5,0.927327
1387,5,0.927327
1388,5,0.927327
1389,5,0.927327
1390,5,0.927327
1391,5,0.927327
1392,5,0.927327
1393,5,0.927327
1394,5,0.927327
1395,5,0.927327
1396,5,0.927327
1397,5,0.927327
1398,5,0.927327
1399,5,0.927327
1400,5,0.927327
1401,5,0.927327
1402,5,0.927327
1403,5,0.927327
1404,5,0.927327
1405,5,0.927327
1406,5,0.927327
1407,5,0.473599
1408,5,0.485743
1409,5,0.528797
1410,5,0.533875
1411,5,0.551318
1412,5,0.556396
1413,5,0.547565
1414,5,0.54624
1415,5,0.538733
1416,5,0.545357
1417,5,0.550876
1418,5,0.55198
1419,5,0.55463
1420,5,0.558604
1421,5,0.56302
1422,5,0.562137
1423,5,0.570748
1424,5,0.561474
1425,5,0.548669
1426,5,0.5575
1427,5,0.556396
1428,5,0.564124
1429,5,0.5575
1430,5,0.550656
1431,5,0.565228
1432,5,0.56302
1433,5,0.564124
1434,5,0.558604
1435,5,0.555292
1436,5,0.555072
1437,5,0.540058
1438,5,0.522173
1439,5,0.526589
1440,5,0.533213
1441,5,0.544253
1442,5,0.547565
1443,5,0.548889
1444,5,0.56567
1445,5,0.571852
1446,5,0.573618
1447,5,0.576268
1448,5,0.566332
1449,5,0.582008
1450,5,0.588411
1451,5,0.585099
1452,5,0.570748
1453,5,0.573618
1454,5,0.572735
1455,5,0.577372
1456,5,0.566332
1457,5,0.550876
1458,5,0.558604
1459,5,0.55198
1460,5,0.544253
1461,5,0.555734
1462,5,0.559267
1463,5,0.553526
1464,5,0.548006
1465,5,0.566332
1466,5,0.578475
1467,5,0.595035
1468,5,0.629258
1469,5,0.622855
1470,5,0.639635
1471,5,0.64118
1472,5,0.647142
1473,5,0.644051
1474,5,0.640076
1475,5,0.654649
1476,5,0.650895
1477,5,0.638531
1478,5,0.631466
1479,5,0.653103
1480,5,0.649526
1481,5,0.656401
1482,5,0.650857
1483,5,0.651966
1484,5,0.661945
1485,5,0.66771
1486,5,0.665271
1487,5,0.681459
1488,5,0.670815
1489,5,0.655292
1490,5,0.644204
1491,5,0.660836
1492,5,0.660836
1493,5,0.656401
1494,5,0.632008
1495,5,0.631564
1496,5,0.619811
1497,5,0.622472
1498,5,0.615376
1499,5,0.61338
1500,5,0.604953
1501,5,0.603179
1502,5,0.60207
1503,5,0.610719
1504,5,0.614489
1505,5,0.607614
1506,5,0.612049
1507,5,0.619367
1508,5,0.630455
1509,5,0.624911
1510,5,0.647531
1511,5,0.642208
1512,5,0.643317
1513,5,0.669041
1514,5,0.683899
1515,5,0.68412
1516,5,0.688777
1517,5,0.667267
1518,5,0.667267
1519,5,0.689664
1520,5,0.70297
1521,5,0.702083
1522,5,0.696317
1523,5,0.6941
1524,5,0.710288
1525,5,0.721819
1526,5,0.72071
1527,5,0.732242
1528,5,0.735125
1529,5,0.769497
1530,5,0.75597
1531,5,0.749539
1532,5,0.754196
1533,5,0.737786
1534,5,0.717162
1535,5,0.716497
1536,5,0.726476
1537,5,0.722928
1538,5,0.726254
1539,5,0.709623
1540,5,0.707627
1541,5,0.68789
1542,5,0.712727
1543,5,0.727585
1544,5,0.719247
1545,5,0.728652
1546,5,0.740296
1547,5,0.736937
1548,5,0.73425
1549,5,0.732234
1550,5,0.74455
1551,5,0.755299
1552,5,0.771421
1553,5,0.775676
1554,5,0.780602
1555,5,0.760225
1556,5,0.768062
1557,5,0.788216
1558,5,0.803219
1559,5,0.761345
1560,5,0.751492
1561,5,0.774332
1562,5,0.77478
1563,5,0.768062
1564,5,0.772541
1565,5,0.768958
1566,5,0.789335
1567,5,0.785976
1568,5,0.779707
1569,5,0.778139
1570,5,0.772541
1571,5,0.753507
1572,5,0.746118
1573,5,0.768958
1574,5,0.747909
1575,5,0.761345
1576,5,0.772093
1577,5,0.779259
1578,5,0.775676
1579,5,0.783737
1580,5,0.80613
1581,5,0.820685
1582,5,0.823372
1583,5,0.826731
1584,5,0.829194
1585,5,0.807249
1586,5,0.811728
1587,5,0.806801
1588,5,0.799412
1589,5,0.820685
1590,5,0.829866
1591,5,0.838599
1592,5,0.827403
1593,5,0.80389
1594,5,0.796949
1595,5,0.788216
1596,5,0.806578
1597,5,0.80389
1598,5,0.819117
1599,5,0.844197
1600,5,0.841958
1601,5,0.821804
1602,5,0.826059
1603,5,0.8139
1604,5,0.817737
1605,5,0.810966
1606,5,0.817285
1607,5,0.819091
1608,5,0.793361
1609,5,0.822702
1610,5,0.838502
1611,5,0.847079
1612,5,0.871229
1613,5,0.892672
1614,5,0.883192
1615,5,0.891995
1616,5,0.888158
1617,5,0.866715
1618,5,0.866715
1619,5,0.862653
1620,5,0.866715
1621,5,0.878904
1622,5,0.8938
1623,5,0.910954
1624,5,0.918628
1625,5,0.938942
1626,5,0.927656
1627,5,0.927656
1628,5,0.937136
1629,5,0.920885
1630,5,0.924271
1631,5,0.927656
1632,5,0.946841
1633,5,0.940296
1634,5,0.952935
1635,5,0.960609
1636,5,0.964898
1637,5,0.9895
1638,5,0.984083
1639,5,0.940522
1640,5,0.916371
1641,5,0.881838
1642,5,0.90012
1643,5,0.835116
1644,5,0.843016
1645,5,0.83963
1646,5,0.802163
1647,5,0.797198
1648,5,0.771016
1649,5,0.81706
1650,5,0.840308
1651,5,0.794038
1652,5,0.811869
1653,5,0.850464
1654,5,0.852283
1655,5,0.840464
1656,5,0.823873
1657,5,0.822737
1658,5,0.798873
1659,5,0.797737
1660,5,0.763645
1661,5,0.717963
1662,5,0.722508
1663,5,0.764327
1664,5,0.756145
1665,5,0.7591
1666,5,0.763645
1667,5,0.777054
1668,5,0.779555
1669,5,0.780236
1670,5,0.7691
1671,5,0.755463
1672,5,0.755009
1673,5,0.8091
1674,5,0.831828
1675,5,0.87501
1676,5,0.828419
1677,5,0.843192
1678,5,0.831146
1679,5,0.832282
1680,5,0.836601
1681,5,0.823873
1682,5,0.805918
1683,5,0.795464
1684,5,0.794327
1685,5,0.797055
1686,5,0.82751
1687,5,0.817282
1688,5,0.807737
1689,5,0.828191
1690,5,0.82501
1691,5,0.820919
1692,5,0.813646
1693,5,0.818191
1694,5,0.804555
1695,5,0.802055
1696,5,0.815919
1697,5,0.817737
1698,5,0.818191
1699,5,0.803646
1700,5,0.812964
1701,5,0.82501
1702,5,0.821373
1703,5,0.834101
1704,5,0.826146
1705,5,0.843192
1706,5,0.849555
1707,5,0.863646
1708,5,0.868192
1709,5,0.876828
1710,5,0.871601
1711,5,0.854101
1712,5,0.860919
1713,5,0.865237
1714,5,0.87501
1715,5,0.899101
1716,5,0.894329
1717,5,0.890919
1718,5,0.908874
1719,5,0.909783
1720,5,0.88501
1721,5,0.87501
1722,5,0.895465
1723,5,0.880465
1724,5,0.889783
1725,5,0.898874
1726,5,0.905465
1727,5,0.904556
1728,5,0.914556
1729,5,0.90001
1730,5,0.892056
1731,5,0.857965
1732,5,0.870465
1733,5,0.890692
1734,5,0.910465
1735,5,0.917238
1736,5,0.92685
1737,5,0.918153
1738,5,0.930511
1739,5,0.931427
1740,5,0.937606
1741,5,0.943785
1742,5,0.935317
1743,5,0.949735
1744,5,0.950421
1745,5,0.945158
1746,5,0.960033
1747,5,0.959576
1748,5,0.955914
1749,5,0.944471
1750,5,0.948133
1751,5,0.934173
1752,5,0.91083
1753,5,0.924103
1754,5,0.911517
1755,5,0.901676
1756,5,0.901676
1757,5,0.888174
1758,5,0.882224
1759,5,0.900989
1760,5,0.917009
1761,5,0.902591
1762,5,0.903965
1763,5,0.908542
1764,5,0.928223
1765,5,0.936004
1766,5,0.930282
1767,5,0.947446
1768,5,0.939437
1769,5,0.959118
1770,5,0.963466
1771,5,0.969874
1772,5,0.958889
1773,5,0.949048
1774,5,0.947904
1775,5,0.949048
1776,5,0.946531
1777,5,0.930969
1778,5,0.931198
1779,5,0.950421
1780,5,0.949735
1781,5,0.945387
1782,5,0.949964
1783,5,0.967585
1784,5,0.964839
1785,5,0.97262
1786,5,0.971018
1787,5,0.986122
1788,5,0.983834
1789,5,0.987495
1790,5,1.002142
1791,5,0.986809
1792,5,0.990928
1793,5,0.996649
1794,5,0.997176
1795,5,0.992101
1796,5,1.003404
1797,5,0.995792
1798,5,1.004327
1799,5,1.016321
1800,5,1.012631
1801,5,1.006864
1802,5,1.008709
1803,5,0.985642
1804,5,0.998099
1805,5,0.98841
1806,5,0.984258
1807,5,1.010785
1808,5,1.037543
1809,5,1.033621
1810,5,1.042617
1811,5,1.046769
1812,5,1.043309
1813,5,1.05046
1814,5,1.062916
1815,5,1.073527
1816,5,1.047692
1817,5,1.04354
1818,5,1.02624
1819,5,1.043079
1820,5,1.057611
1821,5,1.076987
1822,5,1.068452
1823,5,1.071912
1824,5,1.072373
1825,5,1.069144
1826,5,1.054381
1827,5,1.055996
1828,5,1.053459
1829,5,1.068221
1830,5,1.095902
1831,5,1.117584
1832,5,1.134884
1833,5,1.095671
1834,5,1.115278
1835,5,1.127503
1836,5,1.137883
1837,5,1.125196
1838,5,1.059687
1839,5,1.060609
1840,5,1.074911
1841,5,1.070297
1842,5,1.058303
1843,5,1.117123
1844,5,1.107204
1845,5,1.117123
1846,5,1.137422
1847,5,1.141804
1848,5,1.122659
1849,5,1.134884
1850,5,1.135576
1851,5,1.121275
1852,5,1.138575
1853,5,1.147802
1854,5,1.178942
1855,5,1.178919
1856,5,1.180773
1857,5,1.187032
1858,5,1.181932
1859,5,1.173124
1860,5,1.199549
1861,5,1.208821
1862,5,1.215543
1863,5,1.247762
1864,5,1.242431
1865,5,1.256107
1866,5,1.271174
1867,5,1.261207
1868,5,1.254948
1869,5,1.26422
1870,5,1.275346
1871,5,1.294817
1872,5,1.29134
1873,5,1.294585
1874,5,1.300612
1875,5,1.325646
1876,5,1.319851
1877,5,1.33515
1878,5,1.34419
1879,5,1.334918
1880,5,1.338859
1881,5,1.324024
1882,5,1.328196
1883,5,1.346276
1884,5,1.388463
1885,5,1.37896
1886,5,1.368297
1887,5,1.376873
1888,5,1.411643
1889,5,1.37641
1890,5,1.378264
1891,5,1.384986
1892,5,1.416974
1893,5,1.475387
1894,5,1.50668
1895,5,1.533336
1896,5,1.572973
1897,5,1.551648
1898,5,1.538899
1899,5,1.490917
1900,5,1.496944
1901,5,1.523137
1902,5,1.529859
1903,5,1.548403
1904,5,1.628373
1905,5,1.628373
1906,5,1.604961
1907,5,1.604961
1908,5,1.539557
1909,5,1.580145
1910,5,1.612151
1911,5,1.606121
1912,5,1.637432
1913,5,1.680339
1914,5,1.715592
1915,5,1.729972
1916,5,1.719535
1917,5,1.650188
1918,5,1.646709
1919,5,1.617671
1920,5,1.581873
1921,5,1.566763
1922,5,1.576991
1923,5,1.611627
1924,5,1.631851
1925,5,1.627202
1926,5,1.634176
1927,5,1.672531
1928,5,1.699031
1929,5,1.700194
1930,5,1.700426
1931,5,1.715536
1932,5,1.735992
1933,5,1.738782
1934,5,1.720185
1935,5,1.735527
1936,5,1.729483
1937,5,1.744361
1938,5,1.73576
1939,5,1.781089
1940,5,1.717395
1941,5,1.721115
1942,5,1.640685
1943,5,1.630224
1944,5,1.670207
1945,5,1.628364
1946,5,1.603956
1947,5,1.596983
1948,5,1.525618
1949,5,1.549561
1950,5,1.563276
1951,5,1.63557
1952,5,1.563276
1953,5,1.557465
1954,5,1.548166
1955,5,1.464482
1956,5,1.389631
1957,5,1.325007
1958,5,1.323148
1959,5,1.365687
1960,5,1.368942
1961,5,1.437749
1962,5,1.440306
1963,5,1.494701
1964,5,1.50028
1965,5,1.434262
1966,5,1.506092
1967,5,1.536079
1968,5,1.571412
1969,5,1.58257
1970,5,1.557465
1971,5,1.55793
1972,5,1.528175
1973,5,1.511438
1974,5,1.544912
1975,5,1.580711
1976,5,1.58443
1977,5,1.580711
1978,5,1.557232
1979,5,1.560254
1980,5,1.604421
1981,5,1.587917
1982,5,1.627202
1983,5,1.596983
1984,5,1.589311
1985,5,1.594681
1986,5,1.637812
1987,5,1.650402
1988,5,1.727571
1989,5,1.757413
1990,5,1.749253
1991,5,1.736664
1992,5,1.792384
1993,5,1.795182
1994,5,1.818496
1995,5,1.785856
1996,5,1.783525
1997,5,1.830153
1998,5,1.762776
1999,5,1.745989
2000,5,1.761144
2001,5,1.837614
2002,5,1.770702
2003,5,1.766506
2004,5,1.802176
2005,5,1.784691
2006,5,1.771868
2007,5,1.79425
2008,5,1.824325
2009,5,1.840411
2010,5,1.865124
2011,5,1.841577
2012,5,1.865124
2013,5,1.853467
2014,5,1.865124
2015,5,1.812901
2016,5,1.718246
2017,5,1.701926
2018,5,1.619394
2019,5,1.684907
2020,5,1.72524
2021,5,1.701926
2022,5,1.704724
2023,5,1.643641
2024,5,1.655298
2025,5,1.587687
2026,5,1.573932
2027,5,1.50702
2028,5,1.597013
2029,5,1.650635
2030,5,1.640144
2031,5,1.661126
2032,5,1.722442
2033,5,1.661126
2034,5,1.676047
2035,5,1.704024
2036,5,1.696097
2037,5,1.713583
2038,5,1.637696
2039,5,1.67045
2040,5,1.643077
2041,5,1.616406
2042,5,1.556747
2043,5,1.581078
2044,5,1.567509
2045,5,1.578973
2046,5,1.61196
2047,5,1.627168
2048,5,1.632783
2049,5,1.620617
2050,5,1.590904
2051,5,1.590904
2052,5,1.637462
2053,5,1.660857
2054,5,1.596753
2055,5,1.586225
2056,5,1.567509
2057,5,1.573358
2058,5,1.637228
2059,5,1.6143
2060,5,1.626232
2061,5,1.547622
2062,5,1.509254
2063,5,1.409822
2064,5,1.462228
2065,5,1.437429
2066,5,1.449829
2067,5,1.482115
2068,5,1.462228
2069,5,1.530544
2070,5,1.503171
2071,5,1.523759
2072,5,1.497322
2073,5,1.596753
2074,5,1.575463
2075,5,1.528906
2076,5,1.520717
2077,5,1.567509
2078,5,1.601666
2079,5,1.660623
2080,5,1.660857
2081,5,1.696185
2082,5,1.631847
2083,5,1.617341
2084,5,1.654541
2085,5,1.661091
2086,5,1.673257
2087,5,1.687996
2088,5,1.730108
2089,5,1.781813
2090,5,1.808484
2091,5,1.865803
2092,5,1.77807
2093,5,1.806144
2094,5,1.782983
2095,5,1.775496
2096,5,1.684955
2097,5,1.637696
2098,5,1.602602
2099,5,1.663431
2100,5,1.647054
2101,5,1.661091
2102,5,1.641205
2103,5,1.61664
2104,5,1.661091
2105,5,1.571954
2106,5,1.579207
2107,5,1.60307
2108,5,1.623658
2109,5,1.621787
2110,5,1.573826
2111,5,1.544113
2112,5,1.530076
2113,5,1.586225
2114,5,1.600029
2115,5,1.647522
2116,5,1.619915
2117,5,1.619213
2118,5,1.592308
2119,5,1.593478
2120,5,1.622956
2121,5,1.56049
2122,5,1.554641
2123,5,1.559554
2124,5,1.59852
2125,5,1.575046
2126,5,1.577394
2127,5,1.549226
2128,5,1.539602
2129,5,1.539837
2130,5,1.525753
2131,5,1.512608
2132,5,1.534203
2133,5,1.470591
2134,5,1.525518
2135,5,1.594294
2136,5,1.630912
2137,5,1.633964
2138,5,1.631382
2139,5,1.566361
2140,5,1.535846
2141,5,1.535142
2142,5,1.574812
2143,5,1.581854
2144,5,1.580211
2145,5,1.600632
2146,5,1.622462
2147,5,1.582558
2148,5,1.57622
2149,5,1.555564
2150,5,1.556268
2151,5,1.548757
2152,5,1.521293
2153,5,1.525753
2154,5,1.521058
2155,5,1.508383
2156,5,1.483501
2157,5,1.443832
2158,5,1.455897
2159,5,1.476088
2160,5,1.46928
2161,5,1.487828
2162,5,1.434297
2163,5,1.432184
2164,5,1.516236
2165,5,1.475854
2166,5,1.493228
2167,5,1.482427
2168,5,1.438053
2169,5,1.480784
2170,5,1.433592
2171,5,1.451906
2172,5,1.427958
2173,5,1.449088
2174,5,1.394618
2175,5,1.393914
2176,5,1.396496
2177,5,1.351887
2178,5,1.3216
2179,5,1.314557
2180,5,1.276991
2181,5,1.26173
2182,5,1.216652
2183,5,1.244356
2184,5,1.257974
2185,5,1.303052
2186,5,1.297418
2187,5,1.253982
2188,5,1.254922
2189,5,1.225574
2190,5,1.225104
2191,5,1.221747
2192,5,1.233724
2193,5,1.211685
2194,5,1.22007
2195,5,1.202582
2196,5,1.221747
2197,5,1.258159
2198,5,1.26343
2199,5,1.258878
2200,5,1.259357
2201,5,1.310862
2202,5,1.344161
2203,5,1.323559
2204,5,1.31757
2205,5,1.30679
2206,5,1.276845
2207,5,1.270377
2208,5,1.279959
2209,5,1.274449
2210,5,1.255285
2211,5,1.260795
2212,5,1.264148
2213,5,1.286906
2214,5,1.27972
2215,5,1.270377
2216,5,1.267263
2217,5,1.259118
2218,5,1.29577
2219,5,1.293854
2220,5,1.251212
2221,5,1.243067
2222,5,1.211685
2223,5,1.201624
2224,5,1.203301
2225,5,1.185813
2226,5,1.222226
2227,5,1.225579
2228,5,1.250494
2229,5,1.185813
2230,5,1.140297
2231,5,1.080407
2232,5,1.075616
2233,5,1.17671
2234,5,1.207373
2235,5,1.174314
2236,5,1.164971
2237,5,1.197791
2238,5,1.14389
2239,5,1.001832
2240,5,1.094493
2241,5,1.142603
2242,5,1.041332
2243,5,1.029545
2244,5,0.920096
2245,5,0.902295
2246,5,0.878
2247,5,0.847932
2248,5,0.819066
2249,5,0.938137
2250,5,0.983841
2251,5,0.817863
2252,5,0.863567
2253,5,0.950164
2254,5,1.004288
2255,5,0.938137
2256,5,0.723328
2257,5,0.765664
2258,5,0.733671
2259,5,0.764943
2260,5,0.906866
2261,5,0.913842
2262,5,0.909271
2263,5,0.887141
2264,5,0.867416
2265,5,0.894838
2266,5,0.86934
2267,5,0.866213
2268,5,0.933807
2269,5,0.938137
2270,5,0.902055
2271,5,0.86477
2272,5,0.963395
2273,5,0.920096
2274,5,0.884976
2275,5,0.902055
2276,5,0.78587
2277,5,0.727417
2278,5,0.853945
2279,5,0.857072
2280,5,0.831574
2281,5,0.849134
2282,5,0.825561
2283,5,0.789478
2284,5,0.774564
2285,5,0.747623
2286,5,0.740888
2287,5,0.769754
2288,5,0.786592
2289,5,0.786592
2290,5,0.841918
2291,5,0.853945
2292,5,0.847932
2293,5,0.854186
2294,5,0.945354
2295,5,0.884014
2296,5,0.860681
2297,5,0.868138
2298,5,0.842158
2299,5,0.837829
2300,5,0.837829
2301,5,0.835423
2302,5,0.808001
2303,5,0.853945
2304,5,0.871986
2305,5,0.914082
2306,5,0.92611
2307,5,0.942948
2308,5,0.920337
2309,5,0.884014
2310,5,0.896041
2311,5,0.841918
2312,5,0.848894
2313,5,0.843121
2314,5,0.854499
2315,5,0.854015
2316,5,0.793618
2317,5,0.832997
2318,5,0.827441
2319,5,0.83348
2320,5,0.807389
2321,5,0.821401
2322,5,0.834688
2323,5,0.83348
2324,5,0.829132
2325,5,0.823334
2326,5,0.854257
2327,5,0.857881
2328,5,0.881798
2329,5,0.927458
2330,5,0.904749
2331,5,0.881798
2332,5,0.902575
2333,5,0.916828
2334,5,0.896293
2335,5,0.849184
2336,5,0.861263
2337,5,0.855223
2338,5,0.84556
2339,5,0.821401
2340,5,0.83348
2341,5,0.8516
2342,5,0.855948
2343,5,0.835896
2344,5,0.750616
2345,5,0.753998
2346,5,0.789994
2347,5,0.794343
2348,5,0.83034
2349,5,0.80449
2350,5,0.855707
2351,5,0.861263
2352,5,0.870685
2353,5,0.887113
2354,5,0.897984
2355,5,0.888563
2356,5,0.908373
2357,5,0.909339
2358,5,0.918036
2359,5,0.977226
2360,5,0.948235
2361,5,0.971186
2362,5,0.977467
2363,5,0.960073
2364,5,0.924076
2365,5,0.933015
2366,5,0.977226
2367,5,1.024094
2368,5,1.06154
2369,5,1.046078
2370,5,1.020711
2371,5,0.990271
2372,5,1.041246
2373,5,1.05091
2374,5,1.037864
2375,5,1.035207
2376,5,1.055742
2377,5,1.059849
2378,5,1.030617
2379,5,1.062989
2380,5,1.07072
2381,5,1.069681
2382,5,1.069681
2383,5,1.055128
2384,5,1.079384
2385,5,1.120619
2386,5,1.102427
2387,5,1.152151
2388,5,1.176407
2389,5,1.140508
2390,5,1.170586
2391,5,1.184897
2392,5,1.218855
2393,5,1.202118
2394,5,1.171556
2395,5,1.130321
2396,5,1.152394
2397,5,1.143662
2398,5,1.208667
2399,5,1.232195
2400,5,1.264698
2401,5,1.267366
2402,5,1.272218
2403,5,1.293805
2404,5,1.268337
2405,5,1.305691
2406,5,1.321942
2407,5,1.36439
2408,5,1.352504
2409,5,1.31515
2410,5,1.322427
2411,5,1.31224
2412,5,1.315393
2413,5,1.329
2414,5,1.327544
2415,5,1.347206
2416,5,1.369052
2417,5,1.313222
2418,5,1.300357
2419,5,1.298658
2420,5,1.295017
2421,5,1.312009
2422,5,1.243556
2423,5,1.245983
2424,5,1.271957
2425,5,1.330214
2426,5,1.33871
2427,5,1.286521
2428,5,1.288948
2429,5,1.316378
2430,5,1.292589
2431,5,1.337351
2432,5,1.305673
2433,5,1.301498
2434,5,1.335386
2435,5,1.31525
2436,5,1.326055
2437,5,1.326055
2438,5,1.393585
2439,5,1.400215
2440,5,1.399724
2441,5,1.445154
2442,5,1.425754
2443,5,1.380079
2444,5,1.424281
2445,5,1.409547
2446,5,1.40881
2447,5,1.409547
2448,5,1.37836
2449,5,1.414949
2450,5,1.407582
2451,5,1.473394
2452,5,1.485427
2453,5,1.503844
2454,5,1.472166
2455,5,1.493039
2456,5,1.488128
2457,5,1.478305
2458,5,1.542889
2459,5,1.544608
2460,5,1.549519
2461,5,1.534785
2462,5,1.531839
2463,5,1.540679
2464,5,1.549765
2465,5,1.596177
2466,5,1.596177
2467,5,1.594949
2468,5,1.596668
2469,5,1.58881
2470,5,1.575058
2471,5,1.575058
2472,5,1.524963
2473,5,1.522998
2474,5,1.559342
2475,5,1.570392
2476,5,1.595931
2477,5,1.577759
2478,5,1.626873
2479,5,1.609192
2480,5,1.617787
2481,5,1.660024
2482,5,1.707418
2483,5,1.686016
2484,5,1.687509
2485,5,1.685021
2486,5,1.719861
2487,5,1.702192
2488,5,1.700948
2489,5,1.687261
2490,5,1.729318
2491,5,1.722101
2492,5,1.758932
2493,5,1.79203
2494,5,1.798003
2495,5,1.849019
2496,5,1.923427
2497,5,1.878882
2498,5,1.928653
2499,5,1.916459
2500,5,1.97942
2501,5,1.982407
2502,5,1.996841
2503,5,2.018989
2504,5,2.019487
2505,5,2.059304
2506,5,1.979172
2507,5,1.990868
2508,5,2.025459
2509,5,2.006297
2510,5,1.996841
2511,5,1.944331
2512,5,1.841553
2513,5,1.998334
2514,5,1.892818
2515,5,1.867683
2516,5,1.924174
2517,5,1.950055
2518,5,2.034418
2519,5,2.010777
2520,5,2.115297
2521,5,2.11032
2522,5,2.135206
2523,5,2.031681
2524,5,2.060548
2525,5,2.128984
2526,5,2.165069
2527,5,2.103352
2528,5,2.068014
2529,5,2.057064
2530,5,2.070254
2531,5,2.069258
2532,5,2.080208
2533,5,2.080208
2534,5,2.072245
2535,5,2.0929
2536,5,2.110569
2537,5,2.095364
2538,5,2.096121
2539,5,2.11556
2540,5,2.060273
2541,5,2.052446
2542,5,2.042348
2543,5,2.054719
2544,5,2.106472
2545,5,2.092587
2546,5,2.054971
2547,5,2.038057
2548,5,2.025939
2549,5,2.002208
2550,5,2.075925
2551,5,2.100665
2552,5,2.100665
2553,5,2.144087
2554,5,2.190286
2555,5,2.181198
2556,5,2.179935
2557,5,2.272081
2558,5,2.256429
2559,5,2.268547
2560,5,2.259711
2561,5,2.295559
2562,5,2.265012
2563,5,2.246836
2564,5,2.251127
2565,5,2.284704
2566,5,2.245068
2567,5,2.269556
2568,5,2.200637
2569,5,2.19483
2570,5,2.178421
2571,5,2.182712
2572,5,2.12692
2573,5,2.08779
2574,5,2.114298
2575,5,1.979235
2576,5,2.07643
2577,5,2.145854
2578,5,2.126668
2579,5,2.011297
2580,5,1.986051
2581,5,1.956767
2582,5,1.968127
2583,5,1.986809
2584,5,2.023919
2585,5,2.013821
2586,5,2.041843
2587,5,2.121871
2588,5,2.171857
2589,5,2.154943
2590,5,2.118084
2591,5,2.071381
2592,5,2.0734
2593,5,2.074915
2594,5,2.076934
2595,5,2.098898
2596,5,2.145854
2597,5,2.158477
2598,5,2.105209
2599,5,2.105462
2600,5,2.077692
2601,5,2.086275
2602,5,2.089052
2603,5,2.096626
2604,5,2.095364
2605,5,2.095364
2606,5,2.097888
2607,5,2.092082
2608,5,2.06103
2609,5,2.030231
2610,5,2.029975
2611,5,2.029975
2612,5,2.009548
2613,5,1.989376
2614,5,1.96614
2615,5,1.991674
2616,5,2.001888
2617,5,1.995759
2618,5,1.991674
2619,5,2.029465
2620,5,2.035593
2621,5,2.016953
2622,5,2.019762
2623,5,2.042742
2624,5,2.06317
2625,5,2.081044
2626,5,2.111685
2627,5,2.131602
2628,5,2.096364
2629,5,2.08564
2630,5,2.098918
2631,5,2.07083
2632,5,2.096875
2633,5,2.154838
2634,5,2.17501
2635,5,2.086151
2636,5,2.081044
2637,5,2.145646
2638,5,2.153817
2639,5,2.14539
2640,5,2.114238
2641,5,2.088704
2642,5,2.006484
2643,5,2.025379
2644,5,2.153561
2645,5,2.151263
2646,5,2.179606
2647,5,2.164286
2648,5,2.114749
2649,5,2.127772
2650,5,2.10811
2651,5,2.081044
2652,5,1.990142
2653,5,2.017208
2654,5,2.017974
2655,5,2.029975
2656,5,2.016034
2657,5,2.08881
2658,5,2.102599
2659,5,2.070935
2660,5,2.136306
2661,5,2.14601
2662,5,2.122006
2663,5,2.134774
2664,5,2.134774
2665,5,2.144988
2666,5,2.228745
2667,5,2.208827
2668,5,2.223893
2669,5,2.267304
2670,5,2.293095
2671,5,2.304586
2672,5,2.306884
2673,5,2.334717
2674,5,2.341612
2675,5,2.340846
2676,5,2.283136
2677,5,2.304841
2678,5,2.344166
2679,5,2.272666
2680,5,2.201933
2681,5,2.22134
2682,5,2.249173
2683,5,2.258366
2684,5,2.349273
2685,5,2.326546
2686,5,2.35106
2687,5,2.298202
2688,5,2.323737
2689,5,2.318885
2690,5,2.328334
2691,5,2.323737
2692,5,2.328844
2693,5,2.337782
2694,5,2.338037
2695,5,2.400344
2696,5,2.378639
2697,5,2.374553
2698,5,2.363573
2699,5,2.368169
2700,5,2.363317
2701,5,2.373787
2702,5,2.373532
2703,5,2.374553
2704,5,2.37966
2705,5,2.358466
2706,5,2.299478
2707,5,2.317864
2708,5,2.28952
2709,5,2.272155
2710,5,2.281859
2711,5,2.278539
2712,5,2.332675
2713,5,2.378894
2714,5,2.400855
2715,5,2.403408
2716,5,2.380682
2717,5,2.366382
2718,5,2.359998
2719,5,2.305096
2720,5,2.310969
2721,5,2.367148
2722,5,2.349273
2723,5,2.418219
2724,5,2.443754
2725,5,2.45882
2726,5,2.44401
2727,5,2.449883
2728,5,2.482568
2729,5,2.477972
2730,5,2.482568
2731,5,2.510658
2732,5,2.585477
2733,5,2.611012
2734,5,2.61995
2735,5,2.596968
2736,5,2.623269
2737,5,2.598245
2738,5,2.596457
2739,5,2.607182
2740,5,2.592116
2741,5,2.6128
2742,5,2.659275
2743,5,2.677916
2744,5,2.719615
2745,5,2.776057
2746,5,2.770075
2747,5,2.866572
2748,5,2.868393
2749,5,2.870994
2750,5,2.968792
2751,5,2.978156
2752,5,3.01509
2753,5,3.095201
2754,5,3.088178
2755,5,3.097282
2756,5,3.103004
2757,5,3.033037
2758,5,3.086618
2759,5,3.058006
2760,5,3.101703
2761,5,3.135517
2762,5,3.027575
2763,5,2.952145
2764,5,2.952145
2765,5,2.945643
2766,5,3.026534
2767,5,3.019512
2768,5,3.039279
2769,5,3.09234
2770,5,3.106125
2771,5,3.111067
2772,5,2.998964
2773,5,2.983358
2774,5,2.972953
2775,5,2.950065
2776,5,3.010148
2777,5,2.896744
2778,5,3.019772
2779,5,3.097802
2780,5,3.135256
2781,5,3.156325
2782,5,3.076734
2783,5,3.117309
2784,5,3.076994
2785,5,3.047082
2786,5,3.017171
2787,5,3.110937
2788,5,3.143996
2789,5,3.193187
2790,5,3.20879
2791,5,3.161186
2792,5,3.173616
2793,5,3.115433
2794,5,3.139235
2795,5,3.173087
2796,5,3.180492
2797,5,3.215931
2798,5,3.239733
2799,5,3.200063
2800,5,3.262477
2801,5,3.411637
2802,5,3.411637
2803,5,3.398414
2804,5,3.413224
2805,5,3.371967
2806,5,3.439406
2807,5,3.477754
2808,5,3.465853
2809,5,3.524036
2810,5,3.467175
2811,5,3.419571
2812,5,3.369322
2813,5,3.313784
2814,5,3.30585
2815,5,3.358744
2816,5,3.254279
2817,5,3.222543
2818,5,3.067829
2819,5,3.075763
2820,5,3.100887
2821,5,3.067829
2822,5,3.020224
2823,5,3.095598
2824,5,3.133946
2825,5,3.126012
2826,5,3.100887
2827,5,3.104854
2828,5,2.922371
2829,5,2.999067
2830,5,3.020224
2831,5,2.952785
2832,5,2.947496
2833,5,2.909148
2834,5,2.987166
2835,5,2.926338
2836,5,2.861544
2837,5,2.951463
2838,5,2.936917
2839,5,2.960719
2840,5,3.032126
2841,5,3.047994
2842,5,3.09692
2843,5,2.969976
2844,5,2.935595
2845,5,2.944851
2846,5,2.944851
2847,5,3.03477
2848,5,3.042704
2849,5,3.126012
2850,5,3.160393
2851,5,3.120722
2852,5,3.032126
2853,5,3.053283
2854,5,3.051961
2855,5,3.053151
2856,5,3.080027
2857,5,3.08809
2858,5,3.016868
2859,5,2.955052
2860,5,2.909362
2861,5,3.047775
2862,5,3.078683
2863,5,3.117654
2864,5,3.14453
2865,5,3.121685
2866,5,3.11631
2867,5,3.063901
2868,5,3.139155
2869,5,3.200971
2870,5,3.21844
2871,5,3.339384
2872,5,3.321914
2873,5,3.332665
2874,5,3.280256
2875,5,3.308476
2876,5,3.324602
2877,5,3.325945
2878,5,3.266818
2879,5,3.237254
2880,5,3.354166
2881,5,3.406574
2882,5,3.379698
2883,5,3.493923
2884,5,3.504673
2885,5,3.62696
2886,5,3.567832
2887,5,3.602772
2888,5,3.600084
2889,5,3.571864
2890,5,3.534237
2891,5,3.643086
2892,5,3.55305
2893,5,3.480484
2894,5,3.550363
2895,5,3.628304
2896,5,3.608147
2897,5,3.617554
2898,5,3.528862
2899,5,3.539612
2900,5,3.500642
2901,5,3.464359
2902,5,3.51408
2903,5,3.461671
2904,5,3.491235
2905,5,3.467046
2906,5,3.417325
2907,5,3.432107
2908,5,3.426732
2909,5,3.467046
2910,5,3.531549
2911,5,3.493923
2912,5,3.472556
2913,5,3.479278
2914,5,3.582796
2915,5,3.533053
2916,5,3.547842
2917,5,3.554564
2918,5,3.627161
2919,5,3.510199
2920,5,3.496755
2921,5,3.537087
2922,5,3.49541
2923,5,3.440291
2924,5,3.656737
2925,5,3.555908
2926,5,3.629849
2927,5,3.631194
2928,5,3.589518
2929,5,3.602962
2930,5,3.652704
2931,5,3.703791
2932,5,3.746811
2933,5,3.840918
2934,5,3.848985
2935,5,3.904105
2936,5,3.873184
2937,5,3.85369
2938,5,3.769619
2939,5,3.628598
2940,5,3.600122
2941,5,3.579782
2942,5,3.59741
2943,5,3.554019
2944,5,3.511984
2945,5,3.640801
2946,5,3.563511
2947,5,3.571647
2948,5,3.59741
2949,5,3.545883
2950,5,3.46588
2951,5,3.335706
2952,5,3.404861
2953,5,3.449609
2954,5,3.385878
2955,5,3.38859
2956,5,3.396725
2957,5,3.220448
2958,5,3.312655
2959,5,3.072647
2960,5,3.300451
2961,5,3.163497
2962,5,3.34791
2963,5,3.440117
2964,5,3.57707
2965,5,3.59741
2966,5,3.623174
2967,5,3.525543
2968,5,3.635378
2969,5,3.593342
2970,5,3.711312
2971,5,3.692329
2972,5,3.662497
2973,5,3.648937
2974,5,3.769619
2975,5,3.814367
2976,5,3.906573
2977,5,3.845554
2978,5,3.719448
2979,5,3.643513
2980,5,3.693685
2981,5,3.63131
2982,5,3.529611
2983,5,3.514695
2984,5,3.541815
2985,5,3.552663
2986,5,3.587918
2987,5,3.541815
2988,5,3.51334
2989,5,3.516051
2990,5,3.384522
2991,5,3.210956
2992,5,3.350622
2993,5,3.360114
2994,5,3.391301
2995,5,3.338418
2996,5,3.37503
2997,5,3.319435
2998,5,3.257873
2999,5,3.308972
3000,5,3.458124
3001,5,3.54513
3002,5,3.546511
3003,5,3.583799
3004,5,3.601752
3005,5,3.634897
3006,5,3.615563
3007,5,3.654232
3008,5,3.567226
3009,5,3.709473
3010,5,3.70533
3011,5,3.674947
3012,5,3.727427
3013,5,3.774382
3014,5,3.756429
3015,5,3.734332
3016,5,3.77162
3017,5,3.799241
3018,5,3.719141
3019,5,3.685996
3020,5,3.728808
3021,5,3.735713
3022,5,3.640421
3023,5,3.714997
3024,5,3.727427
3025,5,3.636278
3026,5,3.668042
3027,5,3.760572
3028,5,3.673566
3029,5,3.742618
3030,5,3.685996
3031,5,3.658375
3032,5,3.615563
3033,5,3.521652
3034,5,3.511985
3035,5,3.484364
3036,5,3.481602
3037,5,3.600371
3038,5,3.643183
3039,5,3.795098
3040,5,3.883484
3041,5,3.843434
3042,5,3.87796
3043,5,3.866912
3044,5,3.982919
3045,5,3.91801
3046,5,4.002254
3047,5,3.883484
3048,5,3.847577
3049,5,3.858626
3050,5,3.926297
3051,5,3.927678
3052,5,3.908343
3053,5,4.016064
3054,5,3.988443
3055,5,3.9843
3056,5,3.919391
3057,5,4.000873
3058,5,3.937345
3059,5,4.007778
3060,5,3.987062
3061,5,4.005016
3062,5,3.860007
3063,5,3.855864
3064,5,3.800622
3065,5,3.819956
3066,5,3.895914
3067,5,3.929059
3068,5,3.966347
3069,5,3.964966
3070,5,4.011921
3071,5,4.108594
3072,5,4.07683
3073,5,4.10307
3074,5,4.067163
3075,5,4.115499
3076,5,4.134834
3077,5,4.129309
3078,5,4.051971
3079,5,4.03678
3080,5,4.042304
3081,5,4.150025
3082,5,4.195599
3083,5,4.241174
3084,5,4.173503
3085,5,4.166597
3086,5,4.145882
3087,5,4.184551
3088,5,4.141739
3089,5,4.272938
3090,5,4.242555
3091,5,4.217696
3092,5,4.357181
3093,5,4.426233
3094,5,4.339227
3095,5,4.433138
3096,5,4.428995
3097,5,4.561575
3098,5,4.600244
3099,5,4.695536
3100,5,4.667915
3101,5,4.707827
3102,5,4.698028
3103,5,4.677029
3104,5,4.54824
3105,5,4.654631
3106,5,4.766622
3107,5,4.772222
3108,5,4.804419
3109,5,4.899612
3110,5,4.983605
3111,5,4.765222
3112,5,4.768022
3113,5,4.825418
3114,5,4.842216
3115,5,4.892612
3116,5,4.899612
3117,5,4.975206
3118,5,5.115195
3119,5,5.013003
3120,5,4.731625
3121,5,4.811419
3122,5,4.843616
3123,5,4.849216
3124,5,4.882813
3125,5,4.769422
3126,5,4.763823
3127,5,4.79462
3128,5,4.79742
3129,5,4.905211
3130,5,4.969606
3131,5,4.969606
3132,5,4.938809
3133,5,5.031201
3134,5,5.021402
3135,5,5.041001
3136,5,5.155792
3137,5,5.067599
3138,5,5.004604
3139,5,5.032601
3140,5,5.021402
3141,5,4.916411
3142,5,4.899612
3143,5,4.881413
3144,5,4.863215
3145,5,4.874414
3146,5,4.731625
3147,5,4.850616
3148,5,4.759623
3149,5,4.618234
3150,5,4.616834
3151,5,4.567838
3152,5,4.448848
3153,5,4.430649
3154,5,4.441848
3155,5,4.391452
3156,5,4.399851
3157,5,4.29486
3158,5,4.28786
3159,5,4.251463
3160,5,4.258463
3161,5,4.310259
3162,5,4.366254
3163,5,4.283661
3164,5,4.321458
3165,5,4.04288
3166,5,4.045679
3167,5,4.061078
3168,5,4.234665
3169,5,4.229625
3170,5,4.205816
3171,5,4.057359
3172,5,4.144192
3173,5,4.06156
3174,5,4.153996
3175,5,4.155396
3176,5,4.21562
3177,5,4.380883
3178,5,4.355673
3179,5,4.266039
3180,5,4.1645
3181,5,4.195369
3182,5,4.198175
3183,5,4.122406
3184,5,4.143453
3185,5,4.365148
3186,5,4.359535
3187,5,4.370761
3188,5,4.35252
3189,5,4.275347
3190,5,4.264122
3191,5,4.21361
3192,5,4.207997
3193,5,4.215013
3194,5,4.172919
3195,5,4.133631
3196,5,4.192563
3197,5,4.243075
3198,5,4.217819
3199,5,4.229044
3200,5,4.158887
3201,5,4.188353
3202,5,4.084521
3203,5,4.272541
3204,5,4.405839
3205,5,4.411451
3206,5,4.346907
3207,5,4.383389
3208,5,4.287976
3209,5,4.353923
3210,5,4.422676
3211,5,4.41987
3212,5,4.358132
3213,5,4.360939
3214,5,4.367954
3215,5,4.341295
3216,5,4.355326
3217,5,4.313232
3218,5,4.346907
3219,5,4.297798
3220,5,4.297798
3221,5,4.168709
3222,5,4.25851
3223,5,4.244479
3224,5,4.261316
3225,5,4.244479
3226,5,4.243075
3227,5,4.178531
3228,5,4.230447
3229,5,4.345504
3230,5,4.230447
3231,5,4.244479
3232,5,4.376373
3233,5,4.41987
3234,5,4.318845
3235,5,4.390404
3236,5,4.365148
3237,5,4.415661
3238,5,4.398823
3239,5,4.386195
3240,5,4.359535
3241,5,4.332876
3242,5,4.30762
3243,5,4.257107
3244,5,4.41987
3245,5,4.383389
3246,5,4.372164
3247,5,4.408645
3248,5,4.381986
3249,5,4.510934
3250,5,4.629829
3251,5,4.622751
3252,5,4.649644
3253,5,4.632659
3254,5,4.788355
3255,5,4.60152
3256,5,4.622751
3257,5,4.642567
3258,5,4.605766
3259,5,4.744477
3260,5,4.755801
3261,5,4.792601
3262,5,4.830818
3263,5,4.795432
3264,5,4.853464
3265,5,4.714754
3266,5,4.726077
3267,5,4.781278
3268,5,4.826571
3269,5,4.82091
3270,5,4.794017
3271,5,4.789771
3272,5,4.799679
3273,5,4.792601
3274,5,4.741646
3275,5,4.680784
3276,5,4.628413
3277,5,4.632659
3278,5,4.628413
3279,5,4.607182
3280,5,4.82091
3281,5,4.898758
3282,5,5.030392
3283,5,5.0587
3284,5,5.034638
3285,5,5.050207
3286,5,5.103993
3287,5,5.103993
3288,5,5.072854
3289,5,5.023314
3290,5,5.147871
3291,5,5.272428
3292,5,5.180426
3293,5,5.278089
3294,5,5.286582
3295,5,5.231381
3296,5,5.848502
3297,5,5.890965
3298,5,5.89238
3299,5,5.937674
3300,5,5.888134
3301,5,5.872565
3302,5,5.947582
3303,5,5.974475
3304,5,5.87398
3305,5,5.944751
3306,5,5.929181
3307,5,5.859826
3308,5,5.965557
3309,5,5.916871
3310,5,5.968421
3311,5,6.001357
3312,5,6.042883
3313,5,6.047179
3314,5,5.999925
3315,5,6.035724
3316,5,6.078683
3317,5,6.11305
3318,5,6.045747
3319,5,6.124505
3320,5,6.200399
3321,5,6.261974
3322,5,6.340732
3323,5,6.40517
3324,5,6.393714
3325,5,6.336436
3326,5,6.399442
3327,5,6.386555
3328,5,6.429513
3329,5,6.566982
3330,5,6.592757
3331,5,6.578438
3332,5,6.515431
3333,5,6.486792
3334,5,6.488224
3335,5,6.503975
3336,5,6.502544
3337,5,6.615669
3338,5,6.531183
3339,5,6.515431
3340,5,6.614237
3341,5,6.582733
3342,5,6.55123
3343,5,6.618533
3344,5,6.618533
3345,5,6.415194
3346,5,6.534047
3347,5,6.271998
3348,5,6.343596
3349,5,6.233335
3350,5,6.336436
3351,5,6.393714
3352,5,6.386555
3353,5,6.459585
3354,5,6.585884
3355,5,6.494974
3356,5,6.520948
3357,5,6.500746
3358,5,6.360775
3359,5,6.29151
3360,5,6.311712
3361,5,6.096704
3362,5,6.165969
3363,5,6.150096
3364,5,6.137109
3365,5,6.072173
3366,5,6.038984
3367,5,5.900455
3368,5,5.942303
3369,5,5.920658
3370,5,5.976935
3371,5,5.923544
3372,5,5.886025
3373,5,5.731624
3374,5,5.750383
3375,5,5.803774
3376,5,5.809546
3377,5,5.799445
3378,5,5.906227
3379,5,5.816761
3380,5,5.756155
3381,5,5.531046
3382,5,5.630613
3383,5,5.584437
3384,5,5.572893
3385,5,5.62917
3386,5,5.572893
3387,5,5.675346
3388,5,5.639271
3389,5,5.584437
3390,5,5.525274
3391,5,5.520945
3392,5,5.855722
3393,5,5.757598
3394,5,5.754712
3395,5,5.897569
3396,5,5.839849
3397,5,5.910557
3398,5,5.880253
3399,5,5.981264
3400,5,6.030326
3401,5,6.096704
3402,5,6.144324
3403,5,6.163083
3404,5,6.127008
3405,5,6.093818
3406,5,6.040427
3407,5,5.997137
3408,5,5.887468
3409,5,5.92643
3410,5,5.910557
3411,5,5.922101
3412,5,5.730181
3413,5,5.584437
3414,5,5.418491
3415,5,5.464667
3416,5,5.359328
3417,5,5.295836
3418,5,5.375201
3419,5,5.271304
3420,5,5.248216
3421,5,5.15875
3422,5,5.112574
3423,5,5.111131
3424,5,5.238115
3425,5,5.219356
3426,5,5.11546
3427,5,4.997133
3428,5,4.819643
3429,5,4.979817
3430,5,4.953843
3431,5,5.020221
3432,5,5.194825
3433,5,5.287178
3434,5,5.317481
3435,5,5.343455
3436,5,5.197711
3437,5,5.15875
3438,5,5.180395
3439,5,5.176066
3440,5,5.266975
3441,5,5.207812
3442,5,5.279962
3443,5,5.241001
3444,5,5.35067
3445,5,5.242444
3446,5,5.27419
3447,5,5.163079
3448,5,5.150092
3449,5,5.29295
3450,5,5.346341
3451,5,5.210698
3452,5,5.241001
3453,5,5.241001
3454,5,5.180395
3455,5,5.200597
3456,5,5.411276
3457,5,5.520945
3458,5,5.525274
3459,5,5.402618
3460,5,5.366543
3461,5,5.346341
3462,5,5.447351
3463,5,5.411276
3464,5,5.349227
3465,5,5.378087
3466,5,5.346341
3467,5,5.360771
3468,5,5.271304
3469,5,5.165965
3470,5,5.014449
3471,5,4.899009
3472,5,4.910553
3473,5,5.072169
3474,5,4.888908
3475,5,4.900452
3476,5,4.935084
3477,5,5.054853
3478,5,5.007234
3479,5,4.99569
3480,5,4.949514
3481,5,5.070726
3482,5,5.137105
3483,5,5.243887
3484,5,5.354999
3485,5,5.37953
3486,5,5.346341
3487,5,5.353556
3488,5,5.388621
3489,5,5.424981
3490,5,5.672233
3491,5,5.696958
3492,5,5.744953
3493,5,5.667869
3494,5,5.680959
3495,5,5.586422
3496,5,5.689686
3497,5,5.618419
3498,5,5.6286
3499,5,5.59224
3500,5,5.616965
3501,5,5.568969
3502,5,5.6286
3503,5,5.563151
3504,5,5.47734
3505,5,5.504974
3506,5,5.606784
3507,5,5.686777
3508,5,5.711502
3509,5,5.630054
3510,5,5.646053
3511,5,5.772587
3512,5,5.756589
3513,5,5.759498
3514,5,5.838036
3515,5,5.619873
3516,5,5.627146
3517,5,5.676596
3518,5,5.686777
3519,5,5.627146
3520,5,5.560242
3521,5,5.403165
3522,5,5.424981
3523,5,5.395893
3524,5,5.235907
3525,5,5.344988
3526,5,5.347897
3527,5,5.344988
3528,5,5.250451
3529,5,5.366805
3530,5,5.301356
3531,5,5.432253
3532,5,5.468614
3533,5,5.577695
3534,5,5.519519
3535,5,5.519519
3536,5,5.388621
3537,5,5.497702
3538,5,5.446798
3539,5,5.599512
3540,5,5.475886
3541,5,5.497702
3542,5,5.323172
3543,5,5.308628
3544,5,5.155914
3545,5,5.228635
3546,5,5.206819
3547,5,5.27954
3548,5,5.286812
3549,5,5.206819
3550,5,5.148642
3551,5,5.03956
3552,5,5.119553
3553,5,5.134098
3554,5,5.264995
3555,5,5.17773
3556,5,5.17773
3557,5,5.192274
3558,5,5.199546
3559,5,5.206819
3560,5,5.359533
3561,5,5.359533
3562,5,5.344988
3563,5,5.294084
3564,5,5.192274
3565,5,5.075921
3566,5,5.272267
3567,5,5.272267
3568,5,5.148642
3569,5,5.308628
3570,5,5.264995
3571,5,5.286812
3572,5,5.270689
3573,5,5.211717
3574,5,5.219088
3575,5,5.285433
3576,5,5.292804
3577,5,5.160115
3578,5,4.953711
3579,5,4.90211
3580,5,4.924224
3581,5,4.813651
3582,5,4.835765
3583,5,4.821022
3584,5,4.592503
3585,5,4.703077
3586,5,4.725191
3587,5,4.924224
3588,5,5.012684
3589,5,4.938968
3590,5,5.064285
3591,5,4.953711
3592,5,5.034798
3593,5,5.093771
3594,5,4.953711
3595,5,4.968454
3596,5,5.138001
3597,5,5.167487
3598,5,5.18223
3599,5,5.174859
3600,5,5.219088
3601,5,5.329662
3602,5,5.307547
3603,5,5.219088
3604,5,5.292804
3605,5,5.329662
3606,5,5.344405
3607,5,5.270689
3608,5,5.196973
3609,5,5.152744
3610,5,5.211717
3611,5,5.123257
3612,5,5.108514
3613,5,5.204345
3614,5,5.248575
3615,5,5.241203
3616,5,5.278061
3617,5,5.270689
3618,5,5.278061
3619,5,5.314919
3620,5,5.292804
3621,5,5.491837
3622,5,5.499209
3623,5,5.462351
3624,5,5.528695
3625,5,5.587668
3626,5,5.571438
3627,5,5.564009
3628,5,5.601152
3629,5,5.616009
3630,5,5.638295
3631,5,5.675438
3632,5,5.794295
3633,5,5.77201
3634,5,5.72001
3635,5,5.742295
3636,5,5.77201
3637,5,5.794295
3638,5,5.868581
3639,5,5.838867
3640,5,5.801724
3641,5,5.697724
3642,5,5.72001
3643,5,5.675438
3644,5,5.385723
3645,5,5.311437
3646,5,5.378295
3647,5,5.437723
3648,5,5.504581
3649,5,5.408009
3650,5,5.452581
3651,5,5.489723
3652,5,5.564009
3653,5,5.526866
3654,5,5.556581
3655,5,5.482295
3656,5,5.497152
3657,5,5.526866
3658,5,5.430295
3659,5,5.504581
3660,5,5.571438
3661,5,5.497152
3662,5,5.281723
3663,5,5.326295
3664,5,5.34858
3665,5,5.229723
3666,5,5.266866
3667,5,5.29658
3668,5,5.214866
3669,5,5.222484
3670,5,5.333917
3671,5,5.445349
3672,5,5.385919
3673,5,5.304201
3674,5,5.304201
3675,5,5.267057
3676,5,5.200197
3677,5,5.155624
3678,5,5.267057
3679,5,5.274486
3680,5,5.296772
3681,5,5.229913
3682,5,5.200197
3683,5,5.222484
3684,5,5.267057
3685,5,5.215055
3686,5,5.229913
3687,5,5.333917
3688,5,5.304201
3689,5,5.341345
3690,5,5.333917
3691,5,5.31163
3692,5,5.289344
3693,5,5.222484
3694,5,5.215055
3695,5,5.215055
3696,5,5.215055
3697,5,5.333917
3698,5,5.296772
3699,5,5.475065
3700,5,5.593927
3701,5,5.556782
3702,5,5.497351
3703,5,5.579069
3704,5,5.400776
3705,5,5.50478
3706,5,5.485285
3707,5,5.447817
3708,5,5.163062
3709,5,5.170555
3710,5,5.155568
3711,5,4.998203
3712,5,5.065645
3713,5,5.043165
3714,5,5.110607
3715,5,5.20053
3716,5,5.193036
3717,5,5.110607
3718,5,5.163062
3719,5,5.230504
3720,5,5.320426
3721,5,5.387868
3722,5,5.410349
3723,5,5.350401
3724,5,5.297946
3725,5,5.425336
3726,5,5.425336
3727,5,5.492778
3728,5,5.440323
3729,5,5.440323
3730,5,5.305439
3731,5,5.410349
3732,5,5.425336
3733,5,5.335414
3734,5,5.208023
3735,5,5.1181
3736,5,5.170555
3737,5,5.170555
3738,5,4.975723
3739,5,5.09562
3740,5,5.215517
3741,5,5.073139
3742,5,5.110607
3743,5,5.178049
3744,5,5.140581
3745,5,5.080633
3746,5,5.155568
3747,5,5.073139
3748,5,5.088126
3749,5,4.923268
3750,5,4.908281
3751,5,4.720942
3752,5,4.810864
3753,5,4.915774
3754,5,5.110607
3755,5,5.133087
3756,5,5.073139
3757,5,5.020684
3758,5,4.863319
3759,5,5.005697
3760,5,5.043165
3761,5,4.848332
3762,5,4.735929
3763,5,4.983216
3764,5,4.863319
3765,5,4.735929
3766,5,4.698461
3767,5,4.556083
3768,5,4.78089
3769,5,4.6535
3770,5,4.79273
3771,5,4.891471
3772,5,4.95983
3773,5,5.073762
3774,5,4.899066
3775,5,4.975021
3776,5,4.975021
3777,5,4.815516
3778,5,4.87628
3779,5,4.853494
3780,5,4.769944
3781,5,4.883875
3782,5,4.739562
3783,5,4.640821
3784,5,4.663607
3785,5,4.724371
3786,5,4.883875
3787,5,4.838303
3788,5,5.12693
3789,5,5.035785
3790,5,4.997807
3791,5,5.035785
3792,5,4.975021
3793,5,4.731966
3794,5,4.633226
3795,5,4.663607
3796,5,4.595248
3797,5,4.656012
3798,5,4.549676
3799,5,4.587653
3800,5,4.580057
3801,5,4.54208
3802,5,4.450935
3803,5,4.367385
3804,5,4.314217
3805,5,4.435744
3806,5,4.557271
3807,5,4.564867
3808,5,4.618035
3809,5,4.610439
3810,5,4.62563
3811,5,4.587653
3812,5,4.678798
3813,5,4.701585
3814,5,4.724371
3815,5,4.550883
3816,5,4.466749
3817,5,4.635017
3818,5,4.711503
3819,5,4.758645
3820,5,4.827834
3821,5,4.858584
3822,5,4.897023
3823,5,4.927773
3824,5,4.889335
3825,5,5.020025
3826,5,4.989274
3827,5,5.058463
3828,5,5.181465
3829,5,5.089214
3830,5,5.073838
3831,5,5.073838
3832,5,5.050775
3833,5,5.235279
3834,5,5.058463
3835,5,4.996962
3836,5,5.00465
3837,5,4.897023
3838,5,5.020025
3839,5,4.943148
3840,5,5.020025
3841,5,4.927773
3842,5,4.835522
3843,5,4.950836
3844,5,4.897023
3845,5,4.927773
3846,5,4.943148
3847,5,4.897023
3848,5,4.889335
3849,5,4.950836
3850,5,5.012337
3851,5,4.897023
3852,5,4.897023
3853,5,4.958524
3854,5,4.861442
3855,5,4.869159
3856,5,4.75341
3857,5,4.737977
3858,5,4.614512
3859,5,4.514196
3860,5,4.421597
3861,5,4.48333
3862,5,4.413881
3863,5,4.298132
3864,5,4.305849
3865,5,4.352148
3866,5,4.43703
3867,5,4.336715
3868,5,4.491046
3869,5,4.614512
3870,5,4.583645
3871,5,4.46018
3872,5,4.375298
3873,5,4.367581
3874,5,4.452464
3875,5,4.444747
3876,5,4.568212
3877,5,4.660811
3878,5,4.77656
3879,5,4.807426
3880,5,4.907741
3881,5,4.876875
3882,5,4.900025
3883,5,4.830576
3884,5,4.822859
3885,5,4.846009
3886,5,4.876875
3887,5,4.822859
3888,5,4.784276
3889,5,4.807426
3890,5,4.846009
3891,5,4.884592
3892,5,4.938608
3893,5,4.954041
3894,5,4.961757
3895,5,4.915458
3896,5,4.884592
3897,5,4.869159
3898,5,4.838292
3899,5,4.930891
3900,5,4.977191
3901,5,5.00034
3902,5,5.146955
3903,5,5.015773
3904,5,4.969474
3905,5,4.930891
3906,5,4.992624
3907,5,5.04664
3908,5,4.923175
3909,5,4.861442
3910,5,4.799709
3911,5,4.75341
3912,5,4.676244
3913,5,4.521913
3914,5,4.514196
3915,5,4.498763
3916,5,4.43703
3917,5,4.498763
3918,5,4.566213
3919,5,4.535203
3920,5,4.511945
3921,5,4.58947
3922,5,4.62048
3923,5,4.612728
3924,5,4.674748
3925,5,4.659243
3926,5,4.62048
3927,5,4.581718
3928,5,4.6825
3929,5,4.729015
3930,5,4.760025
3931,5,4.705757
3932,5,4.767777
3933,5,4.767777
3934,5,4.729015
3935,5,4.690253
3936,5,4.74452
3937,5,4.71351
3938,5,4.729015
3939,5,4.71351
3940,5,4.760025
3941,5,4.721262
3942,5,4.659243
3943,5,4.566213
3944,5,4.604975
3945,5,4.77553
3946,5,4.829797
3947,5,4.814292
3948,5,4.845302
3949,5,4.814292
3950,5,4.77553
3951,5,4.760025
3952,5,4.760025
3953,5,4.659243
3954,5,4.504193
3955,5,4.380153
3956,5,4.310381
3957,5,4.310381
3958,5,4.341391
3959,5,4.333638
3960,5,4.403411
3961,5,4.387906
3962,5,4.403411
3963,5,4.418916
3964,5,4.318133
3965,5,4.279371
3966,5,4.387906
3967,5,4.318133
3968,5,4.209599
3969,5,4.093311
3970,5,4.139826
3971,5,4.108816
3972,5,4.178589
3973,5,4.023539
3974,5,4.108816
3975,5,3.969272
3976,5,3.891747
3977,5,3.930509
3978,5,4.046796
3979,5,4.163084
3980,5,4.139826
3981,5,4.085559
3982,5,3.930509
3983,5,3.946014
3984,5,4.031291
3985,5,3.946014
3986,5,3.977024
3987,5,3.927223
3988,5,3.880377
3989,5,3.771071
3990,5,3.825724
3991,5,3.825724
3992,5,3.93503
3993,5,3.911608
3994,5,3.817916
3995,5,3.778878
3996,5,3.724225
3997,5,3.583688
3998,5,3.700802
3999,5,3.802301
4000,5,3.67738
4001,5,3.732033
4002,5,3.825724
4003,5,3.849147
4004,5,3.974068
4005,5,4.059952
4006,5,3.997491
4007,5,4.020914
4008,5,4.020914
4009,5,4.075567
4010,5,3.981876
4011,5,3.724225
4012,5,3.73984
4013,5,3.911608
4014,5,3.895992
4015,5,3.87257
4016,5,3.888185
4017,5,3.841339
4018,5,3.9038
4019,5,3.93503
4020,5,3.880377
4021,5,3.927223
4022,5,3.817916
4023,5,3.802301
4024,5,3.802301
4025,5,3.864762
4026,5,4.036529
4027,5,3.950646
4028,5,3.950646
4029,5,3.888185
4030,5,3.771071
4031,5,3.841339
4032,5,3.919415
4033,5,3.864762
4034,5,3.849147
4035,5,3.880377
4036,5,3.911608
4037,5,4.005299
4038,5,4.013106
4039,5,4.036529
4040,5,3.950646
4041,5,3.950646
4042,5,3.87257
4043,5,3.825724
4044,5,3.724225
4045,5,3.755456
4046,5,3.763263
4047,5,3.864762
4048,5,3.802301
4049,5,3.810109
4050,5,3.755456
4051,5,3.817916
4052,5,3.669572
4053,5,3.607111
4054,5,3.583688
4055,5,3.560266
4056,5,3.692995
4057,5,3.607111
4058,5,3.466574
4059,5,3.474382
4060,5,3.531016
4061,5,3.609658
4062,5,3.593929
4063,5,3.672571
4064,5,3.680435
4065,5,3.507424
4066,5,3.507424
4067,5,3.358004
4068,5,3.405189
4069,5,3.365868
4070,5,3.232177
4071,5,3.287227
4072,5,3.232177
4073,5,3.302955
4074,5,3.25577
4075,5,3.326547
4076,5,3.192856
4077,5,3.247906
4078,5,3.169264
4079,5,3.051301
4080,5,3.232177
4081,5,3.216449
4082,5,3.271498
4083,5,3.405189
4084,5,3.460238
4085,5,3.672571
4086,5,3.663173
4087,5,3.504936
4088,5,3.671085
4089,5,3.750203
4090,5,3.639437
4091,5,3.60779
4092,5,3.52076
4093,5,3.552407
4094,5,3.512848
4095,5,3.552407
4096,5,3.497025
4097,5,3.623614
4098,5,3.568231
4099,5,3.560319
4100,5,3.718556
4101,5,3.615702
4102,5,3.599878
4103,5,3.528672
4104,5,3.457465
4105,5,3.43373
4106,5,3.655261
4107,5,3.678996
4108,5,3.829321
4109,5,4.019205
4110,5,3.987557
4111,5,3.95591
4112,5,3.95591
4113,5,4.035028
4114,5,3.947998
4115,5,3.884704
4116,5,3.813497
4117,5,3.805586
4118,5,3.995469
4119,5,4.027117
4120,5,4.066676
4121,5,4.074587
4122,5,4.04294
4123,5,4.050852
4124,5,4.169529
4125,5,4.169529
4126,5,4.145794
4127,5,4.098323
4128,5,4.145794
4129,5,4.035028
4130,5,4.027117
4131,5,3.995469
4132,5,3.963822
4133,5,4.035028
4134,5,4.090411
4135,5,4.114147
4136,5,4.145794
4137,5,4.217
4138,5,4.224912
4139,5,4.137882
4140,5,4.256559
4141,5,4.264471
4142,5,4.264471
4143,5,4.217
4144,5,4.240736
4145,5,4.288207
4146,5,4.311942
4147,5,4.375237
4148,5,4.422708
4149,5,4.39106
4150,5,4.311942
4151,5,4.335677
4152,5,4.232824
4153,5,4.217
4154,5,4.209088
4155,5,4.296118
4156,5,4.30403
4157,5,4.351501
4158,5,4.177441
4159,5,4.209088
4160,5,4.169529
4161,5,4.066676
4162,5,4.106235
4163,5,4.12997
4164,5,4.035028
4165,5,4.106235
4166,5,4.169529
4167,5,4.209088
4168,5,4.232824
4169,5,4.161617
4170,5,4.256559
4171,5,4.240736
4172,5,4.367325
4173,5,4.383148
4174,5,4.351501
4175,5,4.493914
4176,5,4.462267
4177,5,4.280295
4178,5,4.280295
4179,5,4.201177
4180,5,4.193265
4181,5,4.256559
4182,5,4.272383
4183,5,4.311942
4184,5,4.296118
4185,5,4.248647
4186,5,4.383148
4187,5,4.311942
4188,5,4.327766
4189,5,4.446443
4190,5,4.620503
4191,5,4.675886
4192,5,4.675886
4193,5,4.596768
4194,5,4.549297
4195,5,4.486002
4196,5,4.667974
4197,5,4.612591
4198,5,4.639983
4199,5,4.616106
4200,5,4.679777
4201,5,4.600189
4202,5,4.639983
4203,5,4.647942
4204,5,4.663859
4205,5,4.647942
4206,5,4.703653
4207,5,4.663859
4208,5,4.687736
4209,5,4.679777
4210,5,4.671818
4211,5,4.600189
4212,5,4.616106
4213,5,4.576312
4214,5,4.560395
4215,5,4.663859
4216,5,4.799159
4217,5,4.85487
4218,5,4.878747
4219,5,4.846912
4220,5,4.942417
4221,5,4.934458
4222,5,4.99017
4223,5,4.998129
4224,5,4.974252
4225,5,4.894664
4226,5,4.918541
4227,5,4.85487
4228,5,4.830994
4229,5,4.830994
4230,5,4.743447
4231,5,4.663859
4232,5,4.735488
4233,5,4.719571
4234,5,4.719571
4235,5,4.846912
4236,5,4.878747
4237,5,4.974252
4238,5,4.934458
4239,5,4.966294
4240,5,4.767324
4241,5,4.838953
4242,5,4.632024
4243,5,4.679777
4244,5,4.751406
4245,5,4.695694
4246,5,4.703653
4247,5,4.735488
4248,5,4.807118
4249,5,4.846912
4250,5,4.830994
4251,5,4.783241
4252,5,4.846912
4253,5,4.894664
4254,5,4.799159
4255,5,4.846912
4256,5,4.878747
4257,5,4.743447
4258,5,4.830994
4259,5,4.838953
4260,5,4.823035
4261,5,4.85487
4262,5,4.807118
4263,5,4.767324
4264,5,4.7912
4265,5,4.846912
4266,5,4.838953
4267,5,4.870788
4268,5,4.934458
4269,5,4.958335
4270,5,4.982211
4271,5,4.982211
4272,5,4.958335
4273,5,4.950376
4274,5,4.902623
4275,5,4.719571
4276,5,4.695694
4277,5,4.518853
4278,5,4.454642
4279,5,4.390431
4280,5,4.358325
4281,5,4.470695
4282,5,4.542932
4283,5,4.398457
4284,5,4.262009
4285,5,4.109507
4286,5,4.021217
4287,5,4.141613
4288,5,4.149639
4289,5,4.093455
4290,5,4.061349
4291,5,4.157666
4292,5,4.061349
4293,5,4.149639
4294,5,3.981085
4295,5,4.101481
4296,5,4.005164
4297,5,4.005164
4298,5,3.820558
4299,5,3.83661
4300,5,3.868716
4301,5,3.892795
4302,5,3.940953
4303,5,3.892795
4304,5,3.924901
4305,5,3.868716
4306,5,3.916874
4307,5,3.83661
4308,5,3.86069
4309,5,3.940953
4310,5,3.884769
4311,5,3.876742
4312,5,3.884769
4313,5,3.874386
4314,5,3.947487
4315,5,3.971855
4316,5,3.988099
4317,5,4.020589
4318,5,3.988099
4319,5,4.118058
4320,5,4.150547
4321,5,4.19116
4322,5,4.134303
4323,5,4.166792
4324,5,4.109935
4325,5,4.199282
4326,5,4.264261
4327,5,4.312996
4328,5,4.337363
4329,5,4.312996
4330,5,4.353608
4331,5,4.410464
4332,5,4.451076
4333,5,4.428826
4334,5,4.469607
4335,5,4.436982
4336,5,4.445138
4337,5,4.404357
4338,5,4.396201
4339,5,4.469607
4340,5,4.445138
4341,5,4.477763
4342,5,4.453295
4343,5,4.396201
4344,5,4.396201
4345,5,4.35542
4346,5,4.453295
4347,5,4.461451
4348,5,4.567482
4349,5,4.763231
4350,5,4.738762
4351,5,4.665356
4352,5,4.730606
4353,5,4.820324
4354,5,4.795856
4355,5,4.6572
4356,5,4.681669
4357,5,4.640888
4358,5,4.689825
4359,5,4.42067
4360,5,4.518544
4361,5,4.453295
4362,5,4.388045
4363,5,4.404357
4364,5,4.379889
4365,5,4.453295
4366,5,4.469607
4367,5,4.35542
4368,5,4.494076
4369,5,4.510388
4370,5,4.494076
4371,5,4.6572
4372,5,4.559325
4373,5,4.510388
4374,5,4.510388
4375,5,4.575638
4376,5,4.59195
4377,5,4.624575
4378,5,4.706137
4379,5,4.72245
4380,5,4.697981
4381,5,4.706137
4382,5,4.714293
4383,5,4.665356
4384,5,4.608263
4385,5,4.640888
4386,5,4.6572
4387,5,4.543013
4388,5,4.59195
4389,5,4.583794
4390,5,4.730606
4391,5,4.72245
4392,5,4.6572
4393,5,4.583794
4394,5,4.600106
4395,5,4.649044
4396,5,4.714293
4397,5,4.632731
4398,5,4.632731
4399,5,4.673512
4400,5,4.706137
4401,5,4.779543
4402,5,4.763231
4403,5,4.844793
4404,5,4.82848
4405,5,4.795856
4406,5,4.844793
4407,5,4.910043
4408,5,5.016073
4409,5,5.105792
4410,5,5.162885
4411,5,5.187354
4412,5,5.081323
4413,5,4.485919
4414,5,4.616419
4415,5,4.59195
4416,5,4.697981
4417,5,4.681669
4418,5,4.665356
4419,5,4.706137
4420,5,4.665356
4421,5,4.6572
4422,5,4.616419
4423,5,4.624575
4424,5,4.665356
4425,5,4.706137
4426,5,4.640888
4427,5,4.59195
4428,5,4.461451
4429,5,4.428826
4430,5,4.502232
4431,5,4.485919
4432,5,4.445138
4433,5,4.35542
4434,5,4.404357
4435,5,4.388045
4436,5,4.42067
4437,5,4.428826
4438,5,4.436982
4439,5,4.518412
4440,5,4.493721
4441,5,4.543103
4442,5,4.501952
4443,5,4.518412
4444,5,4.501952
4445,5,4.518412
4446,5,4.394958
4447,5,4.485491
4448,5,4.600715
4449,5,4.641866
4450,5,4.75709
4451,5,4.740629
4452,5,4.814701
4453,5,4.839392
4454,5,4.847622
4455,5,4.888774
4456,5,4.888774
4457,5,4.888774
4458,5,4.872313
4459,5,4.872313
4460,5,4.888774
4461,5,4.962846
4462,5,4.979307
4463,5,5.003997
4464,5,5.028688
4465,5,5.09453
4466,5,5.061609
4467,5,5.036918
4468,5,5.061609
4469,5,5.069839
4470,5,5.036918
4471,5,4.979307
4472,5,5.036918
4473,5,5.036918
4474,5,5.09453
4475,5,5.127451
4476,5,5.09453
4477,5,5.127451
4478,5,5.0863
4479,5,5.069839
4480,5,5.176833
4481,5,5.135682
4482,5,5.143912
4483,5,5.127451
4484,5,5.127451
4485,5,5.135682
4486,5,5.152142
4487,5,5.135682
4488,5,5.176833
4489,5,5.308517
4490,5,5.316747
4491,5,5.292056
4492,5,5.333208
4493,5,5.497813
4494,5,5.506043
4495,5,5.547194
4496,5,5.604806
4497,5,5.514273
4498,5,5.571885
4499,5,5.613037
4500,5,5.547194
4501,5,5.637727
4502,5,5.555425
4503,5,5.464892
4504,5,5.423741
4505,5,5.39905
4506,5,5.423741
4507,5,5.357899
4508,5,5.563655
4509,5,5.497813
4510,5,5.497813
4511,5,5.440201
4512,5,5.40728
4513,5,5.547194
4514,5,5.588346
4515,5,5.588346
4516,5,5.744721
4517,5,5.629497
4518,5,5.621267
4519,5,5.613037
4520,5,5.613037
4521,5,5.522504
4522,5,5.366129
4523,5,5.374359
4524,5,5.33008
4525,5,5.201524
4526,5,5.259135
4527,5,5.226214
4528,5,5.209754
4529,5,5.176833
4530,5,5.168603
4531,5,5.07807
4532,5,5.135682
4533,5,5.036918
4534,5,5.0863
4535,5,5.07807
4536,5,5.036918
4537,5,5.036918
4538,5,4.987537
4539,5,4.979307
4540,5,5.07807
4541,5,5.135682
4542,5,5.160372
4543,5,5.226214
4544,5,5.267366
4545,5,5.250905
4546,5,5.234445
4547,5,5.292056
4548,5,5.185063
4549,5,5.09453
4550,5,5.119221
4551,5,5.168603
4552,5,5.185063
4553,5,5.217984
4554,5,5.110991
4555,5,5.226214
4556,5,5.217984
4557,5,5.324977
4558,5,5.193293
4559,5,5.119221
4560,5,5.127451
4561,5,5.193293
4562,5,5.179609
4563,5,5.213026
4564,5,5.229734
4565,5,5.238088
4566,5,5.304922
4567,5,5.32163
4568,5,5.363401
4569,5,5.396818
4570,5,5.522131
4571,5,5.555548
4572,5,5.547194
4573,5,5.572257
4574,5,5.530486
4575,5,5.497069
4576,5,5.522131
4577,5,5.655799
4578,5,5.572257
4579,5,5.63909
4580,5,5.664153
4581,5,5.647445
4582,5,5.730987
4583,5,5.680861
4584,5,5.605673
4585,5,5.739341
4586,5,5.69757
4587,5,5.764403
4588,5,5.69757
4589,5,5.714278
4590,5,5.739341
4591,5,5.824163
4592,5,5.656561
4593,5,5.514099
4594,5,5.58114
4595,5,5.480579
4596,5,5.413538
4597,5,5.480579
4598,5,5.5979
4599,5,5.58952
4600,5,5.757122
4601,5,5.765502
4602,5,5.782262
4603,5,5.782262
4604,5,5.706842
4605,5,5.715222
4606,5,5.631421
4607,5,5.715222
4608,5,5.681701
4609,5,5.656561
4610,5,5.706842
4611,5,5.765502
4612,5,5.765502
4613,5,5.924724
4614,5,5.916344
4615,5,5.949864
4616,5,5.983384
4617,5,6.117466
4618,5,6.100706
4619,5,6.192887
4620,5,6.033665
4621,5,5.975004
4622,5,6.008525
4623,5,5.941484
4624,5,6.083946
4625,5,6.016905
4626,5,5.991765
4627,5,6.033665
4628,5,5.933104
4629,5,5.958244
4630,5,6.092326
4631,5,5.958244
4632,5,6.016905
4633,5,6.042045
4634,5,6.000145
4635,5,5.748742
4636,5,5.690081
4637,5,5.815783
4638,5,5.866063
4639,5,5.673321
4640,5,5.656561
4641,5,5.58952
4642,5,5.664941
4643,5,5.765502
4644,5,5.773882
4645,5,5.706842
4646,5,5.656561
4647,5,5.60628
4648,5,5.53924
4649,5,5.58114
4650,5,5.614661
4651,5,5.54762
4652,5,5.505719
4653,5,5.321357
4654,5,5.312977
4655,5,5.304597
4656,5,5.245937
4657,5,5.245937
4658,5,5.061575
4659,5,5.111855
4660,5,5.044814
4661,5,4.986154
4662,5,4.877213
4663,5,4.860452
4664,5,4.743131
4665,5,4.61743
4666,5,4.575529
4667,5,4.62581
4668,5,4.61743
4669,5,4.65095
4670,5,4.567149
4671,5,4.357647
4672,5,4.407928
4673,5,4.407928
4674,5,4.416308
4675,5,4.474968
4676,5,4.332507
4677,5,4.248706
4678,5,4.064344
4679,5,4.265466
4680,5,4.257086
4681,5,4.231946
4682,5,4.190045
4683,5,4.198425
4684,5,4.173285
4685,5,4.218655
4686,5,4.227109
4687,5,4.134113
4688,5,4.074933
4689,5,4.066479
4690,5,4.091842
4691,5,4.015754
4692,5,3.914303
4693,5,3.965028
4694,5,3.914303
4695,5,3.931211
4696,5,3.965028
4697,5,3.990391
4698,5,3.931211
4699,5,3.94812
4700,5,4.058025
4701,5,3.897395
4702,5,3.981937
4703,5,4.066479
4704,5,4.159475
4705,5,4.227109
4706,5,4.10875
4707,5,4.10875
4708,5,4.167929
4709,5,4.142567
4710,5,4.218655
4711,5,4.303197
4712,5,4.48919
4713,5,4.463827
4714,5,4.438464
4715,5,4.345468
4716,5,4.362376
4717,5,4.303197
4718,5,4.387739
4719,5,4.337014
4720,5,4.26938
4721,5,4.311651
4722,5,4.26938
4723,5,4.142567
4724,5,4.134113
4725,5,4.235563
4726,5,4.210201
4727,5,4.10875
4728,5,4.151021
4729,5,4.10875
4730,5,3.990391
4731,5,3.94812
4732,5,3.880486
4733,5,3.939666
4734,5,3.965028
4735,5,3.897395
4736,5,3.973482
4737,5,3.872032
4738,5,3.931211
4739,5,3.660676
4740,5,3.719856
4741,5,3.753673
4742,5,3.804398
4743,5,3.770581
4744,5,3.702947
4745,5,3.770581
4746,5,3.702947
4747,5,3.694493
4748,5,3.762127
4749,5,3.855123
4750,5,3.863578
4751,5,3.905849
4752,5,3.956574
4753,5,3.804398
4754,5,3.829761
4755,5,3.922757
4756,5,3.914303
4757,5,3.863578
4758,5,3.897395
4759,5,3.931211
4760,5,3.939666
4761,5,3.872032
4762,5,3.88894
4763,5,4.04957
4764,5,3.973482
4765,5,3.846669
4766,5,3.770581
4767,5,3.880486
4768,5,3.804398
4769,5,3.931211
4770,5,3.897395
4771,5,3.762127
4772,5,3.812852
4773,5,3.812852
4774,5,3.770581
4775,5,3.559226
4776,5,3.415504
4777,5,3.491592
4778,5,3.483138
4779,5,3.62686
4780,5,3.660676
4781,5,3.711402
4782,5,3.770581
4783,5,3.702947
4784,5,3.745219
4785,5,3.694493
4786,5,3.516955
4787,5,3.584588
4788,5,3.542317
4789,5,3.474684
4790,5,3.550772
4791,5,3.576134
4792,5,3.677585
4793,5,3.643768
4794,5,3.533863
4795,5,3.601497
4796,5,3.525409
4797,5,3.432413
4798,5,3.56768
4799,5,3.643768
4800,5,3.635314
4801,5,3.609951
4802,5,3.652222
4803,5,3.609951
4804,5,3.525409
4805,5,3.449321
4806,5,3.398596
4807,5,3.398596
4808,5,3.457775
4809,5,3.5085
4810,5,3.415504
4811,5,3.423958
4812,5,3.390141
4813,5,3.358674
4814,5,3.384576
4815,5,3.315503
4816,5,3.298235
4817,5,3.367308
4818,5,3.375942
4819,5,3.367308
4820,5,3.384576
4821,5,3.626332
4822,5,3.660868
4823,5,3.816283
4824,5,3.755844
4825,5,3.738575
4826,5,3.79038
4827,5,3.885355
4828,5,3.997599
4829,5,4.032136
4830,5,4.08394
4831,5,4.049404
4832,5,4.092574
4833,5,4.101209
4834,5,3.945794
4835,5,3.919892
4836,5,3.868087
4837,5,3.911258
4838,5,4.08394
4839,5,4.101209
4840,5,4.161647
4841,5,4.153013
4842,5,4.256623
4843,5,4.291159
4844,5,4.342964
4845,5,4.213452
4846,5,4.33433
4847,5,4.144379
4848,5,4.256623
4849,5,4.299793
4850,5,4.196184
4851,5,4.273891
4852,5,4.273891
4853,5,4.213452
4854,5,4.170282
4855,5,4.204818
4856,5,4.178916
4857,5,4.18755
4858,5,4.204818
4859,5,4.222086
4860,5,3.911258
4861,5,3.79038
4862,5,3.781746
4863,5,3.781746
4864,5,3.652234
4865,5,3.678137
4866,5,3.660868
4867,5,3.824917
4868,5,3.807648
4869,5,3.781746
4870,5,3.704039
4871,5,3.729941
4872,5,3.911258
4873,5,3.911258
4874,5,3.89399
4875,5,3.850819
4876,5,3.695405
4877,5,3.686771
4878,5,3.781746
4879,5,3.626332
4880,5,3.704039
4881,5,3.712673
4882,5,3.74721
4883,5,3.755844
4884,5,3.764478
4885,5,3.885355
4886,5,3.876721
4887,5,3.876721
4888,5,3.93716
4889,5,3.919892
4890,5,3.842185
4891,5,3.807648
4892,5,3.868087
4893,5,3.850819
4894,5,3.74721
4895,5,3.764478
4896,5,3.824917
4897,5,3.885355
4898,5,3.842185
4899,5,3.988965
4900,5,3.988965
4901,5,4.04077
4902,5,4.066672
4903,5,4.014867
4904,5,3.93716
4905,5,3.945794
4906,5,3.928526
4907,5,3.859453
4908,5,3.93716
4909,5,3.816283
4910,5,3.781746
4911,5,3.704039
4912,5,3.686771
4913,5,3.574527
4914,5,3.574527
4915,5,3.49682
4916,5,3.488186
4917,5,3.634966
4918,5,3.669502
4919,5,3.678137
4920,5,3.678137
4921,5,3.678137
4922,5,3.738575
4923,5,3.773112
4924,5,3.859453
4925,5,3.868087
4926,5,3.885355
4927,5,3.850819
4928,5,3.919892
4929,5,3.919892
4930,5,3.93716
4931,5,3.980331
4932,5,3.919892
4933,5,4.006233
4934,5,3.89399
4935,5,3.928526
4936,5,4.049404
4937,5,4.101209
4938,5,4.161647
4939,5,4.153013
4940,5,4.161647
4941,5,4.101209
4942,5,4.058038
4943,5,4.066672
4944,5,4.032136
4945,5,3.997599
4946,5,4.058038
4947,5,4.161647
4948,5,4.291159
4949,5,4.265257
4950,5,4.282525
4951,5,4.360232
4952,5,4.273891
4953,5,4.178916
4954,5,4.170282
4955,5,4.127111
4956,5,4.092574
4957,5,4.18755
4958,5,4.144379
4959,5,4.118477
4960,5,4.135745
4961,5,4.08394
4962,5,4.455208
4963,5,4.524281
4964,5,4.662427
4965,5,4.593354
4966,5,4.550183
4967,5,4.567451
4968,5,4.524281
4969,5,4.394769
4970,5,4.446574
4971,5,4.498378
4972,5,4.403403
4973,5,4.360232
4974,5,4.213452
4975,5,4.204818
4976,5,4.04077
4977,5,4.006233
4978,5,4.058038
4979,5,4.032136
4980,5,4.023501
4981,5,4.014867
4982,5,3.963063
4983,5,3.816283
4984,5,3.773112
4985,5,3.773112
4986,5,3.79038
4987,5,3.868087
4988,5,3.919892
4989,5,3.833551
4990,5,3.954428
4991,5,3.954428
4992,5,3.980331
4993,5,3.971697
4994,5,3.971697
4995,5,4.014867
4996,5,4.135745
4997,5,4.023501
4998,5,4.049404
4999,5,4.118477
5000,5,4.04077
5001,5,4.006233
5002,5,3.997599
5003,5,4.014867
5004,5,4.006233
5005,5,4.08394
5006,5,4.04077
5007,5,4.049404
5008,5,3.988965
5009,5,4.032136
5010,5,3.919892
5011,5,3.911258
5012,5,4.101209
5013,5,3.954428
5014,5,3.919892
5015,5,3.93716
5016,5,3.859453
5017,5,3.928526
5018,5,3.93716
5019,5,3.902624
5020,5,3.902624
5021,5,3.876721
5022,5,3.902624
5023,5,3.954428
5024,5,3.963063
5025,5,3.988965
5026,5,4.08394
5027,5,3.824917
5028,5,3.773112
5029,5,3.764478
5030,5,3.764478
5031,5,3.721307
5032,5,3.738575
5033,5,3.764478
5034,5,3.79038
5035,5,3.678137
5036,5,3.678137
5037,5,3.557259
5038,5,3.617698
5039,5,3.565893
5040,5,3.583161
5041,5,3.583161
5042,5,3.626332
5043,5,3.565893
5044,5,3.626332
5045,5,3.634966
5046,5,3.695405
5047,5,3.721307
5048,5,3.712673
5049,5,3.6436
5050,5,3.652234
5051,5,3.634966
5052,5,3.660868
5053,5,3.660868
5054,5,3.729941
5055,5,3.729941
5056,5,3.842185
5057,5,3.824917
5058,5,3.799014
5059,5,3.842185
5060,5,3.945794
5061,5,3.954428
5062,5,4.032136
5063,5,3.988965
5064,5,4.04077
5065,5,4.049404
5066,5,4.046757
5067,5,4.055612
5068,5,4.037902
5069,5,4.170727
5070,5,4.170727
5071,5,4.117597
5072,5,4.126452
5073,5,4.188437
5074,5,4.135307
5075,5,4.091032
5076,5,4.099887
5077,5,4.108742
5078,5,4.055612
5079,5,4.082177
5080,5,4.073322
5081,5,4.055612
5082,5,3.949351
5083,5,3.931641
5084,5,3.922786
5085,5,3.905076
5086,5,4.011336
5087,5,3.940496
5088,5,3.993626
5089,5,3.878511
5090,5,3.967061
5091,5,3.781105
5092,5,3.781105
5093,5,3.6837
5094,5,3.657135
5095,5,3.621714
5096,5,3.604004
5097,5,3.444613
5098,5,3.453468
5099,5,3.373773
5100,5,3.373773
5101,5,3.338353
5102,5,3.285223
5103,5,3.356063
5104,5,3.214382
5105,5,3.249802
5106,5,3.267512
5107,5,3.249802
5108,5,3.170107
5109,5,3.196672
5110,5,3.161252
5111,5,2.87789
5112,5,2.84247
5113,5,2.931021
5114,5,2.904456
5115,5,3.010716
5116,5,2.931021
5117,5,2.948731
5118,5,2.727355
5119,5,2.762775
5120,5,2.523688
5121,5,2.311167
5122,5,2.337732
5123,5,1.868415
5124,5,2.036661
5125,5,1.87727
5126,5,2.072081
5127,5,2.125211
5128,5,1.992386
5129,5,1.992386
5130,5,2.098646
5131,5,2.337732
5132,5,2.222617
5133,5,2.196052
5134,5,2.036661
5135,5,1.992386
5136,5,2.045516
5137,5,1.9304
5138,5,1.974676
5139,5,2.098646
5140,5,2.134066
5141,5,2.125211
5142,5,2.089791
5143,5,2.089791
5144,5,2.027806
5145,5,1.94811
5146,5,1.965821
5147,5,1.983531
5148,5,1.974676
5149,5,1.921545
5150,5,1.87727
5151,5,1.771009
5152,5,1.84185
5153,5,1.886125
5154,5,1.939255
5155,5,1.903835
5156,5,1.850705
5157,5,1.903835
5158,5,1.903835
5159,5,1.85956
5160,5,1.771009
5161,5,1.903835
5162,5,1.850705
5163,5,1.78872
5164,5,1.717879
5165,5,1.80643
5166,5,1.78872
5167,5,1.886125
5168,5,1.850705
5169,5,1.921545
5170,5,1.886125
5171,5,1.89498
5172,5,2.080936
5173,5,2.293457
5174,5,2.107501
5175,5,2.045516
5176,5,2.098646
5177,5,2.222617
5178,5,2.355443
5179,5,2.337732
5180,5,2.497123
5181,5,2.656514
5182,5,2.585674
5183,5,2.497123
5184,5,2.337732
5185,5,2.399718
5186,5,2.311167
5187,5,2.266892
5188,5,2.337732
5189,5,2.293457
5190,5,2.302312
5191,5,2.399718
5192,5,2.408573
5193,5,2.293457
5194,5,2.373153
5195,5,2.258037
5196,5,2.373153
5197,5,2.337732
5198,5,2.417428
5199,5,2.355443
5200,5,2.382008
5201,5,2.399718
5202,5,2.488268
5203,5,2.461703
5204,5,2.505978
5205,5,2.311167
5206,5,2.320022
5207,5,2.382008
5208,5,2.346588
5209,5,2.311167
5210,5,2.355443
5211,5,2.532544
5212,5,2.567964
5213,5,2.470558
5214,5,2.541399
5215,5,2.647659
5216,5,2.594529
5217,5,2.567964
5218,5,2.514833
5219,5,2.373153
5220,5,2.284602
5221,5,2.240327
5222,5,2.204907
5223,5,2.204907
5224,5,2.178342
5225,5,2.151776
5226,5,2.196052
5227,5,2.204907
5228,5,2.187197
5229,5,2.169487
5230,5,2.089791
5231,5,2.116356
5232,5,2.072081
5233,5,2.072081
5234,5,2.063226
5235,5,2.063226
5236,5,2.054371
5237,5,2.027806
5238,5,2.027806
5239,5,2.107501
5240,5,1.992386
5241,5,2.080936
5242,5,2.107501
5243,5,2.134066
5244,5,2.098646
5245,5,2.054371
5246,5,2.063226
5247,5,2.063226
5248,5,2.027806
5249,5,2.116356
5250,5,2.160632
5251,5,2.142921
5252,5,2.249182
5253,5,2.116356
5254,5,2.089791
5255,5,2.089791
5256,5,1.983531
5257,5,2.045516
5258,5,2.063226
5259,5,1.974676
5260,5,1.939255
5261,5,2.001241
5262,5,2.001241
5263,5,1.983531
5264,5,2.054371
5265,5,2.142921
5266,5,2.151776
5267,5,2.178342
5268,5,2.187197
5269,5,2.231472
5270,5,2.204907
5271,5,2.222617
5272,5,2.142921
5273,5,2.080936
5274,5,2.098646
5275,5,2.142921
5276,5,2.134066
5277,5,2.169487
5278,5,2.222617
5279,5,2.266892
5280,5,2.160632
5281,5,2.063226
5282,5,2.001241
5283,5,1.89498
5284,5,1.9304
5285,5,1.992386
5286,5,1.992386
5287,5,2.151776
5288,5,2.196052
5289,5,2.355443
5290,5,2.532544
5291,5,2.470558
5292,5,2.399718
5293,5,2.479413
5294,5,2.541399
5295,5,2.576819
5296,5,2.452848
5297,5,2.479413
5298,5,2.382008
5299,5,2.426283
5300,5,2.461703
5301,5,2.443993
5302,5,2.417428
5303,5,2.355443
5304,5,2.532544
5305,5,2.550254
5306,5,2.559109
5307,5,2.576819
5308,5,2.612239
5309,5,2.621094
5310,5,2.647659
5311,5,2.78934
5312,5,2.77163
5313,5,2.674224
5314,5,2.745065
5315,5,2.798195
5316,5,2.82476
5317,5,2.844031
5318,5,2.762254
5319,5,2.753168
5320,5,2.744081
5321,5,2.77134
5322,5,2.753168
5323,5,2.834945
5324,5,2.77134
5325,5,2.780427
5326,5,2.716822
5327,5,2.780427
5328,5,2.789513
5329,5,2.716822
5330,5,2.789513
5331,5,2.689563
5332,5,2.89855
5333,5,2.7986
5334,5,2.902975
5335,5,2.7843
5336,5,2.802558
5337,5,2.775172
5338,5,2.683883
5339,5,2.556079
5340,5,2.601723
5341,5,2.647368
5342,5,2.610852
5343,5,2.647368
5344,5,2.54695
5345,5,2.647368
5346,5,2.665625
5347,5,2.702141
5348,5,2.656496
5349,5,2.665625
5350,5,2.583466
5351,5,2.565208
5352,5,2.583466
5353,5,2.583466
5354,5,2.54695
5355,5,2.62911
5356,5,2.619981
5357,5,2.519564
5358,5,2.565208
5359,5,2.46479
5360,5,2.519564
5361,5,2.492177
5362,5,2.39176
5363,5,2.327858
5364,5,2.282213
5365,5,2.300471
5366,5,2.327858
5367,5,2.428275
5368,5,2.473919
5369,5,2.336987
5370,5,2.410017
5371,5,2.473919
5372,5,2.510435
5373,5,2.510435
5374,5,2.501306
5375,5,2.473919
5376,5,2.54695
5377,5,2.519564
5378,5,2.619981
5379,5,2.62911
5380,5,2.528692
5381,5,2.437404
5382,5,2.446533
5383,5,2.446533
5384,5,2.46479
5385,5,2.501306
5386,5,2.501306
5387,5,2.437404
5388,5,2.483048
5389,5,2.519564
5390,5,2.483048
5391,5,2.565208
5392,5,2.528692
5393,5,2.501306
5394,5,2.528692
5395,5,2.574337
5396,5,2.601723
5397,5,2.62911
5398,5,2.610852
5399,5,2.592594
5400,5,2.647368
5401,5,2.693012
5402,5,2.665625
5403,5,2.619981
5404,5,2.574337
5405,5,2.601723
5406,5,2.638239
5407,5,2.537821
5408,5,2.510435
5409,5,2.483048
5410,5,2.54695
5411,5,2.848202
5412,5,2.848202
5413,5,2.930362
5414,5,2.985135
5415,5,2.939491
5416,5,2.939491
5417,5,3.021651
5418,5,3.049037
5419,5,3.039908
5420,5,3.058166
5421,5,3.058166
5422,5,3.012522
5423,5,3.039908
5424,5,3.012522
5425,5,3.003393
5426,5,3.076424
5427,5,3.158583
5428,5,3.34116
5429,5,3.478093
5430,5,3.459836
5431,5,3.532866
5432,5,3.560253
5433,5,3.560253
5434,5,3.459836
5435,5,3.468964
5436,5,3.414191
5437,5,3.496351
5438,5,3.487222
5439,5,3.459836
5440,5,3.432449
5441,5,3.368547
5442,5,3.395934
5443,5,3.34116
5444,5,3.277258
5445,5,3.322903
5446,5,3.140326
5447,5,3.222485
5448,5,3.18597
5449,5,3.140326
5450,5,3.085553
5451,5,3.131197
5452,5,3.067295
5453,5,3.076424
5454,5,3.030779
5455,5,3.067295
5456,5,3.112939
5457,5,3.140326
5458,5,3.167712
5459,5,3.10381
5460,5,3.094681
5461,5,2.930362
5462,5,2.921233
5463,5,2.976006
5464,5,2.930362
5465,5,2.912104
5466,5,2.966877
5467,5,2.957749
5468,5,3.030779
5469,5,3.039908
5470,5,2.893847
5471,5,2.94862
5472,5,2.966877
5473,5,2.884718
5474,5,2.893847
5475,5,2.939491
5476,5,2.930362
5477,5,2.921233
5478,5,2.875589
5479,5,2.848202
5480,5,2.848202
5481,5,2.793429
5482,5,2.793429
5483,5,2.756914
5484,5,2.839073
5485,5,2.912104
5486,5,2.902975
5487,5,2.985135
5488,5,3.030779
5489,5,2.930362
5490,5,2.94862
5491,5,2.985135
5492,5,2.976006
5493,5,2.994264
5494,5,2.875589
5495,5,2.86646
5496,5,2.921233
5497,5,2.775172
5498,5,2.7843
5499,5,2.747785
5500,5,2.802558
5501,5,2.811687
5502,5,2.766043
5503,5,2.766043
5504,5,2.702141
5505,5,2.647368
5506,5,2.665625
5507,5,2.665625
5508,5,2.693012
5509,5,2.665625
5510,5,2.62911
5511,5,2.54695
5512,5,2.556079
5513,5,2.519564
5514,5,2.537821
5515,5,2.501306
5516,5,2.492177
5517,5,2.473919
5518,5,2.446533
5519,5,2.501306
5520,5,2.46479
5521,5,2.46479
5522,5,2.519564
5523,5,2.528692
5524,5,2.54695
5525,5,2.54695
5526,5,2.437404
5527,5,2.492177
5528,5,2.400889
5529,5,2.39176
5530,5,2.483048
5531,5,2.46479
5532,5,2.446533
5533,5,2.683883
5534,5,2.702141
5535,5,2.7843
5536,5,2.738656
5537,5,2.86646
5538,5,2.86646
5539,5,2.939491
5540,5,2.875589
5541,5,2.921233
5542,5,2.902975
5543,5,2.912104
5544,5,2.86646
5545,5,2.86646
5546,5,2.848202
5547,5,2.857331
5548,5,2.839073
5549,5,2.793429
5550,5,2.775172
5551,5,2.7843
5552,5,2.766043
5553,5,2.693012
5554,5,2.647368
5555,5,2.574337
5556,5,2.510435
5557,5,2.565208
5558,5,2.574337
5559,5,2.574337
5560,5,2.610852
5561,5,2.619981
5562,5,2.537821
5563,5,2.565208
5564,5,2.556079
5565,5,2.583466
5566,5,2.556079
5567,5,2.54695
5568,5,2.565208
5569,5,2.526599
5570,5,2.526599
5571,5,2.593089
5572,5,2.602587
5573,5,2.602587
5574,5,2.593089
5575,5,2.574092
5576,5,2.621584
5577,5,2.659578
5578,5,2.58359
5579,5,2.574092
5580,5,2.498104
5581,5,2.469608
5582,5,2.46011
5583,5,2.469608
5584,5,2.517101
5585,5,2.555095
5586,5,2.58359
5587,5,2.612086
5588,5,2.479107
5589,5,2.517101
5590,5,2.517101
5591,5,2.536098
5592,5,2.555095
5593,5,2.65008
5594,5,2.612086
5595,5,2.688074
5596,5,2.631083
5597,5,2.688074
5598,5,2.678575
5599,5,2.621584
5600,5,2.574092
5601,5,2.574092
5602,5,2.58359
5603,5,2.574092
5604,5,2.640581
5605,5,2.669077
5606,5,2.707071
5607,5,2.754563
5608,5,2.802056
5609,5,2.792557
5610,5,2.716569
5611,5,2.735566
5612,5,2.745065
5613,5,2.811554
5614,5,2.735566
5615,5,2.811554
5616,5,2.783059
5617,5,2.678575
5618,5,2.707071
5619,5,2.678575
5620,5,2.593089
5621,5,2.488605
5622,5,2.507602
5623,5,2.631083
5624,5,2.536098
5625,5,2.469608
5626,5,2.488605
5627,5,2.488605
5628,5,2.564593
5629,5,2.631083
5630,5,2.697572
5631,5,2.716569
5632,5,2.754563
5633,5,2.77356
5634,5,2.77356
5635,5,2.849548
5636,5,2.906539
5637,5,3.020521
5638,5,2.982527
5639,5,3.068013
5640,5,3.125004
5641,5,3.115506
5642,5,3.039518
5643,5,2.982527
5644,5,2.982527
5645,5,2.96353
5646,5,3.077512
5647,5,3.049016
5648,5,2.982527
5649,5,2.944533
5650,5,2.954031
5651,5,2.973028
5652,5,3.020521
5653,5,2.954031
5654,5,2.868545
5655,5,2.906539
5656,5,2.77356
5657,5,2.77356
5658,5,2.802056
5659,5,2.764062
5660,5,2.678575
5661,5,2.688074
5662,5,2.745065
5663,5,2.574092
5664,5,2.488605
5665,5,2.479107
5666,5,2.507602
5667,5,2.526599
5668,5,2.640581
5669,5,2.716569
5670,5,2.745065
5671,5,2.792557
5672,5,2.659578
5673,5,2.678575
5674,5,2.678575
5675,5,2.754563
5676,5,2.745065
5677,5,2.726068
5678,5,2.792557
5679,5,2.811554
5680,5,2.811554
5681,5,2.783059
5682,5,2.783059
5683,5,2.745065
5684,5,2.735566
5685,5,2.65008
5686,5,2.640581
5687,5,2.574092
5688,5,2.536098
5689,5,2.422116
5690,5,2.384122
5691,5,2.412617
5692,5,2.327131
5693,5,2.365125
5694,5,2.384122
5695,5,2.403119
5696,5,2.39362
5697,5,2.441113
5698,5,2.46011
5699,5,2.384122
5700,5,2.450611
5701,5,2.384122
5702,5,2.431614
5703,5,2.431614
5704,5,2.46011
5705,5,2.498104
5706,5,2.545596
5707,5,2.441113
5708,5,2.384122
5709,5,2.526599
5710,5,2.555095
5711,5,2.517101
5712,5,2.507602
5713,5,2.517101
5714,5,2.46011
5715,5,2.479107
5716,5,2.479107
5717,5,2.555095
5718,5,2.58359
5719,5,2.688074
5720,5,2.735566
5721,5,2.678575
5722,5,2.631083
5723,5,2.593089
5724,5,2.58359
5725,5,2.640581
5726,5,2.621584
5727,5,2.707071
5728,5,2.678575
5729,5,2.802056
5730,5,2.754563
5731,5,2.811554
5732,5,2.849548
5733,5,2.821053
5734,5,2.830551
5735,5,2.878043
5736,5,2.84005
5737,5,2.792557
5738,5,2.830551
5739,5,2.887542
5740,5,2.887542
5741,5,2.878043
5742,5,2.887542
5743,5,2.802056
5744,5,2.754563
5745,5,2.735566
5746,5,2.783059
5747,5,2.783059
5748,5,2.830551
5749,5,2.77356
5750,5,2.849548
5751,5,2.878043
5752,5,2.792557
5753,5,2.77356
5754,5,2.726068
5755,5,2.688074
5756,5,2.811554
5757,5,2.849548
5758,5,2.802056
5759,5,2.84005
5760,5,2.735566
5761,5,2.659578
5762,5,2.688074
5763,5,2.754563
5764,5,2.716569
5765,5,2.688074
5766,5,2.954031
5767,5,2.944533
5768,5,2.916037
5769,5,2.89704
5770,5,2.745065
5771,5,2.745065
5772,5,2.659578
5773,5,2.65008
5774,5,2.688074
5775,5,2.602587
5776,5,2.65008
5777,5,2.659578
5778,5,2.621584
5779,5,2.688074
5780,5,2.792557
5781,5,2.688074
5782,5,2.631083
5783,5,2.659578
5784,5,2.745065
5785,5,2.783059
5786,5,2.887542
5787,5,2.906539
5788,5,2.821053
5789,5,2.925536
5790,5,3.077512
5791,5,2.973028
5792,5,3.039518
5793,5,2.992025
5794,5,2.783059
5795,5,2.84005
5796,5,2.821053
5797,5,2.849548
5798,5,2.688074
5799,5,2.678575
5800,5,2.726068
5801,5,2.77356
5802,5,2.726068
5803,5,2.77356
5804,5,2.764062
5805,5,2.783059
5806,5,2.77356
5807,5,2.89704
5808,5,2.925536
5809,5,2.944533
5810,5,2.859046
5811,5,2.849548
5812,5,2.878043
5813,5,2.821053
5814,5,2.77356
5815,5,2.726068
5816,5,2.707071
5817,5,2.707071
5818,5,2.659578
5819,5,2.621584
5820,5,2.707071
5821,5,2.76
5822,5,2.75
5823,5,2.76
5824,5,2.81
5825,5,2.72
5826,5,2.75
5827,5,2.75
5828,5,2.72
5829,5,2.59
5830,5,2.61
5831,5,2.64
5832,5,2.71
5833,5,2.72
5834,5,2.76
5835,5,2.72
5836,5,2.74
5837,5,2.71
5838,5,2.72
5839,5,2.65
5840,5,2.6
5841,5,2.6
5842,5,2.57
5843,5,2.63
5844,5,2.68
5845,5,2.68
5846,5,2.65
5847,5,2.62
5848,5,2.66
5849,5,2.59
5850,5,2.58
5851,5,2.51
5852,5,2.5
5853,5,2.49
5854,5,2.5
5855,5,2.45
5856,5,2.44
5857,5,2.51
5858,5,2.49
5859,5,2.52
5860,5,2.5
5861,5,2.52
5862,5,2.52
5863,5,2.54
5864,5,2.58
5865,5,2.55
5866,5,2.57
5867,5,2.55
5868,5,2.58
5869,5,2.52
5870,5,2.52
5871,5,2.61
5872,5,2.57
5873,5,2.63
5874,5,2.62
5875,5,2.58
5876,5,2.56
5877,5,2.65
5878,5,2.65
5879,5,2.71
5880,5,2.69
5881,5,2.68
5882,5,2.63
5883,5,2.63
5884,5,2.59
5885,5,2.63
5886,5,2.66
5887,5,2.78
5888,5,2.86
5889,5,2.87
5890,5,2.82
5891,5,2.81
5892,5,2.82
5893,5,2.82
5894,5,2.84
5895,5,2.82
5896,5,2.91
5897,5,2.97
5898,5,2.93
5899,5,2.94
5900,5,2.95
5901,5,2.92
5902,5,2.85
5903,5,2.88
5904,5,2.83
5905,5,2.82
5906,5,2.79
5907,5,2.77
5908,5,2.8
5909,5,2.8
5910,5,2.79
5911,5,2.8
5912,5,2.88
5913,5,2.91
5914,5,2.89
5915,5,2.87
5916,5,2.86
5917,5,2.88
5918,5,2.9
5919,5,2.91
5920,5,2.96
5921,5,2.94
5922,5,2.91
5923,5,2.9
5924,5,2.88
5925,5,2.89
5926,5,2.88
5927,5,2.94
5928,5,2.91
5929,5,2.91
5930,5,2.83
5931,5,2.79
5932,5,2.82
5933,5,2.9
5934,5,2.88
5935,5,2.98
5936,5,2.99
5937,5,3.0
5938,5,3.1
5939,5,3.08
5940,5,3.1
5941,5,3.14
5942,5,3.13
5943,5,3.09
5944,5,3.11
5945,5,3.19
5946,5,3.22
5947,5,3.2
5948,5,3.19
5949,5,3.19
5950,5,3.1
5951,5,3.1
5952,5,3.18
5953,5,3.18
5954,5,3.13
5955,5,3.0
5956,5,3.03
5957,5,3.05
5958,5,3.0
5959,5,3.02
5960,5,3.06
5961,5,3.04
5962,5,3.04
5963,5,3.02
5964,5,3.02
5965,5,3.09
5966,5,3.16
0,6,144.71
1,6,144.71
2,6,144.71
3,6,144.71
4,6,144.71
5,6,144.71
6,6,144.71
7,6,144.71
8,6,144.71
9,6,144.71
10,6,144.71
11,6,144.71
12,6,144.71
13,6,144.71
14,6,144.71
15,6,144.71
16,6,144.71
17,6,144.71
18,6,144.71
19,6,144.71
20,6,144.71
21,6,144.71
22,6,144.71
23,6,144.71
24,6,144.71
25,6,144.71
26,6,144.71
27,6,144.71
28,6,144.71
29,6,144.71
30,6,144.71
31,6,144.71
32,6,144.71
33,6,144.71
34,6,144.71
35,6,144.71
36,6,144.71
37,6,144.71
38,6,144.71
39,6,144.71
40,6,144.71
41,6,144.71
42,6,144.71
43,6,144.71
44,6,144.71
45,6,144.71
46,6,144.71
47,6,144.71
48,6,144.71
49,6,144.71
50,6,144.71
51,6,144.71
52,6,144.71
53,6,144.71
54,6,144.71
55,6,144.71
56,6,144.71
57,6,144.71
58,6,144.71
59,6,144.71
60,6,144.71
61,6,144.71
62,6,144.71
63,6,144.71
64,6,144.71
65,6,144.71
66,6,144.71
67,6,144.71
68,6,144.71
69,6,144.71
70,6,144.71
71,6,144.71
72,6,144.71
73,6,144.71
74,6,144.71
75,6,144.71
76,6,144.71
77,6,144.71
78,6,144.71
79,6,144.71
80,6,144.71
81,6,144.71
82,6,144.71
83,6,144.71
84,6,144.71
85,6,144.71
86,6,144.71
87,6,144.71
88,6,144.71
89,6,144.71
90,6,144.71
91,6,144.71
92,6,144.71
93,6,144.71
94,6,144.71
95,6,144.71
96,6,144.71
97,6,144.71
98,6,144.71
99,6,144.71
100,6,144.71
101,6,144.71
102,6,144.71
103,6,144.71
104,6,144.71
105,6,144.71
106,6,144.71
107,6,144.71
108,6,144.71
109,6,144.71
110,6,144.71
111,6,144.71
112,6,144.71
113,6,144.71
114,6,144.71
115,6,144.71
116,6,144.71
117,6,144.71
118,6,144.71
119,6,144.71
120,6,144.71
121,6,144.71
122,6,144.71
123,6,144.71
124,6,144.71
125,6,144.71
126,6,144.71
127,6,144.71
128,6,144.71
129,6,144.71
130,6,144.71
131,6,144.71
132,6,144.71
133,6,144.71
134,6,144.71
135,6,144.71
136,6,144.71
137,6,144.71
138,6,144.71
139,6,144.71
140,6,144.71
141,6,144.71
142,6,144.71
143,6,144.71
144,6,144.71
145,6,144.71
146,6,144.71
147,6,144.71
148,6,144.71
149,6,144.71
150,6,144.71
151,6,144.71
152,6,144.71
153,6,144.71
154,6,144.71
155,6,144.71
156,6,144.71
157,6,144.71
158,6,144.71
159,6,144.71
160,6,144.71
161,6,144.71
162,6,144.71
163,6,144.71
164,6,144.71
165,6,144.71
166,6,144.71
167,6,144.71
168,6,144.71
169,6,144.71
170,6,144.71
171,6,144.71
172,6,144.71
173,6,144.71
174,6,144.71
175,6,144.71
176,6,144.71
177,6,144.71
178,6,144.71
179,6,144.71
180,6,144.71
181,6,144.71
182,6,144.71
183,6,144.71
184,6,144.71
185,6,144.71
186,6,144.71
187,6,144.71
188,6,144.71
189,6,144.71
190,6,144.71
191,6,144.71
192,6,144.71
193,6,144.71
194,6,144.71
195,6,144.71
196,6,144.71
197,6,144.71
198,6,144.71
199,6,144.71
200,6,144.71
201,6,144.71
202,6,144.71
203,6,144.71
204,6,144.71
205,6,144.71
206,6,144.71
207,6,144.71
208,6,144.71
209,6,144.71
210,6,144.71
211,6,144.71
212,6,144.71
213,6,144.71
214,6,144.71
215,6,144.71
216,6,144.71
217,6,144.71
218,6,144.71
219,6,144.71
220,6,144.71
221,6,144.71
222,6,144.71
223,6,144.71
224,6,144.71
225,6,144.71
226,6,144.71
227,6,144.71
228,6,144.71
229,6,144.71
230,6,144.71
231,6,144.71
232,6,144.71
233,6,144.71
234,6,144.71
235,6,144.71
236,6,144.71
237,6,144.71
238,6,144.71
239,6,144.71
240,6,144.71
241,6,144.71
242,6,144.71
243,6,144.71
244,6,144.71
245,6,144.71
246,6,144.71
247,6,144.71
248,6,144.71
249,6,144.71
250,6,144.71
251,6,144.71
252,6,144.71
253,6,144.71
254,6,144.71
255,6,144.71
256,6,144.71
257,6,144.71
258,6,144.71
259,6,144.71
260,6,144.71
261,6,144.71
262,6,144.71
263,6,144.71
264,6,144.71
265,6,144.71
266,6,144.71
267,6,144.71
268,6,144.71
269,6,144.71
270,6,144.71
271,6,144.71
272,6,144.71
273,6,144.71
274,6,144.71
275,6,144.71
276,6,144.71
277,6,144.71
278,6,144.71
279,6,144.71
280,6,144.71
281,6,144.71
282,6,144.71
283,6,144.71
284,6,144.71
285,6,144.71
286,6,144.71
287,6,144.71
288,6,144.71
289,6,144.71
290,6,144.71
291,6,144.71
292,6,144.71
293,6,144.71
294,6,144.71
295,6,144.71
296,6,144.71
297,6,144.71
298,6,144.71
299,6,144.71
300,6,144.71
301,6,144.71
302,6,144.71
303,6,144.71
304,6,144.71
305,6,144.71
306,6,144.71
307,6,144.71
308,6,144.71
309,6,144.71
310,6,144.71
311,6,144.71
312,6,144.71
313,6,144.71
314,6,144.71
315,6,144.71
316,6,144.71
317,6,144.71
318,6,144.71
319,6,144.71
320,6,144.71
321,6,144.71
322,6,144.71
323,6,144.71
324,6,144.71
325,6,144.71
326,6,144.71
327,6,144.71
328,6,144.71
329,6,144.71
330,6,144.71
331,6,144.71
332,6,144.71
333,6,144.71
334,6,144.71
335,6,144.71
336,6,144.71
337,6,144.71
338,6,144.71
339,6,144.71
340,6,144.71
341,6,144.71
342,6,144.71
343,6,144.71
344,6,144.71
345,6,144.71
346,6,144.71
347,6,144.71
348,6,144.71
349,6,144.71
350,6,144.71
351,6,144.71
352,6,144.71
353,6,144.71
354,6,144.71
355,6,144.71
356,6,144.71
357,6,144.71
358,6,144.71
359,6,144.71
360,6,144.71
361,6,144.71
362,6,144.71
363,6,144.71
364,6,144.71
365,6,144.71
366,6,144.71
367,6,144.71
368,6,144.71
369,6,144.71
370,6,144.71
371,6,144.71
372,6,144.71
373,6,144.71
374,6,144.71
375,6,144.71
376,6,144.71
377,6,144.71
378,6,144.71
379,6,144.71
380,6,144.71
381,6,144.71
382,6,144.71
383,6,144.71
384,6,144.71
385,6,144.71
386,6,144.71
387,6,144.71
388,6,144.71
389,6,144.71
390,6,144.71
391,6,144.71
392,6,144.71
393,6,144.71
394,6,144.71
395,6,144.71
396,6,144.71
397,6,144.71
398,6,144.71
399,6,144.71
400,6,144.71
401,6,144.71
402,6,144.71
403,6,144.71
404,6,144.71
405,6,144.71
406,6,144.71
407,6,144.71
408,6,144.71
409,6,144.71
410,6,144.71
411,6,144.71
412,6,144.71
413,6,144.71
414,6,144.71
415,6,144.71
416,6,144.71
417,6,144.71
418,6,144.71
419,6,144.71
420,6,144.71
421,6,144.71
422,6,144.71
423,6,144.71
424,6,144.71
425,6,144.71
426,6,144.71
427,6,144.71
428,6,144.71
429,6,144.71
430,6,144.71
431,6,144.71
432,6,144.71
433,6,144.71
434,6,144.71
435,6,144.71
436,6,144.71
437,6,144.71
438,6,144.71
439,6,144.71
440,6,144.71
441,6,144.71
442,6,144.71
443,6,144.71
444,6,144.71
445,6,144.71
446,6,144.71
447,6,144.71
448,6,144.71
449,6,144.71
450,6,144.71
451,6,144.71
452,6,144.71
453,6,144.71
454,6,144.71
455,6,144.71
456,6,144.71
457,6,144.71
458,6,144.71
459,6,144.71
460,6,144.71
461,6,144.71
462,6,144.71
463,6,144.71
464,6,144.71
465,6,144.71
466,6,144.71
467,6,144.71
468,6,144.71
469,6,144.71
470,6,144.71
471,6,144.71
472,6,144.71
473,6,144.71
474,6,144.71
475,6,144.71
476,6,144.71
477,6,144.71
478,6,144.71
479,6,144.71
480,6,144.71
481,6,144.71
482,6,144.71
483,6,144.71
484,6,144.71
485,6,144.71
486,6,144.71
487,6,144.71
488,6,144.71
489,6,144.71
490,6,144.71
491,6,144.71
492,6,144.71
493,6,144.71
494,6,144.71
495,6,144.71
496,6,144.71
497,6,144.71
498,6,144.71
499,6,144.71
500,6,144.71
501,6,144.71
502,6,144.71
503,6,144.71
504,6,144.71
505,6,144.71
506,6,144.71
507,6,144.71
508,6,144.71
509,6,144.71
510,6,144.71
511,6,144.71
512,6,144.71
513,6,144.71
514,6,144.71
515,6,144.71
516,6,144.71
517,6,144.71
518,6,144.71
519,6,144.71
520,6,144.71
521,6,144.71
522,6,144.71
523,6,144.71
524,6,144.71
525,6,144.71
526,6,144.71
527,6,144.71
528,6,144.71
529,6,144.71
530,6,144.71
531,6,144.71
532,6,144.71
533,6,144.71
534,6,144.71
535,6,144.71
536,6,144.71
537,6,144.71
538,6,144.71
539,6,144.71
540,6,144.71
541,6,144.71
542,6,144.71
543,6,144.71
544,6,144.71
545,6,144.71
546,6,144.71
547,6,144.71
548,6,144.71
549,6,144.71
550,6,144.71
551,6,144.71
552,6,144.71
553,6,144.71
554,6,144.71
555,6,144.71
556,6,144.71
557,6,144.71
558,6,144.71
559,6,144.71
560,6,144.71
561,6,144.71
562,6,144.71
563,6,144.71
564,6,144.71
565,6,144.71
566,6,144.71
567,6,144.71
568,6,144.71
569,6,144.71
570,6,144.71
571,6,144.71
572,6,144.71
573,6,144.71
574,6,144.71
575,6,144.71
576,6,144.71
577,6,144.71
578,6,144.71
579,6,144.71
580,6,144.71
581,6,144.71
582,6,144.71
583,6,144.71
584,6,144.71
585,6,144.71
586,6,144.71
587,6,144.71
588,6,144.71
589,6,144.71
590,6,144.71
591,6,144.71
592,6,144.71
593,6,144.71
594,6,144.71
595,6,144.71
596,6,144.71
597,6,144.71
598,6,144.71
599,6,144.71
600,6,144.71
601,6,144.71
602,6,144.71
603,6,144.71
604,6,144.71
605,6,144.71
606,6,144.71
607,6,144.71
608,6,144.71
609,6,144.71
610,6,144.71
611,6,144.71
612,6,144.71
613,6,144.71
614,6,144.71
615,6,144.71
616,6,144.71
617,6,144.71
618,6,144.71
619,6,144.71
620,6,144.71
621,6,144.71
622,6,144.71
623,6,144.71
624,6,144.71
625,6,144.71
626,6,144.71
627,6,144.71
628,6,144.71
629,6,144.71
630,6,144.71
631,6,144.71
632,6,144.71
633,6,144.71
634,6,144.71
635,6,144.71
636,6,144.71
637,6,144.71
638,6,144.71
639,6,144.71
640,6,144.71
641,6,144.71
642,6,144.71
643,6,144.71
644,6,144.71
645,6,144.71
646,6,144.71
647,6,144.71
648,6,144.71
649,6,144.71
650,6,144.71
651,6,144.71
652,6,144.71
653,6,144.71
654,6,144.71
655,6,144.71
656,6,144.71
657,6,144.71
658,6,144.71
659,6,144.71
660,6,144.71
661,6,144.71
662,6,144.71
663,6,144.71
664,6,144.71
665,6,144.71
666,6,144.71
667,6,144.71
668,6,144.71
669,6,144.71
670,6,144.71
671,6,144.71
672,6,144.71
673,6,144.71
674,6,144.71
675,6,144.71
676,6,144.71
677,6,144.71
678,6,144.71
679,6,144.71
680,6,144.71
681,6,144.71
682,6,144.71
683,6,144.71
684,6,144.71
685,6,144.71
686,6,144.71
687,6,144.71
688,6,144.71
689,6,144.71
690,6,144.71
691,6,144.71
692,6,144.71
693,6,144.71
694,6,144.71
695,6,144.71
696,6,144.71
697,6,144.71
698,6,144.71
699,6,144.71
700,6,144.71
701,6,144.71
702,6,144.71
703,6,144.71
704,6,144.71
705,6,144.71
706,6,144.71
707,6,144.71
708,6,144.71
709,6,144.71
710,6,144.71
711,6,144.71
712,6,144.71
713,6,144.71
714,6,144.71
715,6,144.71
716,6,144.71
717,6,144.71
718,6,144.71
719,6,144.71
720,6,144.71
721,6,144.71
722,6,144.71
723,6,144.71
724,6,144.71
725,6,144.71
726,6,144.71
727,6,144.71
728,6,144.71
729,6,144.71
730,6,144.71
731,6,144.71
732,6,144.71
733,6,144.71
734,6,144.71
735,6,144.71
736,6,144.71
737,6,144.71
738,6,144.71
739,6,144.71
740,6,144.71
741,6,144.71
742,6,144.71
743,6,144.71
744,6,144.71
745,6,144.71
746,6,144.71
747,6,144.71
748,6,144.71
749,6,144.71
750,6,144.71
751,6,144.71
752,6,144.71
753,6,144.71
754,6,144.71
755,6,144.71
756,6,144.71
757,6,144.71
758,6,144.71
759,6,144.71
760,6,144.71
761,6,144.71
762,6,144.71
763,6,144.71
764,6,144.71
765,6,144.71
766,6,144.71
767,6,144.71
768,6,144.71
769,6,144.71
770,6,144.71
771,6,144.71
772,6,144.71
773,6,144.71
774,6,144.71
775,6,144.71
776,6,144.71
777,6,144.71
778,6,144.71
779,6,144.71
780,6,144.71
781,6,144.71
782,6,144.71
783,6,144.71
784,6,144.71
785,6,144.71
786,6,144.71
787,6,144.71
788,6,144.71
789,6,144.71
790,6,144.71
791,6,144.71
792,6,144.71
793,6,144.71
794,6,144.71
795,6,144.71
796,6,144.71
797,6,144.71
798,6,144.71
799,6,144.71
800,6,144.71
801,6,144.71
802,6,144.71
803,6,144.71
804,6,144.71
805,6,144.71
806,6,144.71
807,6,144.71
808,6,144.71
809,6,144.71
810,6,144.71
811,6,144.71
812,6,144.71
813,6,144.71
814,6,144.71
815,6,144.71
816,6,144.71
817,6,144.71
818,6,144.71
819,6,144.71
820,6,144.71
821,6,144.71
822,6,144.71
823,6,144.71
824,6,144.71
825,6,144.71
826,6,144.71
827,6,144.71
828,6,144.71
829,6,144.71
830,6,144.71
831,6,144.71
832,6,144.71
833,6,144.71
834,6,144.71
835,6,144.71
836,6,144.71
837,6,144.71
838,6,144.71
839,6,144.71
840,6,144.71
841,6,144.71
842,6,144.71
843,6,144.71
844,6,144.71
845,6,144.71
846,6,144.71
847,6,144.71
848,6,144.71
849,6,144.71
850,6,144.71
851,6,144.71
852,6,144.71
853,6,144.71
854,6,144.71
855,6,144.71
856,6,144.71
857,6,144.71
858,6,144.71
859,6,144.71
860,6,144.71
861,6,144.71
862,6,144.71
863,6,144.71
864,6,144.71
865,6,144.71
866,6,144.71
867,6,144.71
868,6,144.71
869,6,144.71
870,6,144.71
871,6,144.71
872,6,144.71
873,6,144.71
874,6,144.71
875,6,144.71
876,6,144.71
877,6,144.71
878,6,144.71
879,6,144.71
880,6,144.71
881,6,144.71
882,6,144.71
883,6,144.71
884,6,144.71
885,6,144.71
886,6,144.71
887,6,144.71
888,6,144.71
889,6,144.71
890,6,144.71
891,6,144.71
892,6,144.71
893,6,144.71
894,6,144.71
895,6,144.71
896,6,144.71
897,6,144.71
898,6,144.71
899,6,144.71
900,6,144.71
901,6,144.71
902,6,144.71
903,6,144.71
904,6,144.71
905,6,144.71
906,6,144.71
907,6,144.71
908,6,144.71
909,6,144.71
910,6,144.71
911,6,144.71
912,6,144.71
913,6,144.71
914,6,144.71
915,6,144.71
916,6,144.71
917,6,144.71
918,6,144.71
919,6,144.71
920,6,144.71
921,6,144.71
922,6,144.71
923,6,144.71
924,6,144.71
925,6,144.71
926,6,144.71
927,6,144.71
928,6,144.71
929,6,144.71
930,6,144.71
931,6,144.71
932,6,144.71
933,6,144.71
934,6,144.71
935,6,144.71
936,6,144.71
937,6,144.71
938,6,144.71
939,6,144.71
940,6,144.71
941,6,144.71
942,6,144.71
943,6,144.71
944,6,144.71
945,6,144.71
946,6,144.71
947,6,144.71
948,6,144.71
949,6,144.71
950,6,144.71
951,6,144.71
952,6,144.71
953,6,144.71
954,6,144.71
955,6,144.71
956,6,144.71
957,6,144.71
958,6,144.71
959,6,144.71
960,6,144.71
961,6,144.71
962,6,144.71
963,6,144.71
964,6,144.71
965,6,144.71
966,6,144.71
967,6,144.71
968,6,144.71
969,6,144.71
970,6,144.71
971,6,144.71
972,6,144.71
973,6,144.71
974,6,144.71
975,6,144.71
976,6,144.71
977,6,144.71
978,6,144.71
979,6,144.71
980,6,144.71
981,6,144.71
982,6,144.71
983,6,144.71
984,6,144.71
985,6,144.71
986,6,144.71
987,6,144.71
988,6,144.71
989,6,144.71
990,6,144.71
991,6,144.71
992,6,144.71
993,6,144.71
994,6,144.71
995,6,144.71
996,6,144.71
997,6,144.71
998,6,144.71
999,6,144.71
1000,6,144.71
1001,6,144.71
1002,6,144.71
1003,6,144.71
1004,6,144.71
1005,6,144.71
1006,6,144.71
1007,6,144.71
1008,6,144.71
1009,6,144.71
1010,6,144.71
1011,6,144.71
1012,6,144.71
1013,6,144.71
1014,6,144.71
1015,6,144.71
1016,6,144.71
1017,6,144.71
1018,6,144.71
1019,6,144.71
1020,6,144.71
1021,6,144.71
1022,6,144.71
1023,6,144.71
1024,6,144.71
1025,6,144.71
1026,6,144.71
1027,6,144.71
1028,6,144.71
1029,6,144.71
1030,6,144.71
1031,6,144.71
1032,6,144.71
1033,6,144.71
1034,6,144.71
1035,6,144.71
1036,6,144.71
1037,6,144.71
1038,6,144.71
1039,6,144.71
1040,6,144.71
1041,6,144.71
1042,6,144.71
1043,6,144.71
1044,6,144.71
1045,6,144.71
1046,6,144.71
1047,6,144.71
1048,6,144.71
1049,6,144.71
1050,6,144.71
1051,6,144.71
1052,6,144.71
1053,6,144.71
1054,6,144.71
1055,6,144.71
1056,6,144.71
1057,6,144.71
1058,6,144.71
1059,6,144.71
1060,6,144.71
1061,6,144.71
1062,6,144.71
1063,6,144.71
1064,6,144.71
1065,6,144.71
1066,6,144.71
1067,6,144.71
1068,6,144.71
1069,6,144.71
1070,6,144.71
1071,6,144.71
1072,6,144.71
1073,6,144.71
1074,6,144.71
1075,6,144.71
1076,6,144.71
1077,6,144.71
1078,6,144.71
1079,6,144.71
1080,6,144.71
1081,6,144.71
1082,6,144.71
1083,6,144.71
1084,6,144.71
1085,6,144.71
1086,6,144.71
1087,6,144.71
1088,6,144.71
1089,6,144.71
1090,6,144.71
1091,6,144.71
1092,6,144.71
1093,6,144.71
1094,6,144.71
1095,6,144.71
1096,6,144.71
1097,6,144.71
1098,6,144.71
1099,6,144.71
1100,6,144.71
1101,6,144.71
1102,6,144.71
1103,6,144.71
1104,6,144.71
1105,6,144.71
1106,6,144.71
1107,6,144.71
1108,6,144.71
1109,6,144.71
1110,6,144.71
1111,6,144.71
1112,6,144.71
1113,6,144.71
1114,6,144.71
1115,6,144.71
1116,6,144.71
1117,6,144.71
1118,6,144.71
1119,6,144.71
1120,6,144.71
1121,6,144.71
1122,6,144.71
1123,6,144.71
1124,6,144.71
1125,6,144.71
1126,6,144.71
1127,6,144.71
1128,6,144.71
1129,6,144.71
1130,6,144.71
1131,6,144.71
1132,6,144.71
1133,6,144.71
1134,6,144.71
1135,6,144.71
1136,6,144.71
1137,6,144.71
1138,6,144.71
1139,6,144.71
1140,6,144.71
1141,6,144.71
1142,6,144.71
1143,6,144.71
1144,6,144.71
1145,6,144.71
1146,6,144.71
1147,6,144.71
1148,6,144.71
1149,6,144.71
1150,6,144.71
1151,6,144.71
1152,6,144.71
1153,6,144.71
1154,6,144.71
1155,6,144.71
1156,6,144.71
1157,6,144.71
1158,6,144.71
1159,6,144.71
1160,6,144.71
1161,6,144.71
1162,6,144.71
1163,6,144.71
1164,6,144.71
1165,6,144.71
1166,6,144.71
1167,6,144.71
1168,6,144.71
1169,6,144.71
1170,6,144.71
1171,6,144.71
1172,6,144.71
1173,6,144.71
1174,6,144.71
1175,6,144.71
1176,6,144.71
1177,6,144.71
1178,6,144.71
1179,6,144.71
1180,6,144.71
1181,6,144.71
1182,6,144.71
1183,6,144.71
1184,6,144.71
1185,6,144.71
1186,6,144.71
1187,6,144.71
1188,6,144.71
1189,6,144.71
1190,6,144.71
1191,6,144.71
1192,6,144.71
1193,6,144.71
1194,6,144.71
1195,6,144.71
1196,6,144.71
1197,6,144.71
1198,6,144.71
1199,6,144.71
1200,6,144.71
1201,6,144.71
1202,6,144.71
1203,6,144.71
1204,6,144.71
1205,6,144.71
1206,6,144.71
1207,6,144.71
1208,6,144.71
1209,6,144.71
1210,6,144.71
1211,6,144.71
1212,6,144.71
1213,6,144.71
1214,6,144.71
1215,6,144.71
1216,6,144.71
1217,6,144.71
1218,6,144.71
1219,6,144.71
1220,6,144.71
1221,6,144.71
1222,6,144.71
1223,6,144.71
1224,6,144.71
1225,6,144.71
1226,6,144.71
1227,6,144.71
1228,6,144.71
1229,6,144.71
1230,6,144.71
1231,6,144.71
1232,6,144.71
1233,6,144.71
1234,6,144.71
1235,6,144.71
1236,6,144.71
1237,6,144.71
1238,6,144.71
1239,6,144.71
1240,6,144.71
1241,6,144.71
1242,6,144.71
1243,6,144.71
1244,6,144.71
1245,6,144.71
1246,6,144.71
1247,6,144.71
1248,6,144.71
1249,6,144.71
1250,6,144.71
1251,6,144.71
1252,6,144.71
1253,6,144.71
1254,6,144.71
1255,6,144.71
1256,6,144.71
1257,6,144.71
1258,6,144.71
1259,6,144.71
1260,6,144.71
1261,6,144.71
1262,6,144.71
1263,6,144.71
1264,6,144.71
1265,6,144.71
1266,6,144.71
1267,6,144.71
1268,6,144.71
1269,6,144.71
1270,6,144.71
1271,6,144.71
1272,6,144.71
1273,6,144.71
1274,6,144.71
1275,6,144.71
1276,6,144.71
1277,6,144.71
1278,6,144.71
1279,6,144.71
1280,6,144.71
1281,6,144.71
1282,6,144.71
1283,6,144.71
1284,6,144.71
1285,6,144.71
1286,6,144.71
1287,6,144.71
1288,6,144.71
1289,6,144.71
1290,6,144.71
1291,6,144.71
1292,6,144.71
1293,6,144.71
1294,6,144.71
1295,6,144.71
1296,6,144.71
1297,6,144.71
1298,6,144.71
1299,6,144.71
1300,6,144.71
1301,6,144.71
1302,6,144.71
1303,6,144.71
1304,6,144.71
1305,6,144.71
1306,6,144.71
1307,6,144.71
1308,6,144.71
1309,6,144.71
1310,6,144.71
1311,6,144.71
1312,6,144.71
1313,6,144.71
1314,6,144.71
1315,6,144.71
1316,6,144.71
1317,6,144.71
1318,6,144.71
1319,6,144.71
1320,6,144.71
1321,6,144.71
1322,6,144.71
1323,6,144.71
1324,6,144.71
1325,6,144.71
1326,6,144.71
1327,6,144.71
1328,6,144.71
1329,6,144.71
1330,6,144.71
1331,6,144.71
1332,6,144.71
1333,6,144.71
1334,6,144.71
1335,6,144.71
1336,6,144.71
1337,6,144.71
1338,6,144.71
1339,6,144.71
1340,6,144.71
1341,6,144.71
1342,6,144.71
1343,6,144.71
1344,6,144.71
1345,6,144.71
1346,6,144.71
1347,6,144.71
1348,6,144.71
1349,6,144.71
1350,6,144.71
1351,6,144.71
1352,6,144.71
1353,6,144.71
1354,6,144.71
1355,6,144.71
1356,6,144.71
1357,6,144.71
1358,6,144.71
1359,6,144.71
1360,6,144.71
1361,6,144.71
1362,6,144.71
1363,6,144.71
1364,6,144.71
1365,6,144.71
1366,6,144.71
1367,6,144.71
1368,6,144.71
1369,6,144.71
1370,6,144.71
1371,6,144.71
1372,6,144.71
1373,6,144.71
1374,6,144.71
1375,6,144.71
1376,6,144.71
1377,6,144.71
1378,6,144.71
1379,6,144.71
1380,6,144.71
1381,6,144.71
1382,6,144.71
1383,6,144.71
1384,6,144.71
1385,6,144.71
1386,6,144.71
1387,6,144.71
1388,6,144.71
1389,6,144.71
1390,6,144.71
1391,6,144.71
1392,6,144.71
1393,6,144.71
1394,6,144.71
1395,6,144.71
1396,6,144.71
1397,6,144.71
1398,6,144.71
1399,6,144.71
1400,6,144.71
1401,6,144.71
1402,6,144.71
1403,6,144.71
1404,6,144.71
1405,6,144.71
1406,6,144.71
1407,6,144.71
1408,6,144.71
1409,6,144.71
1410,6,144.71
1411,6,144.71
1412,6,144.71
1413,6,144.71
1414,6,144.71
1415,6,144.71
1416,6,144.71
1417,6,144.71
1418,6,144.71
1419,6,144.71
1420,6,144.71
1421,6,144.71
1422,6,144.71
1423,6,144.71
1424,6,144.71
1425,6,144.71
1426,6,144.71
1427,6,144.71
1428,6,144.71
1429,6,144.71
1430,6,144.71
1431,6,144.71
1432,6,144.71
1433,6,144.71
1434,6,144.71
1435,6,144.71
1436,6,144.71
1437,6,144.71
1438,6,144.71
1439,6,144.71
1440,6,144.71
1441,6,144.71
1442,6,144.71
1443,6,144.71
1444,6,144.71
1445,6,144.71
1446,6,144.71
1447,6,144.71
1448,6,144.71
1449,6,144.71
1450,6,144.71
1451,6,144.71
1452,6,144.71
1453,6,144.71
1454,6,144.71
1455,6,144.71
1456,6,144.71
1457,6,144.71
1458,6,144.71
1459,6,144.71
1460,6,144.71
1461,6,144.71
1462,6,144.71
1463,6,144.71
1464,6,144.71
1465,6,144.71
1466,6,144.71
1467,6,144.71
1468,6,144.71
1469,6,144.71
1470,6,144.71
1471,6,144.71
1472,6,144.71
1473,6,144.71
1474,6,144.71
1475,6,144.71
1476,6,144.71
1477,6,144.71
1478,6,144.71
1479,6,144.71
1480,6,144.71
1481,6,144.71
1482,6,144.71
1483,6,144.71
1484,6,144.71
1485,6,144.71
1486,6,144.71
1487,6,144.71
1488,6,144.71
1489,6,144.71
1490,6,144.71
1491,6,144.71
1492,6,144.71
1493,6,144.71
1494,6,144.71
1495,6,144.71
1496,6,144.71
1497,6,144.71
1498,6,144.71
1499,6,144.71
1500,6,144.71
1501,6,144.71
1502,6,144.71
1503,6,144.71
1504,6,144.71
1505,6,144.71
1506,6,144.71
1507,6,144.71
1508,6,144.71
1509,6,144.71
1510,6,144.71
1511,6,144.71
1512,6,144.71
1513,6,144.71
1514,6,144.71
1515,6,144.71
1516,6,144.71
1517,6,144.71
1518,6,144.71
1519,6,144.71
1520,6,144.71
1521,6,144.71
1522,6,144.71
1523,6,144.71
1524,6,144.71
1525,6,144.71
1526,6,144.71
1527,6,144.71
1528,6,144.71
1529,6,144.71
1530,6,144.71
1531,6,144.71
1532,6,144.71
1533,6,144.71
1534,6,144.71
1535,6,144.71
1536,6,144.71
1537,6,144.71
1538,6,144.71
1539,6,144.71
1540,6,144.71
1541,6,144.71
1542,6,144.71
1543,6,144.71
1544,6,144.71
1545,6,144.71
1546,6,144.71
1547,6,144.71
1548,6,144.71
1549,6,144.71
1550,6,144.71
1551,6,144.71
1552,6,144.71
1553,6,144.71
1554,6,144.71
1555,6,144.71
1556,6,144.71
1557,6,144.71
1558,6,144.71
1559,6,144.71
1560,6,144.71
1561,6,144.71
1562,6,144.71
1563,6,144.71
1564,6,144.71
1565,6,144.71
1566,6,144.71
1567,6,144.71
1568,6,144.71
1569,6,144.71
1570,6,144.71
1571,6,144.71
1572,6,144.71
1573,6,144.71
1574,6,144.71
1575,6,144.71
1576,6,144.71
1577,6,144.71
1578,6,144.71
1579,6,144.71
1580,6,144.71
1581,6,144.71
1582,6,144.71
1583,6,144.71
1584,6,144.71
1585,6,144.71
1586,6,144.71
1587,6,144.71
1588,6,144.71
1589,6,144.71
1590,6,144.71
1591,6,144.71
1592,6,144.71
1593,6,144.71
1594,6,144.71
1595,6,144.71
1596,6,144.71
1597,6,144.71
1598,6,144.71
1599,6,144.71
1600,6,144.71
1601,6,144.71
1602,6,144.71
1603,6,144.71
1604,6,144.71
1605,6,144.71
1606,6,144.71
1607,6,144.71
1608,6,144.71
1609,6,144.71
1610,6,144.71
1611,6,144.71
1612,6,144.71
1613,6,144.71
1614,6,144.71
1615,6,144.71
1616,6,144.71
1617,6,144.71
1618,6,144.71
1619,6,144.71
1620,6,144.71
1621,6,144.71
1622,6,144.71
1623,6,144.71
1624,6,144.71
1625,6,144.71
1626,6,144.71
1627,6,144.71
1628,6,144.71
1629,6,144.71
1630,6,144.71
1631,6,144.71
1632,6,144.71
1633,6,144.71
1634,6,144.71
1635,6,144.71
1636,6,144.71
1637,6,144.71
1638,6,144.71
1639,6,144.71
1640,6,144.71
1641,6,144.71
1642,6,144.71
1643,6,144.71
1644,6,144.71
1645,6,144.71
1646,6,144.71
1647,6,144.71
1648,6,144.71
1649,6,144.71
1650,6,144.71
1651,6,144.71
1652,6,144.71
1653,6,144.71
1654,6,144.71
1655,6,144.71
1656,6,144.71
1657,6,144.71
1658,6,144.71
1659,6,144.71
1660,6,144.71
1661,6,144.71
1662,6,144.71
1663,6,144.71
1664,6,144.71
1665,6,144.71
1666,6,144.71
1667,6,144.71
1668,6,144.71
1669,6,144.71
1670,6,144.71
1671,6,144.71
1672,6,144.71
1673,6,144.71
1674,6,144.71
1675,6,144.71
1676,6,144.71
1677,6,144.71
1678,6,144.71
1679,6,144.71
1680,6,144.71
1681,6,144.71
1682,6,144.71
1683,6,144.71
1684,6,144.71
1685,6,144.71
1686,6,144.71
1687,6,144.71
1688,6,144.71
1689,6,144.71
1690,6,144.71
1691,6,144.71
1692,6,144.71
1693,6,144.71
1694,6,144.71
1695,6,144.71
1696,6,144.71
1697,6,144.71
1698,6,144.71
1699,6,144.71
1700,6,144.71
1701,6,144.71
1702,6,144.71
1703,6,144.71
1704,6,144.71
1705,6,144.71
1706,6,144.71
1707,6,144.71
1708,6,144.71
1709,6,144.71
1710,6,144.71
1711,6,144.71
1712,6,144.71
1713,6,144.71
1714,6,144.71
1715,6,144.71
1716,6,144.71
1717,6,144.71
1718,6,144.71
1719,6,144.71
1720,6,144.71
1721,6,144.71
1722,6,144.71
1723,6,144.71
1724,6,144.71
1725,6,144.71
1726,6,144.71
1727,6,144.71
1728,6,144.71
1729,6,144.71
1730,6,144.71
1731,6,144.71
1732,6,144.71
1733,6,144.71
1734,6,144.71
1735,6,144.71
1736,6,144.71
1737,6,144.71
1738,6,144.71
1739,6,144.71
1740,6,144.71
1741,6,144.71
1742,6,144.71
1743,6,144.71
1744,6,144.71
1745,6,144.71
1746,6,144.71
1747,6,144.71
1748,6,144.71
1749,6,144.71
1750,6,144.71
1751,6,144.71
1752,6,144.71
1753,6,144.71
1754,6,144.71
1755,6,144.71
1756,6,144.71
1757,6,144.71
1758,6,144.71
1759,6,144.71
1760,6,144.71
1761,6,144.71
1762,6,144.71
1763,6,144.71
1764,6,144.71
1765,6,144.71
1766,6,144.71
1767,6,144.71
1768,6,144.71
1769,6,144.71
1770,6,144.71
1771,6,144.71
1772,6,144.71
1773,6,144.71
1774,6,144.71
1775,6,144.71
1776,6,144.71
1777,6,144.71
1778,6,144.71
1779,6,144.71
1780,6,144.71
1781,6,144.71
1782,6,144.71
1783,6,144.71
1784,6,144.71
1785,6,144.71
1786,6,144.71
1787,6,144.71
1788,6,144.71
1789,6,144.71
1790,6,144.71
1791,6,144.71
1792,6,144.71
1793,6,144.71
1794,6,144.71
1795,6,144.71
1796,6,144.71
1797,6,144.71
1798,6,144.71
1799,6,144.71
1800,6,144.71
1801,6,144.71
1802,6,144.71
1803,6,144.71
1804,6,144.71
1805,6,144.71
1806,6,144.71
1807,6,144.71
1808,6,144.71
1809,6,144.71
1810,6,144.71
1811,6,144.71
1812,6,144.71
1813,6,144.71
1814,6,144.71
1815,6,144.71
1816,6,144.71
1817,6,144.71
1818,6,144.71
1819,6,144.71
1820,6,144.71
1821,6,144.71
1822,6,144.71
1823,6,144.71
1824,6,144.71
1825,6,144.71
1826,6,144.71
1827,6,144.71
1828,6,144.71
1829,6,144.71
1830,6,144.71
1831,6,144.71
1832,6,144.71
1833,6,144.71
1834,6,144.71
1835,6,144.71
1836,6,144.71
1837,6,144.71
1838,6,144.71
1839,6,144.71
1840,6,144.71
1841,6,144.71
1842,6,144.71
1843,6,144.71
1844,6,144.71
1845,6,144.71
1846,6,144.71
1847,6,144.71
1848,6,144.71
1849,6,144.71
1850,6,144.71
1851,6,144.71
1852,6,144.71
1853,6,144.71
1854,6,144.71
1855,6,144.71
1856,6,144.71
1857,6,144.71
1858,6,144.71
1859,6,144.71
1860,6,144.71
1861,6,144.71
1862,6,144.71
1863,6,144.71
1864,6,144.71
1865,6,144.71
1866,6,144.71
1867,6,144.71
1868,6,144.71
1869,6,144.71
1870,6,144.71
1871,6,144.71
1872,6,144.71
1873,6,144.71
1874,6,144.71
1875,6,144.71
1876,6,144.71
1877,6,144.71
1878,6,144.71
1879,6,144.71
1880,6,144.71
1881,6,144.71
1882,6,144.71
1883,6,144.71
1884,6,144.71
1885,6,144.71
1886,6,144.71
1887,6,144.71
1888,6,144.71
1889,6,144.71
1890,6,144.71
1891,6,144.71
1892,6,144.71
1893,6,144.71
1894,6,144.71
1895,6,144.71
1896,6,144.71
1897,6,144.71
1898,6,144.71
1899,6,144.71
1900,6,144.71
1901,6,144.71
1902,6,144.71
1903,6,144.71
1904,6,144.71
1905,6,144.71
1906,6,144.71
1907,6,144.71
1908,6,144.71
1909,6,144.71
1910,6,144.71
1911,6,144.71
1912,6,144.71
1913,6,144.71
1914,6,144.71
1915,6,144.71
1916,6,144.71
1917,6,144.71
1918,6,144.71
1919,6,144.71
1920,6,144.71
1921,6,144.71
1922,6,144.71
1923,6,144.71
1924,6,144.71
1925,6,144.71
1926,6,144.71
1927,6,144.71
1928,6,144.71
1929,6,144.71
1930,6,144.71
1931,6,144.71
1932,6,144.71
1933,6,144.71
1934,6,144.71
1935,6,144.71
1936,6,144.71
1937,6,144.71
1938,6,144.71
1939,6,144.71
1940,6,144.71
1941,6,144.71
1942,6,144.71
1943,6,144.71
1944,6,144.71
1945,6,144.71
1946,6,144.71
1947,6,144.71
1948,6,144.71
1949,6,144.71
1950,6,144.71
1951,6,144.71
1952,6,144.71
1953,6,144.71
1954,6,144.71
1955,6,144.71
1956,6,144.71
1957,6,144.71
1958,6,144.71
1959,6,144.71
1960,6,144.71
1961,6,144.71
1962,6,144.71
1963,6,144.71
1964,6,144.71
1965,6,144.71
1966,6,144.71
1967,6,144.71
1968,6,144.71
1969,6,144.71
1970,6,144.71
1971,6,144.71
1972,6,144.71
1973,6,144.71
1974,6,144.71
1975,6,144.71
1976,6,144.71
1977,6,144.71
1978,6,144.71
1979,6,144.71
1980,6,144.71
1981,6,144.71
1982,6,144.71
1983,6,144.71
1984,6,144.71
1985,6,144.71
1986,6,144.71
1987,6,144.71
1988,6,144.71
1989,6,144.71
1990,6,144.71
1991,6,144.71
1992,6,144.71
1993,6,144.71
1994,6,144.71
1995,6,144.71
1996,6,144.71
1997,6,144.71
1998,6,144.71
1999,6,144.71
2000,6,144.71
2001,6,144.71
2002,6,144.71
2003,6,144.71
2004,6,144.71
2005,6,144.71
2006,6,144.71
2007,6,144.71
2008,6,144.71
2009,6,144.71
2010,6,144.71
2011,6,144.71
2012,6,144.71
2013,6,144.71
2014,6,144.71
2015,6,144.71
2016,6,144.71
2017,6,144.71
2018,6,144.71
2019,6,144.71
2020,6,144.71
2021,6,144.71
2022,6,144.71
2023,6,144.71
2024,6,144.71
2025,6,144.71
2026,6,144.71
2027,6,144.71
2028,6,144.71
2029,6,144.71
2030,6,144.71
2031,6,144.71
2032,6,144.71
2033,6,144.71
2034,6,144.71
2035,6,144.71
2036,6,144.71
2037,6,144.71
2038,6,144.71
2039,6,144.71
2040,6,144.71
2041,6,144.71
2042,6,144.71
2043,6,144.71
2044,6,144.71
2045,6,144.71
2046,6,144.71
2047,6,144.71
2048,6,144.71
2049,6,144.71
2050,6,144.71
2051,6,144.71
2052,6,144.71
2053,6,144.71
2054,6,144.71
2055,6,144.71
2056,6,144.71
2057,6,144.71
2058,6,144.71
2059,6,144.71
2060,6,144.71
2061,6,144.71
2062,6,144.71
2063,6,144.71
2064,6,144.71
2065,6,144.71
2066,6,144.71
2067,6,144.71
2068,6,144.71
2069,6,144.71
2070,6,144.71
2071,6,144.71
2072,6,144.71
2073,6,144.71
2074,6,144.71
2075,6,144.71
2076,6,144.71
2077,6,144.71
2078,6,144.71
2079,6,144.71
2080,6,144.71
2081,6,144.71
2082,6,144.71
2083,6,144.71
2084,6,144.71
2085,6,144.71
2086,6,144.71
2087,6,144.71
2088,6,144.71
2089,6,144.71
2090,6,144.71
2091,6,144.71
2092,6,144.71
2093,6,144.71
2094,6,144.71
2095,6,144.71
2096,6,144.71
2097,6,144.71
2098,6,144.71
2099,6,144.71
2100,6,144.71
2101,6,144.71
2102,6,144.71
2103,6,144.71
2104,6,144.71
2105,6,144.71
2106,6,144.71
2107,6,144.71
2108,6,144.71
2109,6,144.71
2110,6,144.71
2111,6,144.71
2112,6,144.71
2113,6,144.71
2114,6,144.71
2115,6,144.71
2116,6,144.71
2117,6,144.71
2118,6,144.71
2119,6,144.71
2120,6,144.71
2121,6,144.71
2122,6,144.71
2123,6,144.71
2124,6,144.71
2125,6,144.71
2126,6,144.71
2127,6,144.71
2128,6,144.71
2129,6,144.71
2130,6,144.71
2131,6,144.71
2132,6,144.71
2133,6,144.71
2134,6,144.71
2135,6,144.71
2136,6,144.71
2137,6,144.71
2138,6,144.71
2139,6,144.71
2140,6,144.71
2141,6,144.71
2142,6,144.71
2143,6,144.71
2144,6,144.71
2145,6,144.71
2146,6,144.71
2147,6,144.71
2148,6,144.71
2149,6,144.71
2150,6,144.71
2151,6,144.71
2152,6,144.71
2153,6,144.71
2154,6,144.71
2155,6,144.71
2156,6,144.71
2157,6,144.71
2158,6,144.71
2159,6,144.71
2160,6,144.71
2161,6,144.71
2162,6,144.71
2163,6,144.71
2164,6,144.71
2165,6,144.71
2166,6,144.71
2167,6,144.71
2168,6,144.71
2169,6,144.71
2170,6,144.71
2171,6,144.71
2172,6,144.71
2173,6,144.71
2174,6,144.71
2175,6,144.71
2176,6,144.71
2177,6,144.71
2178,6,144.71
2179,6,144.71
2180,6,144.71
2181,6,144.71
2182,6,144.71
2183,6,144.71
2184,6,144.71
2185,6,144.71
2186,6,144.71
2187,6,144.71
2188,6,144.71
2189,6,144.71
2190,6,144.71
2191,6,144.71
2192,6,144.71
2193,6,144.71
2194,6,144.71
2195,6,144.71
2196,6,144.71
2197,6,144.71
2198,6,144.71
2199,6,144.71
2200,6,144.71
2201,6,144.71
2202,6,144.71
2203,6,144.71
2204,6,144.71
2205,6,144.71
2206,6,144.71
2207,6,144.71
2208,6,144.71
2209,6,144.71
2210,6,144.71
2211,6,144.71
2212,6,144.71
2213,6,144.71
2214,6,144.71
2215,6,144.71
2216,6,144.71
2217,6,144.71
2218,6,144.71
2219,6,144.71
2220,6,144.71
2221,6,144.71
2222,6,144.71
2223,6,144.71
2224,6,144.71
2225,6,144.71
2226,6,144.71
2227,6,144.71
2228,6,144.71
2229,6,144.71
2230,6,144.71
2231,6,144.71
2232,6,144.71
2233,6,144.71
2234,6,144.71
2235,6,144.71
2236,6,144.71
2237,6,144.71
2238,6,144.71
2239,6,144.71
2240,6,144.71
2241,6,144.71
2242,6,144.71
2243,6,144.71
2244,6,144.71
2245,6,144.71
2246,6,144.71
2247,6,144.71
2248,6,144.71
2249,6,144.71
2250,6,144.71
2251,6,144.71
2252,6,144.71
2253,6,144.71
2254,6,144.71
2255,6,144.71
2256,6,144.71
2257,6,144.71
2258,6,144.71
2259,6,144.71
2260,6,144.71
2261,6,144.71
2262,6,144.71
2263,6,144.71
2264,6,144.71
2265,6,144.71
2266,6,144.71
2267,6,144.71
2268,6,144.71
2269,6,144.71
2270,6,144.71
2271,6,144.71
2272,6,144.71
2273,6,144.71
2274,6,144.71
2275,6,144.71
2276,6,144.71
2277,6,144.71
2278,6,144.71
2279,6,144.71
2280,6,144.71
2281,6,144.71
2282,6,144.71
2283,6,144.71
2284,6,144.71
2285,6,144.71
2286,6,144.71
2287,6,144.71
2288,6,144.71
2289,6,144.71
2290,6,144.71
2291,6,144.71
2292,6,144.71
2293,6,144.71
2294,6,144.71
2295,6,144.71
2296,6,144.71
2297,6,144.71
2298,6,144.71
2299,6,144.71
2300,6,144.71
2301,6,144.71
2302,6,144.71
2303,6,144.71
2304,6,144.71
2305,6,144.71
2306,6,144.71
2307,6,144.71
2308,6,144.71
2309,6,144.71
2310,6,144.71
2311,6,144.71
2312,6,144.71
2313,6,144.71
2314,6,144.71
2315,6,144.71
2316,6,144.71
2317,6,144.71
2318,6,144.71
2319,6,144.71
2320,6,144.71
2321,6,144.71
2322,6,144.71
2323,6,144.71
2324,6,144.71
2325,6,144.71
2326,6,144.71
2327,6,144.71
2328,6,144.71
2329,6,144.71
2330,6,144.71
2331,6,144.71
2332,6,144.71
2333,6,144.71
2334,6,144.71
2335,6,144.71
2336,6,144.71
2337,6,144.71
2338,6,144.71
2339,6,144.71
2340,6,144.71
2341,6,144.71
2342,6,144.71
2343,6,144.71
2344,6,144.71
2345,6,144.71
2346,6,144.71
2347,6,144.71
2348,6,144.71
2349,6,144.71
2350,6,144.71
2351,6,144.71
2352,6,144.71
2353,6,144.71
2354,6,144.71
2355,6,144.71
2356,6,144.71
2357,6,144.71
2358,6,144.71
2359,6,144.71
2360,6,144.71
2361,6,144.71
2362,6,144.71
2363,6,144.71
2364,6,144.71
2365,6,144.71
2366,6,144.71
2367,6,144.71
2368,6,144.71
2369,6,144.71
2370,6,144.71
2371,6,144.71
2372,6,144.71
2373,6,144.71
2374,6,144.71
2375,6,144.71
2376,6,144.71
2377,6,144.71
2378,6,144.71
2379,6,144.71
2380,6,144.71
2381,6,144.71
2382,6,144.71
2383,6,144.71
2384,6,144.71
2385,6,144.71
2386,6,144.71
2387,6,144.71
2388,6,144.71
2389,6,144.71
2390,6,144.71
2391,6,144.71
2392,6,144.71
2393,6,144.71
2394,6,144.71
2395,6,144.71
2396,6,144.71
2397,6,144.71
2398,6,144.71
2399,6,144.71
2400,6,144.71
2401,6,144.71
2402,6,144.71
2403,6,144.71
2404,6,144.71
2405,6,144.71
2406,6,144.71
2407,6,144.71
2408,6,144.71
2409,6,144.71
2410,6,144.71
2411,6,144.71
2412,6,144.71
2413,6,144.71
2414,6,144.71
2415,6,144.71
2416,6,144.71
2417,6,144.71
2418,6,144.71
2419,6,144.71
2420,6,144.71
2421,6,144.71
2422,6,144.71
2423,6,144.71
2424,6,144.71
2425,6,144.71
2426,6,144.71
2427,6,144.71
2428,6,144.71
2429,6,144.71
2430,6,144.71
2431,6,144.71
2432,6,144.71
2433,6,144.71
2434,6,144.71
2435,6,144.71
2436,6,144.71
2437,6,144.71
2438,6,144.71
2439,6,144.71
2440,6,144.71
2441,6,144.71
2442,6,144.71
2443,6,144.71
2444,6,144.71
2445,6,144.71
2446,6,144.71
2447,6,144.71
2448,6,144.71
2449,6,144.71
2450,6,144.71
2451,6,144.71
2452,6,144.71
2453,6,144.71
2454,6,144.71
2455,6,144.71
2456,6,144.71
2457,6,144.71
2458,6,144.71
2459,6,144.71
2460,6,144.71
2461,6,144.71
2462,6,144.71
2463,6,144.71
2464,6,144.71
2465,6,144.71
2466,6,144.71
2467,6,144.71
2468,6,144.71
2469,6,144.71
2470,6,144.71
2471,6,144.71
2472,6,144.71
2473,6,144.71
2474,6,144.71
2475,6,144.71
2476,6,144.71
2477,6,144.71
2478,6,144.71
2479,6,144.71
2480,6,144.71
2481,6,144.71
2482,6,144.71
2483,6,144.71
2484,6,144.71
2485,6,144.71
2486,6,144.71
2487,6,144.71
2488,6,144.71
2489,6,144.71
2490,6,144.71
2491,6,144.71
2492,6,144.71
2493,6,144.71
2494,6,144.71
2495,6,144.71
2496,6,144.71
2497,6,144.71
2498,6,144.71
2499,6,144.71
2500,6,144.71
2501,6,144.71
2502,6,144.71
2503,6,144.71
2504,6,144.71
2505,6,144.71
2506,6,144.71
2507,6,144.71
2508,6,144.71
2509,6,144.71
2510,6,144.71
2511,6,144.71
2512,6,144.71
2513,6,144.71
2514,6,144.71
2515,6,144.71
2516,6,144.71
2517,6,144.71
2518,6,144.71
2519,6,144.71
2520,6,144.71
2521,6,144.71
2522,6,144.71
2523,6,144.71
2524,6,144.71
2525,6,144.71
2526,6,144.71
2527,6,144.71
2528,6,144.71
2529,6,144.71
2530,6,144.71
2531,6,144.71
2532,6,144.71
2533,6,144.71
2534,6,144.71
2535,6,144.71
2536,6,144.71
2537,6,144.71
2538,6,144.71
2539,6,144.71
2540,6,144.71
2541,6,144.71
2542,6,144.71
2543,6,144.71
2544,6,144.71
2545,6,144.71
2546,6,144.71
2547,6,144.71
2548,6,144.71
2549,6,144.71
2550,6,144.71
2551,6,144.71
2552,6,144.71
2553,6,144.71
2554,6,144.71
2555,6,144.71
2556,6,144.71
2557,6,144.71
2558,6,144.71
2559,6,144.71
2560,6,144.71
2561,6,144.71
2562,6,144.71
2563,6,144.71
2564,6,144.71
2565,6,144.71
2566,6,144.71
2567,6,144.71
2568,6,144.71
2569,6,144.71
2570,6,144.71
2571,6,144.71
2572,6,144.71
2573,6,144.71
2574,6,144.71
2575,6,144.71
2576,6,144.71
2577,6,144.71
2578,6,144.71
2579,6,144.71
2580,6,144.71
2581,6,144.71
2582,6,144.71
2583,6,144.71
2584,6,144.71
2585,6,144.71
2586,6,144.71
2587,6,144.71
2588,6,144.71
2589,6,144.71
2590,6,144.71
2591,6,144.71
2592,6,144.71
2593,6,144.71
2594,6,144.71
2595,6,144.71
2596,6,144.71
2597,6,144.71
2598,6,144.71
2599,6,144.71
2600,6,144.71
2601,6,144.71
2602,6,144.71
2603,6,144.71
2604,6,144.71
2605,6,144.71
2606,6,144.71
2607,6,144.71
2608,6,144.71
2609,6,144.71
2610,6,144.71
2611,6,144.71
2612,6,144.71
2613,6,144.71
2614,6,144.71
2615,6,144.71
2616,6,144.71
2617,6,144.71
2618,6,144.71
2619,6,144.71
2620,6,144.71
2621,6,144.71
2622,6,144.71
2623,6,144.71
2624,6,144.71
2625,6,144.71
2626,6,144.71
2627,6,144.71
2628,6,144.71
2629,6,144.71
2630,6,144.71
2631,6,144.71
2632,6,144.71
2633,6,144.71
2634,6,144.71
2635,6,144.71
2636,6,144.71
2637,6,144.71
2638,6,144.71
2639,6,144.71
2640,6,144.71
2641,6,144.71
2642,6,144.71
2643,6,144.71
2644,6,144.71
2645,6,144.71
2646,6,144.71
2647,6,144.71
2648,6,144.71
2649,6,144.71
2650,6,144.71
2651,6,144.71
2652,6,144.71
2653,6,144.71
2654,6,144.71
2655,6,144.71
2656,6,144.71
2657,6,144.71
2658,6,144.71
2659,6,144.71
2660,6,144.71
2661,6,144.71
2662,6,144.71
2663,6,144.71
2664,6,144.71
2665,6,144.71
2666,6,144.71
2667,6,144.71
2668,6,144.71
2669,6,144.71
2670,6,144.71
2671,6,144.71
2672,6,144.71
2673,6,144.71
2674,6,144.71
2675,6,144.71
2676,6,144.71
2677,6,144.71
2678,6,144.71
2679,6,144.71
2680,6,144.71
2681,6,144.71
2682,6,144.71
2683,6,144.71
2684,6,144.71
2685,6,144.71
2686,6,144.71
2687,6,144.71
2688,6,144.71
2689,6,144.71
2690,6,144.71
2691,6,144.71
2692,6,144.71
2693,6,144.71
2694,6,144.71
2695,6,144.71
2696,6,144.71
2697,6,144.71
2698,6,144.71
2699,6,144.71
2700,6,144.71
2701,6,144.71
2702,6,144.71
2703,6,144.71
2704,6,144.71
2705,6,144.71
2706,6,144.71
2707,6,144.71
2708,6,144.71
2709,6,144.71
2710,6,144.71
2711,6,144.71
2712,6,144.71
2713,6,144.71
2714,6,144.71
2715,6,144.71
2716,6,144.71
2717,6,144.71
2718,6,144.71
2719,6,144.71
2720,6,144.71
2721,6,144.71
2722,6,144.71
2723,6,144.71
2724,6,144.71
2725,6,144.71
2726,6,144.71
2727,6,144.71
2728,6,144.71
2729,6,144.71
2730,6,144.71
2731,6,144.71
2732,6,144.71
2733,6,144.71
2734,6,144.71
2735,6,144.71
2736,6,144.71
2737,6,144.71
2738,6,144.71
2739,6,144.71
2740,6,144.71
2741,6,144.71
2742,6,144.71
2743,6,144.71
2744,6,144.71
2745,6,144.71
2746,6,144.71
2747,6,144.71
2748,6,144.71
2749,6,144.71
2750,6,144.71
2751,6,144.71
2752,6,144.71
2753,6,144.71
2754,6,144.71
2755,6,144.71
2756,6,144.71
2757,6,144.71
2758,6,144.71
2759,6,144.71
2760,6,144.71
2761,6,144.71
2762,6,144.71
2763,6,144.71
2764,6,144.71
2765,6,144.71
2766,6,144.71
2767,6,144.71
2768,6,144.71
2769,6,144.71
2770,6,144.71
2771,6,144.71
2772,6,144.71
2773,6,144.71
2774,6,144.71
2775,6,144.71
2776,6,144.71
2777,6,144.71
2778,6,144.71
2779,6,144.71
2780,6,144.71
2781,6,144.71
2782,6,144.71
2783,6,144.71
2784,6,144.71
2785,6,144.71
2786,6,144.71
2787,6,144.71
2788,6,144.71
2789,6,144.71
2790,6,144.71
2791,6,144.71
2792,6,144.71
2793,6,144.71
2794,6,144.71
2795,6,144.71
2796,6,144.71
2797,6,144.71
2798,6,144.71
2799,6,144.71
2800,6,144.71
2801,6,144.71
2802,6,144.71
2803,6,144.71
2804,6,144.71
2805,6,144.71
2806,6,144.71
2807,6,144.71
2808,6,144.71
2809,6,144.71
2810,6,144.71
2811,6,144.71
2812,6,144.71
2813,6,144.71
2814,6,144.71
2815,6,144.71
2816,6,144.71
2817,6,144.71
2818,6,144.71
2819,6,144.71
2820,6,144.71
2821,6,144.71
2822,6,144.71
2823,6,144.71
2824,6,144.71
2825,6,144.71
2826,6,144.71
2827,6,144.71
2828,6,144.71
2829,6,144.71
2830,6,144.71
2831,6,144.71
2832,6,144.71
2833,6,144.71
2834,6,144.71
2835,6,144.71
2836,6,144.71
2837,6,144.71
2838,6,144.71
2839,6,144.71
2840,6,144.71
2841,6,144.71
2842,6,144.71
2843,6,144.71
2844,6,144.71
2845,6,144.71
2846,6,144.71
2847,6,144.71
2848,6,144.71
2849,6,144.71
2850,6,144.71
2851,6,144.71
2852,6,144.71
2853,6,144.71
2854,6,144.71
2855,6,144.71
2856,6,144.71
2857,6,144.71
2858,6,144.71
2859,6,144.71
2860,6,144.71
2861,6,144.71
2862,6,144.71
2863,6,144.71
2864,6,144.71
2865,6,144.71
2866,6,144.71
2867,6,144.71
2868,6,144.71
2869,6,144.71
2870,6,144.71
2871,6,144.71
2872,6,144.71
2873,6,144.71
2874,6,144.71
2875,6,144.71
2876,6,144.71
2877,6,144.71
2878,6,144.71
2879,6,144.71
2880,6,144.71
2881,6,144.71
2882,6,144.71
2883,6,144.71
2884,6,144.71
2885,6,144.71
2886,6,144.71
2887,6,144.71
2888,6,144.71
2889,6,144.71
2890,6,144.71
2891,6,144.71
2892,6,144.71
2893,6,144.71
2894,6,144.71
2895,6,144.71
2896,6,144.71
2897,6,144.71
2898,6,144.71
2899,6,144.71
2900,6,144.71
2901,6,144.71
2902,6,144.71
2903,6,144.71
2904,6,144.71
2905,6,144.71
2906,6,144.71
2907,6,144.71
2908,6,144.71
2909,6,144.71
2910,6,144.71
2911,6,144.71
2912,6,144.71
2913,6,144.71
2914,6,144.71
2915,6,144.71
2916,6,144.71
2917,6,144.71
2918,6,144.71
2919,6,144.71
2920,6,144.71
2921,6,144.71
2922,6,144.71
2923,6,144.71
2924,6,144.71
2925,6,144.71
2926,6,144.71
2927,6,144.71
2928,6,144.71
2929,6,144.71
2930,6,144.71
2931,6,144.71
2932,6,144.71
2933,6,144.71
2934,6,144.71
2935,6,144.71
2936,6,144.71
2937,6,144.71
2938,6,144.71
2939,6,144.71
2940,6,144.71
2941,6,144.71
2942,6,144.71
2943,6,144.71
2944,6,144.71
2945,6,144.71
2946,6,144.71
2947,6,144.71
2948,6,144.71
2949,6,144.71
2950,6,144.71
2951,6,144.71
2952,6,144.71
2953,6,144.71
2954,6,144.71
2955,6,144.71
2956,6,144.71
2957,6,144.71
2958,6,144.71
2959,6,144.71
2960,6,144.71
2961,6,144.71
2962,6,144.71
2963,6,144.71
2964,6,144.71
2965,6,144.71
2966,6,144.71
2967,6,144.71
2968,6,144.71
2969,6,144.71
2970,6,144.71
2971,6,144.71
2972,6,144.71
2973,6,144.71
2974,6,144.71
2975,6,144.71
2976,6,144.71
2977,6,144.71
2978,6,144.71
2979,6,144.71
2980,6,144.71
2981,6,144.71
2982,6,144.71
2983,6,144.71
2984,6,144.71
2985,6,144.71
2986,6,144.71
2987,6,144.71
2988,6,144.71
2989,6,144.71
2990,6,144.71
2991,6,144.71
2992,6,144.71
2993,6,144.71
2994,6,144.71
2995,6,144.71
2996,6,144.71
2997,6,144.71
2998,6,144.71
2999,6,144.71
3000,6,144.71
3001,6,144.71
3002,6,144.71
3003,6,144.71
3004,6,144.71
3005,6,144.71
3006,6,144.71
3007,6,144.71
3008,6,144.71
3009,6,144.71
3010,6,144.71
3011,6,144.71
3012,6,144.71
3013,6,144.71
3014,6,144.71
3015,6,144.71
3016,6,144.71
3017,6,144.71
3018,6,144.71
3019,6,144.71
3020,6,144.71
3021,6,144.71
3022,6,144.71
3023,6,144.71
3024,6,144.71
3025,6,144.71
3026,6,144.71
3027,6,144.71
3028,6,144.71
3029,6,144.71
3030,6,144.71
3031,6,144.71
3032,6,144.71
3033,6,144.71
3034,6,144.71
3035,6,144.71
3036,6,144.71
3037,6,144.71
3038,6,144.71
3039,6,144.71
3040,6,144.71
3041,6,144.71
3042,6,144.71
3043,6,144.71
3044,6,144.71
3045,6,144.71
3046,6,144.71
3047,6,144.71
3048,6,144.71
3049,6,144.71
3050,6,144.71
3051,6,144.71
3052,6,144.71
3053,6,144.71
3054,6,144.71
3055,6,144.71
3056,6,144.71
3057,6,144.71
3058,6,144.71
3059,6,144.71
3060,6,144.71
3061,6,144.71
3062,6,144.71
3063,6,144.71
3064,6,144.71
3065,6,144.71
3066,6,144.71
3067,6,144.71
3068,6,144.71
3069,6,144.71
3070,6,144.71
3071,6,144.71
3072,6,144.71
3073,6,144.71
3074,6,144.71
3075,6,144.71
3076,6,144.71
3077,6,144.71
3078,6,144.71
3079,6,144.71
3080,6,144.71
3081,6,144.71
3082,6,144.71
3083,6,144.71
3084,6,144.71
3085,6,144.71
3086,6,144.71
3087,6,144.71
3088,6,144.71
3089,6,144.71
3090,6,144.71
3091,6,144.71
3092,6,144.71
3093,6,144.71
3094,6,144.71
3095,6,144.71
3096,6,144.71
3097,6,144.71
3098,6,144.71
3099,6,144.71
3100,6,144.71
3101,6,144.71
3102,6,144.71
3103,6,144.71
3104,6,144.71
3105,6,144.71
3106,6,144.71
3107,6,144.71
3108,6,144.71
3109,6,144.71
3110,6,144.71
3111,6,144.71
3112,6,144.71
3113,6,144.71
3114,6,144.71
3115,6,144.71
3116,6,144.71
3117,6,144.71
3118,6,144.71
3119,6,144.71
3120,6,144.71
3121,6,144.71
3122,6,144.71
3123,6,144.71
3124,6,144.71
3125,6,144.71
3126,6,144.71
3127,6,144.71
3128,6,144.71
3129,6,144.71
3130,6,144.71
3131,6,144.71
3132,6,144.71
3133,6,144.71
3134,6,144.71
3135,6,144.71
3136,6,144.71
3137,6,144.71
3138,6,144.71
3139,6,144.71
3140,6,144.71
3141,6,144.71
3142,6,144.71
3143,6,144.71
3144,6,144.71
3145,6,144.71
3146,6,144.71
3147,6,144.71
3148,6,144.71
3149,6,144.71
3150,6,144.71
3151,6,144.71
3152,6,144.71
3153,6,144.71
3154,6,144.71
3155,6,144.71
3156,6,144.71
3157,6,144.71
3158,6,144.71
3159,6,144.71
3160,6,144.71
3161,6,144.71
3162,6,144.71
3163,6,144.71
3164,6,144.71
3165,6,144.71
3166,6,144.71
3167,6,144.71
3168,6,144.71
3169,6,144.71
3170,6,144.71
3171,6,144.71
3172,6,144.71
3173,6,144.71
3174,6,144.71
3175,6,144.71
3176,6,144.71
3177,6,144.71
3178,6,144.71
3179,6,144.71
3180,6,144.71
3181,6,144.71
3182,6,144.71
3183,6,144.71
3184,6,144.71
3185,6,144.71
3186,6,144.71
3187,6,144.71
3188,6,144.71
3189,6,144.71
3190,6,144.71
3191,6,144.71
3192,6,144.71
3193,6,144.71
3194,6,144.71
3195,6,144.71
3196,6,144.71
3197,6,144.71
3198,6,144.71
3199,6,144.71
3200,6,144.71
3201,6,144.71
3202,6,144.71
3203,6,144.71
3204,6,144.71
3205,6,144.71
3206,6,144.71
3207,6,144.71
3208,6,144.71
3209,6,144.71
3210,6,144.71
3211,6,144.71
3212,6,144.71
3213,6,144.71
3214,6,144.71
3215,6,144.71
3216,6,144.71
3217,6,144.71
3218,6,144.71
3219,6,144.71
3220,6,144.71
3221,6,144.71
3222,6,144.71
3223,6,144.71
3224,6,144.71
3225,6,144.71
3226,6,144.71
3227,6,144.71
3228,6,144.71
3229,6,144.71
3230,6,144.71
3231,6,144.71
3232,6,144.71
3233,6,144.71
3234,6,144.71
3235,6,144.71
3236,6,144.71
3237,6,144.71
3238,6,144.71
3239,6,144.71
3240,6,144.71
3241,6,144.71
3242,6,144.71
3243,6,144.71
3244,6,144.71
3245,6,144.71
3246,6,144.71
3247,6,144.71
3248,6,144.71
3249,6,144.71
3250,6,144.71
3251,6,144.71
3252,6,144.71
3253,6,144.71
3254,6,144.71
3255,6,144.71
3256,6,144.71
3257,6,144.71
3258,6,144.71
3259,6,144.71
3260,6,144.71
3261,6,144.71
3262,6,144.71
3263,6,144.71
3264,6,144.71
3265,6,144.71
3266,6,144.71
3267,6,144.71
3268,6,144.71
3269,6,144.71
3270,6,144.71
3271,6,144.71
3272,6,144.71
3273,6,144.71
3274,6,144.71
3275,6,144.71
3276,6,144.71
3277,6,144.71
3278,6,144.71
3279,6,144.71
3280,6,144.71
3281,6,144.71
3282,6,144.71
3283,6,144.71
3284,6,144.71
3285,6,144.71
3286,6,144.71
3287,6,144.71
3288,6,144.71
3289,6,144.71
3290,6,144.71
3291,6,144.71
3292,6,144.71
3293,6,144.71
3294,6,144.71
3295,6,144.71
3296,6,144.71
3297,6,144.71
3298,6,144.71
3299,6,144.71
3300,6,144.71
3301,6,144.71
3302,6,144.71
3303,6,144.71
3304,6,144.71
3305,6,144.71
3306,6,144.71
3307,6,144.71
3308,6,144.71
3309,6,144.71
3310,6,144.71
3311,6,144.71
3312,6,144.71
3313,6,144.71
3314,6,144.71
3315,6,144.71
3316,6,144.71
3317,6,144.71
3318,6,144.71
3319,6,144.71
3320,6,144.71
3321,6,144.71
3322,6,144.71
3323,6,144.71
3324,6,144.71
3325,6,144.71
3326,6,144.71
3327,6,144.71
3328,6,144.71
3329,6,144.71
3330,6,144.71
3331,6,144.71
3332,6,144.71
3333,6,144.71
3334,6,144.71
3335,6,144.71
3336,6,144.71
3337,6,144.71
3338,6,144.71
3339,6,144.71
3340,6,144.71
3341,6,144.71
3342,6,144.71
3343,6,144.71
3344,6,144.71
3345,6,144.71
3346,6,144.71
3347,6,144.71
3348,6,144.71
3349,6,144.71
3350,6,144.71
3351,6,144.71
3352,6,144.71
3353,6,144.71
3354,6,144.71
3355,6,144.71
3356,6,144.71
3357,6,144.71
3358,6,144.71
3359,6,144.71
3360,6,144.71
3361,6,144.71
3362,6,144.71
3363,6,144.71
3364,6,144.71
3365,6,144.71
3366,6,144.71
3367,6,144.71
3368,6,144.71
3369,6,144.71
3370,6,144.71
3371,6,144.71
3372,6,144.71
3373,6,144.71
3374,6,144.71
3375,6,144.71
3376,6,144.71
3377,6,144.71
3378,6,144.71
3379,6,144.71
3380,6,144.71
3381,6,144.71
3382,6,144.71
3383,6,144.71
3384,6,144.71
3385,6,144.71
3386,6,144.71
3387,6,144.71
3388,6,144.71
3389,6,144.71
3390,6,144.71
3391,6,144.71
3392,6,144.71
3393,6,144.71
3394,6,144.71
3395,6,144.71
3396,6,144.71
3397,6,144.71
3398,6,144.71
3399,6,144.71
3400,6,144.71
3401,6,144.71
3402,6,144.71
3403,6,144.71
3404,6,144.71
3405,6,144.71
3406,6,144.71
3407,6,144.71
3408,6,144.71
3409,6,144.71
3410,6,144.71
3411,6,144.71
3412,6,144.71
3413,6,144.71
3414,6,144.71
3415,6,144.71
3416,6,144.71
3417,6,144.71
3418,6,144.71
3419,6,144.71
3420,6,144.71
3421,6,144.71
3422,6,144.71
3423,6,144.71
3424,6,144.71
3425,6,144.71
3426,6,144.71
3427,6,144.71
3428,6,144.71
3429,6,144.71
3430,6,144.71
3431,6,144.71
3432,6,144.71
3433,6,144.71
3434,6,144.71
3435,6,144.71
3436,6,144.71
3437,6,144.71
3438,6,144.71
3439,6,144.71
3440,6,144.71
3441,6,144.71
3442,6,144.71
3443,6,144.71
3444,6,144.71
3445,6,144.71
3446,6,144.71
3447,6,144.71
3448,6,144.71
3449,6,144.71
3450,6,144.71
3451,6,144.71
3452,6,144.71
3453,6,144.71
3454,6,144.71
3455,6,144.71
3456,6,144.71
3457,6,144.71
3458,6,144.71
3459,6,144.71
3460,6,144.71
3461,6,144.71
3462,6,144.71
3463,6,144.71
3464,6,144.71
3465,6,144.71
3466,6,144.71
3467,6,144.71
3468,6,144.71
3469,6,144.71
3470,6,144.71
3471,6,144.71
3472,6,144.71
3473,6,144.71
3474,6,144.71
3475,6,144.71
3476,6,144.71
3477,6,144.71
3478,6,144.71
3479,6,144.71
3480,6,144.71
3481,6,144.71
3482,6,144.71
3483,6,144.71
3484,6,144.71
3485,6,144.71
3486,6,144.71
3487,6,144.71
3488,6,144.71
3489,6,144.71
3490,6,144.71
3491,6,144.71
3492,6,144.71
3493,6,144.71
3494,6,144.71
3495,6,144.71
3496,6,144.71
3497,6,144.71
3498,6,144.71
3499,6,144.71
3500,6,144.71
3501,6,144.71
3502,6,144.71
3503,6,144.71
3504,6,144.71
3505,6,144.71
3506,6,144.71
3507,6,144.71
3508,6,144.71
3509,6,144.71
3510,6,144.71
3511,6,144.71
3512,6,144.71
3513,6,144.71
3514,6,144.71
3515,6,144.71
3516,6,144.71
3517,6,144.71
3518,6,144.71
3519,6,144.71
3520,6,144.71
3521,6,144.71
3522,6,144.71
3523,6,144.71
3524,6,144.71
3525,6,144.71
3526,6,144.71
3527,6,144.71
3528,6,144.71
3529,6,144.71
3530,6,144.71
3531,6,144.71
3532,6,144.71
3533,6,144.71
3534,6,144.71
3535,6,144.71
3536,6,144.71
3537,6,144.71
3538,6,144.71
3539,6,144.71
3540,6,144.71
3541,6,144.71
3542,6,144.71
3543,6,144.71
3544,6,144.71
3545,6,144.71
3546,6,144.71
3547,6,144.71
3548,6,144.71
3549,6,144.71
3550,6,144.71
3551,6,144.71
3552,6,144.71
3553,6,144.71
3554,6,144.71
3555,6,144.71
3556,6,144.71
3557,6,144.71
3558,6,144.71
3559,6,144.71
3560,6,144.71
3561,6,144.71
3562,6,144.71
3563,6,144.71
3564,6,144.71
3565,6,144.71
3566,6,144.71
3567,6,144.71
3568,6,144.71
3569,6,144.71
3570,6,144.71
3571,6,144.71
3572,6,144.71
3573,6,144.71
3574,6,144.71
3575,6,144.71
3576,6,144.71
3577,6,144.71
3578,6,144.71
3579,6,144.71
3580,6,144.71
3581,6,144.71
3582,6,144.71
3583,6,144.71
3584,6,144.71
3585,6,144.71
3586,6,144.71
3587,6,144.71
3588,6,144.71
3589,6,144.71
3590,6,144.71
3591,6,144.71
3592,6,144.71
3593,6,144.71
3594,6,144.71
3595,6,144.71
3596,6,144.71
3597,6,144.71
3598,6,144.71
3599,6,144.71
3600,6,144.71
3601,6,144.71
3602,6,144.71
3603,6,144.71
3604,6,144.71
3605,6,144.71
3606,6,144.71
3607,6,144.71
3608,6,144.71
3609,6,144.71
3610,6,144.71
3611,6,144.71
3612,6,144.71
3613,6,144.71
3614,6,144.71
3615,6,144.71
3616,6,144.71
3617,6,144.71
3618,6,144.71
3619,6,144.71
3620,6,144.71
3621,6,144.71
3622,6,144.71
3623,6,144.71
3624,6,144.71
3625,6,144.71
3626,6,144.71
3627,6,144.71
3628,6,144.71
3629,6,144.71
3630,6,144.71
3631,6,144.71
3632,6,144.71
3633,6,144.71
3634,6,144.71
3635,6,144.71
3636,6,144.71
3637,6,144.71
3638,6,144.71
3639,6,144.71
3640,6,144.71
3641,6,144.71
3642,6,144.71
3643,6,144.71
3644,6,144.71
3645,6,144.71
3646,6,144.71
3647,6,144.71
3648,6,144.71
3649,6,144.71
3650,6,144.71
3651,6,144.71
3652,6,144.71
3653,6,144.71
3654,6,144.71
3655,6,144.71
3656,6,144.71
3657,6,144.71
3658,6,144.71
3659,6,144.71
3660,6,144.71
3661,6,144.71
3662,6,144.71
3663,6,144.71
3664,6,144.71
3665,6,144.71
3666,6,144.71
3667,6,144.71
3668,6,144.71
3669,6,144.71
3670,6,144.71
3671,6,144.71
3672,6,144.71
3673,6,144.71
3674,6,144.71
3675,6,144.71
3676,6,144.71
3677,6,144.71
3678,6,144.71
3679,6,144.71
3680,6,144.71
3681,6,144.71
3682,6,144.71
3683,6,144.71
3684,6,144.71
3685,6,144.71
3686,6,144.71
3687,6,144.71
3688,6,144.71
3689,6,144.71
3690,6,144.71
3691,6,144.71
3692,6,144.71
3693,6,144.71
3694,6,144.71
3695,6,144.71
3696,6,144.71
3697,6,144.71
3698,6,144.71
3699,6,144.71
3700,6,144.71
3701,6,144.71
3702,6,144.71
3703,6,144.71
3704,6,144.71
3705,6,144.71
3706,6,144.71
3707,6,144.71
3708,6,144.71
3709,6,144.71
3710,6,144.71
3711,6,144.71
3712,6,144.71
3713,6,144.71
3714,6,144.71
3715,6,144.71
3716,6,144.71
3717,6,144.71
3718,6,144.71
3719,6,144.71
3720,6,144.71
3721,6,144.71
3722,6,144.71
3723,6,144.71
3724,6,144.71
3725,6,144.71
3726,6,144.71
3727,6,144.71
3728,6,144.71
3729,6,144.71
3730,6,144.71
3731,6,144.71
3732,6,144.71
3733,6,144.71
3734,6,144.71
3735,6,144.71
3736,6,144.71
3737,6,144.71
3738,6,144.71
3739,6,144.71
3740,6,144.71
3741,6,144.71
3742,6,144.71
3743,6,144.71
3744,6,144.71
3745,6,144.71
3746,6,144.71
3747,6,144.71
3748,6,144.71
3749,6,144.71
3750,6,144.71
3751,6,144.71
3752,6,144.71
3753,6,144.71
3754,6,144.71
3755,6,144.71
3756,6,144.71
3757,6,144.71
3758,6,144.71
3759,6,144.71
3760,6,144.71
3761,6,144.71
3762,6,144.71
3763,6,144.71
3764,6,144.71
3765,6,144.71
3766,6,144.71
3767,6,144.71
3768,6,144.71
3769,6,144.71
3770,6,144.71
3771,6,144.71
3772,6,144.71
3773,6,144.71
3774,6,144.71
3775,6,144.71
3776,6,144.71
3777,6,144.71
3778,6,144.71
3779,6,144.71
3780,6,144.71
3781,6,144.71
3782,6,144.71
3783,6,144.71
3784,6,144.71
3785,6,144.71
3786,6,144.71
3787,6,144.71
3788,6,144.71
3789,6,144.71
3790,6,144.71
3791,6,144.71
3792,6,144.71
3793,6,144.71
3794,6,144.71
3795,6,144.71
3796,6,144.71
3797,6,144.71
3798,6,144.71
3799,6,144.71
3800,6,144.71
3801,6,144.71
3802,6,144.71
3803,6,144.71
3804,6,144.71
3805,6,144.71
3806,6,144.71
3807,6,144.71
3808,6,144.71
3809,6,144.71
3810,6,144.71
3811,6,144.71
3812,6,144.71
3813,6,144.71
3814,6,144.71
3815,6,144.71
3816,6,144.71
3817,6,144.71
3818,6,144.71
3819,6,144.71
3820,6,144.71
3821,6,144.71
3822,6,144.71
3823,6,144.71
3824,6,144.71
3825,6,144.71
3826,6,144.71
3827,6,144.71
3828,6,144.71
3829,6,144.71
3830,6,144.71
3831,6,144.71
3832,6,144.71
3833,6,144.71
3834,6,144.71
3835,6,144.71
3836,6,144.71
3837,6,144.71
3838,6,144.71
3839,6,144.71
3840,6,144.71
3841,6,144.71
3842,6,144.71
3843,6,144.71
3844,6,144.71
3845,6,144.71
3846,6,144.71
3847,6,144.71
3848,6,144.71
3849,6,144.71
3850,6,144.71
3851,6,144.71
3852,6,144.71
3853,6,144.71
3854,6,144.71
3855,6,144.71
3856,6,144.71
3857,6,144.71
3858,6,144.71
3859,6,144.71
3860,6,144.71
3861,6,144.71
3862,6,144.71
3863,6,144.71
3864,6,144.71
3865,6,144.71
3866,6,144.71
3867,6,144.71
3868,6,144.71
3869,6,144.71
3870,6,144.71
3871,6,144.71
3872,6,144.71
3873,6,144.71
3874,6,144.71
3875,6,144.71
3876,6,144.71
3877,6,144.71
3878,6,144.71
3879,6,144.71
3880,6,144.71
3881,6,144.71
3882,6,144.71
3883,6,144.71
3884,6,144.71
3885,6,144.71
3886,6,144.71
3887,6,144.71
3888,6,144.71
3889,6,144.71
3890,6,144.71
3891,6,144.71
3892,6,144.71
3893,6,144.71
3894,6,144.71
3895,6,144.71
3896,6,144.71
3897,6,144.71
3898,6,144.71
3899,6,144.71
3900,6,144.71
3901,6,144.71
3902,6,144.71
3903,6,144.71
3904,6,144.71
3905,6,144.71
3906,6,144.71
3907,6,144.71
3908,6,144.71
3909,6,144.71
3910,6,144.71
3911,6,144.71
3912,6,144.71
3913,6,144.71
3914,6,144.71
3915,6,144.71
3916,6,144.71
3917,6,144.71
3918,6,144.71
3919,6,144.71
3920,6,144.71
3921,6,144.71
3922,6,144.71
3923,6,144.71
3924,6,144.71
3925,6,144.71
3926,6,144.71
3927,6,144.71
3928,6,144.71
3929,6,144.71
3930,6,144.71
3931,6,144.71
3932,6,144.71
3933,6,144.71
3934,6,144.71
3935,6,144.71
3936,6,144.71
3937,6,144.71
3938,6,144.71
3939,6,144.71
3940,6,144.71
3941,6,144.71
3942,6,144.71
3943,6,144.71
3944,6,144.71
3945,6,144.71
3946,6,144.71
3947,6,144.71
3948,6,144.71
3949,6,144.71
3950,6,144.71
3951,6,144.71
3952,6,144.71
3953,6,144.71
3954,6,144.71
3955,6,144.71
3956,6,144.71
3957,6,144.71
3958,6,144.71
3959,6,144.71
3960,6,144.71
3961,6,144.71
3962,6,144.71
3963,6,144.71
3964,6,144.71
3965,6,144.71
3966,6,144.71
3967,6,144.71
3968,6,144.71
3969,6,144.71
3970,6,144.71
3971,6,144.71
3972,6,144.71
3973,6,144.71
3974,6,144.71
3975,6,144.71
3976,6,144.71
3977,6,144.71
3978,6,144.71
3979,6,144.71
3980,6,144.71
3981,6,144.71
3982,6,144.71
3983,6,144.71
3984,6,144.71
3985,6,144.71
3986,6,144.71
3987,6,144.71
3988,6,144.71
3989,6,144.71
3990,6,144.71
3991,6,144.71
3992,6,144.71
3993,6,144.71
3994,6,144.71
3995,6,144.71
3996,6,144.71
3997,6,144.71
3998,6,144.71
3999,6,144.71
4000,6,144.71
4001,6,144.71
4002,6,144.71
4003,6,144.71
4004,6,144.71
4005,6,144.71
4006,6,144.71
4007,6,144.71
4008,6,144.71
4009,6,144.71
4010,6,144.71
4011,6,144.71
4012,6,144.71
4013,6,144.71
4014,6,144.71
4015,6,144.71
4016,6,144.71
4017,6,144.71
4018,6,144.71
4019,6,144.71
4020,6,144.71
4021,6,144.71
4022,6,144.71
4023,6,144.71
4024,6,144.71
4025,6,144.71
4026,6,144.71
4027,6,144.71
4028,6,144.71
4029,6,144.71
4030,6,144.71
4031,6,144.71
4032,6,144.71
4033,6,144.71
4034,6,144.71
4035,6,144.71
4036,6,144.71
4037,6,144.71
4038,6,144.71
4039,6,144.71
4040,6,144.71
4041,6,144.71
4042,6,144.71
4043,6,144.71
4044,6,144.71
4045,6,144.71
4046,6,144.71
4047,6,144.71
4048,6,144.71
4049,6,144.71
4050,6,144.71
4051,6,144.71
4052,6,144.71
4053,6,144.71
4054,6,144.71
4055,6,144.71
4056,6,144.71
4057,6,144.71
4058,6,144.71
4059,6,144.71
4060,6,144.71
4061,6,144.71
4062,6,144.71
4063,6,144.71
4064,6,144.71
4065,6,144.71
4066,6,144.71
4067,6,144.71
4068,6,144.71
4069,6,144.71
4070,6,144.71
4071,6,144.71
4072,6,144.71
4073,6,144.71
4074,6,144.71
4075,6,144.71
4076,6,144.71
4077,6,144.71
4078,6,144.71
4079,6,144.71
4080,6,144.71
4081,6,144.71
4082,6,144.71
4083,6,144.71
4084,6,144.71
4085,6,144.71
4086,6,144.71
4087,6,144.71
4088,6,144.71
4089,6,144.71
4090,6,144.71
4091,6,144.71
4092,6,144.71
4093,6,144.71
4094,6,144.71
4095,6,144.71
4096,6,144.71
4097,6,144.71
4098,6,144.71
4099,6,144.71
4100,6,144.71
4101,6,144.71
4102,6,144.71
4103,6,144.71
4104,6,144.71
4105,6,144.71
4106,6,144.71
4107,6,144.71
4108,6,144.71
4109,6,144.71
4110,6,144.71
4111,6,144.71
4112,6,144.71
4113,6,144.71
4114,6,144.71
4115,6,144.71
4116,6,144.71
4117,6,144.71
4118,6,144.71
4119,6,144.71
4120,6,144.71
4121,6,144.71
4122,6,144.71
4123,6,144.71
4124,6,144.71
4125,6,144.71
4126,6,144.71
4127,6,144.71
4128,6,144.71
4129,6,144.71
4130,6,144.71
4131,6,144.71
4132,6,144.71
4133,6,144.71
4134,6,144.71
4135,6,144.71
4136,6,144.71
4137,6,144.71
4138,6,144.71
4139,6,144.71
4140,6,144.71
4141,6,144.71
4142,6,144.71
4143,6,144.71
4144,6,144.71
4145,6,144.71
4146,6,144.71
4147,6,144.71
4148,6,144.71
4149,6,144.71
4150,6,144.71
4151,6,144.71
4152,6,144.71
4153,6,144.71
4154,6,144.71
4155,6,144.71
4156,6,144.71
4157,6,144.71
4158,6,144.71
4159,6,144.71
4160,6,144.71
4161,6,144.71
4162,6,144.71
4163,6,144.71
4164,6,144.71
4165,6,144.71
4166,6,144.71
4167,6,144.71
4168,6,144.71
4169,6,144.71
4170,6,144.71
4171,6,144.71
4172,6,144.71
4173,6,144.71
4174,6,144.71
4175,6,144.71
4176,6,144.71
4177,6,144.71
4178,6,144.71
4179,6,144.71
4180,6,144.71
4181,6,144.71
4182,6,144.71
4183,6,144.71
4184,6,144.71
4185,6,144.71
4186,6,144.71
4187,6,144.71
4188,6,144.71
4189,6,144.71
4190,6,144.71
4191,6,144.71
4192,6,144.71
4193,6,144.71
4194,6,144.71
4195,6,144.71
4196,6,144.71
4197,6,144.71
4198,6,144.71
4199,6,144.71
4200,6,144.71
4201,6,144.71
4202,6,144.71
4203,6,144.71
4204,6,144.71
4205,6,144.71
4206,6,144.71
4207,6,144.71
4208,6,144.71
4209,6,144.71
4210,6,144.71
4211,6,144.71
4212,6,144.71
4213,6,144.71
4214,6,144.71
4215,6,144.71
4216,6,144.71
4217,6,144.71
4218,6,144.71
4219,6,144.71
4220,6,144.71
4221,6,144.71
4222,6,144.71
4223,6,144.71
4224,6,144.71
4225,6,144.71
4226,6,144.71
4227,6,144.71
4228,6,144.71
4229,6,144.71
4230,6,144.71
4231,6,144.71
4232,6,144.71
4233,6,144.71
4234,6,144.71
4235,6,144.71
4236,6,144.71
4237,6,144.71
4238,6,144.71
4239,6,144.71
4240,6,144.71
4241,6,144.71
4242,6,144.71
4243,6,144.71
4244,6,144.71
4245,6,144.71
4246,6,144.71
4247,6,144.71
4248,6,144.71
4249,6,144.71
4250,6,144.71
4251,6,144.71
4252,6,144.71
4253,6,144.71
4254,6,144.71
4255,6,144.71
4256,6,144.71
4257,6,144.71
4258,6,144.71
4259,6,144.71
4260,6,144.71
4261,6,144.71
4262,6,144.71
4263,6,144.71
4264,6,144.71
4265,6,144.71
4266,6,144.71
4267,6,144.71
4268,6,144.71
4269,6,144.71
4270,6,144.71
4271,6,144.71
4272,6,144.71
4273,6,144.71
4274,6,144.71
4275,6,144.71
4276,6,144.71
4277,6,144.71
4278,6,144.71
4279,6,144.71
4280,6,144.71
4281,6,144.71
4282,6,144.71
4283,6,144.71
4284,6,144.71
4285,6,144.71
4286,6,144.71
4287,6,144.71
4288,6,144.71
4289,6,144.71
4290,6,144.71
4291,6,144.71
4292,6,144.71
4293,6,144.71
4294,6,144.71
4295,6,144.71
4296,6,144.71
4297,6,144.71
4298,6,144.71
4299,6,144.71
4300,6,144.71
4301,6,144.71
4302,6,144.71
4303,6,144.71
4304,6,144.71
4305,6,144.71
4306,6,144.71
4307,6,144.71
4308,6,144.71
4309,6,144.71
4310,6,144.71
4311,6,144.71
4312,6,144.71
4313,6,144.71
4314,6,144.71
4315,6,144.71
4316,6,144.71
4317,6,144.71
4318,6,144.71
4319,6,144.71
4320,6,144.71
4321,6,144.71
4322,6,144.71
4323,6,144.71
4324,6,144.71
4325,6,144.71
4326,6,144.71
4327,6,144.71
4328,6,144.71
4329,6,144.71
4330,6,144.71
4331,6,144.71
4332,6,144.71
4333,6,144.71
4334,6,144.71
4335,6,144.71
4336,6,144.71
4337,6,144.71
4338,6,144.71
4339,6,144.71
4340,6,144.71
4341,6,144.71
4342,6,144.71
4343,6,144.71
4344,6,144.71
4345,6,144.71
4346,6,144.71
4347,6,144.71
4348,6,144.71
4349,6,144.71
4350,6,144.71
4351,6,144.71
4352,6,144.71
4353,6,144.71
4354,6,144.71
4355,6,144.71
4356,6,144.71
4357,6,144.71
4358,6,144.71
4359,6,144.71
4360,6,144.71
4361,6,144.71
4362,6,144.71
4363,6,144.71
4364,6,144.71
4365,6,144.71
4366,6,144.71
4367,6,144.71
4368,6,144.71
4369,6,144.71
4370,6,144.71
4371,6,144.71
4372,6,144.71
4373,6,144.71
4374,6,144.71
4375,6,144.71
4376,6,144.71
4377,6,144.71
4378,6,144.71
4379,6,144.71
4380,6,144.71
4381,6,144.71
4382,6,144.71
4383,6,144.71
4384,6,144.71
4385,6,144.71
4386,6,144.71
4387,6,144.71
4388,6,144.71
4389,6,144.71
4390,6,144.71
4391,6,144.71
4392,6,144.71
4393,6,144.71
4394,6,144.71
4395,6,144.71
4396,6,144.71
4397,6,144.71
4398,6,144.71
4399,6,144.71
4400,6,144.71
4401,6,144.71
4402,6,144.71
4403,6,144.71
4404,6,144.71
4405,6,144.71
4406,6,144.71
4407,6,144.71
4408,6,144.71
4409,6,144.71
4410,6,144.71
4411,6,144.71
4412,6,144.71
4413,6,144.71
4414,6,144.71
4415,6,144.71
4416,6,144.71
4417,6,144.71
4418,6,144.71
4419,6,144.71
4420,6,144.71
4421,6,144.71
4422,6,144.71
4423,6,144.71
4424,6,144.71
4425,6,144.71
4426,6,144.71
4427,6,144.71
4428,6,144.71
4429,6,144.71
4430,6,144.71
4431,6,144.71
4432,6,144.71
4433,6,144.71
4434,6,144.71
4435,6,144.71
4436,6,144.71
4437,6,144.71
4438,6,144.71
4439,6,144.71
4440,6,144.71
4441,6,144.71
4442,6,144.71
4443,6,144.71
4444,6,144.71
4445,6,144.71
4446,6,144.71
4447,6,144.71
4448,6,144.71
4449,6,144.71
4450,6,144.71
4451,6,144.71
4452,6,144.71
4453,6,144.71
4454,6,144.71
4455,6,144.71
4456,6,144.71
4457,6,144.71
4458,6,144.71
4459,6,144.71
4460,6,144.71
4461,6,144.71
4462,6,144.71
4463,6,144.71
4464,6,144.71
4465,6,144.71
4466,6,144.71
4467,6,144.71
4468,6,144.71
4469,6,144.71
4470,6,144.71
4471,6,144.71
4472,6,144.71
4473,6,144.71
4474,6,144.71
4475,6,144.71
4476,6,144.71
4477,6,144.71
4478,6,144.71
4479,6,144.71
4480,6,144.71
4481,6,144.71
4482,6,144.71
4483,6,144.71
4484,6,144.71
4485,6,144.71
4486,6,144.71
4487,6,144.71
4488,6,144.71
4489,6,144.71
4490,6,144.71
4491,6,144.71
4492,6,144.71
4493,6,144.71
4494,6,144.71
4495,6,144.71
4496,6,144.71
4497,6,144.71
4498,6,144.71
4499,6,144.71
4500,6,144.71
4501,6,144.71
4502,6,144.71
4503,6,144.71
4504,6,144.71
4505,6,144.71
4506,6,144.71
4507,6,144.71
4508,6,144.71
4509,6,144.71
4510,6,144.71
4511,6,144.71
4512,6,144.71
4513,6,144.71
4514,6,144.71
4515,6,144.71
4516,6,144.71
4517,6,144.71
4518,6,144.71
4519,6,144.71
4520,6,144.71
4521,6,144.71
4522,6,144.71
4523,6,144.71
4524,6,144.71
4525,6,144.71
4526,6,144.71
4527,6,144.71
4528,6,144.71
4529,6,144.71
4530,6,144.71
4531,6,144.71
4532,6,144.71
4533,6,144.71
4534,6,144.71
4535,6,144.71
4536,6,144.71
4537,6,144.71
4538,6,144.71
4539,6,144.71
4540,6,144.71
4541,6,144.71
4542,6,144.71
4543,6,144.71
4544,6,144.71
4545,6,144.71
4546,6,144.71
4547,6,144.71
4548,6,144.71
4549,6,144.71
4550,6,144.71
4551,6,144.71
4552,6,144.71
4553,6,144.71
4554,6,144.71
4555,6,144.71
4556,6,144.71
4557,6,144.71
4558,6,144.71
4559,6,144.71
4560,6,144.71
4561,6,144.71
4562,6,144.71
4563,6,144.71
4564,6,144.71
4565,6,144.71
4566,6,144.71
4567,6,144.71
4568,6,144.71
4569,6,144.71
4570,6,144.71
4571,6,144.71
4572,6,144.71
4573,6,144.71
4574,6,144.71
4575,6,144.71
4576,6,144.71
4577,6,144.71
4578,6,144.71
4579,6,144.71
4580,6,144.71
4581,6,144.71
4582,6,144.71
4583,6,144.71
4584,6,144.71
4585,6,144.71
4586,6,144.71
4587,6,144.71
4588,6,144.71
4589,6,144.71
4590,6,144.71
4591,6,144.71
4592,6,144.71
4593,6,144.71
4594,6,144.71
4595,6,144.71
4596,6,144.71
4597,6,144.71
4598,6,144.71
4599,6,144.71
4600,6,144.71
4601,6,144.71
4602,6,144.71
4603,6,144.71
4604,6,144.71
4605,6,144.71
4606,6,144.71
4607,6,144.71
4608,6,144.71
4609,6,144.71
4610,6,144.71
4611,6,144.71
4612,6,144.71
4613,6,144.71
4614,6,144.71
4615,6,144.71
4616,6,144.71
4617,6,144.71
4618,6,144.71
4619,6,144.71
4620,6,144.71
4621,6,144.71
4622,6,144.71
4623,6,144.71
4624,6,144.71
4625,6,144.71
4626,6,144.71
4627,6,144.71
4628,6,144.71
4629,6,144.71
4630,6,144.71
4631,6,144.71
4632,6,144.71
4633,6,144.71
4634,6,144.71
4635,6,144.71
4636,6,144.71
4637,6,144.71
4638,6,144.71
4639,6,144.71
4640,6,144.71
4641,6,144.71
4642,6,144.71
4643,6,144.71
4644,6,144.71
4645,6,144.71
4646,6,144.71
4647,6,144.71
4648,6,144.71
4649,6,144.71
4650,6,144.71
4651,6,144.71
4652,6,144.71
4653,6,144.71
4654,6,144.71
4655,6,144.71
4656,6,144.71
4657,6,144.71
4658,6,144.71
4659,6,144.71
4660,6,144.71
4661,6,144.71
4662,6,144.71
4663,6,144.71
4664,6,144.71
4665,6,144.71
4666,6,144.71
4667,6,144.71
4668,6,144.71
4669,6,144.71
4670,6,144.71
4671,6,144.71
4672,6,144.71
4673,6,144.71
4674,6,144.71
4675,6,144.71
4676,6,144.71
4677,6,144.71
4678,6,144.71
4679,6,144.71
4680,6,144.71
4681,6,144.71
4682,6,144.71
4683,6,144.71
4684,6,144.71
4685,6,144.71
4686,6,144.71
4687,6,144.71
4688,6,144.71
4689,6,144.71
4690,6,144.71
4691,6,144.71
4692,6,144.71
4693,6,144.71
4694,6,144.71
4695,6,144.71
4696,6,144.71
4697,6,144.71
4698,6,144.71
4699,6,144.71
4700,6,144.71
4701,6,144.71
4702,6,144.71
4703,6,144.71
4704,6,144.71
4705,6,144.71
4706,6,144.71
4707,6,144.71
4708,6,144.71
4709,6,144.71
4710,6,144.71
4711,6,144.71
4712,6,144.71
4713,6,144.71
4714,6,144.71
4715,6,144.71
4716,6,144.71
4717,6,144.71
4718,6,144.71
4719,6,144.71
4720,6,144.71
4721,6,144.71
4722,6,144.71
4723,6,144.71
4724,6,144.71
4725,6,144.71
4726,6,144.71
4727,6,144.71
4728,6,144.71
4729,6,144.71
4730,6,144.71
4731,6,144.71
4732,6,144.71
4733,6,144.71
4734,6,144.71
4735,6,144.71
4736,6,144.71
4737,6,144.71
4738,6,144.71
4739,6,144.71
4740,6,144.71
4741,6,144.71
4742,6,144.71
4743,6,144.71
4744,6,144.71
4745,6,144.71
4746,6,144.71
4747,6,144.71
4748,6,144.71
4749,6,144.71
4750,6,144.71
4751,6,144.71
4752,6,144.71
4753,6,144.71
4754,6,144.71
4755,6,144.71
4756,6,144.71
4757,6,144.71
4758,6,144.71
4759,6,144.71
4760,6,144.71
4761,6,144.71
4762,6,144.71
4763,6,144.71
4764,6,144.71
4765,6,144.71
4766,6,144.71
4767,6,144.71
4768,6,144.71
4769,6,144.71
4770,6,144.71
4771,6,144.71
4772,6,144.71
4773,6,144.71
4774,6,144.71
4775,6,144.71
4776,6,144.71
4777,6,144.71
4778,6,144.71
4779,6,144.71
4780,6,144.71
4781,6,144.71
4782,6,144.71
4783,6,144.71
4784,6,144.71
4785,6,144.71
4786,6,144.71
4787,6,144.71
4788,6,144.71
4789,6,144.71
4790,6,144.71
4791,6,144.71
4792,6,144.71
4793,6,144.71
4794,6,144.71
4795,6,144.71
4796,6,144.71
4797,6,144.71
4798,6,144.71
4799,6,144.71
4800,6,144.71
4801,6,144.71
4802,6,144.71
4803,6,144.71
4804,6,144.71
4805,6,144.71
4806,6,144.71
4807,6,144.71
4808,6,144.71
4809,6,144.71
4810,6,144.71
4811,6,144.71
4812,6,144.71
4813,6,144.71
4814,6,144.71
4815,6,144.71
4816,6,144.71
4817,6,144.71
4818,6,144.71
4819,6,144.71
4820,6,144.71
4821,6,144.71
4822,6,144.71
4823,6,144.71
4824,6,144.71
4825,6,144.71
4826,6,144.71
4827,6,144.71
4828,6,144.71
4829,6,144.71
4830,6,144.71
4831,6,144.71
4832,6,144.71
4833,6,144.71
4834,6,144.71
4835,6,144.71
4836,6,144.71
4837,6,144.71
4838,6,144.71
4839,6,144.71
4840,6,144.71
4841,6,144.71
4842,6,144.71
4843,6,144.71
4844,6,144.71
4845,6,144.71
4846,6,144.71
4847,6,144.71
4848,6,144.71
4849,6,144.71
4850,6,144.71
4851,6,144.71
4852,6,144.71
4853,6,144.71
4854,6,144.71
4855,6,144.71
4856,6,144.71
4857,6,144.71
4858,6,144.71
4859,6,144.71
4860,6,144.71
4861,6,144.71
4862,6,144.71
4863,6,144.71
4864,6,144.71
4865,6,144.71
4866,6,144.71
4867,6,144.71
4868,6,144.71
4869,6,144.71
4870,6,144.71
4871,6,144.71
4872,6,144.71
4873,6,144.71
4874,6,144.71
4875,6,144.71
4876,6,144.71
4877,6,144.71
4878,6,144.71
4879,6,144.71
4880,6,144.71
4881,6,144.71
4882,6,144.71
4883,6,144.71
4884,6,144.71
4885,6,144.71
4886,6,144.71
4887,6,144.71
4888,6,144.71
4889,6,144.71
4890,6,144.71
4891,6,144.71
4892,6,144.71
4893,6,144.71
4894,6,144.71
4895,6,144.71
4896,6,144.71
4897,6,144.71
4898,6,144.71
4899,6,144.71
4900,6,144.71
4901,6,144.71
4902,6,144.71
4903,6,144.71
4904,6,144.71
4905,6,144.71
4906,6,144.71
4907,6,144.71
4908,6,144.71
4909,6,144.71
4910,6,144.71
4911,6,144.71
4912,6,144.71
4913,6,144.71
4914,6,144.71
4915,6,144.71
4916,6,144.71
4917,6,144.71
4918,6,144.71
4919,6,144.71
4920,6,144.71
4921,6,144.71
4922,6,144.71
4923,6,144.71
4924,6,144.71
4925,6,144.71
4926,6,144.71
4927,6,144.71
4928,6,144.71
4929,6,144.71
4930,6,144.71
4931,6,144.71
4932,6,144.71
4933,6,144.71
4934,6,144.71
4935,6,144.71
4936,6,144.71
4937,6,144.71
4938,6,144.71
4939,6,144.71
4940,6,144.71
4941,6,144.71
4942,6,144.71
4943,6,144.71
4944,6,144.71
4945,6,144.71
4946,6,144.71
4947,6,144.71
4948,6,144.71
4949,6,144.71
4950,6,144.71
4951,6,144.71
4952,6,144.71
4953,6,144.71
4954,6,144.71
4955,6,144.71
4956,6,144.71
4957,6,144.71
4958,6,144.71
4959,6,144.71
4960,6,144.71
4961,6,144.71
4962,6,144.71
4963,6,144.71
4964,6,144.71
4965,6,144.71
4966,6,144.71
4967,6,144.71
4968,6,144.71
4969,6,144.71
4970,6,144.71
4971,6,144.71
4972,6,144.71
4973,6,144.71
4974,6,144.71
4975,6,144.71
4976,6,144.71
4977,6,144.71
4978,6,144.71
4979,6,144.71
4980,6,144.71
4981,6,144.71
4982,6,144.71
4983,6,144.71
4984,6,144.71
4985,6,144.71
4986,6,144.71
4987,6,144.71
4988,6,144.71
4989,6,144.71
4990,6,144.71
4991,6,144.71
4992,6,144.71
4993,6,144.71
4994,6,144.71
4995,6,144.71
4996,6,144.71
4997,6,144.71
4998,6,144.71
4999,6,144.71
5000,6,144.71
5001,6,144.71
5002,6,144.71
5003,6,144.71
5004,6,144.71
5005,6,144.71
5006,6,144.71
5007,6,144.71
5008,6,144.71
5009,6,144.71
5010,6,144.71
5011,6,144.71
5012,6,144.71
5013,6,144.71
5014,6,144.71
5015,6,144.71
5016,6,144.71
5017,6,144.71
5018,6,144.71
5019,6,144.71
5020,6,144.71
5021,6,144.71
5022,6,144.71
5023,6,144.71
5024,6,144.71
5025,6,144.71
5026,6,144.71
5027,6,144.71
5028,6,144.71
5029,6,144.71
5030,6,144.71
5031,6,144.71
5032,6,144.71
5033,6,144.71
5034,6,144.71
5035,6,144.71
5036,6,144.71
5037,6,144.71
5038,6,144.71
5039,6,144.71
5040,6,144.71
5041,6,144.71
5042,6,144.71
5043,6,144.71
5044,6,144.71
5045,6,144.71
5046,6,144.71
5047,6,144.71
5048,6,144.71
5049,6,144.71
5050,6,144.71
5051,6,144.71
5052,6,144.71
5053,6,144.71
5054,6,144.71
5055,6,144.71
5056,6,144.71
5057,6,144.71
5058,6,144.71
5059,6,144.71
5060,6,144.71
5061,6,144.71
5062,6,144.71
5063,6,144.71
5064,6,144.71
5065,6,144.71
5066,6,144.71
5067,6,144.71
5068,6,144.71
5069,6,144.71
5070,6,144.71
5071,6,144.71
5072,6,144.71
5073,6,144.71
5074,6,144.71
5075,6,144.71
5076,6,144.71
5077,6,144.71
5078,6,144.71
5079,6,144.71
5080,6,144.71
5081,6,144.71
5082,6,144.71
5083,6,144.71
5084,6,144.71
5085,6,144.71
5086,6,144.71
5087,6,144.71
5088,6,144.71
5089,6,144.71
5090,6,144.71
5091,6,144.71
5092,6,144.71
5093,6,144.71
5094,6,144.71
5095,6,144.71
5096,6,144.71
5097,6,144.71
5098,6,144.71
5099,6,144.71
5100,6,144.71
5101,6,144.71
5102,6,144.71
5103,6,144.71
5104,6,144.71
5105,6,144.71
5106,6,144.71
5107,6,144.71
5108,6,144.71
5109,6,144.71
5110,6,144.71
5111,6,144.71
5112,6,144.71
5113,6,144.71
5114,6,144.71
5115,6,144.71
5116,6,144.71
5117,6,144.71
5118,6,144.71
5119,6,144.71
5120,6,144.71
5121,6,144.71
5122,6,144.71
5123,6,144.71
5124,6,144.71
5125,6,144.71
5126,6,144.71
5127,6,144.71
5128,6,144.71
5129,6,144.71
5130,6,144.71
5131,6,144.71
5132,6,144.71
5133,6,144.71
5134,6,144.71
5135,6,144.71
5136,6,144.71
5137,6,144.71
5138,6,144.71
5139,6,144.71
5140,6,144.71
5141,6,144.71
5142,6,144.71
5143,6,144.71
5144,6,144.71
5145,6,144.71
5146,6,144.71
5147,6,144.71
5148,6,144.71
5149,6,144.71
5150,6,144.71
5151,6,144.71
5152,6,144.71
5153,6,144.71
5154,6,144.71
5155,6,144.71
5156,6,144.71
5157,6,144.71
5158,6,144.71
5159,6,144.71
5160,6,144.71
5161,6,144.71
5162,6,144.71
5163,6,144.71
5164,6,144.71
5165,6,144.71
5166,6,144.71
5167,6,144.71
5168,6,144.71
5169,6,144.71
5170,6,144.71
5171,6,144.71
5172,6,144.71
5173,6,144.71
5174,6,144.71
5175,6,144.71
5176,6,144.71
5177,6,144.71
5178,6,144.71
5179,6,144.71
5180,6,144.71
5181,6,144.71
5182,6,144.71
5183,6,144.71
5184,6,144.71
5185,6,144.71
5186,6,144.71
5187,6,144.71
5188,6,144.71
5189,6,144.71
5190,6,144.71
5191,6,144.71
5192,6,144.71
5193,6,144.71
5194,6,144.71
5195,6,144.71
5196,6,144.71
5197,6,144.71
5198,6,144.71
5199,6,144.71
5200,6,144.71
5201,6,144.71
5202,6,144.71
5203,6,144.71
5204,6,144.71
5205,6,144.71
5206,6,144.71
5207,6,144.71
5208,6,144.71
5209,6,144.71
5210,6,144.71
5211,6,144.71
5212,6,144.71
5213,6,144.71
5214,6,144.71
5215,6,144.71
5216,6,144.71
5217,6,144.71
5218,6,144.71
5219,6,144.71
5220,6,144.71
5221,6,144.71
5222,6,144.71
5223,6,144.71
5224,6,144.71
5225,6,144.71
5226,6,144.71
5227,6,144.71
5228,6,144.71
5229,6,144.71
5230,6,144.71
5231,6,144.71
5232,6,144.71
5233,6,144.71
5234,6,144.71
5235,6,144.71
5236,6,144.71
5237,6,144.71
5238,6,144.71
5239,6,144.71
5240,6,144.71
5241,6,144.71
5242,6,144.71
5243,6,144.71
5244,6,144.71
5245,6,144.71
5246,6,144.71
5247,6,144.71
5248,6,144.71
5249,6,144.71
5250,6,144.71
5251,6,144.71
5252,6,144.71
5253,6,144.71
5254,6,144.71
5255,6,144.71
5256,6,144.71
5257,6,144.71
5258,6,144.71
5259,6,144.71
5260,6,144.71
5261,6,144.71
5262,6,144.71
5263,6,144.71
5264,6,144.71
5265,6,144.71
5266,6,144.71
5267,6,144.71
5268,6,144.71
5269,6,144.71
5270,6,144.71
5271,6,144.71
5272,6,144.71
5273,6,144.71
5274,6,144.71
5275,6,144.71
5276,6,144.71
5277,6,144.71
5278,6,144.71
5279,6,144.71
5280,6,144.71
5281,6,144.71
5282,6,144.71
5283,6,144.71
5284,6,144.71
5285,6,144.71
5286,6,144.71
5287,6,144.71
5288,6,144.71
5289,6,144.71
5290,6,144.71
5291,6,144.71
5292,6,144.71
5293,6,144.71
5294,6,144.71
5295,6,144.71
5296,6,144.71
5297,6,144.71
5298,6,144.71
5299,6,144.71
5300,6,144.71
5301,6,144.71
5302,6,144.71
5303,6,144.71
5304,6,144.71
5305,6,144.71
5306,6,144.71
5307,6,144.71
5308,6,144.71
5309,6,144.71
5310,6,144.71
5311,6,144.71
5312,6,139.25
5313,6,130.0
5314,6,124.8
5315,6,137.99
5316,6,147.05
5317,6,157.3
5318,6,163.02
5319,6,163.19
5320,6,158.01
5321,6,154.84
5322,6,149.0
5323,6,150.0
5324,6,148.43
5325,6,146.8
5326,6,139.15
5327,6,148.3
5328,6,142.77
5329,6,151.27
5330,6,149.77
5331,6,148.13
5332,6,160.8
5333,6,169.99
5334,6,180.5
5335,6,169.27
5336,6,173.69
5337,6,161.83
5338,6,180.4
5339,6,181.87
5340,6,177.53
5341,6,192.74
5342,6,201.25
5343,6,187.37
5344,6,183.63
5345,6,180.44
5346,6,179.17
5347,6,185.72
5348,6,195.8
5349,6,195.31
5350,6,200.43
5351,6,199.88
5352,6,211.66
5353,6,216.84
5354,6,212.68
5355,6,209.86
5356,6,201.96
5357,6,198.04
5358,6,201.07
5359,6,195.34
5360,6,187.59
5361,6,200.2
5362,6,182.06
5363,6,206.35
5364,6,196.42
5365,6,189.9
5366,6,180.4
5367,6,180.23
5368,6,179.81
5369,6,180.81
5370,6,183.11
5371,6,183.79
5372,6,197.87
5373,6,206.74
5374,6,209.99
5375,6,200.01
5376,6,201.36
5377,6,191.45
5378,6,194.39
5379,6,195.0
5380,6,187.14
5381,6,178.85
5382,6,176.16
5383,6,174.4
5384,6,182.5
5385,6,183.1
5386,6,187.94
5387,6,188.24
5388,6,186.69
5389,6,190.03
5390,6,179.94
5391,6,180.18
5392,6,179.5
5393,6,176.49
5394,6,177.95
5395,6,176.43
5396,6,175.35
5397,6,178.69
5398,6,174.58
5399,6,169.57
5400,6,167.07
5401,6,170.71
5402,6,174.25
5403,6,174.88
5404,6,177.94
5405,6,180.0
5406,6,177.68
5407,6,172.71
5408,6,168.11
5409,6,168.9
5410,6,162.33
5411,6,153.64
5412,6,151.21
5413,6,146.73
5414,6,142.73
5415,6,140.25
5416,6,135.75
5417,6,141.2
5418,6,132.5
5419,6,135.02
5420,6,138.19
5421,6,136.2
5422,6,134.71
5423,6,135.91
5424,6,133.99
5425,6,134.75
5426,6,143.17
5427,6,140.4
5428,6,144.31
5429,6,151.0
5430,6,144.19
5431,6,150.73
5432,6,148.97
5433,6,147.01
5434,6,144.85
5435,6,146.12
5436,6,148.44
5437,6,149.21
5438,6,151.78
5439,6,149.15
5440,6,150.7
5441,6,152.52
5442,6,149.7
5443,6,149.68
5444,6,151.58
5445,6,150.73
5446,6,149.67
5447,6,149.94
5448,6,146.08
5449,6,153.14
5450,6,153.08
5451,6,150.23
5452,6,148.37
5453,6,143.72
5454,6,142.53
5455,6,149.64
5456,6,146.69
5457,6,143.41
5458,6,139.09
5459,6,137.5
5460,6,134.31
5461,6,131.88
5462,6,136.09
5463,6,139.25
5464,6,139.47
5465,6,138.73
5466,6,142.0
5467,6,141.58
5468,6,143.3
5469,6,143.47
5470,6,144.01
5471,6,145.49
5472,6,145.65
5473,6,147.4
5474,6,150.32
5475,6,149.99
5476,6,149.44
5477,6,147.95
5478,6,148.16
5479,6,151.15
5480,6,152.76
5481,6,148.57
5482,6,143.9
5483,6,146.74
5484,6,142.65
5485,6,143.7
5486,6,146.79
5487,6,161.42
5488,6,160.35
5489,6,152.73
5490,6,154.18
5491,6,156.02
5492,6,154.99
5493,6,156.59
5494,6,157.2
5495,6,158.0
5496,6,165.0
5497,6,163.93
5498,6,166.0
5499,6,165.2
5500,6,160.32
5501,6,163.3
5502,6,166.37
5503,6,168.15
5504,6,166.59
5505,6,161.64
5506,6,169.29
5507,6,169.96
5508,6,175.13
5509,6,175.88
5510,6,174.26
5511,6,168.58
5512,6,168.07
5513,6,167.75
5514,6,173.01
5515,6,164.5
5516,6,164.74
5517,6,167.25
5518,6,169.6
5519,6,169.97
5520,6,166.67
5521,6,172.75
5522,6,173.58
5523,6,170.5
5524,6,169.18
5525,6,172.32
5526,6,170.74
5527,6,169.76
5528,6,170.5
5529,6,166.64
5530,6,169.24
5531,6,171.14
5532,6,169.1
5533,6,171.7
5534,6,170.66
5535,6,174.6
5536,6,172.87
5537,6,172.87
5538,6,178.45
5539,6,201.62
5540,6,200.32
5541,6,194.68
5542,6,192.22
5543,6,191.61
5544,6,206.54
5545,6,207.21
5546,6,207.04
5547,6,199.11
5548,6,204.33
5549,6,196.42
5550,6,181.73
5551,6,178.27
5552,6,179.89
5553,6,173.86
5554,6,180.08
5555,6,172.54
5556,6,163.08
5557,6,169.6
5558,6,166.75
5559,6,180.85
5560,6,183.14
5561,6,186.49
5562,6,181.46
5563,6,180.42
5564,6,171.04
5565,6,167.96
5566,6,168.14
5567,6,156.38
5568,6,157.91
5569,6,157.23
5570,6,165.66
5571,6,169.29
5572,6,171.31
5573,6,171.68
5574,6,169.71
5575,6,167.44
5576,6,168.78
5577,6,166.49
5578,6,172.68
5579,6,170.8
5580,6,162.25
5581,6,159.75
5582,6,166.05
5583,6,160.71
5584,6,168.61
5585,6,169.54
5586,6,166.0
5587,6,163.99
5588,6,154.69
5589,6,154.58
5590,6,158.0
5591,6,156.73
5592,6,147.9
5593,6,144.56
5594,6,142.14
5595,6,138.41
5596,6,142.77
5597,6,153.97
5598,6,156.94
5599,6,151.76
5600,6,149.57
5601,6,155.56
5602,6,157.91
5603,6,162.26
5604,6,169.53
5605,6,171.95
5606,6,166.53
5607,6,169.66
5608,6,180.07
5609,6,186.64
5610,6,183.6
5611,6,174.9
5612,6,165.24
5613,6,150.04
5614,6,158.26
5615,6,155.09
5616,6,151.49
5617,6,151.01
5618,6,157.53
5619,6,151.69
5620,6,142.7
5621,6,131.59
5622,6,142.13
5623,6,148.31
5624,6,151.8
5625,6,145.14
5626,6,138.5
5627,6,143.95
5628,6,155.75
5629,6,157.55
5630,6,167.0
5631,6,161.8
5632,6,166.44
5633,6,164.16
5634,6,170.83
5635,6,167.22
5636,6,167.65
5637,6,175.52
5638,6,173.63
5639,6,171.76
5640,6,173.07
5641,6,177.02
5642,6,171.21
5643,6,164.66
5644,6,165.91
5645,6,162.56
5646,6,160.25
5647,6,160.11
5648,6,171.85
5649,6,170.7
5650,6,165.74
5651,6,170.12
5652,6,164.55
5653,6,157.91
5654,6,156.09
5655,6,158.39
5656,6,153.04
5657,6,152.23
5658,6,159.74
5659,6,153.21
5660,6,152.78
5661,6,145.0
5662,6,156.18
5663,6,143.09
5664,6,135.84
5665,6,119.37
5666,6,116.13
5667,6,116.15
5668,6,115.94
5669,6,121.45
5670,6,114.44
5671,6,117.5
5672,6,108.03
5673,6,114.17
5674,6,112.55
5675,6,113.28
5676,6,106.24
5677,6,110.4
5678,6,114.3
5679,6,120.5
5680,6,120.87
5681,6,116.72
5682,6,121.26
5683,6,119.83
5684,6,122.02
5685,6,122.9
5686,6,123.77
5687,6,115.72
5688,6,108.91
5689,6,98.93
5690,6,98.87
5691,6,101.47
5692,6,93.26
5693,6,99.49
5694,6,102.27
5695,6,99.53
5696,6,95.72
5697,6,103.51
5698,6,101.5
5699,6,97.53
5700,6,93.93
5701,6,89.08
5702,6,91.41
5703,6,95.94
5704,6,92.88
5705,6,97.5
5706,6,97.35
5707,6,95.1
5708,6,96.55
5709,6,95.64
5710,6,91.05
5711,6,94.66
5712,6,97.67
5713,6,102.2
5714,6,107.73
5715,6,108.14
5716,6,103.97
5717,6,104.95
5718,6,101.91
5719,6,107.36
5720,6,108.84
5721,6,110.98
5722,6,111.2
5723,6,116.34
5724,6,115.02
5725,6,119.22
5726,6,117.11
5727,6,115.82
5728,6,114.44
5729,6,118.73
5730,6,121.5
5731,6,124.51
5732,6,126.04
5733,6,124.18
5734,6,121.87
5735,6,121.27
5736,6,114.76
5737,6,111.39
5738,6,111.6
5739,6,114.51
5740,6,117.03
5741,6,112.82
5742,6,113.54
5743,6,112.56
5744,6,113.12
5745,6,113.4
5746,6,113.64
5747,6,113.7
5748,6,116.07
5749,6,118.58
5750,6,123.48
5751,6,124.79
5752,6,121.54
5753,6,126.8
5754,6,125.04
5755,6,118.75
5756,6,118.78
5757,6,116.71
5758,6,114.01
5759,6,103.72
5760,6,101.75
5761,6,103.23
5762,6,106.37
5763,6,110.69
5764,6,106.66
5765,6,105.04
5766,6,105.0
5767,6,110.81
5768,6,111.76
5769,6,111.58
5770,6,108.54
5771,6,110.99
5772,6,106.82
5773,6,112.35
5774,6,112.65
5775,6,109.16
5776,6,116.5
5777,6,117.94
5778,6,116.87
5779,6,117.0
5780,6,119.95
5781,6,116.39
5782,6,118.45
5783,6,115.31
5784,6,112.06
5785,6,115.21
5786,6,106.91
5787,6,109.05
5788,6,94.41
5789,6,92.02
5790,6,96.09
5791,6,95.46
5792,6,98.9
5793,6,95.79
5794,6,102.4
5795,6,109.57
5796,6,105.16
5797,6,107.01
5798,6,104.43
5799,6,99.3
5800,6,97.77
5801,6,95.71
5802,6,95.28
5803,6,96.63
5804,6,97.67
5805,6,95.3
5806,6,95.38
5807,6,102.14
5808,6,101.27
5809,6,101.0
5810,6,98.51
5811,6,93.12
5812,6,91.5
5813,6,94.83
5814,6,94.7
5815,6,95.58
5816,6,93.34
5817,6,93.93
5818,6,90.61
5819,6,89.57
5820,6,85.93
5821,6,87.62
5822,6,87.07
5823,6,84.87
5824,6,85.25
5825,6,83.49
5826,6,82.49
5827,6,85.23
5828,6,85.5
5829,6,84.9
5830,6,88.72
5831,6,87.71
5832,6,88.52
5833,6,89.24
5834,6,88.54
5835,6,94.44
5836,6,98.49
5837,6,100.37
5838,6,101.27
5839,6,101.11
5840,6,99.1
5841,6,101.28
5842,6,105.22
5843,6,104.13
5844,6,104.44
5845,6,109.42
5846,6,115.94
5847,6,109.48
5848,6,111.11
5849,6,113.99
5850,6,118.52
5851,6,118.7
5852,6,118.35
5853,6,119.69
5854,6,116.36
5855,6,114.94
5856,6,108.87
5857,6,116.42
5858,6,120.87
5859,6,137.01
5860,6,139.42
5861,6,131.6
5862,6,128.78
5863,6,127.21
5864,6,125.52
5865,6,122.78
5866,6,123.53
5867,6,123.28
5868,6,120.83
5869,6,122.38
5870,6,125.73
5871,6,126.33
5872,6,126.94
5873,6,125.0
5874,6,119.84
5875,6,118.3
5876,6,115.96
5877,6,116.36
5878,6,113.58
5879,6,119.99
5880,6,118.15
5881,6,118.4
5882,6,123.69
5883,6,121.17
5884,6,120.3
5885,6,116.92
5886,6,117.91
5887,6,116.61
5888,6,118.8
5889,6,122.28
5890,6,124.4
5891,6,121.46
5892,6,118.46
5893,6,115.34
5894,6,109.69
5895,6,112.6
5896,6,114.25
5897,6,112.42
5898,6,113.95
5899,6,114.65
5900,6,116.17
5901,6,119.19
5902,6,120.1
5903,6,118.4
5904,6,115.5
5905,6,116.12
5906,6,112.505
5907,6,113.68
5908,6,115.25
5909,6,119.67
5910,6,121.42
5911,6,120.58
5912,6,118.86
5913,6,117.63
5914,6,119.9
5915,6,125.65
5916,6,127.07
5917,6,113.19
5918,6,111.2
5919,6,105.275
5920,6,105.78
5921,6,105.41
5922,6,108.33
5923,6,111.87
5924,6,107.38
5925,6,109.93
5926,6,106.25
5927,6,105.71
5928,6,104.42
5929,6,106.81
5930,6,107.19
5931,6,109.77
5932,6,112.16
5933,6,118.06
5934,6,115.69
5935,6,117.3
5936,6,116.55
5937,6,115.5
5938,6,117.86
5939,6,124.59
5940,6,124.9
5941,6,125.14
5942,6,127.85
5943,6,128.68
5944,6,126.45
5945,6,127.46
5946,6,127.96
5947,6,124.73
5948,6,123.13
5949,6,127.89
5950,6,127.63
5951,6,125.1
5952,6,128.16
5953,6,132.35
5954,6,131.69
5955,6,128.16
5956,6,130.32
5957,6,131.71
5958,6,137.54
5959,6,137.02
5960,6,140.09
5961,6,143.34
5962,6,145.36
5963,6,146.53
5964,6,145.535
5965,6,145.28
5966,6,148.77
0,7,9.452183
1,7,9.15618
2,7,9.422334
3,7,9.561629
4,7,9.671075
5,7,9.203441
6,7,9.203441
7,7,9.07907
8,7,9.064146
9,7,9.111407
10,7,9.437258
11,7,9.280551
12,7,9.452183
13,7,9.327812
14,7,9.671075
15,7,9.452183
16,7,9.576554
17,7,9.452183
18,7,9.671075
19,7,9.452183
20,7,9.312887
21,7,9.345224
22,7,9.312887
23,7,9.049221
24,7,8.907439
25,7,8.842766
26,7,8.753219
27,7,8.676109
28,7,8.439804
29,7,8.285584
30,7,8.753219
31,7,9.825295
32,7,9.265627
33,7,9.315375
34,7,9.375073
35,7,9.327812
36,7,9.218366
37,7,9.250702
38,7,9.218366
39,7,9.049221
40,7,9.126331
41,7,9.031809
42,7,8.705958
43,7,8.457216
44,7,8.409955
45,7,8.738294
46,7,8.830329
47,7,8.768143
48,7,8.643772
49,7,8.491122
50,7,8.41384
51,7,8.600814
52,7,8.41384
53,7,8.241823
54,7,7.990031
55,7,7.775634
56,7,7.478968
57,7,7.386728
58,7,7.401686
59,7,7.680901
60,7,7.94765
61,7,8.117174
62,7,8.196949
63,7,8.241823
64,7,8.28919
65,7,8.585856
66,7,8.428797
67,7,8.508573
68,7,8.98972
69,7,8.757872
70,7,8.476164
71,7,8.740421
72,7,8.757872
73,7,8.648181
74,7,8.538489
75,7,8.134625
76,7,8.321599
77,7,8.009975
78,7,7.915242
79,7,7.992524
80,7,8.259274
81,7,8.226865
82,7,8.428797
83,7,8.351515
84,7,8.087258
85,7,7.790592
86,7,7.386728
87,7,7.728267
88,7,7.790592
89,7,7.713309
90,7,7.618576
91,7,7.760676
92,7,8.102216
93,7,8.600814
94,7,8.351515
95,7,8.446248
96,7,8.398882
97,7,8.553447
98,7,8.428797
99,7,8.381431
100,7,8.28919
101,7,8.446248
102,7,8.695547
103,7,8.850113
104,7,8.77283
105,7,9.224061
106,7,9.832351
107,7,9.25647
108,7,9.425993
109,7,9.13182
110,7,9.176694
111,7,9.488318
112,7,9.90098
113,7,9.791052
114,7,9.196444
115,7,9.416299
116,7,9.541217
117,7,9.588686
118,7,9.806043
119,7,10.008409
120,7,9.93096
121,7,9.743584
122,7,9.743584
123,7,9.603676
124,7,9.508738
125,7,9.541217
126,7,9.401309
127,7,9.306372
128,7,9.478758
129,7,9.696115
130,7,9.743584
131,7,9.633656
132,7,9.446279
133,7,9.243913
134,7,9.728594
135,7,9.651145
136,7,9.633656
137,7,10.133327
138,7,10.383163
139,7,10.680467
140,7,10.680467
141,7,10.85785
142,7,10.680467
143,7,10.415641
144,7,10.275733
145,7,10.165806
146,7,10.213274
147,7,9.776062
148,7,9.93096
149,7,10.040888
150,7,10.040888
151,7,10.150816
152,7,10.195786
153,7,10.070868
154,7,10.258245
155,7,10.49309
156,7,10.712945
157,7,10.603018
158,7,10.632998
159,7,10.445621
160,7,10.383163
161,7,10.195786
162,7,10.103347
163,7,10.258245
164,7,10.383163
165,7,10.628001
166,7,10.46311
167,7,11.132669
168,7,11.07021
169,7,11.132669
170,7,10.945292
171,7,10.820375
172,7,10.742926
173,7,10.742926
174,7,11.091519
175,7,10.921303
176,7,10.638446
177,7,10.638446
178,7,10.498269
179,7,10.295512
180,7,10.295512
181,7,10.107775
182,7,10.200392
183,7,9.950076
184,7,9.982617
185,7,10.012655
186,7,10.38813
187,7,10.38813
188,7,10.560848
189,7,10.701025
190,7,10.748585
191,7,10.513288
192,7,10.120291
193,7,10.060215
194,7,9.902516
195,7,10.152832
196,7,10.245449
197,7,10.060215
198,7,10.060215
199,7,10.27799
200,7,10.247952
201,7,10.060215
202,7,10.465728
203,7,10.528307
204,7,10.420671
205,7,10.247952
206,7,10.48325
207,7,10.826183
208,7,10.653465
209,7,10.778623
210,7,10.956348
211,7,10.826183
212,7,10.686006
213,7,10.608408
214,7,10.811164
215,7,11.046462
216,7,11.249218
217,7,11.234199
218,7,11.0765
219,7,11.01392
220,7,11.01392
221,7,11.0765
222,7,10.888762
223,7,10.998901
224,7,11.514553
225,7,12.140344
226,7,12.015186
227,7,11.639711
228,7,11.70229
229,7,11.687272
230,7,11.905047
231,7,12.000167
232,7,12.077765
233,7,11.85999
234,7,11.922569
235,7,12.000167
236,7,11.937588
237,7,12.280521
238,7,12.552187
239,7,12.474457
240,7,12.599828
241,7,12.647469
242,7,12.913257
243,7,12.787885
244,7,12.223714
245,7,12.238759
246,7,12.36413
247,7,12.349085
248,7,12.898212
249,7,12.80293
250,7,12.960898
251,7,13.540114
252,7,13.24173
253,7,13.259282
254,7,13.414743
255,7,13.226685
256,7,13.196596
257,7,13.116359
258,7,13.164
259,7,13.133911
260,7,13.179044
261,7,12.850571
262,7,12.757796
263,7,13.352057
264,7,13.259282
265,7,13.071225
266,7,13.211641
267,7,13.510025
268,7,13.429787
269,7,13.304416
270,7,13.289371
271,7,13.728171
272,7,13.978914
273,7,13.805901
274,7,13.259282
275,7,13.555159
276,7,13.477428
277,7,12.835527
278,7,12.80293
279,7,12.459412
280,7,12.552187
281,7,12.584784
282,7,12.990987
283,7,12.068253
284,7,11.737273
285,7,12.426816
286,7,12.614873
287,7,12.238759
288,7,12.068253
289,7,11.880196
290,7,12.083298
291,7,12.176073
292,7,12.161028
293,7,12.145984
294,7,12.068253
295,7,11.799959
296,7,10.719257
297,7,10.781943
298,7,10.671616
299,7,10.907314
300,7,10.719257
301,7,10.593326
302,7,10.971119
303,7,11.333801
304,7,11.144904
305,7,11.348913
306,7,11.09705
307,7,11.129792
308,7,11.081939
309,7,10.893042
310,7,11.492474
311,7,11.633517
312,7,11.447139
313,7,11.346394
314,7,11.29854
315,7,11.585663
316,7,11.462251
317,7,11.668778
318,7,11.880342
319,7,11.978568
320,7,12.162428
321,7,12.190132
322,7,12.467181
323,7,12.003754
324,7,11.940789
325,7,12.076794
326,7,12.215319
327,7,12.258135
328,7,12.593112
329,7,12.580519
330,7,12.316064
331,7,12.391622
332,7,12.245542
333,7,12.338731
334,7,12.550295
335,7,12.512516
336,7,12.333694
337,7,12.094425
338,7,11.870267
339,7,12.215319
340,7,12.028941
341,7,11.885379
342,7,12.059164
343,7,11.656184
344,7,11.656184
345,7,11.333801
346,7,11.270835
347,7,10.905635
348,7,11.081939
349,7,10.95097
350,7,10.95097
351,7,11.144904
352,7,11.278391
353,7,11.467288
354,7,11.711594
355,7,11.885379
356,7,11.686408
357,7,11.313652
358,7,11.442102
359,7,11.862711
360,7,11.908047
361,7,12.19517
362,7,12.19517
363,7,11.886559
364,7,11.552653
365,7,11.772728
366,7,11.914385
367,7,11.861263
368,7,11.565301
369,7,11.405937
370,7,11.266809
371,7,11.238983
372,7,11.512179
373,7,11.347756
374,7,11.63107
375,7,11.732254
376,7,11.585538
377,7,11.476765
378,7,11.588067
379,7,11.785376
380,7,11.889089
381,7,12.06616
382,7,12.233114
383,7,12.167344
384,7,12.460777
385,7,12.610023
386,7,13.027406
387,7,13.609212
388,7,13.583916
389,7,13.411904
390,7,13.472614
391,7,13.394197
392,7,13.381549
393,7,13.138708
394,7,13.00211
395,7,12.989462
396,7,13.022347
397,7,13.148826
398,7,13.057761
399,7,13.113412
400,7,13.368901
401,7,13.077998
402,7,13.06535
403,7,13.032465
404,7,12.746621
405,7,12.830098
406,7,12.845275
407,7,12.774447
408,7,12.789624
409,7,12.926222
410,7,12.971755
411,7,13.217125
412,7,13.406845
413,7,13.158945
414,7,13.118471
415,7,13.019817
416,7,12.647967
417,7,12.802272
418,7,12.142048
419,7,12.488602
420,7,12.463307
421,7,12.37983
422,7,11.967506
423,7,12.116752
424,7,12.243232
425,7,12.746621
426,7,12.44688
427,7,12.599291
428,7,12.637393
429,7,12.739
430,7,13.094626
431,7,13.107326
432,7,13.280059
433,7,13.059063
434,7,13.026041
435,7,13.081925
436,7,13.170831
437,7,13.092085
438,7,13.282599
439,7,13.612822
440,7,13.488353
441,7,13.208934
442,7,13.274978
443,7,13.135268
444,7,13.358804
445,7,13.175911
446,7,13.099706
447,7,13.280059
448,7,13.348644
449,7,13.282599
450,7,13.501054
451,7,13.455331
452,7,13.282599
453,7,13.460411
454,7,13.396907
455,7,13.450251
456,7,13.282599
457,7,13.335943
458,7,13.224175
459,7,13.056523
460,7,12.954916
461,7,12.782184
462,7,12.624692
463,7,12.853309
464,7,13.114947
465,7,12.690737
466,7,12.421478
467,7,12.581509
468,7,12.835527
469,7,12.805045
470,7,12.599291
471,7,12.317331
472,7,11.951545
473,7,12.002348
474,7,12.30717
475,7,12.675496
476,7,12.952376
477,7,13.170831
478,7,13.409608
479,7,13.564559
480,7,13.069224
481,7,13.122568
482,7,13.203853
483,7,13.15051
484,7,12.962536
485,7,13.374045
486,7,13.01334
487,7,13.240346
488,7,13.518366
489,7,13.640796
490,7,13.57448
491,7,13.406138
492,7,13.531119
493,7,13.921366
494,7,13.73772
495,7,13.834644
496,7,13.913714
497,7,13.849948
498,7,13.781081
499,7,13.717315
500,7,13.513264
501,7,13.753024
502,7,13.888208
503,7,13.722416
504,7,13.837195
505,7,13.702011
506,7,13.653549
507,7,13.569378
508,7,13.673954
509,7,13.548973
510,7,13.309214
511,7,13.492859
512,7,13.270954
513,7,13.29646
514,7,13.503062
515,7,13.709663
516,7,13.760676
517,7,13.786182
518,7,13.717315
519,7,13.796385
520,7,13.913714
521,7,14.028493
522,7,14.145822
523,7,14.051448
524,7,14.069303
525,7,14.008088
526,7,14.064201
527,7,14.156024
528,7,13.809138
529,7,13.528568
530,7,13.566828
531,7,13.875454
532,7,13.773429
533,7,13.73517
534,7,13.982581
535,7,14.181531
536,7,14.434044
537,7,14.400885
538,7,14.479955
539,7,14.411088
540,7,14.405987
541,7,14.21979
542,7,14.242746
543,7,14.255499
544,7,14.229993
545,7,14.130518
546,7,14.038695
547,7,13.962176
548,7,14.089708
549,7,14.306512
550,7,14.309072
551,7,14.278349
552,7,14.465245
553,7,14.695665
554,7,14.698226
555,7,14.716147
556,7,14.693105
557,7,14.680304
558,7,14.654702
559,7,14.554853
560,7,14.393559
561,7,14.460125
562,7,14.772472
563,7,14.705906
564,7,14.493408
565,7,14.593256
566,7,14.316753
567,7,14.229705
568,7,14.155459
569,7,14.255307
570,7,14.370517
571,7,14.329554
572,7,14.40636
573,7,14.680304
574,7,14.488287
575,7,14.741749
576,7,14.63166
577,7,14.74943
578,7,14.534371
579,7,14.462685
580,7,14.437083
581,7,14.478047
582,7,14.718707
583,7,14.687985
584,7,14.086333
585,7,14.342355
586,7,13.914798
587,7,13.848232
588,7,13.996725
589,7,14.129857
590,7,14.209223
591,7,14.040249
592,7,13.827751
593,7,13.69974
594,7,13.666457
595,7,13.261942
596,7,13.405314
597,7,13.748384
598,7,13.418115
599,7,13.528205
600,7,13.290104
601,7,13.46676
602,7,13.630614
603,7,13.692059
604,7,13.556367
605,7,13.517964
606,7,13.290104
607,7,13.300345
608,7,13.482121
609,7,13.973683
610,7,13.839272
611,7,13.805843
612,7,13.821272
613,7,13.970413
614,7,14.014127
615,7,14.057841
616,7,14.078412
617,7,13.985841
618,7,14.034698
619,7,13.798129
620,7,13.728701
621,7,13.916414
622,7,13.664416
623,7,13.8727
624,7,14.142697
625,7,13.885557
626,7,13.738987
627,7,13.417562
628,7,13.288992
629,7,13.474133
630,7,13.409848
631,7,13.178422
632,7,13.11928
633,7,13.304421
634,7,12.059863
635,7,11.764152
636,7,12.239861
637,7,12.088149
638,7,11.990435
639,7,12.239861
640,7,12.278432
641,7,12.059863
642,7,12.026435
643,7,12.111291
644,7,12.018721
645,7,12.214147
646,7,11.679296
647,7,11.486441
648,7,11.584154
649,7,11.507012
650,7,11.663868
651,7,11.743581
652,7,9.84846
653,7,9.519321
654,7,9.244181
655,7,9.449893
656,7,9.712176
657,7,9.964173
658,7,9.681319
659,7,9.686462
660,7,9.290466
661,7,9.570749
662,7,9.799603
663,7,9.758461
664,7,10.067029
665,7,9.681319
666,7,9.59132
667,7,9.457607
668,7,9.539892
669,7,9.635034
670,7,9.514178
671,7,9.105325
672,7,8.717044
673,7,8.198907
674,7,8.587481
675,7,8.937197
676,7,8.704053
677,7,8.963102
678,7,8.566757
679,7,8.325841
680,7,8.289574
681,7,8.030525
682,7,8.665196
683,7,9.745431
684,7,10.012251
685,7,10.271301
686,7,10.465587
687,7,10.727227
688,7,10.338653
689,7,10.393054
690,7,9.805012
691,7,9.862003
692,7,10.325701
693,7,10.556255
694,7,10.447454
695,7,10.553664
696,7,10.237624
697,7,10.364558
698,7,10.439683
699,7,10.349015
700,7,10.361968
701,7,10.128823
702,7,10.475949
703,7,10.812713
704,7,10.499264
705,7,10.667646
706,7,10.558845
707,7,10.32052
708,7,10.483721
709,7,10.369739
710,7,9.916403
711,7,10.051109
712,7,9.79206
713,7,9.714345
714,7,9.825736
715,7,9.882727
716,7,10.001889
717,7,9.90086
718,7,9.745431
719,7,9.924175
720,7,9.996708
721,7,10.470768
722,7,10.387873
723,7,10.828256
724,7,10.802351
725,7,10.905971
726,7,11.346355
727,7,10.854161
728,7,10.452635
729,7,10.465587
730,7,10.880066
731,7,10.789399
732,7,10.981095
733,7,10.592522
734,7,10.245396
735,7,10.224672
736,7,10.439683
737,7,10.50315
738,7,10.81061
739,7,11.277011
740,7,11.498486
741,7,11.334334
742,7,11.516726
743,7,11.464614
744,7,11.373418
745,7,11.151942
746,7,11.245744
747,7,11.060747
748,7,11.224899
749,7,11.094619
750,7,10.909622
751,7,10.972156
752,7,10.909622
753,7,10.873144
754,7,10.961734
755,7,11.321306
756,7,11.868481
757,7,11.894537
758,7,11.957071
759,7,11.488064
760,7,11.318701
761,7,11.198843
762,7,11.454191
763,7,11.712145
764,7,11.605316
765,7,11.57926
766,7,11.777285
767,7,11.753835
768,7,11.412502
769,7,11.407291
770,7,11.297856
771,7,11.36039
772,7,11.407291
773,7,10.956523
774,7,10.990396
775,7,11.008635
776,7,10.813215
777,7,11.188421
778,7,10.852299
779,7,10.573501
780,7,10.690752
781,7,10.643852
782,7,10.547445
783,7,10.672513
784,7,10.685541
785,7,10.623007
786,7,10.523994
787,7,10.083649
788,7,9.93513
789,7,9.82309
790,7,9.549502
791,7,9.583375
792,7,9.666754
793,7,10.422376
794,7,10.435404
795,7,10.537022
796,7,10.604768
797,7,10.127944
798,7,10.383292
799,7,10.417165
800,7,10.365053
801,7,10.335089
802,7,10.238107
803,7,9.947163
804,7,10.274803
805,7,9.960268
806,7,10.067734
807,7,10.020554
808,7,10.03366
809,7,9.789895
810,7,9.687671
811,7,9.881634
812,7,9.881634
813,7,9.952405
814,7,9.991722
815,7,9.934057
816,7,9.750578
817,7,9.666702
818,7,9.671945
819,7,9.789895
820,7,9.682429
821,7,9.480603
822,7,9.281397
823,7,9.142478
824,7,9.386242
825,7,9.593311
826,7,9.383621
827,7,9.226354
828,7,9.1949
829,7,9.011422
830,7,9.095297
831,7,9.095297
832,7,9.312851
833,7,9.336441
834,7,9.181795
835,7,9.294503
836,7,9.420317
837,7,9.231596
838,7,9.291882
839,7,9.045496
840,7,9.113645
841,7,9.160826
842,7,9.40459
843,7,9.223733
844,7,9.580205
845,7,9.80038
846,7,9.991722
847,7,9.889498
848,7,10.298393
849,7,10.052007
850,7,10.217138
851,7,10.183064
852,7,10.096567
853,7,10.015312
854,7,9.858044
855,7,10.19879
856,7,10.576232
857,7,10.321983
858,7,10.531673
859,7,10.529052
860,7,10.466145
861,7,10.539536
862,7,10.513325
863,7,10.318051
864,7,10.58708
865,7,10.434103
866,7,10.202
867,7,10.455203
868,7,10.273213
869,7,10.471029
870,7,10.523779
871,7,10.529055
872,7,10.41564
873,7,10.594993
874,7,10.713682
875,7,10.71632
876,7,10.871935
877,7,11.159426
878,7,10.951061
879,7,11.183164
880,7,11.26229
881,7,11.301853
882,7,11.441643
883,7,11.399442
884,7,11.465381
885,7,11.367792
886,7,11.58407
887,7,11.354604
888,7,10.87721
889,7,10.813909
890,7,10.91941
891,7,11.064475
892,7,11.098763
893,7,11.325591
894,7,11.486481
895,7,11.557695
896,7,11.750235
897,7,11.586708
898,7,11.618358
899,7,11.779248
900,7,11.932225
901,7,11.924313
902,7,11.839911
903,7,12.048277
904,7,12.027177
905,7,12.061465
906,7,12.027177
907,7,12.190704
908,7,12.264555
909,7,12.132678
910,7,12.027177
911,7,12.029814
912,7,11.697484
913,7,11.718585
914,7,11.700122
915,7,11.821449
916,7,11.499669
917,7,11.541869
918,7,11.486481
919,7,11.652646
920,7,11.663196
921,7,11.863649
922,7,11.737047
923,7,11.520769
924,7,11.486481
925,7,11.675065
926,7,11.68037
927,7,11.444322
928,7,11.245406
929,7,11.152578
930,7,10.980184
931,7,10.953662
932,7,10.990793
933,7,10.821051
934,7,10.611526
935,7,10.669874
936,7,10.436479
937,7,10.319782
938,7,10.417914
939,7,10.409957
940,7,10.221649
941,7,10.211041
942,7,10.038646
943,7,10.237563
944,7,10.585003
945,7,10.582351
946,7,10.502785
947,7,10.494828
948,7,10.455045
949,7,10.502785
950,7,10.524002
951,7,10.553177
952,7,10.484219
953,7,10.343652
954,7,10.237563
955,7,10.338347
956,7,10.500132
957,7,10.595612
958,7,10.529307
959,7,10.561133
960,7,10.68844
961,7,10.913878
962,7,11.073012
963,7,10.92714
964,7,11.139317
965,7,11.351494
966,7,11.224188
967,7,11.478801
968,7,11.555715
969,7,11.685674
970,7,11.600803
971,7,11.651195
972,7,11.683022
973,7,11.698935
974,7,11.526541
975,7,11.327625
976,7,11.412496
977,7,11.165839
978,7,11.165839
979,7,11.224188
980,7,11.285189
981,7,11.285189
982,7,11.34619
983,7,11.444322
984,7,11.306407
985,7,11.335581
986,7,11.192361
987,7,11.126056
988,7,11.192361
989,7,11.1486
990,7,11.207291
991,7,11.231301
992,7,11.185949
993,7,11.271317
994,7,11.145932
995,7,11.271317
996,7,11.338011
997,7,10.943182
998,7,11.103248
999,7,11.140596
1000,7,11.05256
1001,7,11.324672
1002,7,11.442054
1003,7,11.455393
1004,7,11.370024
1005,7,11.418044
1006,7,11.159271
1007,7,11.287324
1008,7,11.271317
1009,7,11.073902
1010,7,11.036554
1011,7,11.116587
1012,7,11.159271
1013,7,11.700828
1014,7,11.791532
1015,7,11.780861
1016,7,11.759519
1017,7,11.834216
1018,7,11.615459
1019,7,11.65014
1020,7,11.892907
1021,7,11.860894
1022,7,11.898242
1023,7,11.791532
1024,7,12.002285
1025,7,12.074315
1026,7,12.079651
1027,7,12.098325
1028,7,11.994282
1029,7,12.087654
1030,7,12.154348
1031,7,12.100993
1032,7,12.207703
1033,7,12.226378
1034,7,12.178358
1035,7,12.245052
1036,7,12.165019
1037,7,12.423793
1038,7,12.378441
1039,7,12.351763
1040,7,12.407786
1041,7,12.501158
1042,7,12.495822
1043,7,12.578523
1044,7,12.423793
1045,7,12.431796
1046,7,12.471812
1047,7,12.471812
1048,7,12.381108
1049,7,12.511829
1050,7,12.143677
1051,7,11.986279
1052,7,11.855558
1053,7,11.918251
1054,7,11.937028
1055,7,12.05774
1056,7,11.601718
1057,7,11.609766
1058,7,11.72243
1059,7,11.556116
1060,7,11.526609
1061,7,11.770714
1062,7,11.639273
1063,7,11.749255
1064,7,11.735842
1065,7,11.556116
1066,7,11.663415
1067,7,11.869966
1068,7,11.872649
1069,7,11.955805
1070,7,11.902156
1071,7,11.899473
1072,7,11.829729
1073,7,11.963853
1074,7,11.741207
1075,7,11.886061
1076,7,12.071152
1077,7,11.96117
1078,7,11.625861
1079,7,11.63659
1080,7,11.727795
1081,7,11.682193
1082,7,11.66878
1083,7,11.548069
1084,7,11.481007
1085,7,11.641955
1086,7,11.698287
1087,7,11.784127
1088,7,11.703652
1089,7,11.69024
1090,7,11.574893
1091,7,11.373708
1092,7,11.118872
1093,7,11.13765
1094,7,11.11619
1095,7,10.917686
1096,7,11.148379
1097,7,10.898909
1098,7,10.754055
1099,7,10.786245
1100,7,10.625296
1101,7,10.740643
1102,7,10.555552
1103,7,10.678946
1104,7,10.767468
1105,7,10.882814
1106,7,10.987431
1107,7,11.024985
1108,7,11.226171
1109,7,11.36566
1110,7,11.505149
1111,7,11.585623
1112,7,11.467594
1113,7,11.352248
1114,7,11.05181
1115,7,10.866719
1116,7,11.328386
1117,7,11.871047
1118,7,11.914244
1119,7,11.933143
1120,7,11.671261
1121,7,11.641564
1122,7,11.946642
1123,7,11.852148
1124,7,11.879146
1125,7,11.992538
1126,7,11.919644
1127,7,11.987139
1128,7,11.884546
1129,7,13.053327
1130,7,12.886768
1131,7,12.945372
1132,7,12.951541
1133,7,12.800404
1134,7,12.581409
1135,7,12.624591
1136,7,12.714039
1137,7,12.646182
1138,7,12.692448
1139,7,12.670857
1140,7,12.643097
1141,7,12.593746
1142,7,12.417934
1143,7,12.322316
1144,7,12.198939
1145,7,12.528973
1146,7,12.65852
1147,7,12.815826
1148,7,12.710955
1149,7,12.649266
1150,7,12.707871
1151,7,12.692448
1152,7,12.87443
1153,7,13.050243
1154,7,13.170536
1155,7,13.130438
1156,7,13.170536
1157,7,13.136607
1158,7,13.263069
1159,7,13.213718
1160,7,13.318589
1161,7,13.263069
1162,7,13.127354
1163,7,12.960794
1164,7,12.939203
1165,7,12.926865
1166,7,12.510467
1167,7,12.578324
1168,7,12.738715
1169,7,12.572155
1170,7,12.559818
1171,7,12.51972
1172,7,12.272965
1173,7,12.208192
1174,7,12.424103
1175,7,12.306894
1176,7,12.461116
1177,7,12.504298
1178,7,12.345976
1179,7,12.345976
1180,7,12.137985
1181,7,12.147298
1182,7,12.221803
1183,7,12.032438
1184,7,12.190759
1185,7,11.992081
1186,7,11.954829
1187,7,12.165924
1188,7,12.122464
1189,7,12.153507
1190,7,12.215594
1191,7,12.187655
1192,7,12.159716
1193,7,12.147298
1194,7,12.016916
1195,7,12.010707
1196,7,11.908264
1197,7,12.122464
1198,7,12.349081
1199,7,12.302515
1200,7,12.290098
1201,7,12.417376
1202,7,12.417376
1203,7,12.600532
1204,7,12.637785
1205,7,12.730915
1206,7,12.690558
1207,7,12.727811
1208,7,12.867506
1209,7,12.796106
1210,7,12.886132
1211,7,12.796106
1212,7,12.94201
1213,7,13.056871
1214,7,13.221401
1215,7,13.246236
1216,7,13.06308
1217,7,13.091019
1218,7,13.038245
1219,7,13.13448
1220,7,13.333158
1221,7,13.330053
1222,7,13.196567
1223,7,13.252445
1224,7,13.323845
1225,7,13.221401
1226,7,13.361097
1227,7,13.041349
1228,7,13.153106
1229,7,13.143793
1230,7,13.171732
1231,7,13.196567
1232,7,13.13448
1233,7,13.150001
1234,7,13.097228
1235,7,13.100332
1236,7,13.125167
1237,7,13.100332
1238,7,12.830254
1239,7,12.675037
1240,7,12.780584
1241,7,12.886132
1242,7,12.855089
1243,7,12.811353
1244,7,12.920692
1245,7,12.917568
1246,7,12.92694
1247,7,12.933188
1248,7,12.839469
1249,7,12.764494
1250,7,12.695767
1251,7,12.801981
1252,7,13.254955
1253,7,13.342426
1254,7,13.317435
1255,7,13.351798
1256,7,13.217468
1257,7,13.623582
1258,7,13.885995
1259,7,13.885995
1260,7,14.045317
1261,7,14.057813
1262,7,14.073432
1263,7,14.151531
1264,7,13.801648
1265,7,13.898491
1266,7,13.804772
1267,7,13.636078
1268,7,13.548607
1269,7,13.354922
1270,7,13.39241
1271,7,13.198724
1272,7,13.24246
1273,7,13.304939
1274,7,13.254955
1275,7,13.108129
1276,7,13.51112
1277,7,13.642326
1278,7,13.567351
1279,7,13.617335
1280,7,13.604839
1281,7,13.701681
1282,7,13.736045
1283,7,13.664194
1284,7,13.711053
1285,7,13.898491
1286,7,13.854755
1287,7,14.429564
1288,7,14.67948
1289,7,14.501415
1290,7,14.401448
1291,7,14.526406
1292,7,14.501415
1293,7,14.373332
1294,7,14.482671
1295,7,14.632621
1296,7,14.657613
1297,7,14.573266
1298,7,14.579514
1299,7,14.432688
1300,7,14.267118
1301,7,14.588886
1302,7,14.838802
1303,7,14.982504
1304,7,14.707596
1305,7,14.74196
1306,7,14.459246
1307,7,14.528354
1308,7,14.462387
1309,7,14.465528
1310,7,14.37129
1311,7,14.443539
1312,7,14.427833
1313,7,14.42155
1314,7,14.415268
1315,7,14.280194
1316,7,14.220509
1317,7,14.141978
1318,7,14.308465
1319,7,14.336736
1320,7,14.343019
1321,7,14.299041
1322,7,14.32103
1323,7,14.223651
1324,7,14.185956
1325,7,14.129413
1326,7,14.512647
1327,7,14.603744
1328,7,14.723112
1329,7,14.710547
1330,7,14.625733
1331,7,14.575472
1332,7,14.273911
1333,7,14.368149
1334,7,14.562907
1335,7,14.534636
1336,7,14.446681
1337,7,14.437257
1338,7,14.468669
1339,7,14.452963
1340,7,14.578614
1341,7,14.654004
1342,7,14.606885
1343,7,14.418409
1344,7,14.540919
1345,7,14.449822
1346,7,14.487517
1347,7,14.343019
1348,7,14.267628
1349,7,13.988056
1350,7,13.969208
1351,7,13.780732
1352,7,13.746178
1353,7,14.010045
1354,7,14.116848
1355,7,14.192238
1356,7,14.37129
1357,7,14.685417
1358,7,14.64458
1359,7,14.509506
1360,7,14.506365
1361,7,14.826774
1362,7,14.955566
1363,7,15.188019
1364,7,15.034097
1365,7,14.999543
1366,7,15.046662
1367,7,15.177025
1368,7,15.256006
1369,7,15.755167
1370,7,15.473994
1371,7,15.218095
1372,7,14.943241
1373,7,15.189662
1374,7,15.02854
1375,7,15.091725
1376,7,15.145432
1377,7,15.312872
1378,7,15.192821
1379,7,15.530861
1380,7,15.600364
1381,7,15.562453
1382,7,15.704619
1383,7,15.540338
1384,7,15.486631
1385,7,15.502427
1386,7,15.432924
1387,7,15.562453
1388,7,15.518224
1389,7,15.404491
1390,7,15.628797
1391,7,15.609842
1392,7,15.590886
1393,7,15.49295
1394,7,15.442402
1395,7,15.385535
1396,7,15.376057
1397,7,15.24021
1398,7,15.233891
1399,7,15.164388
1400,7,15.24021
1401,7,15.268643
1402,7,15.246528
1403,7,15.249688
1404,7,15.306554
1405,7,15.404491
1406,7,15.372898
1407,7,15.473994
1408,7,15.44872
1409,7,15.432924
1410,7,15.486631
1411,7,15.486631
1412,7,15.505587
1413,7,15.61616
1414,7,15.603523
1415,7,15.622479
1416,7,15.707778
1417,7,15.505587
1418,7,15.486631
1419,7,15.477153
1420,7,15.638275
1421,7,15.552975
1422,7,15.483472
1423,7,15.48979
1424,7,15.464516
1425,7,15.524542
1426,7,15.470835
1427,7,15.590886
1428,7,15.685664
1429,7,15.793078
1430,7,15.140694
1431,7,14.813413
1432,7,14.89285
1433,7,14.746686
1434,7,14.727621
1435,7,14.886495
1436,7,14.762573
1437,7,14.629119
1438,7,14.454358
1439,7,14.533795
1440,7,14.695846
1441,7,14.876963
1442,7,14.816591
1443,7,14.940512
1444,7,15.023127
1445,7,15.039014
1446,7,14.94369
1447,7,14.772106
1448,7,14.737154
1449,7,14.807058
1450,7,14.807058
1451,7,14.864253
1452,7,14.787993
1453,7,14.845188
1454,7,14.622764
1455,7,14.645007
1456,7,14.622764
1457,7,14.562392
1458,7,14.603699
1459,7,14.521085
1460,7,14.273241
1461,7,14.333614
1462,7,14.212869
1463,7,14.339968
1464,7,14.181094
1465,7,14.339968
1466,7,14.343146
1467,7,14.260531
1468,7,14.393986
1469,7,14.51473
1470,7,14.422583
1471,7,14.479778
1472,7,14.371743
1473,7,14.190627
1474,7,13.933251
1475,7,13.885589
1476,7,13.898299
1477,7,13.761667
1478,7,13.691763
1479,7,13.69494
1480,7,13.952316
1481,7,14.050818
1482,7,13.555131
1483,7,13.577373
1484,7,13.326352
1485,7,13.374014
1486,7,13.472516
1487,7,13.497936
1488,7,13.984091
1489,7,13.752135
1490,7,13.66952
1491,7,13.567841
1492,7,13.402612
1493,7,13.478871
1494,7,13.464573
1495,7,13.61489
1496,7,13.637277
1497,7,13.608493
1498,7,13.56052
1499,7,14.056246
1500,7,13.835568
1501,7,13.672458
1502,7,13.720432
1503,7,13.841964
1504,7,13.755612
1505,7,13.573313
1506,7,13.672458
1507,7,13.768405
1508,7,13.682053
1509,7,13.637277
1510,7,13.685251
1511,7,13.61489
1512,7,13.608493
1513,7,13.598899
1514,7,13.656467
1515,7,13.688449
1516,7,13.985885
1517,7,12.959251
1518,7,13.263084
1519,7,12.978441
1520,7,13.067991
1521,7,13.080784
1522,7,12.911278
1523,7,12.575463
1524,7,12.469921
1525,7,12.466723
1526,7,12.457128
1527,7,12.204468
1528,7,12.060547
1529,7,12.034961
1530,7,12.332397
1531,7,12.214062
1532,7,12.111719
1533,7,12.153296
1534,7,12.246045
1535,7,12.469921
1536,7,12.52749
1537,7,12.623437
1538,7,12.623437
1539,7,12.553075
1540,7,12.847313
1541,7,12.930467
1542,7,12.792943
1543,7,12.911278
1544,7,13.029613
1545,7,13.067991
1546,7,12.920873
1547,7,12.904881
1548,7,12.728978
1549,7,12.610644
1550,7,12.649023
1551,7,12.668212
1552,7,12.831322
1553,7,13.077586
1554,7,13.563718
1555,7,13.43259
1556,7,13.292492
1557,7,13.263616
1558,7,13.215489
1559,7,13.176988
1560,7,13.178913
1561,7,13.327784
1562,7,12.945982
1563,7,12.997317
1564,7,12.852938
1565,7,13.529915
1566,7,13.898883
1567,7,13.796214
1568,7,13.776963
1569,7,13.84434
1570,7,13.828298
1571,7,13.610125
1572,7,13.632584
1573,7,13.610125
1574,7,13.510664
1575,7,13.494622
1576,7,13.523498
1577,7,13.626167
1578,7,13.741671
1579,7,14.030429
1580,7,14.165182
1581,7,14.232559
1582,7,14.226142
1583,7,14.113848
1584,7,14.084972
1585,7,13.934176
1586,7,14.101014
1587,7,14.261435
1588,7,14.174808
1589,7,14.117056
1590,7,13.937384
1591,7,14.046471
1592,7,14.014386
1593,7,13.96626
1594,7,13.950218
1595,7,13.857174
1596,7,14.091389
1597,7,14.415439
1598,7,14.489233
1599,7,14.518109
1600,7,14.437898
1601,7,14.49565
1602,7,14.197267
1603,7,14.097805
1604,7,14.14914
1605,7,14.078555
1606,7,14.075347
1607,7,13.943801
1608,7,13.78338
1609,7,13.770546
1610,7,13.680711
1611,7,13.626167
1612,7,13.76413
1613,7,13.664669
1614,7,13.687127
1615,7,13.754504
1616,7,13.504247
1617,7,13.533123
1618,7,13.34432
1619,7,13.405489
1620,7,13.360417
1621,7,13.2413
1622,7,13.418366
1623,7,13.308907
1624,7,13.492412
1625,7,13.521386
1626,7,13.24452
1627,7,13.263836
1628,7,13.234862
1629,7,13.531044
1630,7,13.75962
1631,7,13.624406
1632,7,13.569677
1633,7,13.601871
1634,7,13.692013
1635,7,13.769278
1636,7,13.672697
1637,7,13.601871
1638,7,13.453779
1639,7,13.527825
1640,7,13.334662
1641,7,13.617968
1642,7,13.733865
1643,7,13.466657
1644,7,13.508509
1645,7,13.463437
1646,7,13.440902
1647,7,13.437682
1648,7,13.569677
1649,7,13.682355
1650,7,13.737085
1651,7,13.695233
1652,7,13.746743
1653,7,13.91415
1654,7,13.885176
1655,7,13.669478
1656,7,13.595432
1657,7,13.807911
1658,7,13.898053
1659,7,13.904492
1660,7,13.753181
1661,7,13.666258
1662,7,13.746743
1663,7,13.86264
1664,7,13.772498
1665,7,13.624406
1666,7,13.592213
1667,7,13.608309
1668,7,13.534264
1669,7,13.505289
1670,7,13.531044
1671,7,13.405489
1672,7,13.582554
1673,7,13.81113
1674,7,14.039706
1675,7,14.030048
1676,7,14.039706
1677,7,14.094435
1678,7,14.100874
1679,7,14.052584
1680,7,14.248966
1681,7,14.295647
1682,7,14.256756
1683,7,14.263237
1684,7,14.41556
1685,7,14.48686
1686,7,14.998924
1687,7,14.976237
1688,7,15.180414
1689,7,15.41376
1690,7,15.582287
1691,7,15.264678
1692,7,15.303569
1693,7,15.498024
1694,7,15.481819
1695,7,15.397555
1696,7,15.280883
1697,7,15.303569
1698,7,15.310051
1699,7,15.34246
1700,7,15.44941
1701,7,15.335978
1702,7,15.465614
1703,7,15.365146
1704,7,15.543396
1705,7,15.77026
1706,7,15.971196
1707,7,15.922582
1708,7,15.880451
1709,7,15.773501
1710,7,15.861005
1711,7,15.880451
1712,7,15.822114
1713,7,15.812392
1714,7,15.867487
1715,7,15.867487
1716,7,15.614696
1717,7,15.783223
1718,7,15.676273
1719,7,15.669792
1720,7,15.533674
1721,7,15.523951
1722,7,15.848042
1723,7,15.763778
1724,7,15.815633
1725,7,15.938787
1726,7,15.929064
1727,7,16.036014
1728,7,15.84156
1729,7,15.932305
1730,7,15.73461
1731,7,15.621178
1732,7,15.523951
1733,7,15.540155
1734,7,15.579046
1735,7,15.676273
1736,7,15.66331
1737,7,15.737851
1738,7,15.634142
1739,7,15.429964
1740,7,15.277642
1741,7,15.02161
1742,7,14.969755
1743,7,15.135042
1744,7,14.989201
1745,7,15.156108
1746,7,15.149585
1747,7,15.306136
1748,7,15.384411
1749,7,15.390934
1750,7,15.606192
1751,7,15.629023
1752,7,15.90951
1753,7,15.925817
1754,7,15.694252
1755,7,15.746436
1756,7,15.619238
1757,7,15.547486
1758,7,15.35832
1759,7,15.495302
1760,7,15.465948
1761,7,15.478994
1762,7,15.537701
1763,7,15.482256
1764,7,15.609454
1765,7,15.420288
1766,7,14.950634
1767,7,14.993034
1768,7,14.888666
1769,7,15.061525
1770,7,15.325705
1771,7,15.488779
1772,7,15.547486
1773,7,15.576839
1774,7,15.488779
1775,7,15.508348
1776,7,15.312659
1777,7,15.130016
1778,7,15.133277
1779,7,15.253952
1780,7,15.218076
1781,7,15.188723
1782,7,15.687729
1783,7,15.749697
1784,7,15.658376
1785,7,15.66816
1786,7,15.642069
1787,7,15.596408
1788,7,15.651853
1789,7,15.642069
1790,7,15.687729
1791,7,15.808404
1792,7,15.697514
1793,7,15.739913
1794,7,15.638807
1795,7,15.655114
1796,7,15.567054
1797,7,15.730129
1798,7,15.981263
1799,7,15.958432
1800,7,15.88668
1801,7,15.971478
1802,7,16.274796
1803,7,16.274796
1804,7,16.333503
1805,7,16.379164
1806,7,16.530822
1807,7,16.5177
1808,7,16.550506
1809,7,16.602995
1810,7,16.911369
1811,7,17.318161
1812,7,17.557643
1813,7,17.492031
1814,7,17.511715
1815,7,17.567484
1816,7,17.252549
1817,7,17.239427
1818,7,17.275513
1819,7,17.449384
1820,7,17.387053
1821,7,17.344405
1822,7,17.278794
1823,7,17.223024
1824,7,17.209902
1825,7,17.206621
1826,7,17.104923
1827,7,17.147571
1828,7,17.295197
1829,7,17.291916
1830,7,17.288635
1831,7,17.321441
1832,7,17.219743
1833,7,17.249269
1834,7,17.291916
1835,7,17.590448
1836,7,17.580607
1837,7,17.869297
1838,7,17.662621
1839,7,17.918506
1840,7,17.642938
1841,7,17.390333
1842,7,17.305038
1843,7,17.344405
1844,7,17.285355
1845,7,17.518276
1846,7,17.843053
1847,7,17.839772
1848,7,17.751197
1849,7,17.639657
1850,7,17.593729
1851,7,17.347686
1852,7,17.446103
1853,7,17.872578
1854,7,17.93819
1855,7,17.879139
1856,7,17.669182
1857,7,18.778017
1858,7,18.56806
1859,7,18.292492
1860,7,18.308895
1861,7,18.305614
1862,7,18.308895
1863,7,18.591024
1864,7,18.466362
1865,7,18.705844
1866,7,18.768175
1867,7,18.718967
1868,7,18.805902
1869,7,18.941172
1870,7,19.297495
1871,7,19.426167
1872,7,19.465758
1873,7,19.145728
1874,7,18.885085
1875,7,19.086341
1876,7,18.875187
1877,7,18.86199
1878,7,18.990662
1879,7,18.776208
1880,7,18.726719
1881,7,18.680529
1882,7,18.809201
1883,7,18.868588
1884,7,18.941172
1885,7,19.234808
1886,7,19.449262
1887,7,19.41297
1888,7,19.360181
1889,7,18.914778
1890,7,19.083041
1891,7,19.119334
1892,7,19.360181
1893,7,19.495452
1894,7,19.432765
1895,7,19.607627
1896,7,19.343685
1897,7,19.033552
1898,7,18.875187
1899,7,18.627741
1900,7,18.598047
1901,7,18.690427
1902,7,18.423185
1903,7,18.591449
1904,7,18.574952
1905,7,18.350601
1906,7,18.30771
1907,7,18.060264
1908,7,17.809519
1909,7,17.911797
1910,7,17.835913
1911,7,17.598365
1912,7,17.878804
1913,7,17.878804
1914,7,18.053666
1915,7,17.994279
1916,7,18.040469
1917,7,17.908497
1918,7,17.750132
1919,7,17.44
1920,7,17.832614
1921,7,17.80622
1922,7,17.80622
1923,7,17.723738
1924,7,17.66765
1925,7,17.921695
1926,7,17.921695
1927,7,17.892001
1928,7,17.816118
1929,7,17.720438
1930,7,17.459795
1931,7,17.662701
1932,7,17.84527
1933,7,17.672659
1934,7,17.778881
1935,7,17.722451
1936,7,17.825353
1937,7,18.031158
1938,7,17.54984
1939,7,17.898381
1940,7,17.430341
1941,7,17.360633
1942,7,16.958981
1943,7,16.607121
1944,7,16.869357
1945,7,16.826204
1946,7,16.912509
1947,7,16.998814
1948,7,16.958981
1949,7,17.632826
1950,7,18.024519
1951,7,18.688406
1952,7,18.233643
1953,7,18.329907
1954,7,17.888422
1955,7,17.417063
1956,7,17.37723
1957,7,17.214578
1958,7,17.503368
1959,7,17.390508
1960,7,17.380549
1961,7,17.307522
1962,7,17.314161
1963,7,17.43698
1964,7,17.264369
1965,7,16.859398
1966,7,17.091759
1967,7,17.061884
1968,7,17.231175
1969,7,17.121633
1970,7,17.168106
1971,7,17.559799
1972,7,17.214578
1973,7,17.154828
1974,7,17.247772
1975,7,17.344035
1976,7,17.314161
1977,7,17.294244
1978,7,17.25773
1979,7,17.792159
1980,7,17.908339
1981,7,17.822034
1982,7,18.070991
1983,7,17.878464
1984,7,18.041116
1985,7,17.924936
1986,7,17.941533
1987,7,17.798798
1988,7,18.326588
1989,7,18.409573
1990,7,18.432809
1991,7,18.436129
1992,7,18.256879
1993,7,18.236963
1994,7,18.210407
1995,7,18.004603
1996,7,17.820374
1997,7,17.579919
1998,7,17.339464
1999,7,17.356163
2000,7,17.09901
2001,7,17.255973
2002,7,17.165803
2003,7,17.245954
2004,7,17.306068
2005,7,17.653392
2006,7,17.990696
2007,7,18.057489
2008,7,18.184396
2009,7,18.251189
2010,7,18.24117
2011,7,18.074187
2012,7,18.05081
2013,7,18.040791
2014,7,18.14766
2015,7,17.95062
2016,7,18.007394
2017,7,18.074187
2018,7,18.257868
2019,7,18.404813
2020,7,18.137641
2021,7,18.194415
2022,7,18.438209
2023,7,18.307963
2024,7,18.561776
2025,7,18.277906
2026,7,18.53172
2027,7,18.117603
2028,7,18.671985
2029,7,18.842307
2030,7,19.036007
2031,7,19.206329
2032,7,19.039346
2033,7,19.202989
2034,7,19.423406
2035,7,19.420067
2036,7,19.443444
2037,7,19.67054
2038,7,19.400029
2039,7,19.406708
2040,7,19.496879
2041,7,19.206329
2042,7,18.959195
2043,7,19.266443
2044,7,19.112819
2045,7,19.236386
2046,7,19.456803
2047,7,19.48686
2048,7,19.329896
2049,7,19.029327
2050,7,19.112819
2051,7,18.752136
2052,7,18.638588
2053,7,18.52504
2054,7,18.631909
2055,7,19.202989
2056,7,19.707276
2057,7,20.05126
2058,7,20.074638
2059,7,20.313423
2060,7,20.12204
2061,7,20.034743
2062,7,20.313423
2063,7,20.061604
2064,7,19.954161
2065,7,19.302788
2066,7,19.463953
2067,7,19.158412
2068,7,18.627913
2069,7,18.950241
2070,7,18.886447
2071,7,18.785719
2072,7,18.862944
2073,7,19.322934
2074,7,19.490813
2075,7,19.252424
2076,7,19.38337
2077,7,19.507601
2078,7,19.071114
2079,7,18.916665
2080,7,18.785719
2081,7,18.977102
2082,7,18.594337
2083,7,18.651416
2084,7,18.658131
2085,7,18.671561
2086,7,18.419742
2087,7,18.312299
2088,7,18.624555
2089,7,18.658131
2090,7,18.312299
2091,7,18.204856
2092,7,17.979898
2093,7,17.872455
2094,7,17.875812
2095,7,17.788515
2096,7,17.489689
2097,7,17.137142
2098,7,16.989408
2099,7,17.076706
2100,7,17.23787
2101,7,17.644138
2102,7,17.2513
2103,7,17.647496
2104,7,18.070552
2105,7,18.261935
2106,7,18.688349
2107,7,18.611125
2108,7,18.308941
2109,7,18.141062
2110,7,17.979898
2111,7,17.818733
2112,7,18.517112
2113,7,18.543973
2114,7,18.231717
2115,7,18.308941
2116,7,18.413027
2117,7,18.4231
2118,7,18.130989
2119,7,18.08734
2120,7,18.100771
2121,7,17.848952
2122,7,17.737396
2123,7,17.548089
2124,7,17.358781
2125,7,17.216801
2126,7,17.145811
2127,7,17.081582
2128,7,17.078201
2129,7,17.091723
2130,7,17.051157
2131,7,17.335118
2132,7,17.446674
2133,7,18.078824
2134,7,17.832049
2135,7,18.109249
2136,7,17.974029
2137,7,17.916561
2138,7,17.774581
2139,7,17.338499
2140,7,17.335118
2141,7,17.504142
2142,7,17.842191
2143,7,18.389829
2144,7,18.53519
2145,7,18.548712
2146,7,18.494624
2147,7,18.60956
2148,7,18.484482
2149,7,18.376307
2150,7,18.541951
2151,7,18.342502
2152,7,18.454058
2153,7,18.288414
2154,7,18.917184
2155,7,19.049023
2156,7,18.822531
2157,7,18.839433
2158,7,18.930706
2159,7,18.839433
2160,7,18.511526
2161,7,18.518287
2162,7,18.332361
2163,7,18.085585
2164,7,18.230946
2165,7,18.291795
2166,7,18.366165
2167,7,18.109249
2168,7,17.953746
2169,7,18.301936
2170,7,18.034878
2171,7,18.352644
2172,7,18.170097
2173,7,18.095727
2174,7,17.828669
2175,7,17.916561
2176,7,17.90642
2177,7,18.3256
2178,7,18.335741
2179,7,18.508146
2180,7,18.318839
2181,7,19.393832
2182,7,19.23833
2183,7,19.387071
2184,7,19.197764
2185,7,19.126321
2186,7,19.680855
2187,7,19.381475
2188,7,19.561784
2189,7,19.589
2190,7,19.316836
2191,7,19.626423
2192,7,19.388279
2193,7,19.378073
2194,7,19.534567
2195,7,19.122919
2196,7,19.031064
2197,7,19.34065
2198,7,19.167146
2199,7,19.075291
2200,7,19.480134
2201,7,19.973432
2202,7,19.997246
2203,7,19.85436
2204,7,20.082297
2205,7,20.038071
2206,7,20.031266
2207,7,19.884978
2208,7,19.97003
2209,7,20.283018
2210,7,20.058483
2211,7,20.024462
2212,7,19.847556
2213,7,19.745494
2214,7,19.895184
2215,7,19.650237
2216,7,19.585598
2217,7,19.636629
2218,7,19.98704
2219,7,19.537969
2220,7,20.075493
2221,7,19.708072
2222,7,19.245393
2223,7,19.395083
2224,7,19.874772
2225,7,19.55498
2226,7,19.697866
2227,7,20.177555
2228,7,20.102709
2229,7,19.895184
2230,7,20.347657
2231,7,19.476732
2232,7,19.759102
2233,7,19.973432
2234,7,19.43931
2235,7,19.905391
2236,7,20.02106
2237,7,20.184359
2238,7,20.208173
2239,7,19.527763
2240,7,19.589
2241,7,19.830546
2242,7,20.038071
2243,7,19.905391
2244,7,19.187558
2245,7,19.010652
2246,7,18.809931
2247,7,17.095298
2248,7,16.945608
2249,7,18.576772
2250,7,18.772101
2251,7,18.463687
2252,7,18.97771
2253,7,19.005124
2254,7,19.721329
2255,7,19.186746
2256,7,18.456834
2257,7,18.854344
2258,7,18.607614
2259,7,18.220383
2260,7,18.847491
2261,7,18.563065
2262,7,18.696711
2263,7,18.898893
2264,7,19.190172
2265,7,19.330672
2266,7,18.909174
2267,7,18.415712
2268,7,18.950295
2269,7,18.97771
2270,7,18.905747
2271,7,18.67615
2272,7,19.58083
2273,7,18.868052
2274,7,18.957149
2275,7,19.385501
2276,7,18.683004
2277,7,17.254021
2278,7,17.654959
2279,7,17.401374
2280,7,17.552154
2281,7,17.603556
2282,7,17.953092
2283,7,17.185485
2284,7,17.809165
2285,7,18.21353
2286,7,17.829726
2287,7,18.076457
2288,7,18.134713
2289,7,17.809165
2290,7,17.654959
2291,7,17.487045
2292,7,17.391094
2293,7,17.69608
2294,7,18.216957
2295,7,17.840007
2296,7,17.816019
2297,7,17.91197
2298,7,18.06275
2299,7,17.977079
2300,7,18.042189
2301,7,17.994214
2302,7,17.877702
2303,7,18.216957
2304,7,18.28892
2305,7,18.354029
2306,7,18.038762
2307,7,17.44935
2308,7,17.353399
2309,7,17.545301
2310,7,17.53502
2311,7,17.154643
2312,7,17.278009
2313,7,17.074373
2314,7,16.988086
2315,7,17.229688
2316,7,16.981183
2317,7,18.058039
2318,7,18.29619
2319,7,18.22716
2320,7,18.655141
2321,7,18.772491
2322,7,18.969224
2323,7,19.12454
2324,7,19.134894
2325,7,19.179763
2326,7,19.666419
2327,7,19.297113
2328,7,19.511104
2329,7,19.725094
2330,7,19.759609
2331,7,19.255695
2332,7,19.224632
2333,7,19.373045
2334,7,18.962321
2335,7,18.613724
2336,7,18.706913
2337,7,18.796651
2338,7,18.648239
2339,7,18.430797
2340,7,18.893292
2341,7,18.506729
2342,7,17.457485
2343,7,16.339212
2344,7,16.235668
2345,7,15.81459
2346,7,16.283988
2347,7,15.890522
2348,7,16.183896
2349,7,16.101061
2350,7,16.214959
2351,7,15.348643
2352,7,16.101061
2353,7,16.17009
2354,7,16.515236
2355,7,16.960475
2356,7,16.78445
2357,7,16.404789
2358,7,16.408241
2359,7,16.829319
2360,7,16.035483
2361,7,15.88707
2362,7,16.032032
2363,7,16.083804
2364,7,16.529042
2365,7,16.463464
2366,7,16.118318
2367,7,15.662726
2368,7,15.227842
2369,7,14.965531
2370,7,14.813666
2371,7,15.072526
2372,7,15.196778
2373,7,15.455638
2374,7,15.570563
2375,7,14.856636
2376,7,14.867084
2377,7,15.284992
2378,7,15.354644
2379,7,15.452155
2380,7,14.800915
2381,7,15.100416
2382,7,15.006387
2383,7,15.030765
2384,7,14.978526
2385,7,14.842706
2386,7,14.574548
2387,7,14.459623
2388,7,15.03773
2389,7,15.229271
2390,7,14.950666
2391,7,15.53922
2392,7,15.647179
2393,7,15.626284
2394,7,15.814343
2395,7,15.845686
2396,7,15.542702
2397,7,15.086486
2398,7,15.044695
2399,7,14.933253
2400,7,15.002904
2401,7,15.086486
2402,7,15.302405
2403,7,15.521807
2404,7,15.459121
2405,7,15.532254
2406,7,15.692453
2407,7,15.664592
2408,7,15.723796
2409,7,15.713348
2410,7,15.584493
2411,7,15.664592
2412,7,15.577528
2413,7,15.44519
2414,7,15.375539
2415,7,15.518324
2416,7,15.817825
2417,7,15.577528
2418,7,15.577528
2419,7,15.991954
2420,7,16.59792
2421,7,16.57006
2422,7,16.267076
2423,7,16.319315
2424,7,16.364588
2425,7,16.723293
2426,7,16.517821
2427,7,16.653641
2428,7,16.382001
2429,7,16.242698
2430,7,15.964093
2431,7,16.019814
2432,7,15.789965
2433,7,16.127774
2434,7,15.995436
2435,7,15.814343
2436,7,16.211355
2437,7,16.330789
2438,7,15.905746
2439,7,15.786312
2440,7,15.621213
2441,7,15.810901
2442,7,15.807389
2443,7,15.533394
2444,7,15.399909
2445,7,15.810901
2446,7,15.817927
2447,7,15.958437
2448,7,16.049769
2449,7,16.053281
2450,7,15.803876
2451,7,15.744159
2452,7,15.561496
2453,7,15.456113
2454,7,15.326142
2455,7,15.399909
2456,7,15.638777
2457,7,15.702006
2458,7,15.459626
2459,7,15.568521
2460,7,15.582573
2461,7,15.723083
2462,7,15.572034
2463,7,15.867106
2464,7,15.905746
2465,7,15.944386
2466,7,16.186766
2467,7,16.130562
2468,7,16.183253
2469,7,16.372942
2470,7,16.130562
2471,7,15.888182
2472,7,15.849542
2473,7,15.807389
2474,7,15.828465
2475,7,16.028692
2476,7,16.127049
2477,7,16.285123
2478,7,16.464274
2479,7,16.450223
2480,7,16.62586
2481,7,16.541554
2482,7,16.411582
2483,7,16.285123
2484,7,16.148126
2485,7,16.341327
2486,7,16.415095
2487,7,16.20433
2488,7,16.488863
2489,7,16.62586
2490,7,17.064954
2491,7,17.247617
2492,7,17.377589
2493,7,17.100082
2494,7,17.507561
2495,7,17.679686
2496,7,17.626995
2497,7,17.577816
2498,7,17.602406
2499,7,17.591867
2500,7,17.563765
2501,7,17.581329
2502,7,18.130192
2503,7,18.381607
2504,7,18.211636
2505,7,18.494921
2506,7,18.363902
2507,7,18.112487
2508,7,18.473674
2509,7,18.169144
2510,7,18.02042
2511,7,18.137274
2512,7,18.066453
2513,7,18.009796
2514,7,17.907106
2515,7,18.027502
2516,7,17.857531
2517,7,18.027502
2518,7,18.278916
2519,7,18.247047
2520,7,18.537413
2521,7,18.696761
2522,7,18.859649
2523,7,18.849026
2524,7,18.749877
2525,7,18.990668
2526,7,18.877354
2527,7,18.831321
2528,7,18.753418
2529,7,18.994209
2530,7,18.813615
2531,7,19.206672
2532,7,19.26687
2533,7,19.150016
2534,7,19.295199
2535,7,19.291658
2536,7,19.277493
2537,7,19.206672
2538,7,19.043784
2539,7,19.001291
2540,7,18.852567
2541,7,18.983586
2542,7,19.146474
2543,7,19.040243
2544,7,19.043784
2545,7,19.118146
2546,7,19.079194
2547,7,18.972963
2548,7,18.887978
2549,7,19.093359
2550,7,19.16418
2551,7,19.153557
2552,7,19.174803
2553,7,19.309363
2554,7,19.213755
2555,7,19.312904
2556,7,19.118146
2557,7,19.284576
2558,7,19.128769
2559,7,19.235001
2560,7,19.394348
2561,7,19.493498
2562,7,19.592647
2563,7,19.53599
2564,7,19.720125
2565,7,19.741525
2566,7,19.791459
2567,7,20.044692
2568,7,20.058959
2569,7,19.816425
2570,7,19.441925
2571,7,19.509692
2572,7,19.431225
2573,7,19.224358
2574,7,19.242191
2575,7,18.881957
2576,7,19.024624
2577,7,19.416958
2578,7,19.491858
2579,7,19.195824
2580,7,19.249325
2581,7,19.028191
2582,7,19.028191
2583,7,18.996091
2584,7,19.095958
2585,7,19.235058
2586,7,19.470458
2587,7,19.527525
2588,7,19.605992
2589,7,19.395558
2590,7,19.402691
2591,7,19.249325
2592,7,19.377725
2593,7,19.302825
2594,7,19.359891
2595,7,19.363458
2596,7,19.466891
2597,7,19.288558
2598,7,19.288558
2599,7,19.374158
2600,7,19.409825
2601,7,19.545358
2602,7,19.627392
2603,7,19.809292
2604,7,19.445491
2605,7,19.545358
2606,7,19.502558
2607,7,19.438358
2608,7,19.177991
2609,7,19.067424
2610,7,19.213658
2611,7,19.381291
2612,7,19.213658
2613,7,19.088824
2614,7,18.867691
2615,7,18.946157
2616,7,18.728591
2617,7,18.789224
2618,7,18.889091
2619,7,18.878391
2620,7,18.846291
2621,7,18.725024
2622,7,18.646557
2623,7,18.807057
2624,7,18.785657
2625,7,18.803491
2626,7,18.814281
2627,7,18.832264
2628,7,18.796297
2629,7,19.030082
2630,7,19.084032
2631,7,18.623656
2632,7,18.386275
2633,7,18.415048
2634,7,18.116523
2635,7,17.900722
2636,7,18.080556
2637,7,18.253197
2638,7,18.400661
2639,7,18.296357
2640,7,18.051783
2641,7,18.037396
2642,7,17.623777
2643,7,17.523069
2644,7,17.871948
2645,7,17.767644
2646,7,17.677727
2647,7,17.483506
2648,7,17.443942
2649,7,17.418765
2650,7,17.282091
2651,7,17.242528
2652,7,16.717411
2653,7,16.882859
2654,7,17.105853
2655,7,16.987163
2656,7,16.965582
2657,7,17.217351
2658,7,17.105853
2659,7,16.882859
2660,7,17.07708
2661,7,17.166997
2662,7,16.735394
2663,7,16.627494
2664,7,16.656267
2665,7,16.494416
2666,7,16.976373
2667,7,16.976373
2668,7,17.02313
2669,7,17.325251
2670,7,17.548246
2671,7,17.490699
2672,7,17.541053
2673,7,17.372008
2674,7,17.260511
2675,7,17.105853
2676,7,17.069886
2677,7,16.972776
2678,7,16.969179
2679,7,16.778555
2680,7,16.825312
2681,7,16.710218
2682,7,16.710218
2683,7,16.792941
2684,7,17.159804
2685,7,17.300075
2686,7,17.274898
2687,7,17.199367
2688,7,17.303671
2689,7,17.369009
2690,7,17.430717
2691,7,17.085878
2692,7,17.209294
2693,7,17.231074
2694,7,17.67029
2695,7,17.790076
2696,7,17.761037
2697,7,17.873564
2698,7,17.884453
2699,7,17.866304
2700,7,17.779186
2701,7,17.815485
2702,7,18.087727
2703,7,18.149435
2704,7,18.214773
2705,7,18.142175
2706,7,18.356338
2707,7,18.468865
2708,7,18.683028
2709,7,18.291001
2710,7,18.291001
2711,7,18.171214
2712,7,18.272851
2713,7,18.399897
2714,7,18.232922
2715,7,17.902603
2716,7,17.909862
2717,7,18.069577
2718,7,17.960681
2719,7,18.084097
2720,7,17.967941
2721,7,18.091357
2722,7,17.964311
2723,7,17.909862
2724,7,18.247442
2725,7,18.370858
2726,7,18.418047
2727,7,18.327299
2728,7,18.31278
2729,7,18.545093
2730,7,18.708438
2731,7,18.675769
2732,7,18.661249
2733,7,18.751996
2734,7,18.733847
2735,7,18.744736
2736,7,18.969789
2737,7,18.929861
2738,7,18.871782
2739,7,18.730217
2740,7,18.853633
2741,7,18.911711
2742,7,19.013348
2743,7,19.053277
2744,7,18.96253
2745,7,19.085946
2746,7,19.060537
2747,7,19.26744
2748,7,19.231141
2749,7,19.085946
2750,7,19.169433
2751,7,19.169433
2752,7,19.423525
2753,7,19.463454
2754,7,19.474434
2755,7,19.459794
2756,7,19.64279
2757,7,19.349996
2758,7,19.1853
2759,7,19.339017
2760,7,19.236539
2761,7,19.218239
2762,7,19.284118
2763,7,18.899826
2764,7,18.940085
2765,7,18.782709
2766,7,18.519195
2767,7,18.621672
2768,7,18.680231
2769,7,18.621672
2770,7,18.636312
2771,7,18.464296
2772,7,18.317899
2773,7,18.361818
2774,7,18.219081
2775,7,17.779891
2776,7,17.626174
2777,7,17.443178
2778,7,17.494417
2779,7,17.428539
2780,7,17.34802
2781,7,17.293122
2782,7,17.183324
2783,7,17.186984
2784,7,17.128425
2785,7,17.014968
2786,7,17.022287
2787,7,17.205283
2788,7,17.424879
2789,7,17.337041
2790,7,17.172344
2791,7,17.161364
2792,7,17.102806
2793,7,17.249202
2794,7,17.428539
2795,7,17.3773
2796,7,17.585915
2797,7,17.611535
2798,7,17.772571
2799,7,17.714012
2800,7,17.666433
2801,7,17.567616
2802,7,17.509057
2803,7,17.498077
2804,7,17.3407
2805,7,17.34436
2806,7,17.35534
2807,7,17.410239
2808,7,17.534676
2809,7,17.501737
2810,7,17.666433
2811,7,17.666433
2812,7,17.629834
2813,7,17.703033
2814,7,17.545656
2815,7,17.509057
2816,7,17.574935
2817,7,17.497366
2818,7,17.320066
2819,7,17.434572
2820,7,17.482591
2821,7,17.715298
2822,7,17.700523
2823,7,17.792867
2824,7,17.715298
2825,7,17.268353
2826,7,17.131684
2827,7,16.802938
2828,7,16.681044
2829,7,16.7069
2830,7,16.891589
2831,7,16.99132
2832,7,17.035646
2833,7,16.876814
2834,7,16.847264
2835,7,16.821407
2836,7,16.802938
2837,7,16.828795
2838,7,16.983933
2839,7,17.268353
2840,7,17.087358
2841,7,17.109521
2842,7,17.316372
2843,7,17.349616
2844,7,17.164927
2845,7,17.434572
2846,7,17.597098
2847,7,17.767011
2848,7,17.545385
2849,7,17.611873
2850,7,17.859355
2851,7,17.984943
2852,7,17.914762
2853,7,17.988637
2854,7,18.125306
2855,7,17.914762
2856,7,17.899987
2857,7,17.811336
2858,7,17.600792
2859,7,17.253578
2860,7,17.456735
2861,7,17.69683
2862,7,17.741155
2863,7,17.715298
2864,7,17.72638
2865,7,17.770705
2866,7,17.741155
2867,7,17.759624
2868,7,17.870437
2869,7,18.084675
2870,7,18.117919
2871,7,18.236119
2872,7,18.561171
2873,7,18.465133
2874,7,18.720003
2875,7,18.649821
2876,7,18.649821
2877,7,18.804959
2878,7,18.849284
2879,7,18.812347
2880,7,19.017437
2881,7,19.353039
2882,7,19.121846
2883,7,19.050997
2884,7,18.942859
2885,7,19.315749
2886,7,19.136762
2887,7,19.304563
2888,7,19.457448
2889,7,19.498466
2890,7,19.405243
2891,7,19.610333
2892,7,19.707285
2893,7,19.740845
2894,7,19.602875
2895,7,19.584231
2896,7,19.636436
2897,7,19.703556
2898,7,19.781863
2899,7,19.960851
2900,7,19.945935
2901,7,20.136109
2902,7,19.949664
2903,7,20.068989
2904,7,19.919833
2905,7,19.953393
2906,7,19.856441
2907,7,19.886273
2908,7,19.752032
2909,7,19.442532
2910,7,19.222527
2911,7,19.48355
2912,7,19.360496
2913,7,19.110659
2914,7,19.047268
2915,7,19.024895
2916,7,19.159135
2917,7,19.215069
2918,7,19.215069
2919,7,18.980148
2920,7,19.166593
2921,7,19.125575
2922,7,19.133033
2923,7,19.133033
2924,7,19.271003
2925,7,19.397785
2926,7,19.487279
2927,7,19.420159
2928,7,19.360496
2929,7,19.297105
2930,7,19.353039
2931,7,19.48355
2932,7,19.44999
2933,7,19.62152
2934,7,19.800508
2935,7,19.822881
2936,7,19.867628
2937,7,19.96458
2938,7,19.886273
2939,7,19.830339
2940,7,19.871357
2941,7,19.856441
2942,7,20.003192
2943,7,19.958038
2944,7,19.769896
2945,7,19.901595
2946,7,19.717217
2947,7,19.886544
2948,7,19.924172
2949,7,19.784948
2950,7,19.634434
2951,7,19.502735
2952,7,19.423716
2953,7,19.310831
2954,7,18.990991
2955,7,18.889395
2956,7,18.92326
2957,7,18.35131
2958,7,18.900683
2959,7,18.084149
2960,7,18.272291
2961,7,17.643899
2962,7,18.580843
2963,7,18.674913
2964,7,18.780273
2965,7,18.840478
2966,7,18.87058
2967,7,18.388939
2968,7,18.467958
2969,7,18.580843
2970,7,19.006042
2971,7,19.231812
2972,7,18.791561
2973,7,18.87058
2974,7,19.26944
2975,7,19.46887
2976,7,19.758608
2977,7,19.544127
2978,7,19.205472
2979,7,19.299543
2980,7,19.679588
2981,7,19.355985
2982,7,18.97594
2983,7,19.006042
2984,7,19.032382
2985,7,19.160318
2986,7,19.299543
2987,7,19.630672
2988,7,19.562941
2989,7,19.856441
2990,7,19.46887
2991,7,19.073773
2992,7,19.175369
2993,7,19.09635
2994,7,19.265677
2995,7,19.156555
2996,7,19.510261
2997,7,19.2431
2998,7,18.87058
2999,7,19.002279
3000,7,19.231812
3001,7,19.258152
3002,7,19.389851
3003,7,19.799999
3004,7,19.830101
3005,7,19.871493
3006,7,19.80314
3007,7,20.023386
3008,7,19.76137
3009,7,19.913263
3010,7,20.220848
3011,7,20.524635
3012,7,20.452486
3013,7,20.296795
3014,7,20.122117
3015,7,20.372742
3016,7,20.611974
3017,7,20.58919
3018,7,20.456283
3019,7,20.034778
3020,7,20.080346
3021,7,20.444891
3022,7,20.251227
3023,7,20.365147
3024,7,20.60438
3025,7,20.10313
3026,7,20.486662
3027,7,20.706908
3028,7,20.596785
3029,7,20.695516
3030,7,20.41831
3031,7,20.281606
3032,7,20.323376
3033,7,20.038576
3034,7,20.008197
3035,7,19.879087
3036,7,19.765167
3037,7,20.201861
3038,7,20.144901
3039,7,20.714503
3040,7,20.703111
3041,7,20.562609
3042,7,20.623366
3043,7,20.710705
3044,7,20.771463
3045,7,20.574001
3046,7,20.722097
3047,7,20.608177
3048,7,20.638556
3049,7,20.592988
3050,7,20.843612
3051,7,20.843612
3052,7,20.638556
3053,7,20.83222
3054,7,21.052466
3055,7,21.13221
3056,7,21.272712
3057,7,21.352456
3058,7,21.200562
3059,7,21.39043
3060,7,21.352456
3061,7,21.538526
3062,7,21.454984
3063,7,21.405619
3064,7,21.211954
3065,7,21.208157
3066,7,21.306888
3067,7,21.227144
3068,7,21.127558
3069,7,21.230974
3070,7,21.338221
3071,7,21.204162
3072,7,21.230974
3073,7,21.357372
3074,7,21.342051
3075,7,21.441637
3076,7,21.154369
3077,7,21.016481
3078,7,21.073935
3079,7,20.863272
3080,7,20.740704
3081,7,20.782837
3082,7,20.855611
3083,7,21.066274
3084,7,21.215653
3085,7,21.338221
3086,7,21.284597
3087,7,21.16586
3088,7,21.108407
3089,7,21.127558
3090,7,21.096916
3091,7,21.242465
3092,7,21.391844
3093,7,21.587186
3094,7,21.510581
3095,7,21.537393
3096,7,21.560374
3097,7,21.717413
3098,7,21.679111
3099,7,21.847641
3100,7,21.682941
3101,7,21.954888
3102,7,21.981699
3103,7,21.939567
3104,7,21.583355
3105,7,21.548883
3106,7,22.020002
3107,7,22.196192
3108,7,22.303439
3109,7,22.571555
3110,7,22.594537
3111,7,22.640499
3112,7,22.759236
3113,7,23.065655
3114,7,23.134599
3115,7,23.130769
3116,7,23.023522
3117,7,23.134599
3118,7,23.360583
3119,7,23.490811
3120,7,23.410376
3121,7,23.356753
3122,7,23.47549
3123,7,23.456339
3124,7,23.418036
3125,7,23.540604
3126,7,23.47932
3127,7,23.352922
3128,7,23.035013
3129,7,23.046504
3130,7,23.069682
3131,7,23.019463
3132,7,23.1199
3133,7,23.343953
3134,7,23.355542
3135,7,22.988559
3136,7,23.131489
3137,7,23.127626
3138,7,23.459842
3139,7,23.795921
3140,7,23.896358
3141,7,23.946577
3142,7,23.973618
3143,7,24.039288
3144,7,24.201533
3145,7,24.356052
3146,7,24.108822
3147,7,24.147451
3148,7,24.182218
3149,7,23.652991
3150,7,24.035425
3151,7,23.965892
3152,7,23.826825
3153,7,23.907947
3154,7,24.162903
3155,7,24.039288
3156,7,23.784332
3157,7,23.877043
3158,7,23.946577
3159,7,23.707072
3160,7,24.112685
3161,7,24.047014
3162,7,24.004521
3163,7,23.869317
3164,7,23.869317
3165,7,23.37872
3166,7,23.26283
3167,7,23.293734
3168,7,23.579594
3169,7,23.641402
3170,7,23.904084
3171,7,23.761154
3172,7,23.934988
3173,7,23.761154
3174,7,24.004521
3175,7,24.143589
3176,7,24.220848
3177,7,24.286519
3178,7,24.267204
3179,7,24.043151
3180,7,24.074055
3181,7,23.996795
3182,7,24.085644
3183,7,24.286519
3184,7,24.30197
3185,7,24.904594
3186,7,24.966402
3187,7,25.043661
3188,7,25.012758
3189,7,25.012758
3190,7,25.344973
3191,7,25.368151
3192,7,25.375877
3193,7,25.356411
3194,7,25.480994
3195,7,25.492673
3196,7,25.874207
3197,7,25.667867
3198,7,25.617256
3199,7,25.329159
3200,7,25.165644
3201,7,24.89312
3202,7,24.963198
3203,7,25.169538
3204,7,25.846954
3205,7,25.928712
3206,7,25.815809
3207,7,25.734052
3208,7,25.827488
3209,7,25.924818
3210,7,25.839168
3211,7,25.706799
3212,7,25.656188
3213,7,25.58611
3214,7,25.737945
3215,7,25.691226
3216,7,25.761304
3217,7,25.858634
3218,7,25.862527
3219,7,25.663974
3220,7,25.590003
3221,7,25.422596
3222,7,25.516032
3223,7,25.434275
3224,7,25.632828
3225,7,25.58611
3226,7,25.590003
3227,7,25.543285
3228,7,25.461528
3229,7,25.516032
3230,7,25.484887
3231,7,25.59779
3232,7,26.053294
3233,7,25.96375
3234,7,26.15841
3235,7,26.212915
3236,7,26.411468
3237,7,26.968196
3238,7,26.578876
3239,7,26.909798
3240,7,26.828041
3241,7,26.999342
3242,7,27.197895
3243,7,27.104458
3244,7,27.100565
3245,7,27.084992
3246,7,26.93705
3247,7,26.987662
3248,7,26.691779
3249,7,26.894225
3250,7,26.683992
3251,7,27.186215
3252,7,27.556069
3253,7,27.879205
3254,7,27.766302
3255,7,27.602788
3256,7,27.396448
3257,7,27.225147
3258,7,27.170242
3259,7,28.256581
3260,7,28.287956
3261,7,27.076119
3262,7,26.134886
3263,7,25.942718
3264,7,25.809377
3265,7,25.632896
3266,7,25.711332
3267,7,25.797611
3268,7,25.679957
3269,7,25.687801
3270,7,25.668192
3271,7,25.476024
3272,7,25.507398
3273,7,25.421118
3274,7,25.303464
3275,7,24.895597
3276,7,25.428962
3277,7,25.440727
3278,7,25.366213
3279,7,24.997564
3280,7,24.785787
3281,7,24.660289
3282,7,24.675976
3283,7,24.738725
3284,7,24.83677
3285,7,25.283855
3286,7,25.240716
3287,7,25.123062
3288,7,25.323073
3289,7,25.523085
3290,7,25.491711
3291,7,25.213263
3292,7,25.252481
3293,7,25.311308
3294,7,25.326995
3295,7,25.699566
3296,7,25.62113
3297,7,25.950562
3298,7,25.887813
3299,7,25.617209
3300,7,25.628974
3301,7,25.570147
3302,7,25.856438
3303,7,25.625052
3304,7,25.70741
3305,7,25.9035
3306,7,25.676036
3307,7,25.515242
3308,7,25.51132
3309,7,25.264246
3310,7,25.687801
3311,7,26.158308
3312,7,27.154038
3313,7,26.990803
3314,7,27.21117
3315,7,27.219331
3316,7,27.398889
3317,7,27.627417
3318,7,27.349919
3319,7,27.341723
3320,7,27.06306
3321,7,26.800789
3322,7,26.866357
3323,7,26.833573
3324,7,26.964709
3325,7,26.890945
3326,7,26.882749
3327,7,26.874553
3328,7,27.046668
3329,7,27.317135
3330,7,27.226979
3331,7,27.767913
3332,7,27.759717
3333,7,27.456466
3334,7,27.735129
3335,7,27.948224
3336,7,28.185907
3337,7,28.202299
3338,7,28.079359
3339,7,28.112143
3340,7,28.243278
3341,7,28.439982
3342,7,28.751428
3343,7,28.538333
3344,7,28.292454
3345,7,28.079359
3346,7,28.317042
3347,7,28.087555
3348,7,27.91544
3349,7,28.079359
3350,7,27.694149
3351,7,27.538426
3352,7,28.120339
3353,7,28.415394
3354,7,28.087555
3355,7,28.218691
3356,7,28.42359
3357,7,28.628489
3358,7,28.669468
3359,7,28.694056
3360,7,28.800604
3361,7,27.981008
3362,7,27.423682
3363,7,27.48925
3364,7,27.710541
3365,7,27.440074
3366,7,27.61219
3367,7,27.702345
3368,7,28.153123
3369,7,28.366218
3370,7,28.948131
3371,7,28.939935
3372,7,29.603808
3373,7,29.767727
3374,7,30.038194
3375,7,29.759531
3376,7,29.956234
3377,7,30.04639
3378,7,30.407012
3379,7,30.661087
3380,7,30.545912
3381,7,29.723238
3382,7,29.94536
3383,7,30.669313
3384,7,30.340244
3385,7,30.603499
3386,7,30.34847
3387,7,30.611726
3388,7,30.044081
3389,7,30.0194
3390,7,29.99472
3391,7,30.216842
3392,7,30.373151
3393,7,30.34847
3394,7,30.488325
3395,7,30.27443
3396,7,29.492889
3397,7,29.66565
3398,7,29.854865
3399,7,29.764371
3400,7,29.756145
3401,7,29.904226
3402,7,30.480098
3403,7,30.98193
3404,7,30.29911
3405,7,30.101668
3406,7,31.105331
3407,7,31.03129
3408,7,31.03129
3409,7,30.833848
3410,7,31.064197
3411,7,31.722337
3412,7,31.03129
3413,7,30.998383
3414,7,30.167482
3415,7,30.570592
3416,7,30.27443
3417,7,29.863092
3418,7,30.142802
3419,7,30.858529
3420,7,30.842075
3421,7,30.29911
3422,7,29.978267
3423,7,30.192162
3424,7,30.282656
3425,7,30.34847
3426,7,30.858529
3427,7,29.789052
3428,7,28.93347
3429,7,29.270766
3430,7,28.768935
3431,7,28.884109
3432,7,29.28722
3433,7,29.089778
3434,7,28.694894
3435,7,28.818295
3436,7,28.678441
3437,7,28.176609
3438,7,28.727801
3439,7,29.130912
3440,7,28.57972
3441,7,28.57972
3442,7,29.213179
3443,7,29.171883
3444,7,29.304032
3445,7,29.485736
3446,7,29.584848
3447,7,29.485736
3448,7,29.626145
3449,7,29.56833
3450,7,30.295149
3451,7,30.105185
3452,7,30.212556
3453,7,30.377742
3454,7,30.344705
3455,7,30.460335
3456,7,30.253852
3457,7,30.427298
3458,7,30.352964
3459,7,30.105185
3460,7,29.816109
3461,7,29.675701
3462,7,29.667441
3463,7,29.642663
3464,7,29.650923
3465,7,29.68396
3466,7,29.411403
3467,7,28.932363
3468,7,28.882807
3469,7,28.808473
3470,7,28.668065
3471,7,28.61025
3472,7,28.635028
3473,7,28.775436
3474,7,28.511138
3475,7,28.089913
3476,7,27.875171
3477,7,27.858652
3478,7,27.52828
3479,7,27.197908
3480,7,27.635651
3481,7,27.866912
3482,7,27.668688
3483,7,27.916468
3484,7,28.155988
3485,7,28.701102
3486,7,28.709361
3487,7,28.800214
3488,7,28.915844
3489,7,28.882807
3490,7,29.44444
3491,7,29.188401
3492,7,29.147105
3493,7,29.006696
3494,7,28.378989
3495,7,27.809097
3496,7,27.800837
3497,7,27.371353
3498,7,27.41265
3499,7,27.899949
3500,7,27.999061
3501,7,27.495243
3502,7,27.718244
3503,7,27.668688
3504,7,27.263982
3505,7,27.396131
3506,7,27.899949
3507,7,27.999473
3508,7,28.198522
3509,7,27.958005
3510,7,29.774321
3511,7,30.827619
3512,7,30.927143
3513,7,30.570515
3514,7,30.703214
3515,7,30.877381
3516,7,30.860794
3517,7,30.893968
3518,7,30.918849
3519,7,30.918849
3520,7,30.636864
3521,7,30.313411
3522,7,30.653452
3523,7,30.670039
3524,7,30.985199
3525,7,31.151073
3526,7,31.217422
3527,7,31.615519
3528,7,31.433058
3529,7,31.076429
3530,7,31.32524
3531,7,31.316946
3532,7,31.557463
3533,7,31.466233
3534,7,32.104846
3535,7,31.665281
3536,7,31.57405
3537,7,31.723337
3538,7,31.6404
3539,7,31.57405
3540,7,31.781392
3541,7,31.673575
3542,7,31.632106
3543,7,31.184247
3544,7,30.985199
3545,7,30.620277
3546,7,31.126192
3547,7,30.8525
3548,7,30.777857
3549,7,30.338292
3550,7,30.097775
3551,7,30.189005
3552,7,30.296823
3553,7,30.363173
3554,7,31.615519
3555,7,31.540876
3556,7,31.383296
3557,7,31.880917
3558,7,31.673575
3559,7,31.806274
3560,7,31.822861
3561,7,31.856036
3562,7,31.789686
3563,7,31.706749
3564,7,32.04679
3565,7,32.469768
3566,7,32.220958
3567,7,32.511237
3568,7,32.569292
3569,7,32.818103
3570,7,32.619054
3571,7,33.00271
3572,7,32.969349
3573,7,32.977689
3574,7,32.860924
3575,7,32.627395
3576,7,31.751659
3577,7,31.217878
3578,7,30.508949
3579,7,30.27542
3580,7,30.333802
3581,7,29.900105
3582,7,30.467248
3583,7,30.575672
3584,7,29.900105
3585,7,30.233718
3586,7,30.317122
3587,7,30.567332
3588,7,31.00937
3589,7,30.992689
3590,7,31.651575
3591,7,31.910126
3592,7,32.293781
3593,7,32.368844
3594,7,32.468928
3595,7,32.327143
3596,7,32.485609
3597,7,32.377185
3598,7,32.51063
3599,7,32.735819
3600,7,32.852584
3601,7,33.186197
3602,7,33.177857
3603,7,32.802542
3604,7,33.461428
3605,7,33.186197
3606,7,33.136155
3607,7,33.00271
3608,7,33.211218
3609,7,33.119475
3610,7,33.077773
3611,7,32.719138
3612,7,32.50229
3613,7,32.952668
3614,7,33.136155
3615,7,32.902626
3616,7,32.418886
3617,7,32.01855
3618,7,32.051912
3619,7,32.026891
3620,7,32.160336
3621,7,32.068592
3622,7,31.951828
3623,7,32.118634
3624,7,32.085273
3625,7,32.177017
3626,7,32.235399
3627,7,32.218718
3628,7,31.835063
3629,7,31.376344
3630,7,31.384685
3631,7,31.076092
3632,7,31.059412
3633,7,31.663484
3634,7,31.856452
3635,7,32.200438
3636,7,32.661883
3637,7,32.477305
3638,7,32.385016
3639,7,32.385016
3640,7,32.242388
3641,7,31.906792
3642,7,32.192048
3643,7,32.334676
3644,7,32.502474
3645,7,32.443745
3646,7,32.351456
3647,7,32.586373
3648,7,32.368236
3649,7,32.460525
3650,7,32.494085
3651,7,32.712222
3652,7,32.947139
3653,7,33.274345
3654,7,33.500873
3655,7,32.921969
3656,7,32.770951
3657,7,33.249176
3658,7,33.173667
3659,7,33.190446
3660,7,33.265955
3661,7,33.224006
3662,7,33.207226
3663,7,33.282735
3664,7,33.224006
3665,7,33.567992
3666,7,33.391804
3667,7,33.408584
3668,7,33.349854
3669,7,33.68545
3670,7,33.601551
3671,7,33.668671
3672,7,34.004267
3673,7,33.559602
3674,7,33.400194
3675,7,33.383414
3676,7,33.475703
3677,7,33.442143
3678,7,33.870028
3679,7,34.398592
3680,7,34.272743
3681,7,34.172065
3682,7,33.937147
3683,7,34.146895
3684,7,34.079776
3685,7,34.012657
3686,7,34.314693
3687,7,34.54961
3688,7,35.061394
3689,7,35.145293
3690,7,34.826477
3691,7,34.440541
3692,7,34.625119
3693,7,34.59995
3694,7,34.834867
3695,7,35.273466
3696,7,34.725217
3697,7,34.624002
3698,7,35.340942
3699,7,36.041014
3700,7,36.235009
3701,7,36.344659
3702,7,36.243444
3703,7,36.175967
3704,7,36.302486
3705,7,36.209705
3706,7,36.057883
3707,7,36.150663
3708,7,35.526503
3709,7,35.450592
3710,7,35.754237
3711,7,35.239727
3712,7,35.231293
3713,7,35.028862
3714,7,35.163816
3715,7,35.467461
3716,7,35.062601
3717,7,35.560242
3718,7,35.70363
3719,7,35.475896
3720,7,35.619284
3721,7,35.880756
3722,7,35.543373
3723,7,35.695195
3724,7,35.518069
3725,7,35.838583
3726,7,36.066317
3727,7,35.931364
3728,7,35.720499
3729,7,35.627718
3730,7,35.619284
3731,7,36.066317
3732,7,36.184402
3733,7,36.226575
3734,7,36.10849
3735,7,36.125359
3736,7,36.184402
3737,7,35.897625
3738,7,35.889191
3739,7,36.032579
3740,7,36.184402
3741,7,36.589262
3742,7,36.850734
3743,7,36.766388
3744,7,36.606131
3745,7,35.847018
3746,7,35.956668
3747,7,35.425288
3748,7,35.433723
3749,7,35.340942
3750,7,35.07947
3751,7,34.733652
3752,7,34.758955
3753,7,35.248162
3754,7,35.728934
3755,7,34.96982
3756,7,35.543373
3757,7,35.113208
3758,7,35.222858
3759,7,34.697144
3760,7,34.815853
3761,7,33.925531
3762,7,33.908572
3763,7,34.646268
3764,7,35.155024
3765,7,35.943595
3766,7,35.265254
3767,7,35.977512
3768,7,36.00295
3769,7,35.816406
3770,7,36.036867
3771,7,36.24037
3772,7,36.876314
3773,7,36.961107
3774,7,36.706729
3775,7,36.978065
3776,7,37.020462
3777,7,37.0459
3778,7,36.774563
3779,7,37.38507
3780,7,37.520738
3781,7,37.50378
3782,7,37.809033
3783,7,37.147651
3784,7,37.062858
3785,7,37.054379
3786,7,36.825439
3787,7,37.122213
3788,7,37.147651
3789,7,37.580093
3790,7,37.444425
3791,7,37.520738
3792,7,37.741199
3793,7,37.580093
3794,7,38.343227
3795,7,38.733273
3796,7,38.572167
3797,7,38.411061
3798,7,38.758711
3799,7,38.529771
3800,7,37.622489
3801,7,37.698803
3802,7,37.0459
3803,7,36.850877
3804,7,36.800001
3805,7,37.529218
3806,7,38.809586
3807,7,39.047006
3808,7,39.318342
3809,7,38.76719
3810,7,38.750231
3811,7,38.87742
3812,7,38.665439
3813,7,38.741752
3814,7,38.173642
3815,7,38.07189
3816,7,38.08037
3817,7,37.647927
3818,7,37.953181
3819,7,38.733273
3820,7,38.326268
3821,7,38.64848
3822,7,38.029494
3823,7,37.748173
3824,7,37.466852
3825,7,37.927195
3826,7,37.697024
3827,7,37.560626
3828,7,37.927195
3829,7,37.390128
3830,7,37.63735
3831,7,37.23668
3832,7,37.006508
3833,7,38.583611
3834,7,38.157367
3835,7,38.558037
3836,7,39.06953
3837,7,38.506887
3838,7,38.916082
3839,7,38.788208
3840,7,37.95277
3841,7,38.293765
3842,7,38.30229
3843,7,38.549512
3844,7,39.291176
3845,7,39.563973
3846,7,39.563973
3847,7,39.73447
3848,7,40.476135
3849,7,40.339737
3850,7,40.46761
3851,7,40.407936
3852,7,40.586958
3853,7,40.382361
3854,7,40.254488
3855,7,40.143665
3856,7,40.075466
3857,7,40.442035
3858,7,39.640697
3859,7,39.922018
3860,7,39.359376
3861,7,39.470199
3862,7,40.280063
3863,7,39.964642
3864,7,40.774506
3865,7,40.143665
3866,7,40.399411
3867,7,40.442035
3868,7,40.46761
3869,7,40.46761
3870,7,40.066941
3871,7,39.666271
3872,7,39.640697
3873,7,39.879393
3874,7,40.13514
3875,7,39.495774
3876,7,39.120679
3877,7,39.325276
3878,7,39.470199
3879,7,39.376425
3880,7,39.73447
3881,7,40.066941
3882,7,40.194814
3883,7,39.870868
3884,7,40.016539
3885,7,40.127934
3886,7,39.8623
3887,7,39.630941
3888,7,39.956557
3889,7,40.376431
3890,7,41.430399
3891,7,41.524657
3892,7,41.404693
3893,7,40.693478
3894,7,40.779167
3895,7,40.419275
3896,7,39.776611
3897,7,40.00797
3898,7,40.273604
3899,7,40.145072
3900,7,39.879437
3901,7,39.845162
3902,7,40.762029
3903,7,40.556377
3904,7,40.384999
3905,7,40.299311
3906,7,41.704603
3907,7,41.738878
3908,7,41.850273
3909,7,41.995944
3910,7,42.107339
3911,7,42.278716
3912,7,42.013081
3913,7,41.644621
3914,7,41.995944
3915,7,42.210165
3916,7,41.644621
3917,7,41.935962
3918,7,41.935962
3919,7,41.867411
3920,7,41.713172
3921,7,41.516088
3922,7,41.507519
3923,7,41.284729
3924,7,41.558932
3925,7,42.038788
3926,7,41.704603
3927,7,41.190472
3928,7,41.541795
3929,7,41.618914
3930,7,42.792847
3931,7,42.750003
3932,7,42.869967
3933,7,42.741434
3934,7,42.415817
3935,7,42.270147
3936,7,42.818553
3937,7,41.995944
3938,7,42.055926
3939,7,42.432955
3940,7,42.338698
3941,7,42.62147
3942,7,43.024206
3943,7,42.201596
3944,7,42.150183
3945,7,42.784278
3946,7,42.809985
3947,7,43.223275
3948,7,42.456966
3949,7,42.853036
3950,7,42.964968
3951,7,43.102732
3952,7,42.844425
3953,7,43.894872
3954,7,44.084296
3955,7,43.955143
3956,7,43.645175
3957,7,43.860431
3958,7,43.963753
3959,7,43.714057
3960,7,43.645175
3961,7,43.481581
3962,7,43.490192
3963,7,43.464361
3964,7,43.326597
3965,7,43.145783
3966,7,43.619345
3967,7,43.386869
3968,7,43.128563
3969,7,42.913307
3970,7,43.249106
3971,7,43.378259
3972,7,43.42992
3973,7,42.913307
3974,7,41.785369
3975,7,40.579939
3976,7,37.626636
3977,7,36.937819
3978,7,37.867722
3979,7,39.297017
3980,7,39.624205
3981,7,38.99566
3982,7,37.514703
3983,7,38.091587
3984,7,38.005485
3985,7,37.084192
3986,7,37.919383
3987,7,37.221956
3988,7,37.127243
3989,7,37.376939
3990,7,37.170294
3991,7,37.721348
3992,7,37.764399
3993,7,38.091587
3994,7,37.308058
3995,7,37.282227
3996,7,36.57619
3997,7,36.335104
3998,7,36.111238
3999,7,35.181335
4000,7,33.631496
4001,7,34.010346
4002,7,34.630281
4003,7,35.095233
4004,7,35.629066
4005,7,35.637676
4006,7,34.346144
4007,7,34.9833
4008,7,35.439641
4009,7,36.068187
4010,7,35.79266
4011,7,35.439641
4012,7,35.266427
4013,7,36.262409
4014,7,36.565534
4015,7,36.504909
4016,7,36.14982
4017,7,36.548213
4018,7,37.674106
4019,7,37.760713
4020,7,37.769373
4021,7,38.003213
4022,7,38.765355
4023,7,39.18107
4024,7,38.799998
4025,7,39.345623
4026,7,39.414909
4027,7,39.129105
4028,7,39.129105
4029,7,39.518838
4030,7,39.016516
4031,7,39.631427
4032,7,39.033838
4033,7,38.271695
4034,7,38.072498
4035,7,38.869284
4036,7,38.774016
4037,7,39.66607
4038,7,39.605445
4039,7,39.847945
4040,7,39.354284
4041,7,39.362945
4042,7,39.328302
4043,7,39.336963
4044,7,38.903927
4045,7,39.371605
4046,7,39.163748
4047,7,38.237052
4048,7,39.233034
4049,7,39.458213
4050,7,39.449552
4051,7,38.93857
4052,7,39.241695
4053,7,38.418927
4054,7,38.808659
4055,7,39.484195
4056,7,39.882588
4057,7,39.198391
4058,7,37.84732
4059,7,38.141784
4060,7,38.522855
4061,7,39.05982
4062,7,39.05982
4063,7,38.999195
4064,7,39.683391
4065,7,39.207052
4066,7,38.895266
4067,7,37.180445
4068,7,37.171784
4069,7,36.859998
4070,7,35.976606
4071,7,35.223123
4072,7,35.275088
4073,7,35.90732
4074,7,35.110534
4075,7,35.825297
4076,7,35.337166
4077,7,35.241283
4078,7,34.831602
4079,7,34.413205
4080,7,34.892619
4081,7,34.570104
4082,7,35.005935
4083,7,35.27615
4084,7,31.998702
4085,7,32.992396
4086,7,33.515393
4087,7,33.018546
4088,7,33.140579
4089,7,33.131862
4090,7,32.608865
4091,7,32.652448
4092,7,32.251484
4093,7,32.434533
4094,7,31.676187
4095,7,32.3648
4096,7,33.114429
4097,7,33.515393
4098,7,33.393361
4099,7,33.585126
4100,7,34.134273
4101,7,33.463094
4102,7,34.16914
4103,7,34.543954
4104,7,34.448071
4105,7,33.768175
4106,7,34.282456
4107,7,34.291172
4108,7,33.837908
4109,7,34.151706
4110,7,34.151706
4111,7,34.14299
4112,7,34.238872
4113,7,34.020957
4114,7,35.188984
4115,7,35.3023
4116,7,34.779303
4117,7,35.023368
4118,7,35.119251
4119,7,35.555082
4120,7,35.528932
4121,7,35.76428
4122,7,35.546365
4123,7,35.520215
4124,7,35.633531
4125,7,36.147812
4126,7,36.304711
4127,7,36.46161
4128,7,36.775408
4129,7,36.888724
4130,7,36.644659
4131,7,37.525037
4132,7,37.141506
4133,7,36.932307
4134,7,37.02819
4135,7,37.324555
4136,7,38.013168
4137,7,38.15347
4138,7,38.065781
4139,7,38.539302
4140,7,38.451613
4141,7,38.556839
4142,7,38.477919
4143,7,38.653297
4144,7,38.591915
4145,7,38.477919
4146,7,38.434075
4147,7,35.443881
4148,7,34.111009
4149,7,34.067164
4150,7,33.804097
4151,7,33.409497
4152,7,33.760253
4153,7,33.295501
4154,7,33.30427
4155,7,33.409497
4156,7,33.330577
4157,7,33.321808
4158,7,32.971052
4159,7,33.54103
4160,7,33.06751
4161,7,33.102586
4162,7,32.655372
4163,7,32.971052
4164,7,32.769367
4165,7,33.30427
4166,7,33.918093
4167,7,34.10224
4168,7,34.461765
4169,7,34.751138
4170,7,34.637142
4171,7,34.663449
4172,7,34.356538
4173,7,34.347769
4174,7,34.137315
4175,7,34.119778
4176,7,34.084702
4177,7,33.672564
4178,7,33.199043
4179,7,33.023665
4180,7,32.821981
4181,7,32.883363
4182,7,32.786905
4183,7,33.102586
4184,7,33.085048
4185,7,33.970706
4186,7,34.751138
4187,7,33.242888
4188,7,32.401074
4189,7,32.935976
4190,7,33.821635
4191,7,34.470533
4192,7,34.672218
4193,7,34.584529
4194,7,35.803406
4195,7,36.268157
4196,7,36.732909
4197,7,36.934593
4198,7,37.241505
4199,7,37.031051
4200,7,37.304571
4201,7,37.145753
4202,7,37.13693
4203,7,36.881057
4204,7,37.63103
4205,7,37.975136
4206,7,38.089838
4207,7,38.301595
4208,7,38.469236
4209,7,38.530999
4210,7,39.21921
4211,7,39.483906
4212,7,39.96036
4213,7,39.766249
4214,7,39.660371
4215,7,39.536846
4216,7,39.93389
4217,7,39.722133
4218,7,39.775072
4219,7,39.536846
4220,7,39.748603
4221,7,39.73978
4222,7,39.836835
4223,7,39.633901
4224,7,39.422144
4225,7,39.139801
4226,7,39.033922
4227,7,38.97216
4228,7,38.733933
4229,7,38.089838
4230,7,37.798671
4231,7,37.922196
4232,7,38.160423
4233,7,37.789848
4234,7,37.075167
4235,7,37.322218
4236,7,37.13693
4237,7,37.198692
4238,7,36.969289
4239,7,36.925173
4240,7,36.184022
4241,7,36.545774
4242,7,35.857563
4243,7,36.007558
4244,7,36.281078
4245,7,36.942819
4246,7,36.775178
4247,7,36.686946
4248,7,36.986935
4249,7,37.251632
4250,7,37.225162
4251,7,36.775178
4252,7,37.348687
4253,7,37.313394
4254,7,36.563421
4255,7,37.313394
4256,7,37.542798
4257,7,37.145753
4258,7,37.710439
4259,7,37.913373
4260,7,37.913373
4261,7,38.381004
4262,7,36.316371
4263,7,36.386956
4264,7,36.386956
4265,7,36.218251
4266,7,36.040668
4267,7,36.555661
4268,7,35.525674
4269,7,36.173856
4270,7,35.960755
4271,7,35.880842
4272,7,35.6855
4273,7,35.481278
4274,7,35.774292
4275,7,35.108352
4276,7,34.841976
4277,7,34.673271
4278,7,34.362499
4279,7,34.078365
4280,7,34.708788
4281,7,35.392486
4282,7,35.365848
4283,7,35.578949
4284,7,36.058426
4285,7,35.641104
4286,7,34.806459
4287,7,35.34809
4288,7,35.472399
4289,7,35.863084
4290,7,35.374728
4291,7,35.303694
4292,7,33.829747
4293,7,34.611117
4294,7,34.770942
4295,7,34.398016
4296,7,34.389137
4297,7,33.803109
4298,7,33.385787
4299,7,33.652163
4300,7,34.122761
4301,7,34.113881
4302,7,34.167157
4303,7,34.344741
4304,7,34.806459
4305,7,34.806459
4306,7,35.01956
4307,7,34.469049
4308,7,34.566721
4309,7,33.829747
4310,7,34.042848
4311,7,33.90966
4312,7,33.954056
4313,7,33.998452
4314,7,34.113881
4315,7,34.273707
4316,7,33.936297
4317,7,34.01621
4318,7,34.105002
4319,7,34.673271
4320,7,34.948526
4321,7,35.250419
4322,7,36.209372
4323,7,36.173856
4324,7,36.662211
4325,7,36.711047
4326,7,36.389334
4327,7,36.577
4328,7,36.55019
4329,7,36.42508
4330,7,36.103367
4331,7,36.156985
4332,7,36.049748
4333,7,36.022938
4334,7,36.022938
4335,7,36.603809
4336,7,36.639555
4337,7,36.648492
4338,7,37.327664
4339,7,37.828107
4340,7,38.203439
4341,7,38.230248
4342,7,37.917471
4343,7,38.328549
4344,7,37.890662
4345,7,38.015773
4346,7,38.194502
4347,7,38.623453
4348,7,39.007722
4349,7,39.320498
4350,7,39.499228
4351,7,39.937115
4352,7,40.223082
4353,7,40.223082
4354,7,40.571605
4355,7,40.821826
4356,7,40.625224
4357,7,40.285638
4358,7,40.741398
4359,7,40.830763
4360,7,40.437558
4361,7,40.33032
4362,7,40.214146
4363,7,40.535859
4364,7,40.777144
4365,7,40.857572
4366,7,40.687779
4367,7,40.035416
4368,7,40.500113
4369,7,40.196273
4370,7,40.383939
4371,7,40.196273
4372,7,40.035416
4373,7,40.044353
4374,7,40.008607
4375,7,39.972861
4376,7,39.946052
4377,7,39.946052
4378,7,39.919242
4379,7,39.812005
4380,7,39.686894
4381,7,39.740513
4382,7,39.481355
4383,7,39.141769
4384,7,39.025595
4385,7,39.168578
4386,7,38.954103
4387,7,39.181983
4388,7,39.092075
4389,7,38.363818
4390,7,38.939231
4391,7,39.047121
4392,7,39.190974
4393,7,39.541616
4394,7,39.137029
4395,7,39.676478
4396,7,39.343818
4397,7,39.379781
4398,7,39.244919
4399,7,39.235928
4400,7,39.092075
4401,7,39.199965
4402,7,39.307854
4403,7,40.090055
4404,7,40.13501
4405,7,40.170973
4406,7,40.161982
4407,7,40.009138
4408,7,39.433726
4409,7,39.523634
4410,7,39.59556
4411,7,39.280882
4412,7,38.732442
4413,7,38.642534
4414,7,38.804369
4415,7,39.316845
4416,7,39.271891
4417,7,39.137029
4418,7,39.514643
4419,7,40.197945
4420,7,40.458679
4421,7,41.052073
4422,7,41.447669
4423,7,41.807302
4424,7,41.915191
4425,7,41.68143
4426,7,41.861247
4427,7,42.0051
4428,7,42.517576
4429,7,42.409686
4430,7,42.67042
4431,7,42.832255
4432,7,43.263814
4433,7,43.344731
4434,7,43.956107
4435,7,43.848217
4436,7,43.668401
4437,7,44.297758
4438,7,44.126933
4439,7,43.974089
4440,7,43.758309
4441,7,43.587483
4442,7,43.812254
4443,7,43.704364
4444,7,43.794272
4445,7,44.055006
4446,7,43.101979
4447,7,43.55152
4448,7,43.362713
4449,7,43.290787
4450,7,43.780786
4451,7,43.464386
4452,7,44.214707
4453,7,44.079107
4454,7,44.061026
4455,7,44.684787
4456,7,45.968469
4457,7,45.959429
4458,7,45.923269
4459,7,45.950389
4460,7,45.561669
4461,7,45.299508
4462,7,44.847508
4463,7,44.458787
4464,7,44.431667
4465,7,44.503987
4466,7,44.440707
4467,7,44.531107
4468,7,44.567267
4469,7,44.187587
4470,7,44.088147
4471,7,43.446306
4472,7,43.880226
4473,7,44.368387
4474,7,44.133347
4475,7,45.028308
4476,7,44.558227
4477,7,44.061026
4478,7,44.187587
4479,7,44.937908
4480,7,44.874628
4481,7,44.639587
4482,7,44.612467
4483,7,45.435109
4484,7,45.335668
4485,7,45.299508
4486,7,46.049829
4487,7,46.26679
4488,7,46.13119
4489,7,46.27583
4490,7,46.54703
4491,7,47.026151
4492,7,47.414872
4493,7,47.234071
4494,7,47.008071
4495,7,46.727831
4496,7,46.791111
4497,7,47.080391
4498,7,46.47471
4499,7,46.908631
4500,7,46.49279
4501,7,47.469112
4502,7,47.559512
4503,7,47.776472
4504,7,47.143671
4505,7,48.490633
4506,7,48.237513
4507,7,48.526793
4508,7,48.590073
4509,7,49.123434
4510,7,49.647755
4511,7,49.720075
4512,7,49.412715
4513,7,50.081676
4514,7,49.213834
4515,7,49.697475
4516,7,49.642972
4517,7,49.624805
4518,7,50.015408
4519,7,50.660358
4520,7,50.869285
4521,7,51.159967
4522,7,50.941956
4523,7,50.30609
4524,7,50.415095
4525,7,50.396928
4526,7,50.297006
4527,7,49.315955
4528,7,49.261453
4529,7,49.052525
4530,7,49.388626
4531,7,50.387844
4532,7,49.969989
4533,7,50.106246
4534,7,50.188
4535,7,50.369676
4536,7,49.779229
4537,7,50.233419
4538,7,49.969989
4539,7,49.806481
4540,7,50.45143
4541,7,50.469598
4542,7,50.224335
4543,7,50.978291
4544,7,50.687609
4545,7,50.987375
4546,7,51.005542
4547,7,50.887453
4548,7,50.487766
4549,7,51.205386
4550,7,50.851118
4551,7,49.697475
4552,7,49.770145
4553,7,49.652056
4554,7,49.679307
4555,7,49.633888
4556,7,49.906402
4557,7,50.596771
4558,7,50.015408
4559,7,49.715643
4560,7,50.415095
4561,7,51.232637
4562,7,51.595989
4563,7,51.795833
4564,7,51.714079
4565,7,51.714079
4566,7,51.777665
4567,7,52.204604
4568,7,52.19552
4569,7,51.841252
4570,7,53.403666
4571,7,53.521755
4572,7,53.430917
4573,7,53.585342
4574,7,53.430917
4575,7,53.521755
4576,7,53.440001
4577,7,53.803353
4578,7,53.702957
4579,7,53.337879
4580,7,53.839861
4581,7,53.912876
4582,7,54.131923
4583,7,54.369224
4584,7,54.058908
4585,7,56.331517
4586,7,57.700559
4587,7,57.883098
4588,7,57.782702
4589,7,56.988658
4590,7,56.733103
4591,7,56.751357
4592,7,56.304137
4593,7,53.60256
4594,7,53.72121
4595,7,53.547798
4596,7,51.357331
4597,7,52.178756
4598,7,52.397803
4599,7,52.607723
4600,7,53.191848
4601,7,54.305335
4602,7,54.916841
4603,7,53.958511
4604,7,53.839861
4605,7,53.839861
4606,7,54.497001
4607,7,55.245411
4608,7,55.263665
4609,7,55.062872
4610,7,53.657322
4611,7,54.268827
4612,7,55.099379
4613,7,55.564854
4614,7,55.939059
4615,7,56.468422
4616,7,58.047383
4617,7,58.065637
4618,7,57.682306
4619,7,57.371989
4620,7,57.125562
4621,7,57.664052
4622,7,56.824372
4623,7,57.180323
4624,7,56.970404
4625,7,55.610489
4626,7,54.305335
4627,7,55.738266
4628,7,55.017237
4629,7,54.058908
4630,7,54.688667
4631,7,53.127959
4632,7,53.848988
4633,7,54.268827
4634,7,54.633905
4635,7,52.543834
4636,7,53.137086
4637,7,53.976765
4638,7,53.347006
4639,7,53.949384
4640,7,53.637591
4641,7,54.352881
4642,7,54.838912
4643,7,54.582141
4644,7,54.912275
4645,7,54.279518
4646,7,53.958555
4647,7,53.472524
4648,7,53.784317
4649,7,54.5638
4650,7,54.618822
4651,7,53.307457
4652,7,53.940214
4653,7,53.050686
4654,7,53.124049
4655,7,53.866851
4656,7,54.398733
4657,7,53.83934
4658,7,54.472096
4659,7,55.535861
4660,7,56.177788
4661,7,56.874737
4662,7,55.51752
4663,7,55.728439
4664,7,55.99438
4665,7,56.590455
4666,7,56.957271
4667,7,56.297003
4668,7,56.709671
4669,7,57.324086
4670,7,57.195701
4671,7,56.21447
4672,7,56.920589
4673,7,56.425389
4674,7,57.232383
4675,7,57.791776
4676,7,57.800947
4677,7,58.268636
4678,7,57.938502
4679,7,58.021036
4680,7,57.89265
4681,7,57.700072
4682,7,57.434131
4683,7,57.736754
4684,7,57.690902
4685,7,57.608368
4686,7,57.16819
4687,7,56.984782
4688,7,56.627137
4689,7,56.801374
4690,7,55.728439
4691,7,55.765121
4692,7,55.471668
4693,7,56.186958
4694,7,55.930188
4695,7,55.939358
4696,7,55.765121
4697,7,56.241981
4698,7,57.003123
4699,7,57.259894
4700,7,57.599198
4701,7,57.379109
4702,7,57.791776
4703,7,58.086538
4704,7,56.90749
4705,7,57.847044
4706,7,59.64325
4707,7,58.749753
4708,7,58.326032
4709,7,58.215497
4710,7,59.320854
4711,7,60.085393
4712,7,60.481479
4713,7,60.113027
4714,7,60.030125
4715,7,60.370944
4716,7,59.670884
4717,7,59.486658
4718,7,60.085393
4719,7,60.094604
4720,7,59.634039
4721,7,59.726152
4722,7,59.541926
4723,7,58.980035
4724,7,58.427357
4725,7,58.611583
4726,7,58.464202
4727,7,59.099783
4728,7,59.615616
4729,7,59.541926
4730,7,59.64325
4731,7,60.490691
4732,7,60.638072
4733,7,60.886777
4734,7,61.568414
4735,7,61.522358
4736,7,61.835542
4737,7,61.734218
4738,7,61.568414
4739,7,61.81712
4740,7,60.794664
4741,7,60.638072
4742,7,60.988102
4743,7,61.301286
4744,7,61.347343
4745,7,61.688161
4746,7,63.097492
4747,7,63.023802
4748,7,62.332953
4749,7,63.01459
4750,7,63.097492
4751,7,63.36462
4752,7,63.604114
4753,7,65.805618
4754,7,66.505678
4755,7,67.095202
4756,7,67.261006
4757,7,67.57419
4758,7,68.27425
4759,7,67.988699
4760,7,66.358297
4761,7,66.155648
4762,7,65.934577
4763,7,65.805618
4764,7,65.667449
4765,7,63.484367
4766,7,62.986957
4767,7,64.119948
4768,7,63.537292
4769,7,65.618207
4770,7,64.952314
4771,7,63.019375
4772,7,62.510707
4773,7,63.370818
4774,7,63.417061
4775,7,61.909553
4776,7,62.584695
4777,7,61.955796
4778,7,62.251748
4779,7,62.889896
4780,7,63.759256
4781,7,64.878326
4782,7,64.91532
4783,7,65.10029
4784,7,65.627456
4785,7,67.051727
4786,7,67.477159
4787,7,67.319934
4788,7,65.257515
4789,7,64.267924
4790,7,64.193936
4791,7,65.41474
4792,7,66.626295
4793,7,65.239018
4794,7,63.870238
4795,7,63.380067
4796,7,62.991629
4797,7,63.639025
4798,7,64.471392
4799,7,67.356928
4800,7,67.754614
4801,7,68.485247
4802,7,68.688714
4803,7,66.126876
4804,7,66.16387
4805,7,64.693356
4806,7,65.590462
4807,7,66.441325
4808,7,67.079472
4809,7,66.755774
4810,7,65.442486
4811,7,64.508386
4812,7,64.813587
4813,7,63.814747
4814,7,63.241339
4815,7,62.214754
4816,7,60.633258
4817,7,64.388155
4818,7,65.322255
4819,7,65.747686
4820,7,66.894502
4821,7,64.277173
4822,7,61.24366
4823,7,62.991629
4824,7,63.934978
4825,7,63.167351
4826,7,64.221682
4827,7,63.888735
4828,7,64.119948
4829,7,63.435558
4830,7,65.479768
4831,7,64.875797
4832,7,65.526227
4833,7,66.362495
4834,7,66.427538
4835,7,64.959424
4836,7,65.842151
4837,7,66.111615
4838,7,64.160323
4839,7,64.755003
4840,7,66.604084
4841,7,67.812026
4842,7,67.23593
4843,7,67.366017
4844,7,67.93282
4845,7,68.285911
4846,7,67.589021
4847,7,68.137241
4848,7,68.33237
4849,7,69.744734
4850,7,69.112887
4851,7,68.731921
4852,7,69.921279
4853,7,69.688983
4854,7,70.190743
4855,7,69.819069
4856,7,70.738963
4857,7,71.417269
4858,7,71.315059
4859,7,71.761068
4860,7,72.123451
4861,7,73.024762
4862,7,73.052638
4863,7,72.680963
4864,7,72.197786
4865,7,71.361518
4866,7,71.203557
4867,7,72.299997
4868,7,72.699547
4869,7,73.052638
4870,7,73.387145
4871,7,74.204829
4872,7,73.247767
4873,7,74.297747
4874,7,74.279164
4875,7,74.390666
4876,7,72.448666
4877,7,72.690255
4878,7,73.405728
4879,7,73.154848
4880,7,73.81457
4881,7,74.279164
4882,7,74.018991
4883,7,73.981824
4884,7,73.870322
4885,7,73.052638
4886,7,73.405728
4887,7,72.959719
4888,7,73.099097
4889,7,73.377853
4890,7,72.950427
4891,7,72.783173
4892,7,72.307345
4893,7,71.262387
4894,7,67.996894
4895,7,68.967212
4896,7,69.517681
4897,7,71.001147
4898,7,71.607596
4899,7,72.876473
4900,7,73.296322
4901,7,73.025753
4902,7,74.22932
4903,7,73.464262
4904,7,73.501582
4905,7,73.417612
4906,7,73.772151
4907,7,71.756876
4908,7,71.113107
4909,7,71.299707
4910,7,71.327697
4911,7,70.441349
4912,7,70.935837
4913,7,71.383677
4914,7,71.467646
4915,7,70.879858
4916,7,70.693258
4917,7,70.935837
4918,7,71.150427
4919,7,70.562638
4920,7,71.822186
4921,7,70.637278
4922,7,70.599958
4923,7,71.393006
4924,7,71.029137
4925,7,70.637278
4926,7,72.270025
4927,7,73.417612
4928,7,74.723809
4929,7,75.330258
4930,7,75.824747
4931,7,75.684797
4932,7,76.459186
4933,7,76.776405
4934,7,76.711095
4935,7,76.552485
4936,7,77.830693
4937,7,78.679721
4938,7,79.24885
4939,7,79.304829
4940,7,79.03426
4941,7,78.595751
4942,7,77.401514
4943,7,78.082602
4944,7,78.465131
4945,7,78.829
4946,7,79.25818
4947,7,79.901948
4948,7,79.696689
4949,7,79.388799
4950,7,79.556739
4951,7,79.659369
4952,7,80.023238
4953,7,78.595751
4954,7,78.49273
4955,7,77.883969
4956,7,80.319013
4957,7,82.192125
4958,7,81.939255
4959,7,82.482457
4960,7,83.109949
4961,7,82.969466
4962,7,82.416898
4963,7,82.182759
4964,7,82.932004
4965,7,82.70723
4966,7,81.573998
4967,7,80.618711
4968,7,80.375207
4969,7,77.883969
4970,7,79.476113
4971,7,79.232609
4972,7,80.131702
4973,7,81.124451
4974,7,79.288802
4975,7,81.377321
4976,7,78.614482
4977,7,78.614482
4978,7,79.401189
4979,7,80.131702
4980,7,79.176416
4981,7,79.513576
4982,7,79.017201
4983,7,76.732005
4984,7,77.846506
4985,7,78.342881
4986,7,78.876718
4987,7,79.438651
4988,7,79.906929
4989,7,78.726869
4990,7,78.876718
4991,7,80.450131
4992,7,80.581249
4993,7,78.876718
4994,7,77.930796
4995,7,79.157684
4996,7,79.803908
4997,7,78.923545
4998,7,78.07128
4999,7,78.277322
5000,7,78.333515
5001,7,77.949528
5002,7,78.277322
5003,7,77.883969
5004,7,77.209649
5005,7,77.603002
5006,7,77.415691
5007,7,76.647715
5008,7,78.361612
5009,7,76.647715
5010,7,74.484272
5011,7,75.926567
5012,7,76.788199
5013,7,75.898471
5014,7,73.528985
5015,7,74.456175
5016,7,75.055571
5017,7,74.877625
5018,7,75.056286
5019,7,77.087375
5020,7,76.899311
5021,7,77.463503
5022,7,77.849034
5023,7,76.77707
5024,7,75.733316
5025,7,76.419749
5026,7,76.504377
5027,7,76.77707
5028,7,77.726792
5029,7,78.469645
5030,7,78.996224
5031,7,78.620096
5032,7,77.726792
5033,7,77.313052
5034,7,77.42589
5035,7,78.159339
5036,7,78.413226
5037,7,78.742337
5038,7,78.761144
5039,7,79.306529
5040,7,79.193691
5041,7,79.099659
5042,7,80.594766
5043,7,79.231303
5044,7,79.259513
5045,7,78.883385
5046,7,78.685918
5047,7,78.742337
5048,7,79.447577
5049,7,80.322074
5050,7,80.322074
5051,7,80.350283
5052,7,79.466383
5053,7,79.325335
5054,7,80.096397
5055,7,80.152816
5056,7,80.378493
5057,7,78.864579
5058,7,79.513399
5059,7,79.842511
5060,7,80.839249
5061,7,81.196571
5062,7,81.243587
5063,7,81.864197
5064,7,81.741956
5065,7,82.13689
5066,7,81.48807
5067,7,82.13689
5068,7,82.071068
5069,7,82.071068
5070,7,82.183906
5071,7,81.619714
5072,7,81.676133
5073,7,81.760762
5074,7,80.764024
5075,7,81.187167
5076,7,80.735814
5077,7,81.064926
5078,7,81.281199
5079,7,80.265655
5080,7,80.039978
5081,7,80.961491
5082,7,82.510089
5083,7,83.35993
5084,7,84.039803
5085,7,84.729118
5086,7,86.740408
5087,7,85.673385
5088,7,85.361777
5089,7,84.59692
5090,7,84.549707
5091,7,84.172
5092,7,84.190885
5093,7,82.283465
5094,7,82.207924
5095,7,83.312717
5096,7,84.568592
5097,7,84.483608
5098,7,82.97278
5099,7,83.378815
5100,7,84.200328
5101,7,83.841507
5102,7,83.737637
5103,7,84.663019
5104,7,83.926491
5105,7,84.379739
5106,7,83.529898
5107,7,82.576188
5108,7,79.913354
5109,7,76.608418
5110,7,76.825599
5111,7,74.776539
5112,7,72.736921
5113,7,77.061666
5114,7,73.643418
5115,7,77.514915
5116,7,76.032415
5117,7,77.184421
5118,7,72.727479
5119,7,76.372351
5120,7,73.737845
5121,7,70.574549
5122,7,77.099437
5123,7,69.55474
5124,7,75.059819
5125,7,74.842638
5126,7,70.347925
5127,7,64.210186
5128,7,59.318881
5129,7,65.805998
5130,7,66.806922
5131,7,71.584915
5132,7,70.404581
5133,7,74.918179
5134,7,74.512144
5135,7,72.302558
5136,7,75.012606
5137,7,75.022049
5138,7,78.119246
5139,7,77.363832
5140,7,80.21552
5141,7,81.244771
5142,7,81.06536
5143,7,84.511936
5144,7,86.218482
5145,7,91.015772
5146,7,91.025253
5147,7,92.911934
5148,7,89.167014
5149,7,90.52277
5150,7,89.062725
5151,7,89.176495
5152,7,90.020287
5153,7,86.711484
5154,7,87.488911
5155,7,87.308775
5156,7,85.185074
5157,7,85.166112
5158,7,88.199971
5159,7,86.351213
5160,7,89.110129
5161,7,88.835186
5162,7,91.082137
5163,7,88.929994
5164,7,87.375141
5165,7,87.01487
5166,7,85.222997
5167,7,85.583268
5168,7,83.639702
5169,7,85.412613
5170,7,85.697038
5171,7,86.720965
5172,7,84.834284
5173,7,86.047828
5174,7,87.318256
5175,7,89.991844
5176,7,88.18101
5177,7,87.811258
5178,7,86.654599
5179,7,83.668144
5180,7,85.194555
5181,7,87.754373
5182,7,85.583268
5183,7,87.375141
5184,7,83.222546
5185,7,84.398167
5186,7,84.90065
5187,7,85.080785
5188,7,86.180559
5189,7,85.592749
5190,7,85.971981
5191,7,85.649634
5192,7,86.559791
5193,7,82.767467
5194,7,84.967015
5195,7,84.104262
5196,7,84.388686
5197,7,86.683042
5198,7,86.882139
5199,7,87.441507
5200,7,88.143086
5201,7,87.659565
5202,7,87.773335
5203,7,88.806743
5204,7,88.209452
5205,7,88.256856
5206,7,90.238345
5207,7,92.056055
5208,7,91.742001
5209,7,94.45429
5210,7,94.292504
5211,7,93.445509
5212,7,95.34887
5213,7,95.948428
5214,7,94.168786
5215,7,95.158534
5216,7,95.034815
5217,7,97.566285
5218,7,96.624122
5219,7,95.777126
5220,7,95.815193
5221,7,95.101433
5222,7,97.204647
5223,7,96.833491
5224,7,96.338617
5225,7,95.206118
5226,7,94.273471
5227,7,95.786643
5228,7,96.214899
5229,7,95.158534
5230,7,95.843744
5231,7,96.081664
5232,7,95.624857
5233,7,96.71929
5234,7,97.452084
5235,7,96.490886
5236,7,97.518701
5237,7,98.203911
5238,7,105.912523
5239,7,105.436683
5240,7,104.180465
5241,7,101.401558
5242,7,104.151914
5243,7,100.430844
5244,7,99.127041
5245,7,97.870823
5246,7,100.697314
5247,7,98.974772
5248,7,99.640949
5249,7,100.583112
5250,7,101.430108
5251,7,100.592629
5252,7,101.506243
5253,7,101.696579
5254,7,100.830549
5255,7,99.736117
5256,7,97.766138
5257,7,96.043596
5258,7,98.451348
5259,7,99.393512
5260,7,100.107272
5261,7,103.571389
5262,7,103.39057
5263,7,101.353974
5264,7,103.314436
5265,7,101.116054
5266,7,102.534058
5267,7,103.295402
5268,7,104.351767
5269,7,105.68412
5270,7,103.133616
5271,7,102.886179
5272,7,102.475589
5273,7,104.719511
5274,7,103.163089
5275,7,103.468644
5276,7,101.148334
5277,7,104.538087
5278,7,102.924374
5279,7,104.079754
5280,7,103.678713
5281,7,101.616215
5282,7,100.260314
5283,7,100.365349
5284,7,102.628367
5285,7,104.614476
5286,7,106.495551
5287,7,108.405271
5288,7,109.255096
5289,7,104.45215
5290,7,105.808051
5291,7,107.564994
5292,7,106.896592
5293,7,107.517251
5294,7,108.538951
5295,7,107.956487
5296,7,104.814997
5297,7,105.989475
5298,7,105.88444
5299,7,104.337567
5300,7,102.752499
5301,7,101.606667
5302,7,102.762047
5303,7,103.334964
5304,7,103.592776
5305,7,103.268123
5306,7,102.67611
5307,7,103.029408
5308,7,102.341909
5309,7,101.979062
5310,7,101.520729
5311,7,101.711701
5312,7,102.189131
5313,7,101.969514
5314,7,102.599721
5315,7,102.494687
5316,7,103.869685
5317,7,104.051109
5318,7,103.210832
5319,7,103.392255
5320,7,102.599721
5321,7,103.459095
5322,7,102.924374
5323,7,103.439998
5324,7,103.545033
5325,7,104.547636
5326,7,104.184789
5327,7,105.47385
5328,7,105.254232
5329,7,106.275933
5330,7,106.571939
5331,7,105.836697
5332,7,103.926977
5333,7,107.087564
5334,7,105.502496
5335,7,106.71054
5336,7,107.928171
5337,7,108.234976
5338,7,108.292502
5339,7,108.187038
5340,7,109.989516
5341,7,109.999104
5342,7,109.577247
5343,7,115.425713
5344,7,118.493761
5345,7,117.487058
5346,7,115.281899
5347,7,115.262723
5348,7,114.802516
5349,7,118.915618
5350,7,119.366237
5351,7,119.989435
5352,7,120.123662
5353,7,121.609747
5354,7,122.942431
5355,7,122.74109
5356,7,121.993253
5357,7,120.238713
5358,7,117.966441
5359,7,117.496646
5360,7,115.818807
5361,7,117.333656
5362,7,116.566644
5363,7,114.840867
5364,7,117.170666
5365,7,117.47747
5366,7,114.265608
5367,7,111.226323
5368,7,112.415191
5369,7,110.861992
5370,7,111.887871
5371,7,111.101683
5372,7,112.674058
5373,7,111.897458
5374,7,113.230142
5375,7,113.345193
5376,7,112.769934
5377,7,113.239729
5378,7,115.291486
5379,7,116.46118
5380,7,115.52159
5381,7,113.15344
5382,7,114.140968
5383,7,117.036439
5384,7,117.189841
5385,7,114.812104
5386,7,114.898393
5387,7,114.035504
5388,7,114.917568
5389,7,115.023032
5390,7,115.157259
5391,7,114.840867
5392,7,115.914684
5393,7,116.048911
5394,7,117.937678
5395,7,116.921387
5396,7,119.269438
5397,7,119.663987
5398,7,119.837204
5399,7,115.477913
5400,7,117.979934
5401,7,118.846019
5402,7,118.663179
5403,7,117.960688
5404,7,117.11385
5405,7,116.873271
5406,7,116.449852
5407,7,115.554898
5408,7,115.025624
5409,7,113.110616
5410,7,114.044062
5411,7,114.313511
5412,7,114.467481
5413,7,114.457858
5414,7,113.928584
5415,7,111.96546
5416,7,113.024007
5417,7,113.851599
5418,7,112.340763
5419,7,112.571719
5420,7,111.994329
5421,7,113.360818
5422,7,112.716066
5423,7,112.870037
5424,7,113.938207
5425,7,112.350386
5426,7,111.330331
5427,7,112.254154
5428,7,101.803403
5429,7,102.871574
5430,7,105.084901
5431,7,105.171509
5432,7,105.854753
5433,7,103.83389
5434,7,104.940553
5435,7,105.999101
5436,7,105.768145
5437,7,106.316665
5438,7,106.249303
5439,7,105.912492
5440,7,107.423328
5441,7,106.172318
5442,7,107.240488
5443,7,106.778577
5444,7,106.663099
5445,7,107.490691
5446,7,108.472253
5447,7,111.339954
5448,7,112.793051
5449,7,111.561287
5450,7,112.744936
5451,7,113.591774
5452,7,114.34238
5453,7,115.352812
5454,7,114.765799
5455,7,115.227711
5456,7,114.332757
5457,7,114.178786
5458,7,113.187601
5459,7,112.694935
5460,7,113.516045
5461,7,114.75254
5462,7,114.694579
5463,7,114.936082
5464,7,114.230894
5465,7,116.694224
5466,7,115.457729
5467,7,115.737872
5468,7,116.42374
5469,7,116.974367
5470,7,116.868106
5471,7,116.810145
5472,7,117.969359
5473,7,117.438053
5474,7,118.0563
5475,7,118.01766
5476,7,118.974011
5477,7,118.529646
5478,7,117.331791
5479,7,118.635907
5480,7,118.87741
5481,7,120.423029
5482,7,121.418021
5483,7,119.717841
5484,7,121.447002
5485,7,122.026609
5486,7,121.562923
5487,7,121.234479
5488,7,120.50031
5489,7,121.205499
5490,7,120.355408
5491,7,121.659524
5492,7,122.074909
5493,7,123.069901
5494,7,124.122854
5495,7,124.55756
5496,7,124.026253
5497,7,124.673481
5498,7,123.630188
5499,7,124.422318
5500,7,122.316412
5501,7,122.731797
5502,7,123.156842
5503,7,123.108542
5504,7,122.480634
5505,7,120.625892
5506,7,120.877055
5507,7,120.413369
5508,7,121.041277
5509,7,120.142886
5510,7,116.481701
5511,7,114.704239
5512,7,115.399768
5513,7,114.114972
5514,7,113.226241
5515,7,111.603342
5516,7,111.941446
5517,7,112.530713
5518,7,113.90245
5519,7,114.366135
5520,7,112.907457
5521,7,113.332503
5522,7,113.023379
5523,7,114.008711
5524,7,113.931134
5525,7,113.281429
5526,7,115.725096
5527,7,119.574842
5528,7,121.262136
5529,7,122.88155
5530,7,122.745791
5531,7,124.24884
5532,7,123.841562
5533,7,123.841562
5534,7,124.985819
5535,7,125.034305
5536,7,123.841562
5537,7,124.801574
5538,7,125.179761
5539,7,120.602733
5540,7,122.959127
5541,7,122.600334
5542,7,123.94823
5543,7,123.395496
5544,7,124.559147
5545,7,125.519159
5546,7,126.925237
5547,7,124.723998
5548,7,123.773683
5549,7,122.997915
5550,7,121.465775
5551,7,120.709401
5552,7,121.28153
5553,7,122.066994
5554,7,124.151869
5555,7,121.960326
5556,7,122.900944
5557,7,124.491267
5558,7,126.324018
5559,7,128.457378
5560,7,128.408893
5561,7,128.360407
5562,7,128.515561
5563,7,130.299825
5564,7,131.841663
5565,7,128.913141
5566,7,131.453779
5567,7,131.967725
5568,7,132.956829
5569,7,130.891348
5570,7,131.172564
5571,7,134.779882
5572,7,134.944733
5573,7,137.175064
5574,7,136.215052
5575,7,136.913242
5576,7,136.728997
5577,7,136.476873
5578,7,134.828367
5579,7,131.657418
5580,7,131.065896
5581,7,131.046502
5582,7,131.453779
5583,7,131.162867
5584,7,131.589539
5585,7,129.669515
5586,7,126.178561
5587,7,124.728457
5588,7,123.18103
5589,7,122.674953
5590,7,121.370832
5591,7,122.460844
5592,7,120.504662
5593,7,119.969389
5594,7,116.85507
5595,7,117.215163
5596,7,121.993696
5597,7,124.0472
5598,7,123.794161
5599,7,126.558119
5600,7,126.626245
5601,7,126.236955
5602,7,124.621402
5603,7,125.205337
5604,7,126.99607
5605,7,124.339167
5606,7,122.129947
5607,7,119.492509
5608,7,120.660378
5609,7,120.368411
5610,7,117.351415
5611,7,113.662894
5612,7,114.363615
5613,7,114.110577
5614,7,115.541217
5615,7,119.132416
5616,7,117.390344
5617,7,115.005944
5618,7,117.137305
5619,7,117.730972
5620,7,118.159191
5621,7,115.677469
5622,7,113.001101
5623,7,115.220053
5624,7,113.867271
5625,7,110.967062
5626,7,112.426899
5627,7,114.334419
5628,7,116.280868
5629,7,117.954814
5630,7,119.171345
5631,7,118.49982
5632,7,118.626339
5633,7,113.789413
5634,7,114.665315
5635,7,115.765059
5636,7,116.777212
5637,7,116.971857
5638,7,117.15677
5639,7,115.190856
5640,7,115.404966
5641,7,115.696933
5642,7,116.280868
5643,7,116.728551
5644,7,120.066711
5645,7,119.949924
5646,7,116.825874
5647,7,115.220053
5648,7,116.738283
5649,7,114.989359
5650,7,113.621485
5651,7,117.22681
5652,7,119.825771
5653,7,120.539019
5654,7,116.894612
5655,7,117.256121
5656,7,114.285881
5657,7,114.041617
5658,7,115.302016
5659,7,110.895507
5660,7,110.240881
5661,7,109.85006
5662,7,113.045023
5663,7,110.416751
5664,7,109.693732
5665,7,104.925714
5666,7,104.3004
5667,7,103.411281
5668,7,105.492404
5669,7,107.358575
5670,7,107.192476
5671,7,111.911642
5672,7,110.152947
5673,7,109.859831
5674,7,110.641473
5675,7,112.390398
5676,7,111.159311
5677,7,110.59262
5678,7,112.234069
5679,7,114.012306
5680,7,114.764636
5681,7,112.43925
5682,7,114.813489
5683,7,113.895059
5684,7,113.748501
5685,7,114.197946
5686,7,112.0582
5687,7,110.123635
5688,7,107.114312
5689,7,103.479675
5690,7,100.577828
5691,7,102.395146
5692,7,99.727792
5693,7,100.177236
5694,7,102.014096
5695,7,103.02046
5696,7,103.772791
5697,7,106.938443
5698,7,106.576933
5699,7,104.515351
5700,7,106.596474
5701,7,106.1568
5702,7,107.690773
5703,7,106.791885
5704,7,106.195882
5705,7,106.977525
5706,7,106.752802
5707,7,106.391293
5708,7,105.814832
5709,7,103.772791
5710,7,103.743479
5711,7,106.795624
5712,7,105.02911
5713,7,107.884975
5714,7,106.2166
5715,7,108.630837
5716,7,107.168555
5717,7,106.481577
5718,7,107.060601
5719,7,107.943859
5720,7,108.306976
5721,7,106.815252
5722,7,107.482602
5723,7,106.618973
5724,7,107.570928
5725,7,107.678882
5726,7,107.217625
5727,7,106.972276
5728,7,105.902553
5729,7,108.21865
5730,7,108.434557
5731,7,109.40614
5732,7,109.818327
5733,7,109.945909
5734,7,108.493441
5735,7,107.914417
5736,7,108.012557
5737,7,105.45111
5738,7,104.037899
5739,7,103.478502
5740,7,103.920131
5741,7,100.004357
5742,7,99.945473
5743,7,100.298776
5744,7,100.740405
5745,7,102.889664
5746,7,100.593195
5747,7,100.799288
5748,7,102.752268
5749,7,104.999668
5750,7,106.461949
5751,7,107.256881
5752,7,103.871061
5753,7,103.812177
5754,7,103.105571
5755,7,102.065291
5756,7,102.153616
5757,7,100.40673
5758,7,98.777611
5759,7,99.189797
5760,7,98.807052
5761,7,97.982679
5762,7,96.500769
5763,7,96.883514
5764,7,96.461514
5765,7,94.959976
5766,7,97.668632
5767,7,101.162405
5768,7,101.456824
5769,7,100.544125
5770,7,99.896403
5771,7,99.248681
5772,7,99.857147
5773,7,98.218214
5774,7,101.02501
5775,7,99.487008
5776,7,102.060203
5777,7,103.499615
5778,7,96.726493
5779,7,93.867387
5780,7,93.719503
5781,7,96.903954
5782,7,96.568749
5783,7,97.032121
5784,7,95.563133
5785,7,98.087032
5786,7,97.544788
5787,7,97.909571
5788,7,96.65748
5789,7,95.089901
5790,7,96.687057
5791,7,98.096891
5792,7,98.234917
5793,7,98.057456
5794,7,102.760191
5795,7,102.622165
5796,7,100.571496
5797,7,101.685562
5798,7,102.148934
5799,7,101.113741
5800,7,102.405267
5801,7,102.415126
5802,7,103.391166
5803,7,104.524949
5804,7,105.451694
5805,7,103.903833
5806,7,103.519333
5807,7,106.062951
5808,7,106.408015
5809,7,106.565759
5810,7,103.923551
5811,7,102.395408
5812,7,103.332012
5813,7,105.412258
5814,7,105.993938
5815,7,107.946017
5816,7,109.957249
5817,7,109.691057
5818,7,106.989695
5819,7,105.402399
5820,7,105.086911
5821,7,104.988321
5822,7,106.615054
5823,7,106.506605
5824,7,106.65449
5825,7,107.03899
5826,7,106.309425
5827,7,108.754453
5828,7,108.241786
5829,7,108.034747
5830,7,109.641762
5831,7,109.237543
5832,7,110.745968
5833,7,110.568506
5834,7,112.244534
5835,7,111.554405
5836,7,110.292455
5837,7,112.421844
5838,7,112.302994
5839,7,110.441017
5840,7,110.728237
5841,7,111.738459
5842,7,112.917051
5843,7,111.451239
5844,7,109.935906
5845,7,110.005235
5846,7,108.895972
5847,7,108.757314
5848,7,109.49022
5849,7,110.748045
5850,7,111.173923
5851,7,110.718333
5852,7,109.688302
5853,7,110.916415
5854,7,109.143575
5855,7,107.033994
5856,7,107.123131
5857,7,107.47968
5858,7,106.231759
5859,7,106.251567
5860,7,105.063071
5861,7,105.716744
5862,7,102.656366
5863,7,101.705569
5864,7,101.566911
5865,7,99.496947
5866,7,98.813561
5867,7,100.744868
5868,7,99.8634
5869,7,101.646144
5870,7,103.448697
5871,7,101.764994
5872,7,99.021548
5873,7,98.447108
5874,7,96.911967
5875,7,96.030499
5876,7,97.248708
5877,7,97.605257
5878,7,96.862447
5879,7,98.080655
5880,7,96.08002
5881,7,96.931776
5882,7,97.387366
5883,7,95.931458
5884,7,96.109732
5885,7,97.11005
5886,7,97.51612
5887,7,96.179061
5888,7,97.674586
5889,7,98.130176
5890,7,100.289278
5891,7,100.616114
5892,7,101.814515
5893,7,103.210998
5894,7,103.924095
5895,7,102.705887
5896,7,102.299817
5897,7,101.576815
5898,7,103.121861
5899,7,103.470212
5900,7,104.027573
5901,7,103.659316
5902,7,111.760966
5903,7,109.830106
5904,7,111.133934
5905,7,109.879871
5906,7,109.451897
5907,7,108.237644
5908,7,108.984111
5909,7,109.949541
5910,7,110.586526
5911,7,110.974688
5912,7,111.233463
5913,7,110.337703
5914,7,110.735819
5915,7,110.377515
5916,7,109.730577
5917,7,110.168504
5918,7,109.53152
5919,7,109.969447
5920,7,109.322509
5921,7,108.874629
5922,7,108.307315
5923,7,107.958964
5924,7,108.416796
5925,7,107.74
5926,7,105.241825
5927,7,103.549835
5928,7,101.658786
5929,7,102.385347
5930,7,101.230812
5931,7,101.519446
5932,7,102.335582
5933,7,103.709081
5934,7,103.271154
5935,7,102.136525
5936,7,101.181048
5937,7,100.305194
5938,7,101.210906
5939,7,100.922273
5940,7,101.380105
5941,7,102.763557
5942,7,104.525218
5943,7,105.699658
5944,7,106.197303
5945,7,105.749423
5946,7,107.74
5947,7,107.540942
5948,7,107.998775
5949,7,107.282167
5950,7,107.103015
5951,7,107.15278
5952,7,108.506372
5953,7,106.714853
5954,7,106.864146
5955,7,106.694947
5956,7,105.848952
5957,7,106.515795
5958,7,106.993533
5959,7,106.346596
5960,7,107.74
5961,7,107.93
5962,7,107.0
5963,7,106.95
5964,7,107.28
5965,7,111.83
5966,7,114.29
0,8,1.493332
1,8,1.472221
2,8,1.472221
3,8,1.542221
4,8,1.485554
5,8,1.527776
6,8,1.485554
7,8,1.45111
8,8,1.402221
9,8,1.423332
10,8,1.416665
11,8,1.375554
12,8,1.416665
13,8,1.416665
14,8,1.416665
15,8,1.36111
16,8,1.339999
17,8,1.333332
18,8,1.333332
19,8,1.437776
20,8,1.388888
21,8,1.457776
22,8,1.434443
23,8,1.36111
24,8,1.333332
25,8,1.333332
26,8,1.29111
27,8,1.305554
28,8,1.277777
29,8,1.264443
30,8,1.318888
31,8,1.277777
32,8,1.29111
33,8,1.277777
34,8,1.36111
35,8,1.333332
36,8,1.29111
37,8,1.402221
38,8,1.409999
39,8,1.43111
40,8,1.444443
41,8,1.402221
42,8,1.277777
43,8,1.27111
44,8,1.388888
45,8,1.375554
46,8,1.45111
47,8,1.499999
48,8,1.514443
49,8,1.514443
50,8,1.583332
51,8,1.652221
52,8,1.72222
53,8,1.764443
54,8,1.72222
55,8,1.735554
56,8,1.72222
57,8,1.715554
58,8,1.681109
59,8,1.701109
60,8,1.681109
61,8,1.624443
62,8,1.568887
63,8,1.562221
64,8,1.527776
65,8,1.555554
66,8,1.611109
67,8,1.638887
68,8,1.611109
69,8,1.611109
70,8,1.576665
71,8,1.565554
72,8,1.589998
73,8,1.617776
74,8,1.648887
75,8,1.583332
76,8,1.555554
77,8,1.583332
78,8,1.659998
79,8,1.555554
80,8,1.611109
81,8,1.694443
82,8,1.652221
83,8,1.666665
84,8,1.666665
85,8,1.652221
86,8,1.659998
87,8,1.659998
88,8,1.669998
89,8,1.659998
90,8,1.652221
91,8,1.645554
92,8,1.659998
93,8,1.659998
94,8,1.652221
95,8,1.659998
96,8,1.673332
97,8,1.666665
98,8,1.666665
99,8,1.72222
100,8,1.72222
101,8,1.735554
102,8,1.764443
103,8,1.784443
104,8,1.818887
105,8,1.784443
106,8,1.839998
107,8,1.777776
108,8,1.777776
109,8,1.833331
110,8,1.771109
111,8,1.735554
112,8,1.72222
113,8,1.735554
114,8,1.725554
115,8,1.764443
116,8,1.805554
117,8,1.72222
118,8,1.708887
119,8,1.681109
120,8,1.708887
121,8,1.725554
122,8,1.764443
123,8,1.709998
124,8,1.715554
125,8,1.701109
126,8,1.72222
127,8,1.777776
128,8,1.777776
129,8,1.743332
130,8,1.694443
131,8,1.743332
132,8,1.666665
133,8,1.708887
134,8,1.708887
135,8,1.72222
136,8,1.681109
137,8,1.681109
138,8,1.694443
139,8,1.681109
140,8,1.708887
141,8,1.701109
142,8,1.673332
143,8,1.694443
144,8,1.652221
145,8,1.666665
146,8,1.681109
147,8,1.708887
148,8,1.666665
149,8,1.666665
150,8,1.681109
151,8,1.701109
152,8,1.666665
153,8,1.666665
154,8,1.666665
155,8,1.666665
156,8,1.652221
157,8,1.617776
158,8,1.666665
159,8,1.666665
160,8,1.764443
161,8,1.735554
162,8,1.735554
163,8,1.728887
164,8,1.728887
165,8,1.728887
166,8,1.728887
167,8,1.659998
168,8,1.659998
169,8,1.694443
170,8,1.735554
171,8,1.764443
172,8,1.735554
173,8,1.756665
174,8,1.756665
175,8,1.749998
176,8,1.756665
177,8,1.743332
178,8,1.756665
179,8,1.749998
180,8,1.735554
181,8,1.735554
182,8,1.735554
183,8,1.735554
184,8,1.681109
185,8,1.694443
186,8,1.709998
187,8,1.72222
188,8,1.756665
189,8,1.756665
190,8,1.72222
191,8,1.72222
192,8,1.749998
193,8,1.72222
194,8,1.666665
195,8,1.652221
196,8,1.652221
197,8,1.694443
198,8,1.666665
199,8,1.652221
200,8,1.666665
201,8,1.666665
202,8,1.666665
203,8,1.681109
204,8,1.694443
205,8,1.666665
206,8,1.694443
207,8,1.764443
208,8,1.72222
209,8,1.694443
210,8,1.687776
211,8,1.728887
212,8,1.694443
213,8,1.72222
214,8,1.749998
215,8,1.708887
216,8,1.694443
217,8,1.681109
218,8,1.681109
219,8,1.666665
220,8,1.681109
221,8,1.694443
222,8,1.72222
223,8,1.72222
224,8,1.728887
225,8,1.709998
226,8,1.708887
227,8,1.708887
228,8,1.708887
229,8,1.72222
230,8,1.749998
231,8,1.749998
232,8,1.764443
233,8,1.735554
234,8,1.764443
235,8,1.743332
236,8,1.735554
237,8,1.72222
238,8,1.743332
239,8,1.743332
240,8,1.743332
241,8,1.756665
242,8,1.756665
243,8,1.749998
244,8,1.708887
245,8,1.687776
246,8,1.735554
247,8,1.72222
248,8,1.735554
249,8,1.72222
250,8,1.715554
251,8,1.72222
252,8,1.72222
253,8,1.72222
254,8,1.756665
255,8,1.708887
256,8,1.708887
257,8,1.728887
258,8,1.735554
259,8,1.72222
260,8,1.708887
261,8,1.749998
262,8,1.701109
263,8,1.687776
264,8,1.694443
265,8,1.694443
266,8,1.694443
267,8,1.589998
268,8,1.673332
269,8,1.694443
270,8,1.708887
271,8,1.673332
272,8,1.638887
273,8,1.666665
274,8,1.611109
275,8,1.625554
276,8,1.638887
277,8,1.638887
278,8,1.638887
279,8,1.632221
280,8,1.638887
281,8,1.653332
282,8,1.659998
283,8,1.659998
284,8,1.659998
285,8,1.653332
286,8,1.653332
287,8,1.638887
288,8,1.632221
289,8,1.638887
290,8,1.638887
291,8,1.632221
292,8,1.597776
293,8,1.666665
294,8,1.611109
295,8,1.611109
296,8,1.611109
297,8,1.611109
298,8,1.645554
299,8,1.653332
300,8,1.632221
301,8,1.653332
302,8,1.756665
303,8,1.673332
304,8,1.736665
305,8,1.736665
306,8,1.653332
307,8,1.645554
308,8,1.666665
309,8,1.715554
310,8,1.715554
311,8,1.653332
312,8,1.617776
313,8,1.666665
314,8,1.715554
315,8,1.701109
316,8,1.736665
317,8,1.72222
318,8,1.736665
319,8,1.72222
320,8,1.728887
321,8,1.72222
322,8,1.728887
323,8,1.728887
324,8,1.728887
325,8,1.743332
326,8,1.839998
327,8,2.006665
328,8,1.81222
329,8,1.784443
330,8,1.784443
331,8,1.784443
332,8,1.777776
333,8,1.777776
334,8,1.777776
335,8,1.743332
336,8,1.777776
337,8,1.755554
338,8,1.784443
339,8,1.777776
340,8,1.777776
341,8,1.764443
342,8,1.764443
343,8,1.764443
344,8,1.777776
345,8,1.736665
346,8,1.749998
347,8,1.749998
348,8,1.777776
349,8,1.777776
350,8,1.736665
351,8,1.681109
352,8,1.708887
353,8,1.79222
354,8,1.784443
355,8,1.764443
356,8,1.681109
357,8,1.694443
358,8,1.72222
359,8,1.666665
360,8,1.743332
361,8,1.739998
362,8,1.749998
363,8,1.749998
364,8,1.733332
365,8,1.686665
366,8,1.74222
367,8,1.777776
368,8,1.711109
369,8,1.723332
370,8,1.727776
371,8,1.749998
372,8,1.749998
373,8,1.769998
374,8,1.761109
375,8,1.761109
376,8,1.775554
377,8,1.736665
378,8,1.755554
379,8,1.749998
380,8,1.766665
381,8,1.699998
382,8,1.687776
383,8,1.766665
384,8,1.766665
385,8,1.761109
386,8,1.761109
387,8,1.805554
388,8,1.805554
389,8,1.821109
390,8,1.805554
391,8,1.811109
392,8,1.854443
393,8,1.823332
394,8,1.811109
395,8,1.855554
396,8,1.854443
397,8,1.861109
398,8,1.861109
399,8,1.863331
400,8,1.877776
401,8,1.868887
402,8,1.87222
403,8,1.87222
404,8,1.749998
405,8,1.777776
406,8,1.82222
407,8,1.811109
408,8,1.783332
409,8,1.783332
410,8,1.761109
411,8,1.733332
412,8,1.746665
413,8,1.777776
414,8,1.861109
415,8,1.849998
416,8,1.861109
417,8,1.788887
418,8,1.749998
419,8,1.87222
420,8,1.87222
421,8,1.87222
422,8,1.87222
423,8,1.871109
424,8,1.87222
425,8,1.866665
426,8,1.883331
427,8,1.87222
428,8,1.919998
429,8,1.901109
430,8,1.888887
431,8,1.977776
432,8,1.989998
433,8,1.959998
434,8,1.979998
435,8,1.966665
436,8,1.895554
437,8,1.876665
438,8,1.87222
439,8,1.873331
440,8,1.873331
441,8,1.873331
442,8,1.87222
443,8,1.904443
444,8,1.977776
445,8,1.977776
446,8,1.87222
447,8,1.87222
448,8,1.937776
449,8,1.894443
450,8,1.899998
451,8,1.895554
452,8,1.903331
453,8,1.955554
454,8,1.926665
455,8,1.954442
456,8,1.933331
457,8,1.943331
458,8,1.924443
459,8,1.894443
460,8,1.894443
461,8,1.92222
462,8,1.966665
463,8,1.966665
464,8,2.026665
465,8,2.015554
466,8,2.026665
467,8,2.133331
468,8,2.011109
469,8,1.97222
470,8,1.955554
471,8,1.911109
472,8,1.781109
473,8,1.805554
474,8,1.805554
475,8,1.877776
476,8,1.866665
477,8,1.861109
478,8,1.833331
479,8,1.838887
480,8,1.838887
481,8,1.833331
482,8,1.888887
483,8,1.888887
484,8,1.838887
485,8,1.855554
486,8,1.861109
487,8,1.82222
488,8,1.861109
489,8,1.894443
490,8,1.86222
491,8,1.861109
492,8,1.888887
493,8,1.888887
494,8,1.937776
495,8,2.694442
496,8,2.666664
497,8,2.588886
498,8,2.611108
499,8,2.588886
500,8,2.611108
501,8,2.643331
502,8,2.644442
503,8,2.64222
504,8,2.643331
505,8,2.583331
506,8,2.604442
507,8,2.555553
508,8,2.611108
509,8,2.583331
510,8,2.555553
511,8,2.561109
512,8,2.644442
513,8,2.635553
514,8,2.587775
515,8,2.62222
516,8,2.57222
517,8,2.62222
518,8,2.616664
519,8,2.644442
520,8,2.638886
521,8,2.627775
522,8,2.627775
523,8,2.633331
524,8,2.62222
525,8,2.694442
526,8,2.605553
527,8,2.63222
528,8,2.633331
529,8,2.638886
530,8,2.635553
531,8,2.685553
532,8,2.67222
533,8,2.644442
534,8,2.638886
535,8,2.694442
536,8,2.707775
537,8,2.694442
538,8,2.761108
539,8,2.844442
540,8,2.844442
541,8,2.861108
542,8,2.945553
543,8,3.008886
544,8,2.984441
545,8,2.997775
546,8,3.055553
547,8,3.104441
548,8,3.027775
549,8,3.038886
550,8,3.08333
551,8,2.944441
552,8,2.895553
553,8,2.856664
554,8,2.811108
555,8,2.877775
556,8,2.888886
557,8,2.888886
558,8,2.888886
559,8,2.833331
560,8,2.833331
561,8,2.833331
562,8,2.835553
563,8,2.941108
564,8,2.999997
565,8,2.909997
566,8,2.878886
567,8,2.902219
568,8,2.845553
569,8,2.957775
570,8,2.888886
571,8,2.955553
572,8,2.999997
573,8,2.999997
574,8,2.977775
575,8,2.988886
576,8,2.947775
577,8,2.988886
578,8,2.939997
579,8,2.916664
580,8,2.93333
581,8,2.988886
582,8,2.945553
583,8,2.954441
584,8,2.98333
585,8,2.977775
586,8,3.029997
587,8,2.966664
588,8,3.049997
589,8,2.999997
590,8,3.015553
591,8,3.026664
592,8,3.029997
593,8,2.988886
594,8,2.93333
595,8,2.938886
596,8,2.93333
597,8,2.879997
598,8,2.789997
599,8,2.906664
600,8,2.861108
601,8,2.867775
602,8,2.833331
603,8,2.858886
604,8,2.972219
605,8,3.044441
606,8,3.072219
607,8,3.097775
608,8,3.018886
609,8,3.044441
610,8,3.099997
611,8,3.177775
612,8,3.177775
613,8,3.205552
614,8,3.209997
615,8,3.252219
616,8,3.222219
617,8,3.191108
618,8,3.199997
619,8,3.217775
620,8,3.216663
621,8,3.18333
622,8,3.127775
623,8,3.238886
624,8,3.334441
625,8,3.394441
626,8,3.322219
627,8,3.194441
628,8,3.189997
629,8,3.27333
630,8,3.219997
631,8,3.288886
632,8,3.416663
633,8,3.411108
634,8,3.338886
635,8,3.388886
636,8,3.388886
637,8,3.352219
638,8,3.305552
639,8,3.248886
640,8,3.344441
641,8,3.299997
642,8,3.321108
643,8,3.238886
644,8,3.274441
645,8,3.299997
646,8,3.322219
647,8,3.275552
648,8,3.28333
649,8,3.249997
650,8,3.221108
651,8,3.234441
652,8,3.212219
653,8,3.219997
654,8,3.258886
655,8,3.249997
656,8,3.307774
657,8,3.288886
658,8,3.22333
659,8,3.239997
660,8,3.278886
661,8,3.177775
662,8,3.079997
663,8,3.027775
664,8,3.011108
665,8,3.127775
666,8,3.144441
667,8,2.986664
668,8,2.978886
669,8,3.015553
670,8,3.055553
671,8,3.147775
672,8,2.904442
673,8,2.926664
674,8,2.818886
675,8,2.729997
676,8,2.84333
677,8,2.666664
678,8,2.666664
679,8,2.666664
680,8,2.711108
681,8,2.679997
682,8,2.777775
683,8,2.812219
684,8,2.878886
685,8,3.055553
686,8,2.966664
687,8,2.99333
688,8,3.009997
689,8,3.038886
690,8,2.905553
691,8,2.92333
692,8,3.00333
693,8,3.009997
694,8,3.015553
695,8,2.982219
696,8,3.068886
697,8,3.109997
698,8,3.066664
699,8,3.075552
700,8,3.066664
701,8,3.121108
702,8,3.111108
703,8,3.105552
704,8,3.112219
705,8,3.11333
706,8,3.118886
707,8,3.104441
708,8,3.088886
709,8,3.112219
710,8,3.084441
711,8,3.069997
712,8,2.995553
713,8,2.999997
714,8,3.044441
715,8,3.099997
716,8,3.022219
717,8,3.032219
718,8,3.077775
719,8,3.088886
720,8,3.099997
721,8,3.088886
722,8,3.088886
723,8,3.144441
724,8,3.066664
725,8,3.022219
726,8,3.022219
727,8,3.116664
728,8,3.109997
729,8,3.099997
730,8,3.111108
731,8,2.961108
732,8,2.949997
733,8,2.955553
734,8,2.95333
735,8,2.99333
736,8,2.977775
737,8,2.977775
738,8,2.98333
739,8,2.955553
740,8,2.982219
741,8,3.03333
742,8,2.916664
743,8,2.971108
744,8,2.985553
745,8,3.034441
746,8,3.03333
747,8,3.032219
748,8,3.067775
749,8,3.112219
750,8,3.105552
751,8,3.105552
752,8,3.112219
753,8,3.111108
754,8,3.09333
755,8,3.075552
756,8,3.107775
757,8,3.109997
758,8,3.041108
759,8,3.041108
760,8,3.169997
761,8,3.22333
762,8,3.249997
763,8,3.349997
764,8,3.481108
765,8,3.429997
766,8,3.411108
767,8,3.358886
768,8,3.344441
769,8,3.371108
770,8,3.33333
771,8,3.322219
772,8,3.361108
773,8,3.444441
774,8,3.48333
775,8,3.627774
776,8,3.644441
777,8,3.621107
778,8,3.599996
779,8,3.628885
780,8,3.626663
781,8,3.546663
782,8,3.458885
783,8,3.475552
784,8,3.402219
785,8,3.372219
786,8,3.38333
787,8,3.388886
788,8,3.397774
789,8,3.426663
790,8,3.43333
791,8,3.387774
792,8,3.34333
793,8,3.46333
794,8,3.447774
795,8,3.458885
796,8,3.425552
797,8,3.378886
798,8,3.331108
799,8,3.366663
800,8,3.355552
801,8,3.367774
802,8,3.429997
803,8,3.466663
804,8,3.501108
805,8,3.447774
806,8,3.445552
807,8,3.45333
808,8,3.499996
809,8,3.50333
810,8,3.498885
811,8,3.437774
812,8,3.437774
813,8,3.408885
814,8,3.391108
815,8,3.389997
816,8,3.365552
817,8,3.368886
818,8,3.365552
819,8,3.277775
820,8,3.305552
821,8,3.314441
822,8,3.285552
823,8,3.294441
824,8,3.311108
825,8,3.324441
826,8,3.208886
827,8,3.144441
828,8,3.214441
829,8,3.107775
830,8,3.106664
831,8,3.227775
832,8,3.32333
833,8,3.47333
834,8,3.547774
835,8,3.538885
836,8,3.559996
837,8,3.554441
838,8,3.577774
839,8,3.606663
840,8,3.62333
841,8,3.555552
842,8,3.638885
843,8,3.641107
844,8,3.631107
845,8,3.622219
846,8,3.666663
847,8,3.666663
848,8,3.672219
849,8,3.669996
850,8,3.682219
851,8,3.68333
852,8,3.70333
853,8,3.745552
854,8,3.772218
855,8,3.83333
856,8,3.835663
857,8,3.805552
858,8,3.704441
859,8,3.70333
860,8,3.772218
861,8,3.804441
862,8,3.815552
863,8,3.824441
864,8,3.875552
865,8,3.849996
866,8,3.865552
867,8,3.833218
868,8,3.83333
869,8,3.979996
870,8,3.943329
871,8,3.856663
872,8,3.839996
873,8,3.874441
874,8,3.954329
875,8,3.861107
876,8,3.972218
877,8,3.976552
878,8,3.951107
879,8,3.966663
880,8,3.973329
881,8,3.934441
882,8,3.875552
883,8,3.999996
884,8,3.928885
885,8,4.053329
886,8,4.111107
887,8,4.09444
888,8,4.067774
889,8,4.043329
890,8,3.893329
891,8,3.966663
892,8,4.02444
893,8,4.052218
894,8,4.023329
895,8,4.022218
896,8,4.111107
897,8,4.115551
898,8,4.14444
899,8,4.169996
900,8,4.162329
901,8,4.141107
902,8,4.036663
903,8,4.059996
904,8,4.049996
905,8,4.066663
906,8,4.026663
907,8,4.066663
908,8,3.982218
909,8,3.863329
910,8,3.826663
911,8,3.834441
912,8,3.782218
913,8,3.755552
914,8,3.784441
915,8,3.777774
916,8,3.861107
917,8,3.853329
918,8,3.856663
919,8,3.882218
920,8,3.878885
921,8,3.935552
922,8,3.936663
923,8,3.955552
924,8,3.905552
925,8,3.909996
926,8,3.942218
927,8,3.943329
928,8,3.919996
929,8,3.811107
930,8,3.868885
931,8,3.855552
932,8,3.858885
933,8,3.766663
934,8,3.745552
935,8,3.78333
936,8,3.807774
937,8,3.806663
938,8,3.766663
939,8,3.811107
940,8,3.555552
941,8,3.467774
942,8,3.652219
943,8,3.737774
944,8,3.749996
945,8,3.774441
946,8,3.81333
947,8,3.788885
948,8,3.787774
949,8,3.841107
950,8,3.811107
951,8,3.894329
952,8,3.906663
953,8,3.885552
954,8,3.872218
955,8,3.851107
956,8,3.788885
957,8,3.809996
958,8,3.844441
959,8,3.796663
960,8,3.777774
961,8,3.739996
962,8,3.809996
963,8,3.83333
964,8,3.777774
965,8,3.828885
966,8,3.824441
967,8,3.812218
968,8,3.775552
969,8,3.727663
970,8,3.658885
971,8,3.718885
972,8,3.721107
973,8,3.757774
974,8,3.744441
975,8,3.708885
976,8,3.691107
977,8,3.611108
978,8,3.654441
979,8,3.666663
980,8,3.655552
981,8,3.674441
982,8,3.71333
983,8,3.716663
984,8,3.715552
985,8,3.744441
986,8,3.731107
987,8,3.776663
988,8,3.829996
989,8,3.794441
990,8,3.866774
991,8,3.924441
992,8,3.863329
993,8,3.864441
994,8,3.907774
995,8,3.916663
996,8,4.01444
997,8,3.955552
998,8,3.995552
999,8,3.948885
1000,8,3.934441
1001,8,3.941107
1002,8,4.049996
1003,8,4.028885
1004,8,4.055551
1005,8,4.159996
1006,8,4.275551
1007,8,4.356662
1008,8,4.33344
1009,8,4.330996
1010,8,4.29444
1011,8,4.297773
1012,8,4.256662
1013,8,4.209996
1014,8,4.215551
1015,8,4.112107
1016,8,4.156663
1017,8,4.19444
1018,8,4.085551
1019,8,4.079996
1020,8,4.066663
1021,8,4.091107
1022,8,4.15444
1023,8,4.106663
1024,8,4.173329
1025,8,4.26444
1026,8,4.258885
1027,8,4.233329
1028,8,4.24444
1029,8,4.339996
1030,8,4.346662
1031,8,4.333329
1032,8,4.328885
1033,8,4.355551
1034,8,4.321107
1035,8,4.297773
1036,8,4.259996
1037,8,4.330885
1038,8,4.34444
1039,8,4.369996
1040,8,4.363329
1041,8,4.368885
1042,8,4.368885
1043,8,4.397884
1044,8,4.443329
1045,8,4.428884
1046,8,4.488884
1047,8,4.455551
1048,8,4.449996
1049,8,4.441107
1050,8,4.481107
1051,8,4.577773
1052,8,4.622218
1053,8,4.667773
1054,8,4.70444
1055,8,4.777773
1056,8,4.786662
1057,8,4.833329
1058,8,4.853328
1059,8,4.838884
1060,8,4.845551
1061,8,4.939995
1062,8,4.957773
1063,8,5.006662
1064,8,4.944439
1065,8,4.872217
1066,8,4.869995
1067,8,4.855551
1068,8,4.782217
1069,8,4.78444
1070,8,4.797773
1071,8,4.833329
1072,8,4.866662
1073,8,4.832217
1074,8,4.792217
1075,8,4.706551
1076,8,4.749995
1077,8,4.656662
1078,8,4.63544
1079,8,4.575551
1080,8,4.566662
1081,8,4.605551
1082,8,4.655551
1083,8,4.666662
1084,8,4.712218
1085,8,4.738884
1086,8,4.732217
1087,8,4.775551
1088,8,4.782217
1089,8,4.778884
1090,8,4.792217
1091,8,4.77444
1092,8,4.707773
1093,8,4.689995
1094,8,4.683329
1095,8,4.692218
1096,8,4.695551
1097,8,4.657773
1098,8,4.732217
1099,8,4.666662
1100,8,4.458884
1101,8,4.372218
1102,8,4.449996
1103,8,4.535551
1104,8,4.592218
1105,8,4.628884
1106,8,4.652218
1107,8,4.677773
1108,8,4.69444
1109,8,4.711106
1110,8,4.773329
1111,8,4.72444
1112,8,4.723329
1113,8,4.765551
1114,8,4.769995
1115,8,4.77444
1116,8,4.761106
1117,8,4.696662
1118,8,4.716662
1119,8,4.69444
1120,8,4.667773
1121,8,4.611106
1122,8,4.593329
1123,8,4.583329
1124,8,4.522218
1125,8,4.565551
1126,8,4.516662
1127,8,4.525551
1128,8,4.462218
1129,8,4.407773
1130,8,4.411107
1131,8,4.308885
1132,8,4.366662
1133,8,4.255551
1134,8,4.202218
1135,8,4.197774
1136,8,4.192218
1137,8,4.168885
1138,8,4.152218
1139,8,4.177774
1140,8,4.218885
1141,8,4.258885
1142,8,4.156663
1143,8,4.161107
1144,8,4.116663
1145,8,4.216662
1146,8,4.279996
1147,8,4.292218
1148,8,4.273329
1149,8,4.233329
1150,8,4.272218
1151,8,4.368885
1152,8,4.33444
1153,8,4.437773
1154,8,4.388884
1155,8,4.388884
1156,8,4.38444
1157,8,4.361107
1158,8,4.388884
1159,8,4.409996
1160,8,4.368885
1161,8,4.439996
1162,8,4.443329
1163,8,4.411107
1164,8,4.427773
1165,8,4.433329
1166,8,4.396662
1167,8,4.455551
1168,8,4.43444
1169,8,4.431107
1170,8,4.44444
1171,8,4.397773
1172,8,4.44444
1173,8,4.429996
1174,8,4.436662
1175,8,4.478884
1176,8,4.506662
1177,8,4.479996
1178,8,4.50444
1179,8,4.433329
1180,8,4.418884
1181,8,4.412218
1182,8,4.253329
1183,8,4.221107
1184,8,4.09444
1185,8,4.065551
1186,8,4.053329
1187,8,4.111107
1188,8,4.126663
1189,8,4.151107
1190,8,4.277774
1191,8,4.273329
1192,8,4.28444
1193,8,4.271107
1194,8,4.229996
1195,8,4.232218
1196,8,4.199996
1197,8,4.228885
1198,8,4.211107
1199,8,4.227774
1200,8,4.176662
1201,8,4.207774
1202,8,4.175551
1203,8,4.189996
1204,8,4.181107
1205,8,4.188885
1206,8,4.175551
1207,8,4.117774
1208,8,4.069996
1209,8,4.036663
1210,8,4.01444
1211,8,4.00444
1212,8,4.066663
1213,8,4.12444
1214,8,4.31444
1215,8,4.298885
1216,8,4.286662
1217,8,4.272218
1218,8,4.255551
1219,8,4.326662
1220,8,4.403329
1221,8,4.42444
1222,8,4.441107
1223,8,4.438884
1224,8,4.443329
1225,8,4.411107
1226,8,4.415551
1227,8,4.332218
1228,8,4.279996
1229,8,4.25444
1230,8,4.18444
1231,8,4.191107
1232,8,4.166663
1233,8,4.326662
1234,8,4.283329
1235,8,4.226662
1236,8,4.159996
1237,8,4.183329
1238,8,4.217774
1239,8,4.281107
1240,8,4.227774
1241,8,4.188885
1242,8,4.17444
1243,8,4.008885
1244,8,4.049996
1245,8,4.049996
1246,8,3.96444
1247,8,3.976663
1248,8,4.019996
1249,8,3.99444
1250,8,3.894441
1251,8,3.998885
1252,8,4.116663
1253,8,4.183329
1254,8,4.17444
1255,8,4.156663
1256,8,4.133329
1257,8,4.248885
1258,8,4.255551
1259,8,4.262218
1260,8,4.278885
1261,8,4.275551
1262,8,4.327773
1263,8,4.285551
1264,8,4.26444
1265,8,4.263329
1266,8,4.235551
1267,8,4.272218
1268,8,4.272218
1269,8,4.305551
1270,8,4.327773
1271,8,4.353329
1272,8,4.33444
1273,8,4.361107
1274,8,4.358885
1275,8,4.327773
1276,8,4.388884
1277,8,4.353329
1278,8,4.338885
1279,8,4.391107
1280,8,4.34444
1281,8,4.282218
1282,8,4.266662
1283,8,4.266662
1284,8,4.322218
1285,8,4.291107
1286,8,4.322218
1287,8,4.278885
1288,8,4.359996
1289,8,4.332218
1290,8,4.32444
1291,8,4.29444
1292,8,4.326662
1293,8,4.256662
1294,8,4.305551
1295,8,4.273329
1296,8,4.276662
1297,8,4.299996
1298,8,4.233329
1299,8,4.177774
1300,8,4.153329
1301,8,4.147774
1302,8,4.191107
1303,8,4.212218
1304,8,4.183762
1305,8,4.177774
1306,8,4.163329
1307,8,4.139996
1308,8,4.207774
1309,8,4.221107
1310,8,4.166663
1311,8,4.171107
1312,8,4.15444
1313,8,4.136663
1314,8,4.118885
1315,8,4.098885
1316,8,4.078885
1317,8,4.081107
1318,8,4.105551
1319,8,4.138885
1320,8,4.236662
1321,8,4.333329
1322,8,4.403329
1323,8,4.399996
1324,8,4.418884
1325,8,4.456662
1326,8,4.487773
1327,8,4.546662
1328,8,4.598884
1329,8,4.60444
1330,8,4.541107
1331,8,4.598884
1332,8,4.449996
1333,8,4.485551
1334,8,4.516662
1335,8,4.56444
1336,8,4.608884
1337,8,4.586662
1338,8,4.603329
1339,8,4.543329
1340,8,4.63444
1341,8,4.662218
1342,8,4.629995
1343,8,4.605551
1344,8,4.59444
1345,8,4.548884
1346,8,4.538884
1347,8,4.555551
1348,8,4.51444
1349,8,4.515551
1350,8,4.438884
1351,8,4.439996
1352,8,4.397773
1353,8,4.407773
1354,8,4.406662
1355,8,4.393329
1356,8,4.461107
1357,8,4.465551
1358,8,4.448884
1359,8,4.455551
1360,8,4.478884
1361,8,4.495551
1362,8,4.532218
1363,8,4.577773
1364,8,4.551107
1365,8,4.513329
1366,8,4.568884
1367,8,4.583329
1368,8,4.505784
1369,8,4.478884
1370,8,4.449996
1371,8,4.441107
1372,8,4.449996
1373,8,4.471107
1374,8,4.495551
1375,8,4.499995
1376,8,4.529995
1377,8,4.468884
1378,8,4.44444
1379,8,4.443329
1380,8,4.493329
1381,8,4.513329
1382,8,4.486662
1383,8,4.466662
1384,8,4.476662
1385,8,4.461107
1386,8,4.473329
1387,8,4.572218
1388,8,4.633329
1389,8,4.633884
1390,8,4.663329
1391,8,4.699995
1392,8,4.758884
1393,8,4.828884
1394,8,4.872217
1395,8,4.853328
1396,8,4.851106
1397,8,4.841106
1398,8,4.871106
1399,8,4.853328
1400,8,4.961106
1401,8,4.846662
1402,8,4.816662
1403,8,4.81444
1404,8,4.795551
1405,8,4.76444
1406,8,4.861106
1407,8,4.836662
1408,8,4.802106
1409,8,4.792217
1410,8,4.87444
1411,8,4.833329
1412,8,4.841106
1413,8,4.811106
1414,8,4.812217
1415,8,4.809995
1416,8,4.827773
1417,8,4.826662
1418,8,4.877773
1419,8,4.947773
1420,8,4.999995
1421,8,5.013328
1422,8,5.005551
1423,8,5.037773
1424,8,5.038884
1425,8,5.013328
1426,8,4.963328
1427,8,4.938884
1428,8,5.039995
1429,8,5.008884
1430,8,5.022217
1431,8,5.013884
1432,8,5.036662
1433,8,5.029995
1434,8,4.994439
1435,8,4.907773
1436,8,4.895551
1437,8,4.861106
1438,8,4.925551
1439,8,5.017773
1440,8,5.042217
1441,8,5.186661
1442,8,5.111106
1443,8,4.985551
1444,8,5.057773
1445,8,5.064439
1446,8,5.089995
1447,8,5.061106
1448,8,5.056662
1449,8,5.113328
1450,8,5.10555
1451,8,5.012217
1452,8,5.07555
1453,8,5.099995
1454,8,5.102217
1455,8,5.12555
1456,8,5.132217
1457,8,5.099995
1458,8,5.153328
1459,8,5.15555
1460,8,5.149995
1461,8,5.152217
1462,8,5.096662
1463,8,5.039995
1464,8,4.967773
1465,8,4.827773
1466,8,4.916662
1467,8,4.91444
1468,8,4.883328
1469,8,4.928884
1470,8,4.836662
1471,8,4.88444
1472,8,4.976662
1473,8,5.038884
1474,8,4.991106
1475,8,5.046662
1476,8,5.111106
1477,8,5.297772
1478,8,5.437772
1479,8,5.263328
1480,8,5.189995
1481,8,5.336661
1482,8,5.321106
1483,8,5.317772
1484,8,5.386661
1485,8,5.419995
1486,8,5.509994
1487,8,5.384439
1488,8,5.37555
1489,8,5.349995
1490,8,5.271106
1491,8,5.29555
1492,8,5.236661
1493,8,5.223328
1494,8,5.171106
1495,8,5.183328
1496,8,5.232217
1497,8,5.218884
1498,8,5.218884
1499,8,5.263328
1500,8,5.211106
1501,8,5.331106
1502,8,5.468883
1503,8,5.402217
1504,8,5.366661
1505,8,5.344439
1506,8,5.389995
1507,8,5.499994
1508,8,5.574439
1509,8,5.871105
1510,8,5.749994
1511,8,5.768883
1512,8,5.722217
1513,8,5.714439
1514,8,5.744439
1515,8,5.831105
1516,8,6.111105
1517,8,6.255549
1518,8,6.115549
1519,8,6.012216
1520,8,6.007772
1521,8,6.044438
1522,8,6.079994
1523,8,6.053327
1524,8,6.111105
1525,8,6.081105
1526,8,5.983327
1527,8,5.881105
1528,8,5.828883
1529,8,5.888883
1530,8,5.877772
1531,8,5.787772
1532,8,5.842216
1533,8,5.833328
1534,8,5.869994
1535,8,5.979994
1536,8,6.011105
1537,8,6.027772
1538,8,6.079994
1539,8,5.949994
1540,8,6.02555
1541,8,5.918883
1542,8,5.879994
1543,8,5.933327
1544,8,6.042216
1545,8,6.067772
1546,8,6.082216
1547,8,6.098883
1548,8,6.096661
1549,8,6.083327
1550,8,6.119994
1551,8,6.151105
1552,8,6.061105
1553,8,6.173327
1554,8,6.116661
1555,8,6.155549
1556,8,6.17666
1557,8,6.126661
1558,8,6.091105
1559,8,5.993327
1560,8,5.899994
1561,8,5.988883
1562,8,5.983327
1563,8,5.967772
1564,8,5.953327
1565,8,5.951105
1566,8,6.088883
1567,8,6.095549
1568,8,6.119994
1569,8,6.037772
1570,8,6.111105
1571,8,6.065549
1572,8,5.961105
1573,8,6.003327
1574,8,5.937772
1575,8,5.886105
1576,8,5.922216
1577,8,5.951105
1578,8,5.884439
1579,8,6.101105
1580,8,6.219994
1581,8,6.185549
1582,8,6.218883
1583,8,6.263327
1584,8,6.345549
1585,8,6.252216
1586,8,6.323327
1587,8,6.323327
1588,8,6.284438
1589,8,6.323327
1590,8,6.227772
1591,8,6.205549
1592,8,6.237772
1593,8,6.218883
1594,8,6.116661
1595,8,6.059994
1596,8,6.142216
1597,8,6.253327
1598,8,6.327771
1599,8,6.304438
1600,8,6.322216
1601,8,6.282216
1602,8,6.28666
1603,8,6.295549
1604,8,6.222216
1605,8,6.175549
1606,8,6.20666
1607,8,6.217772
1608,8,6.257772
1609,8,6.285549
1610,8,6.312216
1611,8,6.415549
1612,8,6.451105
1613,8,6.439994
1614,8,6.487771
1615,8,6.44666
1616,8,6.443327
1617,8,6.449994
1618,8,6.434438
1619,8,6.428882
1620,8,6.514438
1621,8,6.522216
1622,8,6.508882
1623,8,6.585549
1624,8,6.577771
1625,8,6.584438
1626,8,6.567771
1627,8,6.583327
1628,8,6.677771
1629,8,6.642216
1630,8,6.749993
1631,8,6.878882
1632,8,6.888882
1633,8,6.833327
1634,8,6.743327
1635,8,6.638882
1636,8,6.602216
1637,8,6.532216
1638,8,6.501105
1639,8,6.441105
1640,8,6.465549
1641,8,6.418882
1642,8,6.515549
1643,8,6.41666
1644,8,6.345549
1645,8,6.371105
1646,8,6.373327
1647,8,6.317771
1648,8,6.248883
1649,8,6.321105
1650,8,6.333327
1651,8,6.262216
1652,8,6.377771
1653,8,6.497771
1654,8,6.511105
1655,8,6.461105
1656,8,6.452216
1657,8,6.444438
1658,8,6.458882
1659,8,6.581105
1660,8,6.282216
1661,8,6.257772
1662,8,6.208883
1663,8,6.349994
1664,8,6.403327
1665,8,6.38666
1666,8,6.464438
1667,8,6.478882
1668,8,6.515549
1669,8,6.472216
1670,8,6.574438
1671,8,6.595549
1672,8,6.601105
1673,8,6.589993
1674,8,6.60666
1675,8,6.647771
1676,8,6.505549
1677,8,6.544438
1678,8,6.555549
1679,8,6.541105
1680,8,6.462216
1681,8,6.461105
1682,8,6.461105
1683,8,6.467771
1684,8,6.434438
1685,8,6.394438
1686,8,6.491105
1687,8,6.357771
1688,8,6.305549
1689,8,6.36666
1690,8,6.574438
1691,8,6.62666
1692,8,6.533327
1693,8,6.738882
1694,8,6.762215
1695,8,6.729993
1696,8,6.627771
1697,8,6.573327
1698,8,6.544438
1699,8,6.552216
1700,8,6.537771
1701,8,6.509993
1702,8,6.43666
1703,8,6.51666
1704,8,6.614438
1705,8,6.568882
1706,8,6.623327
1707,8,6.575549
1708,8,6.538882
1709,8,6.581105
1710,8,6.561105
1711,8,6.567771
1712,8,6.565549
1713,8,6.508882
1714,8,6.594438
1715,8,6.579993
1716,8,6.622216
1717,8,6.623327
1718,8,6.673327
1719,8,6.741104
1720,8,6.771104
1721,8,6.741104
1722,8,6.795549
1723,8,6.873326
1724,8,6.882215
1725,8,6.893326
1726,8,6.788882
1727,8,6.912215
1728,8,6.87666
1729,8,6.905549
1730,8,6.872215
1731,8,6.983326
1732,8,6.935549
1733,8,6.992215
1734,8,6.948882
1735,8,6.987771
1736,8,6.999993
1737,8,7.054437
1738,8,7.009993
1739,8,7.142215
1740,8,7.169993
1741,8,7.224437
1742,8,7.125548
1743,8,7.088882
1744,8,7.142215
1745,8,7.179993
1746,8,7.137771
1747,8,7.265548
1748,8,7.27777
1749,8,7.267771
1750,8,7.192215
1751,8,7.167771
1752,8,7.133326
1753,8,7.216659
1754,8,7.275548
1755,8,7.244437
1756,8,7.296659
1757,8,7.209993
1758,8,7.315548
1759,8,7.143326
1760,8,7.097771
1761,8,7.233326
1762,8,7.37777
1763,8,7.438881
1764,8,7.483326
1765,8,7.555548
1766,8,7.593326
1767,8,7.586659
1768,8,7.582215
1769,8,7.622215
1770,8,7.653326
1771,8,7.70777
1772,8,7.782214
1773,8,7.781103
1774,8,7.761103
1775,8,7.79777
1776,8,7.781103
1777,8,7.794437
1778,8,7.663326
1779,8,7.494437
1780,8,7.422215
1781,8,7.425548
1782,8,7.451104
1783,8,7.413326
1784,8,7.398881
1785,8,7.412215
1786,8,7.422215
1787,8,7.44777
1788,8,7.476659
1789,8,7.504437
1790,8,7.565548
1791,8,7.626659
1792,8,7.604437
1793,8,7.632215
1794,8,7.615548
1795,8,7.602215
1796,8,7.624437
1797,8,7.654437
1798,8,7.631103
1799,8,7.54777
1800,8,7.512215
1801,8,7.495548
1802,8,7.492215
1803,8,7.418881
1804,8,7.462215
1805,8,7.392215
1806,8,7.423326
1807,8,7.392215
1808,8,7.382215
1809,8,7.402215
1810,8,7.345548
1811,8,7.263326
1812,8,7.264437
1813,8,7.184437
1814,8,7.179993
1815,8,7.253326
1816,8,7.175548
1817,8,7.134437
1818,8,7.166659
1819,8,7.173326
1820,8,7.176659
1821,8,7.201104
1822,8,7.282215
1823,8,7.272215
1824,8,7.366659
1825,8,7.388882
1826,8,7.388882
1827,8,7.336659
1828,8,7.293326
1829,8,7.391104
1830,8,7.312215
1831,8,7.334437
1832,8,7.32777
1833,8,7.338882
1834,8,7.383326
1835,8,7.394437
1836,8,7.33777
1837,8,7.251104
1838,8,7.157771
1839,8,7.165548
1840,8,7.274437
1841,8,7.349993
1842,8,7.224437
1843,8,7.253326
1844,8,7.221104
1845,8,7.285548
1846,8,7.303326
1847,8,7.334437
1848,8,7.239993
1849,8,7.141104
1850,8,7.176659
1851,8,7.138882
1852,8,7.177771
1853,8,7.171104
1854,8,7.207771
1855,8,7.239993
1856,8,7.383326
1857,8,7.456659
1858,8,7.416659
1859,8,7.396659
1860,8,7.453326
1861,8,7.578881
1862,8,7.57777
1863,8,7.628881
1864,8,7.593326
1865,8,7.633326
1866,8,7.644437
1867,8,7.668881
1868,8,7.708881
1869,8,7.729992
1870,8,7.765548
1871,8,7.801103
1872,8,7.795548
1873,8,7.773326
1874,8,7.728881
1875,8,7.742214
1876,8,7.892214
1877,8,7.891103
1878,8,7.989992
1879,8,7.865548
1880,8,8.17777
1881,8,8.091103
1882,8,7.888881
1883,8,8.045548
1884,8,8.076659
1885,8,8.014436
1886,8,8.061103
1887,8,7.973325
1888,8,7.971103
1889,8,7.909992
1890,8,7.902214
1891,8,7.866659
1892,8,7.652215
1893,8,7.693326
1894,8,7.842214
1895,8,7.983325
1896,8,7.973325
1897,8,8.016659
1898,8,8.013325
1899,8,7.839992
1900,8,7.912214
1901,8,7.955548
1902,8,7.973325
1903,8,7.98777
1904,8,7.964436
1905,8,8.009992
1906,8,7.982214
1907,8,7.95777
1908,8,7.851103
1909,8,7.889992
1910,8,7.983325
1911,8,7.942214
1912,8,7.988881
1913,8,7.97777
1914,8,7.854437
1915,8,7.854437
1916,8,7.966659
1917,8,7.923325
1918,8,7.871103
1919,8,7.859992
1920,8,7.866659
1921,8,7.945548
1922,8,8.14777
1923,8,8.122214
1924,8,8.059992
1925,8,8.189992
1926,8,8.165547
1927,8,8.185547
1928,8,8.135547
1929,8,8.185547
1930,8,8.184436
1931,8,8.238881
1932,8,8.275547
1933,8,8.265547
1934,8,8.262214
1935,8,8.229992
1936,8,8.204436
1937,8,8.233325
1938,8,8.20777
1939,8,8.138881
1940,8,7.914437
1941,8,8.082214
1942,8,7.994436
1943,8,7.695548
1944,8,7.813326
1945,8,7.739992
1946,8,7.746659
1947,8,7.854437
1948,8,7.583326
1949,8,7.711103
1950,8,7.498881
1951,8,7.408881
1952,8,7.199993
1953,8,7.42777
1954,8,7.702215
1955,8,7.561104
1956,8,7.421104
1957,8,7.409993
1958,8,7.454437
1959,8,7.42777
1960,8,7.585548
1961,8,7.778881
1962,8,7.785548
1963,8,7.844437
1964,8,7.772214
1965,8,7.601104
1966,8,7.906659
1967,8,7.81777
1968,8,7.981103
1969,8,7.988881
1970,8,7.855548
1971,8,7.836659
1972,8,7.776659
1973,8,7.75777
1974,8,7.758881
1975,8,7.765548
1976,8,7.995548
1977,8,7.998881
1978,8,7.896659
1979,8,8.042214
1980,8,8.138881
1981,8,8.019992
1982,8,7.952214
1983,8,7.871103
1984,8,7.834437
1985,8,8.109992
1986,8,8.161103
1987,8,8.26777
1988,8,8.387769
1989,8,8.445547
1990,8,8.353325
1991,8,8.383325
1992,8,8.406658
1993,8,8.479992
1994,8,8.516658
1995,8,8.523325
1996,8,8.417769
1997,8,8.363325
1998,8,8.307769
1999,8,8.196658
2000,8,8.196658
2001,8,8.181103
2002,8,7.951103
2003,8,8.046659
2004,8,8.088881
2005,8,8.051103
2006,8,7.952214
2007,8,8.009992
2008,8,8.09777
2009,8,8.106659
2010,8,8.307769
2011,8,8.156659
2012,8,7.972214
2013,8,7.782214
2014,8,7.761103
2015,8,7.493326
2016,8,7.732214
2017,8,7.672215
2018,8,7.689992
2019,8,7.804437
2020,8,7.742214
2021,8,7.729992
2022,8,7.588881
2023,8,7.524437
2024,8,7.481104
2025,8,7.491104
2026,8,7.615548
2027,8,7.534437
2028,8,7.61777
2029,8,7.861103
2030,8,7.812214
2031,8,7.753326
2032,8,7.86777
2033,8,8.059992
2034,8,7.964436
2035,8,8.085547
2036,8,7.923325
2037,8,7.983325
2038,8,7.706659
2039,8,7.70777
2040,8,7.761103
2041,8,7.608881
2042,8,7.645548
2043,8,7.473326
2044,8,7.463326
2045,8,7.499993
2046,8,7.596659
2047,8,7.741103
2048,8,7.765548
2049,8,7.763326
2050,8,7.754437
2051,8,7.816659
2052,8,7.608881
2053,8,7.764437
2054,8,7.702215
2055,8,7.791103
2056,8,7.909992
2057,8,7.909992
2058,8,8.039992
2059,8,7.918881
2060,8,7.89777
2061,8,7.808881
2062,8,7.812214
2063,8,7.493326
2064,8,7.481104
2065,8,7.526659
2066,8,7.733326
2067,8,7.678881
2068,8,7.518881
2069,8,7.584437
2070,8,7.774437
2071,8,7.576659
2072,8,7.828881
2073,8,7.819992
2074,8,7.916659
2075,8,7.789992
2076,8,7.796659
2077,8,7.809992
2078,8,7.759992
2079,8,7.545548
2080,8,7.75777
2081,8,7.896659
2082,8,7.775548
2083,8,7.868881
2084,8,7.846659
2085,8,7.879992
2086,8,7.758881
2087,8,7.778881
2088,8,7.779992
2089,8,7.89777
2090,8,7.854437
2091,8,7.706659
2092,8,7.608881
2093,8,7.496659
2094,8,7.542215
2095,8,7.445548
2096,8,7.433326
2097,8,7.571104
2098,8,7.488881
2099,8,7.524437
2100,8,7.409993
2101,8,7.439993
2102,8,7.385548
2103,8,7.301104
2104,8,7.461104
2105,8,7.33777
2106,8,7.519992
2107,8,7.469993
2108,8,7.566659
2109,8,7.535548
2110,8,7.495548
2111,8,7.526659
2112,8,7.629992
2113,8,7.86777
2114,8,7.935548
2115,8,7.95777
2116,8,7.902214
2117,8,7.979992
2118,8,7.746659
2119,8,7.721103
2120,8,7.745548
2121,8,7.684437
2122,8,7.648881
2123,8,7.725548
2124,8,7.82777
2125,8,7.834437
2126,8,7.82777
2127,8,7.831103
2128,8,7.949992
2129,8,7.909992
2130,8,8.04777
2131,8,8.071103
2132,8,8.081103
2133,8,7.843325
2134,8,7.849992
2135,8,7.87777
2136,8,7.73777
2137,8,7.749992
2138,8,7.699992
2139,8,7.598881
2140,8,7.655548
2141,8,7.699992
2142,8,7.778881
2143,8,7.772214
2144,8,7.819992
2145,8,7.881103
2146,8,7.868881
2147,8,7.846659
2148,8,7.823326
2149,8,7.786659
2150,8,7.861103
2151,8,7.761103
2152,8,7.802214
2153,8,7.746659
2154,8,7.816659
2155,8,7.81777
2156,8,7.822214
2157,8,7.819992
2158,8,7.792214
2159,8,7.913325
2160,8,7.858881
2161,8,7.904437
2162,8,7.901103
2163,8,7.723326
2164,8,7.668881
2165,8,7.679992
2166,8,7.748881
2167,8,7.691103
2168,8,7.651103
2169,8,7.666659
2170,8,7.616659
2171,8,7.49777
2172,8,7.586659
2173,8,7.521104
2174,8,7.466659
2175,8,7.364437
2176,8,7.368882
2177,8,7.474437
2178,8,7.505548
2179,8,7.455548
2180,8,7.217771
2181,8,7.54777
2182,8,7.331104
2183,8,7.267771
2184,8,7.188882
2185,8,7.163326
2186,8,7.093326
2187,8,7.254437
2188,8,7.275548
2189,8,7.329993
2190,8,7.224437
2191,8,7.505548
2192,8,7.659992
2193,8,7.514437
2194,8,7.606659
2195,8,7.523326
2196,8,7.665548
2197,8,7.682215
2198,8,7.74777
2199,8,7.714437
2200,8,7.641103
2201,8,7.749992
2202,8,7.764437
2203,8,7.635548
2204,8,7.762214
2205,8,7.716659
2206,8,7.64777
2207,8,7.608881
2208,8,7.649992
2209,8,7.76777
2210,8,7.652215
2211,8,7.664437
2212,8,7.705548
2213,8,7.673326
2214,8,7.774437
2215,8,7.645548
2216,8,7.591104
2217,8,7.716659
2218,8,7.833325
2219,8,7.751103
2220,8,7.80777
2221,8,7.843325
2222,8,7.706659
2223,8,7.746659
2224,8,7.923325
2225,8,7.598881
2226,8,7.663326
2227,8,7.589992
2228,8,7.604437
2229,8,7.643326
2230,8,8.083325
2231,8,8.055547
2232,8,8.521103
2233,8,8.939991
2234,8,8.222214
2235,8,8.129992
2236,8,8.176658
2237,8,8.222214
2238,8,8.155547
2239,8,7.944437
2240,8,8.114436
2241,8,8.142214
2242,8,8.02777
2243,8,8.09777
2244,8,7.856659
2245,8,7.495548
2246,8,7.179993
2247,8,6.577771
2248,8,6.381105
2249,8,7.178882
2250,8,6.927771
2251,8,6.624438
2252,8,6.391105
2253,8,6.53666
2254,8,6.767771
2255,8,6.89666
2256,8,6.684438
2257,8,6.898882
2258,8,6.871104
2259,8,6.892215
2260,8,7.531104
2261,8,7.713326
2262,8,7.809992
2263,8,7.749992
2264,8,7.545548
2265,8,7.594437
2266,8,7.105548
2267,8,6.728882
2268,8,6.752215
2269,8,6.725549
2270,8,6.985549
2271,8,6.973326
2272,8,7.439993
2273,8,7.366659
2274,8,7.208882
2275,8,7.235548
2276,8,6.549993
2277,8,6.309994
2278,8,6.863326
2279,8,7.184437
2280,8,7.145548
2281,8,7.378882
2282,8,7.532215
2283,8,7.022215
2284,8,7.369993
2285,8,7.529992
2286,8,7.222215
2287,8,7.572215
2288,8,7.566659
2289,8,7.379993
2290,8,7.392215
2291,8,7.274437
2292,8,7.524437
2293,8,7.409993
2294,8,7.652215
2295,8,7.224437
2296,8,7.385548
2297,8,7.395548
2298,8,7.257771
2299,8,7.389993
2300,8,7.483326
2301,8,7.561104
2302,8,7.649992
2303,8,7.776659
2304,8,7.788881
2305,8,7.663326
2306,8,7.59777
2307,8,7.583326
2308,8,7.461104
2309,8,7.586659
2310,8,7.451104
2311,8,7.411104
2312,8,7.531104
2313,8,7.362215
2314,8,7.443326
2315,8,7.57777
2316,8,7.171104
2317,8,7.404437
2318,8,7.232215
2319,8,7.172215
2320,8,6.965549
2321,8,6.973326
2322,8,7.221104
2323,8,6.789993
2324,8,6.683327
2325,8,6.593327
2326,8,6.751104
2327,8,6.559993
2328,8,6.575549
2329,8,6.663327
2330,8,6.747771
2331,8,6.485549
2332,8,6.719993
2333,8,7.004437
2334,8,7.04666
2335,8,6.73666
2336,8,6.61666
2337,8,6.197772
2338,8,6.164438
2339,8,5.776661
2340,8,5.948883
2341,8,6.00555
2342,8,5.98555
2343,8,5.999994
2344,8,5.841105
2345,8,5.704439
2346,8,5.593328
2347,8,5.30555
2348,8,5.309995
2349,8,5.011106
2350,8,5.408883
2351,8,5.307772
2352,8,5.436661
2353,8,5.62555
2354,8,5.653328
2355,8,5.91555
2356,8,6.155549
2357,8,5.928883
2358,8,5.869994
2359,8,6.324438
2360,8,6.001105
2361,8,6.141105
2362,8,6.152216
2363,8,6.099994
2364,8,5.903327
2365,8,5.984438
2366,8,6.193327
2367,8,6.275549
2368,8,6.341105
2369,8,6.415549
2370,8,6.361105
2371,8,6.391105
2372,8,6.572216
2373,8,6.573327
2374,8,6.201105
2375,8,6.358883
2376,8,6.361105
2377,8,6.133327
2378,8,5.864439
2379,8,6.192216
2380,8,6.075549
2381,8,6.228883
2382,8,6.128883
2383,8,6.158883
2384,8,6.341105
2385,8,6.66666
2386,8,6.419994
2387,8,6.302216
2388,8,6.512216
2389,8,6.295549
2390,8,6.431105
2391,8,6.365549
2392,8,6.642216
2393,8,6.458882
2394,8,6.541105
2395,8,6.549993
2396,8,6.621104
2397,8,6.411105
2398,8,6.643327
2399,8,6.434438
2400,8,6.334438
2401,8,6.341105
2402,8,6.274438
2403,8,6.441105
2404,8,6.23666
2405,8,6.22666
2406,8,6.313327
2407,8,6.493327
2408,8,6.62666
2409,8,6.584438
2410,8,6.655549
2411,8,6.579993
2412,8,6.448882
2413,8,6.571105
2414,8,6.581105
2415,8,6.548882
2416,8,6.487771
2417,8,6.405549
2418,8,6.278883
2419,8,6.163327
2420,8,6.31666
2421,8,6.259994
2422,8,6.209994
2423,8,6.223327
2424,8,6.332216
2425,8,6.488882
2426,8,6.545549
2427,8,6.45666
2428,8,6.508882
2429,8,6.651104
2430,8,6.462216
2431,8,6.615549
2432,8,6.468882
2433,8,6.395549
2434,8,6.488882
2435,8,6.463327
2436,8,6.742215
2437,8,6.617771
2438,8,6.774438
2439,8,6.793327
2440,8,6.677771
2441,8,6.803327
2442,8,6.929993
2443,8,7.079993
2444,8,7.148882
2445,8,7.023326
2446,8,6.983326
2447,8,6.891104
2448,8,6.838882
2449,8,6.815549
2450,8,6.909993
2451,8,6.993326
2452,8,6.947771
2453,8,6.98666
2454,8,6.871104
2455,8,6.96666
2456,8,6.983326
2457,8,6.863326
2458,8,6.978882
2459,8,6.988882
2460,8,6.925549
2461,8,6.899993
2462,8,6.91666
2463,8,6.922215
2464,8,6.932215
2465,8,6.988882
2466,8,6.999993
2467,8,7.128882
2468,8,7.122215
2469,8,7.161104
2470,8,7.141104
2471,8,7.218882
2472,8,7.157771
2473,8,7.133326
2474,8,7.273326
2475,8,7.238882
2476,8,7.124437
2477,8,7.188882
2478,8,7.14666
2479,8,7.171104
2480,8,7.10666
2481,8,7.162215
2482,8,7.304437
2483,8,7.354437
2484,8,7.436659
2485,8,7.452215
2486,8,7.378882
2487,8,7.338882
2488,8,7.38777
2489,8,7.446659
2490,8,7.644437
2491,8,7.562215
2492,8,7.504437
2493,8,7.474437
2494,8,7.449993
2495,8,7.491104
2496,8,7.674437
2497,8,7.794437
2498,8,7.78777
2499,8,7.666659
2500,8,7.743326
2501,8,7.649992
2502,8,7.751103
2503,8,7.826659
2504,8,7.748881
2505,8,7.801103
2506,8,7.696659
2507,8,7.586659
2508,8,7.672215
2509,8,7.653326
2510,8,7.644437
2511,8,7.604437
2512,8,7.488881
2513,8,7.542215
2514,8,7.485548
2515,8,7.533326
2516,8,7.573326
2517,8,7.52777
2518,8,7.548881
2519,8,7.645548
2520,8,7.74777
2521,8,7.721103
2522,8,7.799992
2523,8,7.768881
2524,8,7.772214
2525,8,7.855548
2526,8,7.87777
2527,8,7.889992
2528,8,7.853325
2529,8,7.701103
2530,8,7.722214
2531,8,7.773326
2532,8,7.772214
2533,8,7.645548
2534,8,7.766659
2535,8,7.741103
2536,8,7.771103
2537,8,7.692215
2538,8,7.724437
2539,8,7.696659
2540,8,7.635548
2541,8,7.743326
2542,8,7.783326
2543,8,7.853325
2544,8,7.905548
2545,8,7.918881
2546,8,7.899992
2547,8,7.826659
2548,8,7.879992
2549,8,7.843325
2550,8,7.982214
2551,8,7.951103
2552,8,7.98777
2553,8,7.985548
2554,8,7.985548
2555,8,7.99777
2556,8,7.949992
2557,8,7.994436
2558,8,7.96777
2559,8,7.933325
2560,8,7.886659
2561,8,7.871103
2562,8,7.846659
2563,8,7.868881
2564,8,7.911103
2565,8,7.899992
2566,8,7.885548
2567,8,8.012214
2568,8,8.094436
2569,8,8.078881
2570,8,7.961103
2571,8,7.965548
2572,8,7.919992
2573,8,7.979992
2574,8,7.886659
2575,8,7.948881
2576,8,7.886659
2577,8,7.806659
2578,8,7.811103
2579,8,7.725548
2580,8,7.756659
2581,8,7.739992
2582,8,7.822214
2583,8,7.888881
2584,8,7.961103
2585,8,8.059992
2586,8,8.139992
2587,8,8.038881
2588,8,7.999992
2589,8,8.003325
2590,8,8.076659
2591,8,8.074436
2592,8,8.233325
2593,8,8.222214
2594,8,8.219992
2595,8,8.333325
2596,8,8.336658
2597,8,8.286658
2598,8,8.305547
2599,8,8.332214
2600,8,8.511103
2601,8,8.39888
2602,8,8.332214
2603,8,8.333325
2604,8,8.338881
2605,8,8.318881
2606,8,8.347769
2607,8,8.416658
2608,8,8.358881
2609,8,8.273325
2610,8,8.351103
2611,8,8.362214
2612,8,8.384436
2613,8,8.362214
2614,8,8.365547
2615,8,8.386658
2616,8,8.349992
2617,8,8.472214
2618,8,8.402214
2619,8,8.317769
2620,8,8.282214
2621,8,8.297769
2622,8,8.297769
2623,8,8.355547
2624,8,8.353325
2625,8,8.321103
2626,8,8.423325
2627,8,8.382214
2628,8,8.328881
2629,8,8.42888
2630,8,8.481103
2631,8,8.462214
2632,8,8.414436
2633,8,8.444436
2634,8,8.454436
2635,8,8.226658
2636,8,8.41888
2637,8,8.454436
2638,8,8.397769
2639,8,8.381103
2640,8,8.274436
2641,8,8.336658
2642,8,8.156659
2643,8,8.108881
2644,8,8.274436
2645,8,8.354436
2646,8,8.48888
2647,8,8.493325
2648,8,8.345547
2649,8,8.403325
2650,8,8.305547
2651,8,8.333325
2652,8,8.042214
2653,8,8.019992
2654,8,7.972214
2655,8,8.038881
2656,8,8.049992
2657,8,8.229992
2658,8,8.168881
2659,8,8.001103
2660,8,8.126659
2661,8,8.109992
2662,8,7.976659
2663,8,7.928881
2664,8,7.995548
2665,8,7.966659
2666,8,8.169992
2667,8,8.215547
2668,8,8.234436
2669,8,8.47888
2670,8,8.482214
2671,8,8.632214
2672,8,8.65888
2673,8,8.574436
2674,8,8.541103
2675,8,8.49888
2676,8,8.467769
2677,8,8.52888
2678,8,8.48888
2679,8,8.346658
2680,8,8.277769
2681,8,8.272214
2682,8,8.347769
2683,8,8.258881
2684,8,8.449992
2685,8,8.479992
2686,8,8.619991
2687,8,8.503325
2688,8,8.645547
2689,8,8.666658
2690,8,8.584436
2691,8,8.371103
2692,8,8.386658
2693,8,8.499992
2694,8,8.473325
2695,8,8.627769
2696,8,8.673325
2697,8,8.891102
2698,8,8.626658
2699,8,8.569991
2700,8,8.661102
2701,8,8.695547
2702,8,8.726658
2703,8,8.683325
2704,8,8.793325
2705,8,8.717769
2706,8,8.719991
2707,8,8.814436
2708,8,8.804436
2709,8,8.606658
2710,8,8.609991
2711,8,8.563325
2712,8,8.597769
2713,8,8.702214
2714,8,8.743325
2715,8,8.627769
2716,8,8.67888
2717,8,8.71888
2718,8,8.639991
2719,8,8.79888
2720,8,8.74888
2721,8,8.867769
2722,8,8.82888
2723,8,8.866658
2724,8,9.072213
2725,8,8.985547
2726,8,9.036658
2727,8,8.921102
2728,8,9.004435
2729,8,9.025547
2730,8,8.974435
2731,8,9.023324
2732,8,9.02888
2733,8,9.164435
2734,8,9.163324
2735,8,9.156658
2736,8,9.181102
2737,8,9.196657
2738,8,9.107769
2739,8,8.99888
2740,8,9.116658
2741,8,9.125546
2742,8,9.189991
2743,8,9.195546
2744,8,9.311102
2745,8,9.242213
2746,8,9.233324
2747,8,9.306657
2748,8,9.274435
2749,8,9.211102
2750,8,9.229991
2751,8,9.21888
2752,8,9.224435
2753,8,9.384435
2754,8,9.37888
2755,8,9.373324
2756,8,9.424435
2757,8,9.379991
2758,8,9.461102
2759,8,9.537768
2760,8,9.547768
2761,8,9.621101
2762,8,9.611102
2763,8,9.64999
2764,8,9.663324
2765,8,9.598879
2766,8,9.714435
2767,8,9.781101
2768,8,9.717768
2769,8,10.012212
2770,8,9.991101
2771,8,10.002212
2772,8,9.866657
2773,8,10.066657
2774,8,10.026657
2775,8,9.94999
2776,8,10.034434
2777,8,9.941101
2778,8,9.965546
2779,8,10.045546
2780,8,10.021101
2781,8,10.047768
2782,8,10.065545
2783,8,10.185545
2784,8,10.182212
2785,8,10.072212
2786,8,10.033323
2787,8,10.077768
2788,8,10.178879
2789,8,10.117768
2790,8,9.988879
2791,8,9.897768
2792,8,9.952212
2793,8,9.944434
2794,8,9.933323
2795,8,9.927768
2796,8,9.933323
2797,8,9.841101
2798,8,9.874435
2799,8,9.851101
2800,8,9.806657
2801,8,9.823324
2802,8,9.873323
2803,8,9.831101
2804,8,9.873323
2805,8,9.856657
2806,8,9.825546
2807,8,9.812212
2808,8,9.783324
2809,8,9.832212
2810,8,9.771101
2811,8,9.785546
2812,8,9.653324
2813,8,9.57999
2814,8,9.547768
2815,8,9.718879
2816,8,9.774435
2817,8,9.734435
2818,8,9.77999
2819,8,9.793324
2820,8,9.774435
2821,8,9.771101
2822,8,9.787768
2823,8,9.926657
2824,8,9.951101
2825,8,9.942212
2826,8,9.961101
2827,8,9.755546
2828,8,9.805546
2829,8,9.912212
2830,8,9.897768
2831,8,9.987768
2832,8,9.991101
2833,8,10.05999
2834,8,10.097768
2835,8,10.138879
2836,8,10.123323
2837,8,10.251101
2838,8,10.126657
2839,8,9.974434
2840,8,9.991101
2841,8,9.956657
2842,8,10.013323
2843,8,9.755546
2844,8,9.721101
2845,8,9.728879
2846,8,9.988879
2847,8,10.055545
2848,8,10.012212
2849,8,9.968879
2850,8,10.007212
2851,8,9.95999
2852,8,9.926657
2853,8,10.04999
2854,8,10.058879
2855,8,9.931101
2856,8,10.05999
2857,8,10.134434
2858,8,10.068879
2859,8,9.99999
2860,8,10.014434
2861,8,10.107768
2862,8,10.287767
2863,8,10.306656
2864,8,10.506656
2865,8,10.556656
2866,8,10.6511
2867,8,10.562212
2868,8,10.615545
2869,8,10.876656
2870,8,11.0211
2871,8,11.168878
2872,8,11.359989
2873,8,11.353322
2874,8,11.409989
2875,8,11.423322
2876,8,11.396655
2877,8,11.4111
2878,8,11.309989
2879,8,11.388877
2880,8,11.2811
2881,8,11.325544
2882,8,11.289989
2883,8,11.162211
2884,8,11.194433
2885,8,11.289989
2886,8,11.369989
2887,8,11.324433
2888,8,11.497766
2889,8,11.559988
2890,8,11.555544
2891,8,11.398877
2892,8,11.376655
2893,8,11.3711
2894,8,11.229989
2895,8,11.304433
2896,8,11.384433
2897,8,11.388877
2898,8,11.263322
2899,8,11.613333
2900,8,11.413333
2901,8,11.516667
2902,8,11.46
2903,8,11.496667
2904,8,11.48
2905,8,11.493333
2906,8,11.41
2907,8,11.223333
2908,8,11.1
2909,8,11.17
2910,8,11.266667
2911,8,11.243333
2912,8,11.153333
2913,8,11.29
2914,8,11.226667
2915,8,11.183333
2916,8,11.146667
2917,8,11.09
2918,8,11.05
2919,8,10.893333
2920,8,10.95
2921,8,11.053333
2922,8,10.86
2923,8,10.93
2924,8,10.85
2925,8,10.916667
2926,8,10.906667
2927,8,10.843333
2928,8,10.77
2929,8,10.663333
2930,8,10.88
2931,8,10.756667
2932,8,10.766667
2933,8,10.64
2934,8,10.853333
2935,8,10.786667
2936,8,10.88
2937,8,11.02
2938,8,11.011667
2939,8,10.885
2940,8,10.99
2941,8,11.113333
2942,8,10.943333
2943,8,10.883333
2944,8,10.773333
2945,8,10.806667
2946,8,10.756667
2947,8,10.91
2948,8,10.906667
2949,8,11.033333
2950,8,11.513333
2951,8,11.39
2952,8,11.276667
2953,8,11.266667
2954,8,11.16
2955,8,11.086667
2956,8,11.033333
2957,8,10.906667
2958,8,10.896667
2959,8,10.066667
2960,8,10.746667
2961,8,10.423333
2962,8,10.976667
2963,8,10.96
2964,8,11.35
2965,8,11.176667
2966,8,11.316667
2967,8,10.98
2968,8,10.79
2969,8,10.79
2970,8,10.853333
2971,8,10.86
2972,8,10.683333
2973,8,10.886667
2974,8,11.326667
2975,8,11.17
2976,8,11.226667
2977,8,11.313333
2978,8,11.01
2979,8,10.9
2980,8,11.2
2981,8,11.056667
2982,8,10.8
2983,8,10.88
2984,8,11.0
2985,8,11.086667
2986,8,11.163333
2987,8,11.216667
2988,8,10.95
2989,8,10.993333
2990,8,10.623333
2991,8,10.493333
2992,8,10.53
2993,8,10.673333
2994,8,10.713333
2995,8,10.513333
2996,8,10.846667
2997,8,10.891667
2998,8,10.643333
2999,8,10.983333
3000,8,11.05
3001,8,11.066667
3002,8,10.82
3003,8,11.09
3004,8,10.93
3005,8,10.97
3006,8,11.01
3007,8,11.176667
3008,8,11.103333
3009,8,11.203333
3010,8,11.353333
3011,8,11.66
3012,8,12.023333
3013,8,12.14
3014,8,11.97
3015,8,12.046667
3016,8,12.223333
3017,8,12.18
3018,8,11.99
3019,8,11.633333
3020,8,11.953333
3021,8,11.96
3022,8,12.0
3023,8,12.026667
3024,8,12.2
3025,8,11.996667
3026,8,11.923333
3027,8,12.246667
3028,8,12.24
3029,8,12.256667
3030,8,12.17
3031,8,11.98
3032,8,12.15
3033,8,12.003333
3034,8,11.93
3035,8,11.62
3036,8,12.073333
3037,8,12.186667
3038,8,12.296667
3039,8,12.59
3040,8,12.493333
3041,8,12.43
3042,8,12.433333
3043,8,12.503333
3044,8,12.473333
3045,8,12.313333
3046,8,12.47
3047,8,12.266667
3048,8,12.12
3049,8,12.143333
3050,8,12.213333
3051,8,12.326667
3052,8,12.16
3053,8,12.23
3054,8,12.34
3055,8,12.3
3056,8,12.5
3057,8,12.55
3058,8,12.386667
3059,8,12.44
3060,8,12.41
3061,8,12.493333
3062,8,12.266667
3063,8,12.5
3064,8,12.486667
3065,8,12.396667
3066,8,12.476667
3067,8,12.383333
3068,8,12.403333
3069,8,12.39
3070,8,12.313333
3071,8,12.32
3072,8,12.296667
3073,8,12.466667
3074,8,12.323333
3075,8,12.276667
3076,8,12.34
3077,8,12.376667
3078,8,12.053333
3079,8,11.856667
3080,8,12.016667
3081,8,12.2
3082,8,12.286667
3083,8,12.378333
3084,8,12.423333
3085,8,12.573333
3086,8,12.626667
3087,8,12.603333
3088,8,12.643333
3089,8,12.656667
3090,8,12.546667
3091,8,12.66
3092,8,12.553333
3093,8,12.52
3094,8,12.553333
3095,8,12.28
3096,8,12.256667
3097,8,12.396667
3098,8,12.25
3099,8,12.23
3100,8,12.35
3101,8,12.53
3102,8,12.32
3103,8,12.266667
3104,8,12.133333
3105,8,12.23
3106,8,12.276667
3107,8,12.456667
3108,8,12.363333
3109,8,12.496667
3110,8,12.463333
3111,8,12.406667
3112,8,12.223333
3113,8,12.346667
3114,8,12.35
3115,8,12.27
3116,8,12.043333
3117,8,12.166667
3118,8,12.333333
3119,8,12.29
3120,8,12.343333
3121,8,12.42
3122,8,12.413333
3123,8,12.476667
3124,8,12.416667
3125,8,12.4
3126,8,12.463333
3127,8,12.5
3128,8,12.483333
3129,8,12.596667
3130,8,12.62
3131,8,12.573333
3132,8,12.633333
3133,8,12.683333
3134,8,12.666667
3135,8,12.846667
3136,8,12.863333
3137,8,12.833333
3138,8,12.913333
3139,8,13.023333
3140,8,13.05
3141,8,13.08
3142,8,13.093333
3143,8,13.036667
3144,8,13.116667
3145,8,13.076667
3146,8,13.033333
3147,8,12.97
3148,8,12.933333
3149,8,12.86
3150,8,13.08
3151,8,13.116667
3152,8,12.886667
3153,8,13.01
3154,8,12.97
3155,8,13.053333
3156,8,12.806667
3157,8,12.826667
3158,8,12.86
3159,8,12.92
3160,8,12.873333
3161,8,12.77
3162,8,12.783333
3163,8,12.573333
3164,8,12.743333
3165,8,12.536667
3166,8,12.446667
3167,8,12.505
3168,8,12.7
3169,8,12.743333
3170,8,12.806667
3171,8,12.676667
3172,8,12.673333
3173,8,12.576667
3174,8,12.55
3175,8,12.366667
3176,8,12.29
3177,8,12.5
3178,8,12.7
3179,8,12.473333
3180,8,12.56
3181,8,12.516667
3182,8,12.65
3183,8,12.853333
3184,8,12.993333
3185,8,13.23
3186,8,13.326667
3187,8,13.47
3188,8,13.33
3189,8,13.186667
3190,8,13.063333
3191,8,13.046667
3192,8,12.94
3193,8,13.01
3194,8,13.196667
3195,8,13.08
3196,8,13.236667
3197,8,13.216667
3198,8,13.186667
3199,8,13.05
3200,8,12.96
3201,8,12.88
3202,8,13.056667
3203,8,12.793333
3204,8,13.093333
3205,8,13.146667
3206,8,12.933333
3207,8,12.976667
3208,8,13.073333
3209,8,13.033333
3210,8,13.006667
3211,8,13.12
3212,8,13.206667
3213,8,13.106667
3214,8,13.086667
3215,8,13.146667
3216,8,13.176667
3217,8,13.226667
3218,8,13.213333
3219,8,13.263333
3220,8,13.27
3221,8,13.283333
3222,8,13.32
3223,8,13.246667
3224,8,13.43
3225,8,13.42
3226,8,13.396667
3227,8,13.356667
3228,8,13.21
3229,8,13.303333
3230,8,13.396667
3231,8,13.3
3232,8,13.366667
3233,8,13.453333
3234,8,13.47
3235,8,13.55
3236,8,13.526667
3237,8,13.72
3238,8,13.716667
3239,8,13.66
3240,8,13.7
3241,8,13.743333
3242,8,13.783333
3243,8,13.676667
3244,8,13.77
3245,8,13.733333
3246,8,13.66
3247,8,13.753333
3248,8,13.88
3249,8,14.126667
3250,8,14.06
3251,8,14.083333
3252,8,14.133333
3253,8,14.336667
3254,8,14.333333
3255,8,14.29
3256,8,14.3
3257,8,14.4
3258,8,14.353333
3259,8,14.553333
3260,8,14.746667
3261,8,14.743333
3262,8,14.883333
3263,8,14.783333
3264,8,14.863333
3265,8,14.806667
3266,8,14.863333
3267,8,14.9
3268,8,14.686667
3269,8,14.683333
3270,8,14.85
3271,8,14.17
3272,8,14.22
3273,8,14.373333
3274,8,14.283333
3275,8,14.266667
3276,8,14.233333
3277,8,14.216667
3278,8,14.156667
3279,8,14.15
3280,8,14.25
3281,8,14.506667
3282,8,14.39
3283,8,14.433333
3284,8,14.603333
3285,8,14.69
3286,8,14.803333
3287,8,14.74
3288,8,14.856667
3289,8,14.88
3290,8,15.033333
3291,8,14.873333
3292,8,14.806667
3293,8,14.92
3294,8,14.87
3295,8,14.91
3296,8,14.856667
3297,8,14.796667
3298,8,14.806667
3299,8,14.733333
3300,8,14.656667
3301,8,14.763333
3302,8,14.613333
3303,8,14.713333
3304,8,14.566667
3305,8,14.37
3306,8,14.41
3307,8,14.46
3308,8,14.48
3309,8,14.46
3310,8,14.673333
3311,8,14.793333
3312,8,14.75
3313,8,14.876667
3314,8,14.73
3315,8,14.75
3316,8,14.803333
3317,8,14.836667
3318,8,14.926667
3319,8,15.026667
3320,8,15.0
3321,8,14.91
3322,8,14.903333
3323,8,14.853333
3324,8,15.226667
3325,8,15.15
3326,8,15.193333
3327,8,15.106667
3328,8,15.11
3329,8,15.193333
3330,8,15.256667
3331,8,15.473333
3332,8,15.73
3333,8,15.423333
3334,8,15.613333
3335,8,15.773333
3336,8,15.836667
3337,8,16.283333
3338,8,16.433333
3339,8,16.063333
3340,8,15.923333
3341,8,15.896667
3342,8,15.853333
3343,8,15.993333
3344,8,15.943333
3345,8,15.953333
3346,8,16.133333
3347,8,16.063333
3348,8,16.296667
3349,8,16.3
3350,8,16.373333
3351,8,16.506667
3352,8,16.466667
3353,8,16.563333
3354,8,16.583333
3355,8,16.813333
3356,8,16.88
3357,8,16.94
3358,8,16.936667
3359,8,17.09
3360,8,17.22
3361,8,17.223333
3362,8,17.203333
3363,8,17.396667
3364,8,17.433333
3365,8,17.29
3366,8,17.27
3367,8,17.256667
3368,8,17.193333
3369,8,17.236667
3370,8,17.523333
3371,8,17.523333
3372,8,17.486667
3373,8,17.343333
3374,8,17.266667
3375,8,17.213333
3376,8,17.306667
3377,8,17.233333
3378,8,17.25
3379,8,17.28
3380,8,17.4
3381,8,16.896667
3382,8,17.21
3383,8,17.226667
3384,8,17.2
3385,8,17.4
3386,8,17.306667
3387,8,17.626667
3388,8,17.79
3389,8,17.78
3390,8,17.553333
3391,8,17.65
3392,8,17.686667
3393,8,17.61
3394,8,17.56
3395,8,17.646667
3396,8,17.763333
3397,8,17.953333
3398,8,17.94
3399,8,17.843333
3400,8,17.913333
3401,8,17.986667
3402,8,18.163333
3403,8,18.146667
3404,8,17.813333
3405,8,17.856667
3406,8,17.81
3407,8,17.58
3408,8,17.38
3409,8,17.493333
3410,8,17.426667
3411,8,17.25
3412,8,17.203333
3413,8,17.383333
3414,8,17.07
3415,8,17.163333
3416,8,17.193333
3417,8,16.95
3418,8,17.23
3419,8,17.396667
3420,8,17.423333
3421,8,17.206667
3422,8,17.153333
3423,8,17.306667
3424,8,17.176667
3425,8,17.413333
3426,8,17.56
3427,8,17.086667
3428,8,16.906667
3429,8,16.766667
3430,8,16.72
3431,8,16.7
3432,8,16.946667
3433,8,17.18
3434,8,17.136667
3435,8,17.33
3436,8,17.096667
3437,8,17.12
3438,8,17.313333
3439,8,17.376667
3440,8,17.47
3441,8,17.59
3442,8,17.786667
3443,8,17.953333
3444,8,18.176667
3445,8,18.003333
3446,8,18.2
3447,8,18.38
3448,8,18.473333
3449,8,18.55
3450,8,18.023333
3451,8,17.95
3452,8,18.093333
3453,8,18.183333
3454,8,18.12
3455,8,18.06
3456,8,18.056
3457,8,18.133333
3458,8,18.113333
3459,8,18.04
3460,8,17.943333
3461,8,17.916667
3462,8,17.89
3463,8,17.986667
3464,8,17.85
3465,8,17.95
3466,8,18.063333
3467,8,17.923333
3468,8,17.806667
3469,8,17.736667
3470,8,17.82
3471,8,17.633333
3472,8,17.896667
3473,8,17.82
3474,8,17.746667
3475,8,17.69
3476,8,17.723333
3477,8,17.816667
3478,8,17.77
3479,8,17.813333
3480,8,17.763333
3481,8,17.74
3482,8,17.756667
3483,8,17.873333
3484,8,17.903333
3485,8,17.95
3486,8,17.653333
3487,8,17.666667
3488,8,17.763333
3489,8,17.876667
3490,8,18.043333
3491,8,18.016667
3492,8,18.04
3493,8,17.936667
3494,8,17.9
3495,8,18.003333
3496,8,18.056667
3497,8,18.051667
3498,8,18.043333
3499,8,18.3
3500,8,18.373333
3501,8,18.186667
3502,8,18.323333
3503,8,18.316667
3504,8,18.34
3505,8,18.14
3506,8,18.586667
3507,8,18.663333
3508,8,18.7
3509,8,18.56
3510,8,18.836667
3511,8,18.946667
3512,8,18.98
3513,8,18.983333
3514,8,19.183333
3515,8,19.08
3516,8,19.156667
3517,8,19.164
3518,8,19.193333
3519,8,19.326667
3520,8,19.3
3521,8,19.32
3522,8,19.246667
3523,8,19.23
3524,8,19.21
3525,8,19.433333
3526,8,19.306667
3527,8,19.49
3528,8,19.513333
3529,8,19.376667
3530,8,19.483333
3531,8,19.573333
3532,8,19.513333
3533,8,19.463333
3534,8,19.406667
3535,8,19.283333
3536,8,19.406667
3537,8,19.653333
3538,8,19.62
3539,8,19.556667
3540,8,19.646667
3541,8,19.61
3542,8,19.513333
3543,8,19.553333
3544,8,19.436667
3545,8,19.24
3546,8,19.533333
3547,8,19.543333
3548,8,19.32
3549,8,19.126667
3550,8,19.126667
3551,8,19.006667
3552,8,19.023333
3553,8,18.956667
3554,8,19.206667
3555,8,19.276667
3556,8,19.496667
3557,8,19.366667
3558,8,19.536667
3559,8,19.543333
3560,8,19.483333
3561,8,19.68
3562,8,19.896667
3563,8,19.123333
3564,8,18.756667
3565,8,18.58
3566,8,18.586667
3567,8,18.476667
3568,8,18.643333
3569,8,18.536667
3570,8,18.38
3571,8,18.49
3572,8,18.3
3573,8,18.32
3574,8,18.213333
3575,8,18.213333
3576,8,18.373333
3577,8,18.073333
3578,8,17.87
3579,8,17.87
3580,8,18.056667
3581,8,17.87
3582,8,18.1
3583,8,17.936667
3584,8,17.623333
3585,8,17.68
3586,8,17.61
3587,8,17.526667
3588,8,17.583333
3589,8,17.803333
3590,8,18.08
3591,8,18.086667
3592,8,18.326667
3593,8,18.42
3594,8,18.643333
3595,8,18.406667
3596,8,18.563333
3597,8,18.62
3598,8,18.41
3599,8,18.593333
3600,8,18.573333
3601,8,18.63
3602,8,18.706667
3603,8,18.546667
3604,8,18.74
3605,8,18.646667
3606,8,18.93
3607,8,18.896667
3608,8,19.076667
3609,8,19.073333
3610,8,19.12
3611,8,19.07
3612,8,19.18
3613,8,19.306667
3614,8,19.443333
3615,8,19.34
3616,8,19.373333
3617,8,19.01
3618,8,19.16
3619,8,19.15
3620,8,19.026667
3621,8,18.906667
3622,8,18.976667
3623,8,19.18
3624,8,19.07
3625,8,19.033333
3626,8,19.053333
3627,8,18.926667
3628,8,18.643333
3629,8,18.68
3630,8,18.893333
3631,8,18.71
3632,8,18.84
3633,8,18.893333
3634,8,18.96
3635,8,19.14
3636,8,19.126667
3637,8,19.07
3638,8,19.083333
3639,8,19.26
3640,8,19.34
3641,8,19.126667
3642,8,19.03
3643,8,19.166667
3644,8,19.106667
3645,8,19.19
3646,8,19.023333
3647,8,18.98
3648,8,18.913333
3649,8,19.073333
3650,8,19.033333
3651,8,18.976667
3652,8,19.03
3653,8,19.09
3654,8,18.903333
3655,8,18.766667
3656,8,18.846667
3657,8,18.85
3658,8,18.87
3659,8,18.96
3660,8,19.02
3661,8,18.953333
3662,8,19.083333
3663,8,18.973333
3664,8,19.003333
3665,8,18.976667
3666,8,19.013333
3667,8,19.033333
3668,8,19.2
3669,8,19.363333
3670,8,19.27
3671,8,19.2
3672,8,19.22
3673,8,19.19
3674,8,19.103333
3675,8,19.113333
3676,8,19.0
3677,8,19.146667
3678,8,19.116667
3679,8,19.236667
3680,8,19.18
3681,8,19.083333
3682,8,19.126667
3683,8,19.12
3684,8,19.03
3685,8,19.066667
3686,8,19.146667
3687,8,19.333333
3688,8,19.143333
3689,8,19.21
3690,8,19.19
3691,8,19.13
3692,8,19.086667
3693,8,18.99
3694,8,19.06
3695,8,19.11
3696,8,19.153333
3697,8,19.016667
3698,8,18.623333
3699,8,18.753333
3700,8,18.646667
3701,8,18.523333
3702,8,18.576667
3703,8,18.483333
3704,8,18.24
3705,8,18.24
3706,8,18.19
3707,8,17.986667
3708,8,17.816667
3709,8,18.121667
3710,8,18.1
3711,8,18.063333
3712,8,18.063333
3713,8,18.046667
3714,8,18.2
3715,8,18.246667
3716,8,18.303333
3717,8,18.453333
3718,8,18.523333
3719,8,18.536667
3720,8,18.596667
3721,8,18.473333
3722,8,18.473333
3723,8,18.596667
3724,8,18.496667
3725,8,18.536667
3726,8,18.506667
3727,8,18.556667
3728,8,18.476667
3729,8,18.526667
3730,8,18.51
3731,8,18.5
3732,8,18.376667
3733,8,18.333333
3734,8,18.343333
3735,8,18.296667
3736,8,18.163333
3737,8,17.986667
3738,8,17.993333
3739,8,17.996667
3740,8,17.956667
3741,8,18.06
3742,8,18.183333
3743,8,18.196667
3744,8,18.233333
3745,8,18.046667
3746,8,18.176667
3747,8,18.056667
3748,8,18.226667
3749,8,18.24
3750,8,18.24
3751,8,18.123333
3752,8,18.253333
3753,8,18.47
3754,8,18.39
3755,8,18.263333
3756,8,18.47
3757,8,18.316667
3758,8,18.29
3759,8,18.25
3760,8,18.316667
3761,8,17.916667
3762,8,17.766667
3763,8,18.123333
3764,8,18.24
3765,8,18.55
3766,8,18.553333
3767,8,18.386667
3768,8,18.56
3769,8,18.703333
3770,8,18.756667
3771,8,18.743333
3772,8,18.723333
3773,8,18.773333
3774,8,18.8
3775,8,18.91
3776,8,18.906667
3777,8,19.026667
3778,8,19.16
3779,8,19.086667
3780,8,19.11
3781,8,19.14
3782,8,19.2
3783,8,19.1
3784,8,18.97
3785,8,18.986667
3786,8,19.076667
3787,8,19.053333
3788,8,18.98
3789,8,19.16
3790,8,19.056667
3791,8,19.05
3792,8,19.106667
3793,8,19.003333
3794,8,19.203333
3795,8,19.35
3796,8,19.426667
3797,8,19.475
3798,8,19.693333
3799,8,19.42
3800,8,19.35
3801,8,19.375
3802,8,19.243333
3803,8,19.176667
3804,8,19.183333
3805,8,19.37
3806,8,19.606667
3807,8,19.61
3808,8,19.636667
3809,8,19.916667
3810,8,19.836667
3811,8,19.763333
3812,8,19.82
3813,8,19.866667
3814,8,19.7
3815,8,19.496667
3816,8,19.38
3817,8,19.423333
3818,8,19.536667
3819,8,19.876667
3820,8,19.703333
3821,8,19.643333
3822,8,19.72
3823,8,19.633333
3824,8,19.706667
3825,8,19.75
3826,8,19.583333
3827,8,19.65
3828,8,19.89
3829,8,19.803333
3830,8,19.91
3831,8,19.953333
3832,8,19.753333
3833,8,19.683333
3834,8,19.323333
3835,8,19.62
3836,8,19.87
3837,8,19.95
3838,8,20.153333
3839,8,20.003333
3840,8,19.923333
3841,8,20.11
3842,8,20.083333
3843,8,19.863333
3844,8,19.983333
3845,8,19.773333
3846,8,20.016667
3847,8,20.053333
3848,8,20.013333
3849,8,19.85
3850,8,19.808333
3851,8,19.623333
3852,8,19.633333
3853,8,19.72
3854,8,19.88
3855,8,19.826667
3856,8,19.783333
3857,8,19.97
3858,8,19.956667
3859,8,20.17
3860,8,19.933333
3861,8,20.253333
3862,8,20.483333
3863,8,20.513333
3864,8,20.696667
3865,8,20.695
3866,8,20.906667
3867,8,20.66
3868,8,20.896667
3869,8,20.886667
3870,8,20.87
3871,8,20.69
3872,8,20.646667
3873,8,20.613333
3874,8,20.893333
3875,8,20.533333
3876,8,20.606667
3877,8,20.636667
3878,8,20.683333
3879,8,20.588333
3880,8,20.686667
3881,8,20.8
3882,8,20.976667
3883,8,20.946667
3884,8,20.976667
3885,8,20.841667
3886,8,20.793333
3887,8,20.533333
3888,8,20.68
3889,8,20.506667
3890,8,20.43
3891,8,20.421667
3892,8,20.411667
3893,8,20.25
3894,8,20.343333
3895,8,20.246667
3896,8,20.226667
3897,8,20.396667
3898,8,20.541667
3899,8,20.485
3900,8,20.57
3901,8,20.813333
3902,8,20.888333
3903,8,20.96
3904,8,20.836667
3905,8,20.835
3906,8,21.15
3907,8,21.033333
3908,8,21.406667
3909,8,21.596667
3910,8,21.593333
3911,8,21.653333
3912,8,21.496667
3913,8,21.36
3914,8,21.343333
3915,8,21.406667
3916,8,21.296667
3917,8,21.353333
3918,8,21.536667
3919,8,21.74
3920,8,21.403333
3921,8,21.41
3922,8,21.246667
3923,8,21.326667
3924,8,21.616667
3925,8,21.883333
3926,8,21.883333
3927,8,21.83
3928,8,22.203333
3929,8,22.096667
3930,8,22.346667
3931,8,22.24
3932,8,22.386667
3933,8,22.436667
3934,8,22.326667
3935,8,22.33
3936,8,22.483333
3937,8,22.128333
3938,8,22.32
3939,8,22.87
3940,8,22.793333
3941,8,23.1
3942,8,23.17
3943,8,23.0
3944,8,22.873333
3945,8,23.133333
3946,8,22.973333
3947,8,23.016667
3948,8,23.003333
3949,8,23.13
3950,8,23.1
3951,8,23.203333
3952,8,23.266667
3953,8,23.52
3954,8,23.36
3955,8,23.423333
3956,8,23.363333
3957,8,23.28
3958,8,23.426667
3959,8,24.02
3960,8,23.786667
3961,8,24.02
3962,8,24.0
3963,8,24.07
3964,8,23.92
3965,8,24.04
3966,8,24.253333
3967,8,24.276667
3968,8,24.106667
3969,8,24.296667
3970,8,24.48
3971,8,24.606667
3972,8,24.63
3973,8,24.47
3974,8,24.016667
3975,8,23.503333
3976,8,22.393333
3977,8,22.243333
3978,8,22.41
3979,8,22.663333
3980,8,22.723333
3981,8,22.76
3982,8,22.526667
3983,8,22.846667
3984,8,22.98
3985,8,22.776667
3986,8,23.216667
3987,8,23.096667
3988,8,23.196667
3989,8,23.246667
3990,8,23.273333
3991,8,23.406667
3992,8,23.47
3993,8,23.47
3994,8,22.913333
3995,8,23.286667
3996,8,23.196667
3997,8,23.24
3998,8,23.75
3999,8,24.14
4000,8,24.18
4001,8,24.416667
4002,8,24.49
4003,8,24.463333
4004,8,24.78
4005,8,24.993333
4006,8,24.833333
4007,8,25.29
4008,8,25.44
4009,8,25.21
4010,8,25.38
4011,8,25.436667
4012,8,25.203333
4013,8,25.586667
4014,8,25.746667
4015,8,25.826667
4016,8,25.87
4017,8,25.783333
4018,8,25.883333
4019,8,25.836667
4020,8,25.863333
4021,8,25.826667
4022,8,25.883333
4023,8,25.883333
4024,8,24.963333
4025,8,25.0
4026,8,24.87
4027,8,24.803333
4028,8,24.843333
4029,8,24.843333
4030,8,24.7
4031,8,24.82
4032,8,24.763333
4033,8,24.553333
4034,8,24.453333
4035,8,24.553333
4036,8,24.43
4037,8,24.63
4038,8,24.69
4039,8,24.686667
4040,8,24.643333
4041,8,24.533333
4042,8,24.216667
4043,8,24.306667
4044,8,24.156667
4045,8,24.4
4046,8,24.276667
4047,8,24.11
4048,8,24.54
4049,8,24.336667
4050,8,24.23
4051,8,23.75
4052,8,23.506667
4053,8,23.313333
4054,8,23.276667
4055,8,23.22
4056,8,23.383333
4057,8,23.31
4058,8,23.36
4059,8,23.226667
4060,8,23.39
4061,8,23.463333
4062,8,23.52
4063,8,23.646667
4064,8,23.746667
4065,8,23.546667
4066,8,23.25
4067,8,22.95
4068,8,23.033333
4069,8,23.07
4070,8,23.046667
4071,8,22.806667
4072,8,22.76
4073,8,22.543333
4074,8,22.3
4075,8,22.3
4076,8,22.16
4077,8,22.25
4078,8,21.63
4079,8,21.663333
4080,8,21.77
4081,8,22.013333
4082,8,22.083333
4083,8,21.963333
4084,8,22.2
4085,8,22.516667
4086,8,22.666667
4087,8,22.196667
4088,8,22.196667
4089,8,21.986667
4090,8,21.98
4091,8,22.546667
4092,8,22.623333
4093,8,22.96
4094,8,22.24
4095,8,22.8
4096,8,22.87
4097,8,22.73
4098,8,22.793333
4099,8,22.876667
4100,8,22.906667
4101,8,22.72
4102,8,22.93
4103,8,23.026667
4104,8,22.733333
4105,8,22.646667
4106,8,22.893333
4107,8,23.05
4108,8,23.146667
4109,8,23.13
4110,8,22.92
4111,8,22.96
4112,8,22.933333
4113,8,22.956667
4114,8,23.376667
4115,8,23.313333
4116,8,23.303333
4117,8,23.2
4118,8,23.36
4119,8,23.39
4120,8,23.486667
4121,8,23.5
4122,8,23.503333
4123,8,23.106667
4124,8,23.4
4125,8,23.533333
4126,8,23.823333
4127,8,23.7
4128,8,24.05
4129,8,24.0
4130,8,23.543333
4131,8,23.286667
4132,8,23.293333
4133,8,23.25
4134,8,23.166667
4135,8,23.366667
4136,8,23.47
4137,8,23.48
4138,8,23.766667
4139,8,23.813333
4140,8,23.716667
4141,8,23.663333
4142,8,23.123333
4143,8,23.603333
4144,8,23.69
4145,8,23.766667
4146,8,23.8
4147,8,23.556667
4148,8,23.496667
4149,8,23.73
4150,8,23.6
4151,8,23.523333
4152,8,23.57
4153,8,23.443333
4154,8,23.466667
4155,8,23.846667
4156,8,23.973333
4157,8,23.9
4158,8,23.9
4159,8,24.02
4160,8,23.643333
4161,8,23.88
4162,8,23.73
4163,8,23.753333
4164,8,23.576667
4165,8,23.936667
4166,8,23.9
4167,8,23.956667
4168,8,24.053333
4169,8,24.22
4170,8,24.17
4171,8,24.223333
4172,8,24.046667
4173,8,23.896667
4174,8,23.843333
4175,8,24.036667
4176,8,23.953333
4177,8,23.833333
4178,8,23.416667
4179,8,23.21
4180,8,22.94
4181,8,23.186667
4182,8,22.996667
4183,8,23.186667
4184,8,23.283333
4185,8,23.326667
4186,8,23.62
4187,8,23.003333
4188,8,22.513333
4189,8,22.916667
4190,8,23.3
4191,8,24.0
4192,8,23.84
4193,8,23.633333
4194,8,23.583333
4195,8,23.53
4196,8,23.59
4197,8,23.583333
4198,8,23.49
4199,8,23.476667
4200,8,23.416667
4201,8,23.323333
4202,8,23.136667
4203,8,23.063333
4204,8,23.05
4205,8,23.123333
4206,8,23.466667
4207,8,23.41
4208,8,23.223333
4209,8,23.15
4210,8,24.093333
4211,8,24.21
4212,8,24.37
4213,8,24.603333
4214,8,24.623333
4215,8,24.693333
4216,8,24.816667
4217,8,24.796667
4218,8,24.956667
4219,8,25.053333
4220,8,25.036667
4221,8,24.93
4222,8,25.696667
4223,8,26.76
4224,8,26.613333
4225,8,26.683333
4226,8,26.516667
4227,8,26.486667
4228,8,26.38
4229,8,26.455
4230,8,26.493333
4231,8,26.42
4232,8,26.5
4233,8,26.79
4234,8,26.98
4235,8,27.136667
4236,8,27.25
4237,8,27.586667
4238,8,27.716667
4239,8,27.436667
4240,8,26.86
4241,8,27.113333
4242,8,27.03
4243,8,26.883333
4244,8,26.913333
4245,8,26.65
4246,8,26.823333
4247,8,26.993333
4248,8,27.186667
4249,8,27.23
4250,8,26.763333
4251,8,26.486667
4252,8,26.753333
4253,8,26.846667
4254,8,26.593333
4255,8,26.42
4256,8,26.306667
4257,8,26.48
4258,8,25.766667
4259,8,25.68
4260,8,26.406667
4261,8,26.163333
4262,8,25.836667
4263,8,26.213333
4264,8,26.346667
4265,8,26.64
4266,8,26.646667
4267,8,26.433333
4268,8,26.283333
4269,8,26.03
4270,8,25.873333
4271,8,25.933333
4272,8,25.946667
4273,8,26.3
4274,8,25.676667
4275,8,25.823333
4276,8,25.99
4277,8,25.683333
4278,8,25.766667
4279,8,25.943333
4280,8,25.726667
4281,8,26.17
4282,8,26.273333
4283,8,26.406667
4284,8,26.67
4285,8,27.04
4286,8,27.126667
4287,8,27.033333
4288,8,26.8
4289,8,26.866667
4290,8,26.95
4291,8,26.963333
4292,8,26.986667
4293,8,27.203333
4294,8,27.38
4295,8,27.206667
4296,8,27.463333
4297,8,27.573333
4298,8,27.766667
4299,8,27.696667
4300,8,27.983333
4301,8,28.146667
4302,8,28.293333
4303,8,28.75
4304,8,28.73
4305,8,29.303333
4306,8,29.126667
4307,8,28.816667
4308,8,28.876667
4309,8,28.943333
4310,8,29.033333
4311,8,29.043333
4312,8,29.03
4313,8,29.03
4314,8,29.083333
4315,8,28.9
4316,8,28.666667
4317,8,28.696667
4318,8,28.763333
4319,8,28.63
4320,8,28.833333
4321,8,28.54
4322,8,28.823333
4323,8,28.406667
4324,8,28.77
4325,8,28.786667
4326,8,29.05
4327,8,29.006667
4328,8,28.916667
4329,8,29.356667
4330,8,29.226667
4331,8,29.163333
4332,8,29.226667
4333,8,29.38
4334,8,29.56
4335,8,29.666667
4336,8,29.656667
4337,8,29.473333
4338,8,29.45
4339,8,29.683333
4340,8,29.98
4341,8,30.213333
4342,8,30.386667
4343,8,30.433333
4344,8,30.67
4345,8,30.953333
4346,8,30.996667
4347,8,31.07
4348,8,31.0
4349,8,31.03
4350,8,31.346667
4351,8,31.34
4352,8,31.216667
4353,8,31.39
4354,8,31.52
4355,8,31.513333
4356,8,31.366667
4357,8,31.523333
4358,8,31.91
4359,8,31.533333
4360,8,31.553333
4361,8,31.36
4362,8,31.326667
4363,8,31.313333
4364,8,31.4
4365,8,31.696667
4366,8,31.763333
4367,8,31.693333
4368,8,31.88
4369,8,31.833333
4370,8,31.866667
4371,8,31.733333
4372,8,31.203333
4373,8,31.21
4374,8,31.223333
4375,8,31.07
4376,8,31.096667
4377,8,31.41
4378,8,31.476667
4379,8,31.763333
4380,8,31.59
4381,8,31.396667
4382,8,31.886667
4383,8,31.586667
4384,8,31.46
4385,8,31.256667
4386,8,31.416667
4387,8,31.576667
4388,8,31.306667
4389,8,31.023333
4390,8,31.576667
4391,8,31.576667
4392,8,31.716667
4393,8,31.71
4394,8,31.663333
4395,8,31.873333
4396,8,32.17
4397,8,32.503333
4398,8,32.606667
4399,8,32.323333
4400,8,32.33
4401,8,32.163333
4402,8,32.206667
4403,8,32.396667
4404,8,32.406667
4405,8,32.086667
4406,8,31.79
4407,8,31.823333
4408,8,31.773333
4409,8,31.73
4410,8,31.893333
4411,8,31.766667
4412,8,31.476667
4413,8,31.753333
4414,8,31.593333
4415,8,31.503333
4416,8,31.596667
4417,8,31.686667
4418,8,31.68
4419,8,31.85
4420,8,31.66
4421,8,32.416667
4422,8,32.743333
4423,8,32.93
4424,8,32.776667
4425,8,32.38
4426,8,31.68
4427,8,31.586667
4428,8,30.933333
4429,8,31.153333
4430,8,31.303333
4431,8,31.416667
4432,8,31.436667
4433,8,31.476667
4434,8,31.566667
4435,8,31.506667
4436,8,31.44
4437,8,31.013333
4438,8,30.98
4439,8,30.966667
4440,8,30.993333
4441,8,31.446667
4442,8,31.39
4443,8,31.096667
4444,8,31.56
4445,8,31.736667
4446,8,31.403333
4447,8,31.743333
4448,8,31.823333
4449,8,31.933333
4450,8,32.056667
4451,8,32.1
4452,8,32.053333
4453,8,32.18
4454,8,32.263333
4455,8,32.483333
4456,8,32.663333
4457,8,32.833333
4458,8,32.83
4459,8,33.04
4460,8,33.01
4461,8,31.536667
4462,8,31.97
4463,8,32.42
4464,8,32.53
4465,8,32.626667
4466,8,32.566667
4467,8,32.683333
4468,8,32.423333
4469,8,32.42
4470,8,32.313333
4471,8,32.176667
4472,8,32.046667
4473,8,32.22
4474,8,32.306667
4475,8,32.22
4476,8,32.126667
4477,8,32.056667
4478,8,32.143333
4479,8,32.336667
4480,8,32.333333
4481,8,32.233333
4482,8,32.47
4483,8,32.12
4484,8,32.133333
4485,8,32.216667
4486,8,32.446667
4487,8,32.546667
4488,8,31.713333
4489,8,31.576667
4490,8,30.51
4491,8,31.44
4492,8,32.303333
4493,8,32.563333
4494,8,32.663333
4495,8,32.16
4496,8,32.136667
4497,8,32.29
4498,8,32.13
4499,8,32.21
4500,8,32.696667
4501,8,32.7
4502,8,32.68
4503,8,32.71
4504,8,32.91
4505,8,32.986667
4506,8,32.833333
4507,8,33.326667
4508,8,33.36
4509,8,33.23
4510,8,33.433333
4511,8,33.313333
4512,8,33.17
4513,8,33.05
4514,8,32.863333
4515,8,32.85
4516,8,32.78
4517,8,32.973333
4518,8,33.196667
4519,8,33.433333
4520,8,33.72
4521,8,34.05
4522,8,34.126667
4523,8,33.976667
4524,8,34.036667
4525,8,33.536667
4526,8,33.236667
4527,8,33.276667
4528,8,33.213333
4529,8,32.616667
4530,8,31.793333
4531,8,31.5
4532,8,31.85
4533,8,31.866667
4534,8,31.816667
4535,8,31.97
4536,8,31.783333
4537,8,31.9
4538,8,31.853333
4539,8,32.153333
4540,8,31.896667
4541,8,31.986667
4542,8,31.933333
4543,8,32.336667
4544,8,31.866667
4545,8,31.886667
4546,8,32.093333
4547,8,32.226667
4548,8,32.076667
4549,8,31.563333
4550,8,31.62
4551,8,31.21
4552,8,30.903333
4553,8,30.953333
4554,8,30.616667
4555,8,30.67
4556,8,30.856667
4557,8,30.75
4558,8,30.166667
4559,8,29.933333
4560,8,30.67
4561,8,30.456667
4562,8,30.173333
4563,8,29.85
4564,8,29.833333
4565,8,29.903333
4566,8,30.09
4567,8,30.16
4568,8,30.283333
4569,8,30.256667
4570,8,29.433333
4571,8,29.46
4572,8,29.57
4573,8,29.453333
4574,8,29.456667
4575,8,29.076667
4576,8,28.916667
4577,8,29.623333
4578,8,30.23
4579,8,30.46
4580,8,30.33
4581,8,29.973333
4582,8,30.383333
4583,8,30.916667
4584,8,31.126667
4585,8,31.136667
4586,8,30.79
4587,8,30.7
4588,8,30.433333
4589,8,30.283333
4590,8,30.313333
4591,8,30.413333
4592,8,30.316667
4593,8,29.2
4594,8,28.95
4595,8,29.326667
4596,8,28.67
4597,8,28.96
4598,8,28.97
4599,8,29.14
4600,8,30.013333
4601,8,29.95
4602,8,29.953333
4603,8,29.57
4604,8,29.606667
4605,8,29.313333
4606,8,29.326667
4607,8,29.53
4608,8,29.68
4609,8,29.413333
4610,8,28.75
4611,8,28.713333
4612,8,29.713333
4613,8,30.016667
4614,8,29.886667
4615,8,29.573333
4616,8,29.356667
4617,8,28.383333
4618,8,28.476667
4619,8,28.136667
4620,8,28.09
4621,8,28.346667
4622,8,28.466667
4623,8,28.646667
4624,8,28.606667
4625,8,28.12
4626,8,27.803333
4627,8,28.096667
4628,8,28.156667
4629,8,28.6
4630,8,28.53
4631,8,28.4
4632,8,28.666667
4633,8,28.84
4634,8,28.8
4635,8,28.47
4636,8,26.79
4637,8,26.256667
4638,8,26.596667
4639,8,26.983333
4640,8,26.973333
4641,8,27.38
4642,8,27.23
4643,8,26.83
4644,8,26.86
4645,8,27.016667
4646,8,27.04
4647,8,26.953333
4648,8,26.873333
4649,8,27.11
4650,8,27.226667
4651,8,26.71
4652,8,26.876667
4653,8,26.31
4654,8,25.983333
4655,8,26.276667
4656,8,26.376667
4657,8,26.663333
4658,8,26.46
4659,8,26.523333
4660,8,26.55
4661,8,26.39
4662,8,26.046667
4663,8,26.253333
4664,8,26.273333
4665,8,26.223333
4666,8,26.533333
4667,8,26.55
4668,8,26.246667
4669,8,26.193333
4670,8,26.336667
4671,8,26.0
4672,8,26.363333
4673,8,26.15
4674,8,26.61
4675,8,26.9
4676,8,27.026667
4677,8,27.2
4678,8,27.213333
4679,8,28.096667
4680,8,27.826667
4681,8,27.713333
4682,8,27.516667
4683,8,27.043333
4684,8,26.836667
4685,8,26.793333
4686,8,26.906667
4687,8,27.016667
4688,8,26.36
4689,8,26.48
4690,8,26.61
4691,8,26.41
4692,8,26.27
4693,8,26.42
4694,8,26.46
4695,8,26.63
4696,8,26.76
4697,8,26.93
4698,8,27.28
4699,8,27.89
4700,8,28.24
4701,8,28.04
4702,8,28.08
4703,8,28.43
4704,8,28.53
4705,8,28.36
4706,8,28.95
4707,8,29.01
4708,8,29.05
4709,8,29.04
4710,8,29.13
4711,8,29.5
4712,8,30.0
4713,8,30.14
4714,8,30.34
4715,8,30.56
4716,8,30.06
4717,8,30.04
4718,8,29.96
4719,8,30.11
4720,8,30.21
4721,8,30.3
4722,8,30.34
4723,8,30.22
4724,8,30.1
4725,8,30.27
4726,8,30.26
4727,8,30.45
4728,8,30.63
4729,8,30.54
4730,8,30.73
4731,8,30.33
4732,8,30.58
4733,8,30.87
4734,8,31.14
4735,8,30.89
4736,8,30.87
4737,8,30.6
4738,8,30.57
4739,8,30.59
4740,8,30.59
4741,8,30.36
4742,8,30.28
4743,8,30.08
4744,8,30.23
4745,8,30.0
4746,8,30.35
4747,8,30.4
4748,8,30.18
4749,8,30.24
4750,8,30.15
4751,8,30.22
4752,8,30.2
4753,8,29.91
4754,8,29.65
4755,8,29.53
4756,8,29.59
4757,8,29.81
4758,8,29.31
4759,8,29.44
4760,8,29.29
4761,8,28.94
4762,8,28.71
4763,8,28.85
4764,8,28.87
4765,8,28.09
4766,8,27.32
4767,8,27.2
4768,8,27.36
4769,8,27.92
4770,8,28.05
4771,8,27.62
4772,8,27.71
4773,8,27.4
4774,8,26.96
4775,8,26.16
4776,8,26.57
4777,8,26.7
4778,8,26.77
4779,8,27.64
4780,8,28.37
4781,8,28.69
4782,8,28.03
4783,8,27.83
4784,8,27.88
4785,8,28.16
4786,8,28.35
4787,8,28.35
4788,8,28.01
4789,8,28.15
4790,8,27.89
4791,8,28.3
4792,8,28.26
4793,8,28.25
4794,8,27.92
4795,8,28.0
4796,8,28.0
4797,8,28.16
4798,8,27.87
4799,8,28.45
4800,8,28.38
4801,8,28.62
4802,8,28.39
4803,8,27.94
4804,8,27.75
4805,8,27.74
4806,8,27.57
4807,8,27.24
4808,8,27.18
4809,8,27.05
4810,8,26.86
4811,8,26.41
4812,8,26.79
4813,8,26.41
4814,8,25.9
4815,8,25.55
4816,8,24.8
4817,8,25.92
4818,8,26.54
4819,8,26.39
4820,8,26.72
4821,8,26.19
4822,8,25.78
4823,8,26.39
4824,8,26.33
4825,8,26.43
4826,8,26.77
4827,8,27.12
4828,8,26.68
4829,8,26.91
4830,8,27.59
4831,8,27.87
4832,8,28.24
4833,8,28.48
4834,8,28.42
4835,8,28.57
4836,8,28.8
4837,8,28.83
4838,8,28.74
4839,8,28.79
4840,8,29.25
4841,8,29.35
4842,8,29.74
4843,8,29.98
4844,8,30.28
4845,8,30.27
4846,8,30.37
4847,8,30.31
4848,8,30.33
4849,8,30.83
4850,8,31.96
4851,8,31.12
4852,8,31.5
4853,8,32.07
4854,8,32.3
4855,8,32.29
4856,8,32.3
4857,8,32.26
4858,8,32.38
4859,8,32.36
4860,8,32.67
4861,8,32.87
4862,8,32.94
4863,8,32.84
4864,8,32.58
4865,8,32.24
4866,8,32.11
4867,8,32.38
4868,8,32.41
4869,8,32.42
4870,8,32.55
4871,8,32.87
4872,8,32.84
4873,8,32.36
4874,8,31.98
4875,8,32.29
4876,8,32.06
4877,8,31.97
4878,8,31.96
4879,8,32.07
4880,8,32.0
4881,8,32.32
4882,8,32.66
4883,8,32.42
4884,8,32.48
4885,8,32.47
4886,8,32.59
4887,8,32.68
4888,8,32.11
4889,8,32.34
4890,8,32.63
4891,8,32.89
4892,8,32.49
4893,8,32.91
4894,8,32.62
4895,8,32.53
4896,8,32.19
4897,8,32.75
4898,8,32.76
4899,8,32.85
4900,8,32.96
4901,8,33.3
4902,8,33.78
4903,8,33.85
4904,8,33.86
4905,8,34.15
4906,8,34.14
4907,8,33.63
4908,8,33.54
4909,8,33.42
4910,8,33.96
4911,8,33.32
4912,8,33.89
4913,8,34.04
4914,8,34.51
4915,8,33.78
4916,8,33.86
4917,8,34.4
4918,8,34.86
4919,8,34.44
4920,8,34.4
4921,8,33.97
4922,8,34.23
4923,8,34.27
4924,8,34.43
4925,8,34.96
4926,8,34.88
4927,8,35.4
4928,8,35.58
4929,8,35.64
4930,8,35.42
4931,8,35.0
4932,8,35.04
4933,8,35.04
4934,8,35.56
4935,8,35.52
4936,8,35.78
4937,8,36.1
4938,8,36.42
4939,8,36.44
4940,8,36.18
4941,8,35.91
4942,8,35.27
4943,8,36.19
4944,8,37.08
4945,8,37.84
4946,8,37.62
4947,8,37.94
4948,8,37.98
4949,8,37.96
4950,8,38.42
4951,8,38.47
4952,8,38.36
4953,8,38.29
4954,8,38.42
4955,8,38.52
4956,8,38.12
4957,8,38.24
4958,8,37.58
4959,8,37.42
4960,8,37.56
4961,8,37.79
4962,8,38.01
4963,8,38.2
4964,8,38.2
4965,8,39.55
4966,8,38.69
4967,8,38.55
4968,8,38.72
4969,8,37.76
4970,8,38.87
4971,8,39.26
4972,8,39.46
4973,8,39.39
4974,8,39.0
4975,8,39.46
4976,8,38.33
4977,8,38.91
4978,8,39.75
4979,8,40.07
4980,8,39.77
4981,8,39.83
4982,8,39.57
4983,8,38.61
4984,8,39.02
4985,8,39.11
4986,8,39.32
4987,8,39.5
4988,8,39.5
4989,8,40.12
4990,8,40.82
4991,8,41.13
4992,8,41.31
4993,8,41.34
4994,8,40.61
4995,8,40.57
4996,8,40.44
4997,8,40.48
4998,8,40.56
4999,8,40.96
5000,8,40.91
5001,8,41.14
5002,8,41.0
5003,8,41.105
5004,8,41.335
5005,8,41.97
5006,8,42.36
5007,8,42.05
5008,8,41.98
5009,8,41.43
5010,8,40.85
5011,8,41.12
5012,8,41.86
5013,8,41.63
5014,8,40.77
5015,8,41.16
5016,8,41.16
5017,8,41.49
5018,8,41.59
5019,8,41.9
5020,8,41.96
5021,8,42.0
5022,8,42.31
5023,8,42.59
5024,8,41.36
5025,8,41.39
5026,8,41.39
5027,8,40.8
5028,8,40.7
5029,8,41.03
5030,8,42.01
5031,8,41.76
5032,8,41.82
5033,8,40.95
5034,8,40.54
5035,8,41.32
5036,8,40.46
5037,8,40.58
5038,8,40.79
5039,8,40.52
5040,8,40.58
5041,8,40.655
5042,8,40.63
5043,8,41.36
5044,8,41.5
5045,8,41.2
5046,8,40.58
5047,8,40.84
5048,8,41.2
5049,8,42.08
5050,8,42.23
5051,8,41.97
5052,8,41.52
5053,8,40.62
5054,8,41.04
5055,8,41.33
5056,8,41.16
5057,8,41.45
5058,8,41.16
5059,8,41.02
5060,8,41.66
5061,8,41.75
5062,8,42.06
5063,8,42.62
5064,8,42.34
5065,8,42.43
5066,8,42.67
5067,8,42.065
5068,8,42.01
5069,8,42.18
5070,8,42.56
5071,8,42.73
5072,8,42.89
5073,8,43.4
5074,8,43.35
5075,8,43.52
5076,8,43.16
5077,8,42.73
5078,8,43.6
5079,8,43.53
5080,8,43.69
5081,8,43.67
5082,8,44.05
5083,8,44.56
5084,8,45.17
5085,8,45.15
5086,8,45.48
5087,8,45.24
5088,8,44.99
5089,8,44.55
5090,8,44.66
5091,8,44.13
5092,8,44.48
5093,8,44.16
5094,8,44.68
5095,8,44.87
5096,8,45.72
5097,8,46.14
5098,8,46.15
5099,8,46.78
5100,8,47.75
5101,8,47.04
5102,8,47.83
5103,8,47.68
5104,8,47.89
5105,8,48.18
5106,8,47.9
5107,8,47.12
5108,8,45.65
5109,8,44.39
5110,8,43.83
5111,8,42.42
5112,8,40.43
5113,8,42.49
5114,8,41.62
5115,8,43.08
5116,8,41.17
5117,8,40.7
5118,8,36.65
5119,8,37.83
5120,8,35.88
5121,8,30.68
5122,8,32.77
5123,8,27.24
5124,8,30.22
5125,8,27.49
5126,8,27.06
5127,8,25.97
5128,8,23.26
5129,8,25.6
5130,8,25.72
5131,8,29.67
5132,8,29.07
5133,8,30.54
5134,8,28.46
5135,8,26.02
5136,8,26.32
5137,8,24.61
5138,8,27.03
5139,8,27.88
5140,8,28.69
5141,8,31.0
5142,8,29.22
5143,8,29.25
5144,8,27.35
5145,8,26.49
5146,8,27.15
5147,8,26.7
5148,8,25.29
5149,8,24.9
5150,8,24.26
5151,8,23.64
5152,8,24.65
5153,8,24.75
5154,8,25.58
5155,8,24.03
5156,8,23.11
5157,8,23.8
5158,8,23.74
5159,8,23.42
5160,8,24.71
5161,8,25.95
5162,8,25.26
5163,8,23.65
5164,8,22.24
5165,8,22.85
5166,8,22.98
5167,8,24.36
5168,8,24.275
5169,8,26.54
5170,8,27.45
5171,8,28.3
5172,8,29.385
5173,8,29.92
5174,8,29.04
5175,8,28.22
5176,8,29.1
5177,8,30.38
5178,8,32.35
5179,8,32.79
5180,8,34.98
5181,8,35.65
5182,8,34.38
5183,8,32.86
5184,8,30.3
5185,8,30.61
5186,8,30.93
5187,8,31.22
5188,8,30.71
5189,8,30.55
5190,8,29.33
5191,8,29.71
5192,8,29.56
5193,8,28.45
5194,8,28.88
5195,8,27.7
5196,8,28.37
5197,8,28.65
5198,8,28.15
5199,8,28.09
5200,8,28.5
5201,8,27.51
5202,8,27.65
5203,8,27.04
5204,8,28.23
5205,8,28.29
5206,8,28.9
5207,8,30.34
5208,8,30.82
5209,8,30.69
5210,8,30.04
5211,8,30.43
5212,8,30.74
5213,8,31.19
5214,8,30.85
5215,8,30.13
5216,8,30.1
5217,8,30.86
5218,8,31.11
5219,8,30.75
5220,8,30.945
5221,8,30.365
5222,8,30.82
5223,8,31.32
5224,8,32.49
5225,8,32.73
5226,8,32.85
5227,8,32.6
5228,8,32.36
5229,8,32.25
5230,8,31.76
5231,8,31.58
5232,8,31.4
5233,8,31.4
5234,8,30.9
5235,8,31.95
5236,8,31.47
5237,8,31.39
5238,8,32.31
5239,8,32.27
5240,8,31.54
5241,8,31.6
5242,8,32.13
5243,8,32.12
5244,8,31.87
5245,8,31.0
5246,8,31.55
5247,8,31.16
5248,8,30.73
5249,8,31.04
5250,8,30.29
5251,8,30.61
5252,8,30.42
5253,8,29.48
5254,8,28.89
5255,8,29.0
5256,8,27.93
5257,8,28.14
5258,8,28.45
5259,8,29.26
5260,8,28.87
5261,8,29.25
5262,8,29.4
5263,8,29.7
5264,8,30.64
5265,8,30.18
5266,8,30.24
5267,8,31.5
5268,8,31.53
5269,8,31.71
5270,8,30.81
5271,8,30.46
5272,8,30.89
5273,8,30.85
5274,8,29.89
5275,8,30.26
5276,8,30.86
5277,8,31.68
5278,8,31.81
5279,8,30.48
5280,8,29.21
5281,8,29.45
5282,8,30.43
5283,8,30.21
5284,8,31.365
5285,8,31.91
5286,8,31.98
5287,8,31.91
5288,8,31.55
5289,8,34.44
5290,8,35.22
5291,8,34.73
5292,8,33.73
5293,8,34.15
5294,8,35.3
5295,8,35.24
5296,8,34.89
5297,8,34.87
5298,8,33.97
5299,8,33.99
5300,8,34.55
5301,8,33.55
5302,8,33.03
5303,8,32.195
5304,8,33.02
5305,8,33.11
5306,8,32.59
5307,8,34.17
5308,8,33.25
5309,8,33.18
5310,8,33.55
5311,8,34.27
5312,8,33.75
5313,8,33.57
5314,8,34.93
5315,8,35.4
5316,8,35.55
5317,8,34.43
5318,8,34.37
5319,8,34.58
5320,8,35.08
5321,8,34.86
5322,8,35.33
5323,8,35.3
5324,8,35.58
5325,8,36.07
5326,8,34.9
5327,8,35.04
5328,8,36.58
5329,8,36.24
5330,8,36.44
5331,8,36.17
5332,8,36.37
5333,8,35.61
5334,8,35.22
5335,8,34.69
5336,8,34.18
5337,8,34.59
5338,8,34.37
5339,8,33.31
5340,8,33.37
5341,8,32.9
5342,8,31.58
5343,8,31.95
5344,8,31.41
5345,8,32.02
5346,8,33.15
5347,8,32.7
5348,8,33.39
5349,8,33.8
5350,8,34.15
5351,8,35.1
5352,8,34.89
5353,8,35.56
5354,8,35.15
5355,8,34.91
5356,8,35.35
5357,8,34.92
5358,8,35.09
5359,8,35.16
5360,8,35.15
5361,8,35.565
5362,8,35.49
5363,8,35.82
5364,8,35.91
5365,8,36.37
5366,8,36.21
5367,8,35.7
5368,8,36.37
5369,8,37.22
5370,8,36.74
5371,8,37.1
5372,8,36.99
5373,8,37.62
5374,8,38.09
5375,8,37.86
5376,8,37.6
5377,8,37.63
5378,8,36.91
5379,8,36.63
5380,8,36.77
5381,8,37.25
5382,8,38.21
5383,8,38.78
5384,8,38.85
5385,8,39.16
5386,8,38.37
5387,8,39.41
5388,8,39.62
5389,8,39.93
5390,8,40.27
5391,8,40.06
5392,8,40.06
5393,8,40.0
5394,8,39.85
5395,8,40.11
5396,8,40.31
5397,8,40.08
5398,8,39.7
5399,8,39.24
5400,8,39.89
5401,8,39.64
5402,8,39.99
5403,8,40.15
5404,8,40.49
5405,8,39.49
5406,8,40.14
5407,8,39.71
5408,8,40.14
5409,8,40.26
5410,8,40.19
5411,8,39.77
5412,8,40.79
5413,8,39.92
5414,8,39.58
5415,8,39.13
5416,8,39.92
5417,8,40.19
5418,8,40.42
5419,8,40.17
5420,8,40.0
5421,8,40.27
5422,8,39.93
5423,8,39.93
5424,8,39.17
5425,8,38.99
5426,8,39.68
5427,8,39.89
5428,8,39.86
5429,8,39.45
5430,8,39.48
5431,8,39.64
5432,8,39.71
5433,8,39.57
5434,8,39.06
5435,8,39.01
5436,8,39.29
5437,8,39.14
5438,8,39.53
5439,8,39.39
5440,8,38.51
5441,8,37.12
5442,8,37.9
5443,8,38.01
5444,8,38.39
5445,8,38.84
5446,8,39.3
5447,8,38.76
5448,8,38.89
5449,8,38.94
5450,8,39.95
5451,8,39.51
5452,8,38.8
5453,8,39.02
5454,8,37.62
5455,8,38.5
5456,8,38.38
5457,8,37.54
5458,8,37.75
5459,8,37.98
5460,8,38.08
5461,8,36.82
5462,8,37.89
5463,8,38.48
5464,8,38.13
5465,8,38.53
5466,8,38.71
5467,8,38.53
5468,8,38.06
5469,8,38.5
5470,8,39.0
5471,8,39.21
5472,8,39.34
5473,8,39.42
5474,8,39.99
5475,8,40.58
5476,8,40.54
5477,8,40.78
5478,8,41.52
5479,8,41.66
5480,8,41.78
5481,8,41.81
5482,8,41.9
5483,8,41.68
5484,8,41.66
5485,8,42.1
5486,8,42.1
5487,8,42.04
5488,8,42.08
5489,8,41.39
5490,8,41.75
5491,8,41.25
5492,8,41.1
5493,8,40.47
5494,8,39.61
5495,8,39.43
5496,8,39.0
5497,8,39.97
5498,8,39.52
5499,8,38.94
5500,8,39.89
5501,8,39.26
5502,8,39.34
5503,8,39.16
5504,8,39.3
5505,8,38.85
5506,8,38.73
5507,8,39.02
5508,8,39.0
5509,8,39.18
5510,8,39.36
5511,8,38.39
5512,8,38.84
5513,8,38.18
5514,8,38.18
5515,8,38.19
5516,8,39.6
5517,8,39.99
5518,8,40.71
5519,8,40.95
5520,8,40.17
5521,8,40.85
5522,8,41.81
5523,8,42.8
5524,8,42.47
5525,8,42.35
5526,8,42.07
5527,8,42.64
5528,8,42.91
5529,8,43.21
5530,8,43.34
5531,8,43.15
5532,8,42.33
5533,8,42.04
5534,8,41.82
5535,8,42.57
5536,8,43.16
5537,8,43.25
5538,8,42.18
5539,8,43.36
5540,8,42.62
5541,8,42.02
5542,8,41.76
5543,8,41.47
5544,8,42.02
5545,8,42.36
5546,8,42.69
5547,8,42.15
5548,8,41.67
5549,8,42.06
5550,8,43.11
5551,8,43.74
5552,8,43.79
5553,8,41.89
5554,8,41.73
5555,8,40.38
5556,8,40.73
5557,8,42.29
5558,8,42.25
5559,8,43.14
5560,8,43.36
5561,8,43.39
5562,8,43.47
5563,8,43.43
5564,8,43.35
5565,8,43.75
5566,8,43.94
5567,8,44.09
5568,8,43.22
5569,8,42.43
5570,8,42.93
5571,8,43.3
5572,8,43.48
5573,8,43.93
5574,8,44.27
5575,8,44.6
5576,8,44.33
5577,8,44.45
5578,8,44.55
5579,8,45.13
5580,8,44.6
5581,8,44.86
5582,8,45.07
5583,8,46.02
5584,8,46.37
5585,8,46.47
5586,8,46.74
5587,8,47.41
5588,8,46.59
5589,8,45.92
5590,8,45.63
5591,8,45.19
5592,8,45.7
5593,8,45.25
5594,8,45.03
5595,8,44.78
5596,8,45.38
5597,8,46.32
5598,8,47.32
5599,8,47.94
5600,8,47.79
5601,8,47.64
5602,8,47.59
5603,8,48.2
5604,8,48.26
5605,8,47.39
5606,8,46.56
5607,8,46.42
5608,8,47.68
5609,8,47.65
5610,8,46.97
5611,8,47.1
5612,8,46.83
5613,8,46.29
5614,8,45.93
5615,8,47.54
5616,8,47.11
5617,8,45.83
5618,8,47.12
5619,8,46.56
5620,8,46.02
5621,8,44.27
5622,8,44.07
5623,8,45.56
5624,8,45.2
5625,8,45.73
5626,8,46.33
5627,8,46.81
5628,8,46.65
5629,8,46.5
5630,8,45.84
5631,8,47.15
5632,8,47.11
5633,8,46.6
5634,8,47.13
5635,8,47.67
5636,8,47.6
5637,8,48.56
5638,8,48.44
5639,8,48.42
5640,8,48.62
5641,8,47.08
5642,8,47.49
5643,8,47.3
5644,8,47.36
5645,8,48.32
5646,8,48.02
5647,8,47.69
5648,8,47.83
5649,8,48.98
5650,8,48.64
5651,8,48.92
5652,8,49.96
5653,8,49.25
5654,8,47.31
5655,8,46.73
5656,8,46.51
5657,8,47.93
5658,8,46.76
5659,8,45.67
5660,8,45.88
5661,8,46.43
5662,8,47.31
5663,8,46.45
5664,8,46.54
5665,8,45.22
5666,8,45.79
5667,8,45.73
5668,8,45.24
5669,8,46.02
5670,8,46.11
5671,8,46.88
5672,8,45.82
5673,8,45.22
5674,8,45.42
5675,8,46.31
5676,8,46.13
5677,8,46.41
5678,8,47.07
5679,8,47.46
5680,8,47.46
5681,8,46.77
5682,8,47.47
5683,8,46.72
5684,8,47.1
5685,8,47.42
5686,8,46.81
5687,8,45.81
5688,8,45.23
5689,8,43.99
5690,8,44.55
5691,8,43.99
5692,8,42.23
5693,8,43.4
5694,8,43.73
5695,8,43.51
5696,8,43.58
5697,8,44.86
5698,8,44.97
5699,8,44.73
5700,8,44.63
5701,8,45.49
5702,8,45.95
5703,8,44.44
5704,8,44.74
5705,8,44.8
5706,8,44.47
5707,8,44.59
5708,8,44.18
5709,8,44.21
5710,8,42.47
5711,8,43.13
5712,8,43.09
5713,8,43.88
5714,8,43.76
5715,8,43.85
5716,8,43.67
5717,8,44.08
5718,8,44.24
5719,8,44.28
5720,8,43.29
5721,8,44.4
5722,8,43.49
5723,8,43.43
5724,8,43.5
5725,8,43.55
5726,8,43.81
5727,8,44.15
5728,8,44.65
5729,8,45.23
5730,8,45.98
5731,8,47.04
5732,8,46.99
5733,8,47.51
5734,8,47.52
5735,8,47.83
5736,8,47.28
5737,8,46.43
5738,8,46.49
5739,8,46.68
5740,8,47.29
5741,8,46.5
5742,8,46.24
5743,8,45.74
5744,8,45.72
5745,8,45.72
5746,8,45.5
5747,8,45.04
5748,8,46.14
5749,8,46.47
5750,8,46.52
5751,8,47.09
5752,8,47.05
5753,8,47.02
5754,8,47.28
5755,8,46.52
5756,8,47.48
5757,8,46.43
5758,8,44.8
5759,8,43.93
5760,8,43.1
5761,8,41.67
5762,8,43.1
5763,8,44.47
5764,8,45.83
5765,8,45.54
5766,8,46.33
5767,8,48.69
5768,8,47.96
5769,8,48.0
5770,8,45.67
5771,8,46.64
5772,8,46.59
5773,8,45.56
5774,8,47.53
5775,8,47.0
5776,8,48.08
5777,8,48.64
5778,8,48.72
5779,8,47.52
5780,8,48.23
5781,8,49.34
5782,8,49.22
5783,8,48.79
5784,8,51.69
5785,8,56.68
5786,8,57.5
5787,8,55.44
5788,8,56.22
5789,8,56.53
5790,8,56.86
5791,8,58.01
5792,8,57.72
5793,8,57.56
5794,8,58.4
5795,8,56.77
5796,8,56.36
5797,8,56.21
5798,8,56.52
5799,8,56.55
5800,8,57.67
5801,8,57.16
5802,8,57.78
5803,8,58.05
5804,8,58.73
5805,8,58.02
5806,8,58.98
5807,8,59.91
5808,8,59.76
5809,8,60.6
5810,8,59.17
5811,8,60.54
5812,8,60.15
5813,8,60.56
5814,8,60.04
5815,8,60.0
5816,8,59.9
5817,8,60.32
5818,8,60.75
5819,8,61.03
5820,8,60.54
5821,8,62.24
5822,8,63.36
5823,8,62.85
5824,8,63.38
5825,8,63.62
5826,8,62.6
5827,8,63.11
5828,8,62.78
5829,8,62.46
5830,8,62.77
5831,8,62.94
5832,8,63.9
5833,8,62.67
5834,8,63.07
5835,8,62.85
5836,8,63.07
5837,8,63.76
5838,8,64.0
5839,8,63.52
5840,8,63.39
5841,8,62.46
5842,8,63.13
5843,8,64.04
5844,8,64.8
5845,8,64.75
5846,8,64.06
5847,8,63.99
5848,8,64.35
5849,8,64.18
5850,8,61.35
5851,8,61.26
5852,8,62.16
5853,8,63.37
5854,8,64.17
5855,8,64.1
5856,8,64.22
5857,8,65.25
5858,8,66.28
5859,8,67.98
5860,8,67.1
5861,8,67.81
5862,8,67.55
5863,8,67.94
5864,8,68.38
5865,8,69.17
5866,8,69.21
5867,8,70.0
5868,8,70.97
5869,8,70.9
5870,8,71.3
5871,8,71.7
5872,8,70.99
5873,8,70.29
5874,8,68.38
5875,8,66.61
5876,8,65.18
5877,8,67.34
5878,8,62.74
5879,8,66.07
5880,8,63.15
5881,8,65.61
5882,8,67.21
5883,8,65.87
5884,8,65.6
5885,8,66.05
5886,8,66.38
5887,8,66.81
5888,8,67.8
5889,8,67.86
5890,8,67.87
5891,8,68.61
5892,8,67.89
5893,8,68.59
5894,8,68.94
5895,8,68.65
5896,8,69.01
5897,8,70.23
5898,8,70.5
5899,8,70.25
5900,8,70.95
5901,8,72.25
5902,8,72.13
5903,8,72.19
5904,8,71.68
5905,8,72.51
5906,8,72.59
5907,8,72.29
5908,8,73.88
5909,8,75.07
5910,8,75.9
5911,8,76.03
5912,8,75.62
5913,8,72.92
5914,8,74.81
5915,8,76.14
5916,8,76.61
5917,8,77.22
5918,8,77.31
5919,8,76.9
5920,8,75.1
5921,8,74.52
5922,8,73.04
5923,8,75.3
5924,8,76.02
5925,8,73.5
5926,8,73.17
5927,8,71.77
5928,8,72.38
5929,8,71.0
5930,8,71.2
5931,8,69.7
5932,8,69.67
5933,8,70.9
5934,8,71.3
5935,8,71.2
5936,8,71.25
5937,8,70.99
5938,8,71.44
5939,8,70.45
5940,8,70.57
5941,8,70.08
5942,8,70.15
5943,8,71.16
5944,8,70.79
5945,8,71.77
5946,8,72.61
5947,8,72.41
5948,8,71.22
5949,8,71.14
5950,8,71.68
5951,8,73.03
5952,8,74.85
5953,8,73.99
5954,8,73.62
5955,8,73.87
5956,8,74.79
5957,8,74.71
5958,8,75.92
5959,8,76.38
5960,8,76.88
5961,8,77.0
5962,8,80.61
5963,8,80.84
5964,8,80.25
5965,8,81.5
5966,8,82.27
0,9,22.319674
1,9,22.319674
2,9,22.319674
3,9,22.319674
4,9,22.319674
5,9,22.319674
6,9,22.319674
7,9,22.319674
8,9,22.319674
9,9,22.319674
10,9,22.319674
11,9,22.319674
12,9,22.319674
13,9,22.319674
14,9,22.319674
15,9,22.319674
16,9,22.319674
17,9,22.319674
18,9,22.319674
19,9,22.319674
20,9,22.319674
21,9,22.319674
22,9,22.319674
23,9,22.319674
24,9,22.319674
25,9,22.319674
26,9,22.319674
27,9,22.319674
28,9,22.319674
29,9,22.319674
30,9,22.319674
31,9,22.319674
32,9,22.319674
33,9,22.319674
34,9,22.319674
35,9,22.319674
36,9,22.319674
37,9,22.319674
38,9,22.319674
39,9,22.319674
40,9,22.319674
41,9,22.319674
42,9,22.319674
43,9,22.319674
44,9,22.319674
45,9,22.319674
46,9,22.319674
47,9,22.319674
48,9,22.319674
49,9,22.319674
50,9,22.319674
51,9,22.319674
52,9,22.319674
53,9,22.319674
54,9,22.319674
55,9,22.319674
56,9,22.319674
57,9,22.319674
58,9,22.319674
59,9,22.319674
60,9,22.319674
61,9,22.319674
62,9,22.319674
63,9,22.319674
64,9,22.319674
65,9,22.319674
66,9,22.319674
67,9,22.319674
68,9,22.319674
69,9,22.319674
70,9,22.319674
71,9,22.319674
72,9,22.319674
73,9,22.319674
74,9,22.319674
75,9,22.319674
76,9,22.319674
77,9,22.319674
78,9,22.319674
79,9,22.319674
80,9,22.319674
81,9,22.319674
82,9,22.319674
83,9,22.319674
84,9,22.319674
85,9,22.319674
86,9,22.319674
87,9,22.319674
88,9,22.319674
89,9,22.319674
90,9,22.319674
91,9,22.319674
92,9,22.319674
93,9,22.319674
94,9,22.319674
95,9,22.319674
96,9,22.319674
97,9,22.319674
98,9,22.319674
99,9,22.319674
100,9,22.319674
101,9,22.319674
102,9,22.319674
103,9,22.319674
104,9,22.319674
105,9,22.319674
106,9,22.319674
107,9,22.319674
108,9,22.319674
109,9,22.319674
110,9,22.319674
111,9,22.319674
112,9,22.319674
113,9,22.319674
114,9,22.319674
115,9,22.319674
116,9,22.319674
117,9,22.319674
118,9,22.319674
119,9,22.319674
120,9,22.319674
121,9,22.319674
122,9,22.319674
123,9,22.319674
124,9,22.319674
125,9,22.319674
126,9,22.319674
127,9,22.319674
128,9,22.319674
129,9,22.319674
130,9,22.319674
131,9,22.319674
132,9,22.319674
133,9,22.319674
134,9,22.319674
135,9,22.319674
136,9,22.319674
137,9,22.319674
138,9,22.319674
139,9,22.319674
140,9,22.319674
141,9,22.319674
142,9,22.319674
143,9,22.319674
144,9,22.319674
145,9,22.319674
146,9,22.319674
147,9,22.319674
148,9,22.319674
149,9,22.319674
150,9,22.319674
151,9,22.319674
152,9,22.319674
153,9,22.319674
154,9,22.319674
155,9,22.319674
156,9,22.319674
157,9,22.319674
158,9,22.319674
159,9,22.319674
160,9,22.319674
161,9,22.319674
162,9,22.319674
163,9,22.319674
164,9,22.319674
165,9,22.319674
166,9,22.319674
167,9,22.319674
168,9,22.319674
169,9,22.319674
170,9,22.319674
171,9,22.319674
172,9,22.319674
173,9,22.319674
174,9,22.319674
175,9,22.319674
176,9,22.319674
177,9,22.319674
178,9,22.319674
179,9,22.319674
180,9,22.319674
181,9,22.319674
182,9,22.319674
183,9,22.319674
184,9,22.319674
185,9,22.319674
186,9,22.319674
187,9,22.319674
188,9,22.319674
189,9,22.319674
190,9,22.319674
191,9,22.319674
192,9,22.319674
193,9,22.319674
194,9,22.319674
195,9,22.319674
196,9,22.319674
197,9,22.319674
198,9,22.319674
199,9,22.319674
200,9,22.319674
201,9,22.319674
202,9,22.319674
203,9,22.319674
204,9,22.319674
205,9,22.319674
206,9,22.319674
207,9,22.319674
208,9,22.319674
209,9,22.319674
210,9,22.319674
211,9,22.319674
212,9,22.319674
213,9,22.319674
214,9,22.319674
215,9,22.319674
216,9,22.319674
217,9,22.319674
218,9,22.319674
219,9,22.319674
220,9,22.319674
221,9,22.319674
222,9,22.319674
223,9,22.319674
224,9,22.319674
225,9,22.319674
226,9,22.319674
227,9,22.319674
228,9,22.319674
229,9,22.319674
230,9,22.319674
231,9,22.319674
232,9,22.319674
233,9,22.319674
234,9,22.319674
235,9,22.319674
236,9,22.319674
237,9,22.319674
238,9,22.319674
239,9,22.319674
240,9,22.319674
241,9,22.319674
242,9,22.319674
243,9,22.319674
244,9,22.319674
245,9,22.319674
246,9,22.319674
247,9,22.319674
248,9,22.319674
249,9,22.319674
250,9,22.319674
251,9,22.319674
252,9,22.319674
253,9,22.319674
254,9,22.319674
255,9,22.319674
256,9,22.319674
257,9,22.319674
258,9,22.319674
259,9,22.319674
260,9,22.319674
261,9,22.319674
262,9,22.319674
263,9,22.319674
264,9,22.319674
265,9,22.319674
266,9,22.319674
267,9,22.319674
268,9,22.319674
269,9,22.319674
270,9,22.319674
271,9,22.319674
272,9,22.319674
273,9,22.319674
274,9,22.319674
275,9,22.319674
276,9,22.319674
277,9,22.319674
278,9,22.319674
279,9,22.319674
280,9,22.319674
281,9,22.319674
282,9,22.319674
283,9,22.319674
284,9,22.319674
285,9,22.319674
286,9,22.319674
287,9,22.319674
288,9,22.319674
289,9,22.319674
290,9,22.319674
291,9,22.319674
292,9,22.319674
293,9,22.319674
294,9,22.319674
295,9,22.319674
296,9,22.319674
297,9,22.319674
298,9,22.319674
299,9,22.319674
300,9,22.319674
301,9,22.319674
302,9,22.319674
303,9,22.319674
304,9,22.319674
305,9,22.319674
306,9,22.319674
307,9,22.319674
308,9,22.319674
309,9,22.319674
310,9,22.319674
311,9,22.319674
312,9,22.319674
313,9,22.319674
314,9,22.319674
315,9,22.319674
316,9,22.319674
317,9,22.319674
318,9,22.319674
319,9,22.319674
320,9,22.319674
321,9,22.319674
322,9,22.319674
323,9,22.319674
324,9,22.319674
325,9,22.319674
326,9,22.319674
327,9,22.319674
328,9,22.319674
329,9,22.319674
330,9,22.319674
331,9,22.319674
332,9,22.319674
333,9,22.319674
334,9,22.319674
335,9,22.319674
336,9,22.319674
337,9,22.319674
338,9,22.319674
339,9,22.319674
340,9,22.319674
341,9,22.319674
342,9,22.319674
343,9,22.319674
344,9,22.319674
345,9,22.319674
346,9,22.319674
347,9,22.319674
348,9,22.319674
349,9,22.319674
350,9,22.319674
351,9,22.319674
352,9,22.319674
353,9,22.319674
354,9,22.319674
355,9,22.319674
356,9,22.319674
357,9,22.319674
358,9,22.319674
359,9,22.319674
360,9,22.319674
361,9,22.319674
362,9,22.319674
363,9,22.319674
364,9,22.319674
365,9,22.319674
366,9,22.319674
367,9,22.319674
368,9,22.319674
369,9,22.319674
370,9,22.319674
371,9,22.319674
372,9,22.319674
373,9,22.319674
374,9,22.319674
375,9,22.319674
376,9,22.319674
377,9,22.319674
378,9,22.319674
379,9,22.319674
380,9,22.319674
381,9,22.319674
382,9,22.319674
383,9,22.319674
384,9,22.319674
385,9,22.319674
386,9,22.319674
387,9,22.319674
388,9,22.319674
389,9,22.319674
390,9,22.319674
391,9,22.319674
392,9,22.319674
393,9,22.319674
394,9,22.319674
395,9,22.319674
396,9,22.319674
397,9,22.319674
398,9,22.319674
399,9,22.319674
400,9,22.319674
401,9,22.319674
402,9,22.319674
403,9,22.319674
404,9,22.319674
405,9,22.319674
406,9,22.319674
407,9,22.319674
408,9,22.319674
409,9,22.319674
410,9,22.319674
411,9,22.319674
412,9,22.319674
413,9,22.319674
414,9,22.319674
415,9,22.319674
416,9,22.319674
417,9,22.319674
418,9,22.319674
419,9,22.319674
420,9,22.319674
421,9,22.319674
422,9,22.319674
423,9,22.319674
424,9,22.319674
425,9,22.319674
426,9,22.319674
427,9,22.319674
428,9,22.319674
429,9,22.319674
430,9,22.319674
431,9,22.319674
432,9,22.319674
433,9,22.319674
434,9,22.319674
435,9,22.319674
436,9,22.319674
437,9,22.319674
438,9,22.319674
439,9,22.319674
440,9,22.319674
441,9,22.319674
442,9,22.319674
443,9,22.319674
444,9,22.319674
445,9,22.319674
446,9,22.319674
447,9,22.319674
448,9,22.319674
449,9,22.319674
450,9,22.319674
451,9,22.319674
452,9,22.319674
453,9,22.319674
454,9,22.319674
455,9,22.319674
456,9,22.319674
457,9,22.319674
458,9,22.319674
459,9,22.319674
460,9,22.319674
461,9,22.319674
462,9,22.319674
463,9,22.319674
464,9,22.319674
465,9,22.319674
466,9,22.319674
467,9,22.319674
468,9,22.319674
469,9,22.319674
470,9,22.319674
471,9,22.319674
472,9,22.319674
473,9,22.319674
474,9,22.319674
475,9,22.319674
476,9,22.319674
477,9,22.319674
478,9,22.319674
479,9,22.319674
480,9,22.319674
481,9,22.319674
482,9,22.319674
483,9,22.319674
484,9,22.319674
485,9,22.319674
486,9,22.319674
487,9,22.319674
488,9,22.319674
489,9,22.319674
490,9,22.319674
491,9,22.319674
492,9,22.319674
493,9,22.319674
494,9,22.319674
495,9,22.319674
496,9,22.319674
497,9,22.319674
498,9,22.319674
499,9,22.319674
500,9,22.319674
501,9,22.319674
502,9,22.319674
503,9,22.319674
504,9,22.319674
505,9,22.319674
506,9,22.319674
507,9,22.319674
508,9,22.319674
509,9,22.319674
510,9,22.319674
511,9,22.319674
512,9,22.319674
513,9,22.319674
514,9,22.319674
515,9,22.319674
516,9,22.319674
517,9,22.319674
518,9,22.319674
519,9,22.319674
520,9,22.319674
521,9,22.319674
522,9,22.319674
523,9,22.319674
524,9,22.319674
525,9,22.319674
526,9,22.319674
527,9,22.319674
528,9,22.319674
529,9,22.319674
530,9,22.319674
531,9,22.319674
532,9,22.319674
533,9,22.319674
534,9,22.319674
535,9,22.319674
536,9,22.319674
537,9,22.319674
538,9,22.319674
539,9,22.319674
540,9,22.319674
541,9,22.319674
542,9,22.319674
543,9,22.319674
544,9,22.319674
545,9,22.319674
546,9,22.319674
547,9,22.319674
548,9,22.319674
549,9,22.319674
550,9,22.319674
551,9,22.319674
552,9,22.319674
553,9,22.319674
554,9,22.319674
555,9,22.319674
556,9,22.319674
557,9,22.319674
558,9,22.319674
559,9,22.319674
560,9,22.319674
561,9,22.319674
562,9,22.319674
563,9,22.319674
564,9,22.319674
565,9,22.319674
566,9,22.319674
567,9,22.319674
568,9,22.319674
569,9,22.319674
570,9,22.319674
571,9,22.319674
572,9,22.319674
573,9,22.319674
574,9,22.319674
575,9,22.319674
576,9,22.319674
577,9,22.319674
578,9,22.319674
579,9,22.319674
580,9,22.319674
581,9,22.319674
582,9,22.319674
583,9,22.319674
584,9,22.319674
585,9,22.319674
586,9,22.319674
587,9,22.319674
588,9,22.319674
589,9,22.319674
590,9,22.319674
591,9,22.319674
592,9,22.319674
593,9,22.319674
594,9,22.319674
595,9,22.319674
596,9,22.319674
597,9,22.319674
598,9,22.319674
599,9,22.319674
600,9,22.319674
601,9,22.319674
602,9,22.319674
603,9,22.319674
604,9,22.319674
605,9,22.319674
606,9,22.319674
607,9,22.319674
608,9,22.319674
609,9,22.319674
610,9,22.319674
611,9,22.319674
612,9,22.319674
613,9,22.319674
614,9,22.319674
615,9,22.319674
616,9,22.319674
617,9,22.319674
618,9,22.319674
619,9,22.319674
620,9,22.319674
621,9,22.319674
622,9,22.319674
623,9,22.319674
624,9,22.319674
625,9,22.319674
626,9,22.319674
627,9,22.319674
628,9,22.319674
629,9,22.319674
630,9,22.319674
631,9,22.319674
632,9,22.319674
633,9,22.319674
634,9,22.319674
635,9,22.319674
636,9,22.319674
637,9,22.319674
638,9,22.319674
639,9,22.319674
640,9,22.319674
641,9,22.319674
642,9,22.319674
643,9,22.319674
644,9,22.319674
645,9,22.319674
646,9,22.319674
647,9,22.319674
648,9,22.319674
649,9,22.319674
650,9,22.319674
651,9,22.319674
652,9,22.319674
653,9,22.319674
654,9,22.319674
655,9,22.319674
656,9,22.319674
657,9,22.319674
658,9,22.319674
659,9,22.319674
660,9,22.319674
661,9,22.319674
662,9,22.319674
663,9,22.319674
664,9,22.319674
665,9,22.319674
666,9,22.319674
667,9,22.319674
668,9,22.319674
669,9,22.319674
670,9,22.319674
671,9,22.319674
672,9,22.319674
673,9,22.319674
674,9,22.319674
675,9,22.319674
676,9,22.319674
677,9,22.319674
678,9,22.319674
679,9,22.319674
680,9,22.319674
681,9,22.319674
682,9,22.319674
683,9,22.319674
684,9,22.319674
685,9,22.319674
686,9,22.319674
687,9,22.319674
688,9,22.319674
689,9,22.319674
690,9,22.319674
691,9,22.319674
692,9,22.319674
693,9,22.319674
694,9,22.319674
695,9,22.319674
696,9,22.319674
697,9,22.319674
698,9,22.319674
699,9,22.319674
700,9,22.319674
701,9,22.319674
702,9,22.319674
703,9,22.319674
704,9,22.319674
705,9,22.319674
706,9,22.319674
707,9,22.319674
708,9,22.319674
709,9,22.319674
710,9,22.319674
711,9,22.319674
712,9,22.319674
713,9,22.319674
714,9,22.319674
715,9,22.319674
716,9,22.319674
717,9,22.319674
718,9,22.319674
719,9,22.319674
720,9,22.319674
721,9,22.319674
722,9,22.319674
723,9,22.319674
724,9,22.319674
725,9,22.319674
726,9,22.319674
727,9,22.319674
728,9,22.319674
729,9,22.319674
730,9,22.319674
731,9,22.319674
732,9,22.319674
733,9,22.319674
734,9,22.319674
735,9,22.319674
736,9,22.319674
737,9,22.319674
738,9,22.319674
739,9,22.319674
740,9,22.319674
741,9,22.319674
742,9,22.319674
743,9,22.319674
744,9,22.319674
745,9,22.319674
746,9,22.319674
747,9,22.319674
748,9,22.319674
749,9,22.319674
750,9,22.319674
751,9,22.319674
752,9,22.319674
753,9,22.319674
754,9,22.319674
755,9,22.319674
756,9,22.319674
757,9,22.319674
758,9,22.319674
759,9,22.319674
760,9,22.319674
761,9,22.319674
762,9,22.319674
763,9,22.319674
764,9,22.319674
765,9,22.319674
766,9,22.319674
767,9,22.319674
768,9,22.319674
769,9,22.319674
770,9,22.319674
771,9,22.319674
772,9,22.319674
773,9,22.319674
774,9,22.319674
775,9,22.319674
776,9,22.319674
777,9,22.319674
778,9,22.319674
779,9,22.319674
780,9,22.319674
781,9,22.319674
782,9,22.319674
783,9,22.319674
784,9,22.319674
785,9,22.319674
786,9,22.319674
787,9,22.319674
788,9,22.319674
789,9,22.319674
790,9,22.319674
791,9,22.319674
792,9,22.319674
793,9,22.319674
794,9,22.319674
795,9,22.319674
796,9,22.319674
797,9,22.319674
798,9,22.319674
799,9,22.319674
800,9,22.319674
801,9,22.319674
802,9,22.319674
803,9,22.319674
804,9,22.319674
805,9,22.319674
806,9,22.319674
807,9,22.319674
808,9,22.319674
809,9,22.319674
810,9,22.319674
811,9,22.319674
812,9,22.319674
813,9,22.319674
814,9,22.319674
815,9,22.319674
816,9,22.319674
817,9,22.319674
818,9,22.319674
819,9,22.319674
820,9,22.319674
821,9,22.319674
822,9,22.319674
823,9,22.319674
824,9,22.319674
825,9,22.319674
826,9,22.319674
827,9,22.319674
828,9,22.319674
829,9,22.319674
830,9,22.319674
831,9,22.319674
832,9,22.319674
833,9,22.319674
834,9,22.319674
835,9,22.319674
836,9,22.319674
837,9,22.319674
838,9,22.319674
839,9,22.319674
840,9,22.319674
841,9,22.319674
842,9,22.319674
843,9,22.319674
844,9,22.319674
845,9,22.319674
846,9,22.319674
847,9,22.319674
848,9,22.319674
849,9,22.319674
850,9,22.319674
851,9,22.319674
852,9,22.319674
853,9,22.319674
854,9,22.319674
855,9,22.319674
856,9,22.319674
857,9,22.319674
858,9,22.319674
859,9,22.319674
860,9,22.319674
861,9,22.319674
862,9,22.319674
863,9,22.319674
864,9,22.319674
865,9,22.319674
866,9,22.319674
867,9,22.319674
868,9,22.319674
869,9,22.319674
870,9,22.319674
871,9,22.319674
872,9,22.319674
873,9,22.319674
874,9,22.319674
875,9,22.319674
876,9,22.319674
877,9,22.319674
878,9,22.319674
879,9,22.319674
880,9,22.319674
881,9,22.319674
882,9,22.319674
883,9,22.319674
884,9,22.319674
885,9,22.319674
886,9,22.319674
887,9,22.319674
888,9,22.319674
889,9,22.319674
890,9,22.319674
891,9,22.319674
892,9,22.319674
893,9,22.319674
894,9,22.319674
895,9,22.319674
896,9,22.319674
897,9,22.319674
898,9,22.319674
899,9,22.319674
900,9,22.319674
901,9,22.319674
902,9,22.319674
903,9,22.319674
904,9,22.319674
905,9,22.319674
906,9,22.319674
907,9,22.319674
908,9,22.319674
909,9,22.319674
910,9,22.319674
911,9,22.319674
912,9,22.319674
913,9,22.319674
914,9,22.319674
915,9,22.319674
916,9,22.319674
917,9,22.319674
918,9,22.319674
919,9,22.319674
920,9,22.319674
921,9,22.319674
922,9,22.319674
923,9,22.319674
924,9,22.319674
925,9,22.319674
926,9,22.319674
927,9,22.319674
928,9,22.319674
929,9,22.319674
930,9,22.319674
931,9,22.319674
932,9,22.319674
933,9,22.319674
934,9,22.319674
935,9,22.319674
936,9,22.319674
937,9,22.319674
938,9,22.319674
939,9,22.319674
940,9,22.319674
941,9,22.319674
942,9,22.319674
943,9,22.319674
944,9,22.319674
945,9,22.319674
946,9,22.319674
947,9,22.319674
948,9,22.319674
949,9,22.319674
950,9,22.319674
951,9,22.319674
952,9,22.319674
953,9,22.319674
954,9,22.319674
955,9,22.319674
956,9,22.319674
957,9,22.319674
958,9,22.319674
959,9,22.319674
960,9,22.319674
961,9,22.319674
962,9,22.319674
963,9,22.319674
964,9,22.319674
965,9,22.319674
966,9,22.319674
967,9,22.319674
968,9,22.319674
969,9,22.319674
970,9,22.319674
971,9,22.319674
972,9,22.319674
973,9,22.319674
974,9,22.319674
975,9,22.319674
976,9,22.319674
977,9,22.319674
978,9,22.319674
979,9,22.319674
980,9,22.319674
981,9,22.319674
982,9,22.319674
983,9,22.319674
984,9,22.319674
985,9,22.319674
986,9,22.319674
987,9,22.319674
988,9,22.319674
989,9,22.319674
990,9,22.319674
991,9,22.319674
992,9,22.319674
993,9,22.319674
994,9,22.319674
995,9,22.319674
996,9,22.319674
997,9,22.319674
998,9,22.319674
999,9,22.319674
1000,9,22.319674
1001,9,22.319674
1002,9,22.319674
1003,9,22.319674
1004,9,22.319674
1005,9,22.319674
1006,9,22.319674
1007,9,22.319674
1008,9,22.319674
1009,9,22.319674
1010,9,22.319674
1011,9,22.319674
1012,9,22.319674
1013,9,22.319674
1014,9,22.319674
1015,9,22.319674
1016,9,22.319674
1017,9,22.319674
1018,9,22.319674
1019,9,22.319674
1020,9,22.319674
1021,9,22.319674
1022,9,22.319674
1023,9,22.319674
1024,9,22.319674
1025,9,22.319674
1026,9,22.319674
1027,9,22.319674
1028,9,22.319674
1029,9,22.319674
1030,9,22.319674
1031,9,22.319674
1032,9,22.319674
1033,9,22.319674
1034,9,22.319674
1035,9,22.319674
1036,9,22.319674
1037,9,22.319674
1038,9,22.319674
1039,9,22.319674
1040,9,22.319674
1041,9,22.319674
1042,9,22.319674
1043,9,22.319674
1044,9,22.319674
1045,9,22.319674
1046,9,22.319674
1047,9,22.319674
1048,9,22.319674
1049,9,22.319674
1050,9,22.319674
1051,9,22.319674
1052,9,22.319674
1053,9,22.319674
1054,9,22.319674
1055,9,22.319674
1056,9,22.319674
1057,9,22.319674
1058,9,22.319674
1059,9,22.319674
1060,9,22.319674
1061,9,22.319674
1062,9,22.319674
1063,9,22.319674
1064,9,22.319674
1065,9,22.319674
1066,9,22.319674
1067,9,22.319674
1068,9,22.319674
1069,9,22.319674
1070,9,22.319674
1071,9,22.319674
1072,9,22.319674
1073,9,22.319674
1074,9,22.319674
1075,9,22.319674
1076,9,22.319674
1077,9,22.319674
1078,9,22.319674
1079,9,22.319674
1080,9,22.319674
1081,9,22.319674
1082,9,22.319674
1083,9,22.319674
1084,9,22.319674
1085,9,22.319674
1086,9,22.319674
1087,9,22.319674
1088,9,22.319674
1089,9,22.319674
1090,9,22.319674
1091,9,22.319674
1092,9,22.319674
1093,9,22.319674
1094,9,22.319674
1095,9,22.319674
1096,9,22.319674
1097,9,22.319674
1098,9,22.319674
1099,9,22.319674
1100,9,22.319674
1101,9,22.319674
1102,9,22.319674
1103,9,22.319674
1104,9,22.319674
1105,9,22.319674
1106,9,22.319674
1107,9,22.319674
1108,9,22.319674
1109,9,22.319674
1110,9,22.319674
1111,9,22.319674
1112,9,22.319674
1113,9,22.319674
1114,9,22.319674
1115,9,22.319674
1116,9,22.319674
1117,9,22.319674
1118,9,22.319674
1119,9,22.319674
1120,9,22.319674
1121,9,22.319674
1122,9,22.319674
1123,9,22.319674
1124,9,22.319674
1125,9,22.319674
1126,9,22.319674
1127,9,22.319674
1128,9,22.319674
1129,9,22.319674
1130,9,22.319674
1131,9,22.319674
1132,9,22.319674
1133,9,22.319674
1134,9,22.319674
1135,9,22.319674
1136,9,22.319674
1137,9,22.319674
1138,9,22.319674
1139,9,22.319674
1140,9,22.319674
1141,9,22.319674
1142,9,22.319674
1143,9,22.319674
1144,9,22.319674
1145,9,22.319674
1146,9,22.319674
1147,9,22.319674
1148,9,22.319674
1149,9,22.319674
1150,9,22.319674
1151,9,22.319674
1152,9,22.319674
1153,9,22.319674
1154,9,22.319674
1155,9,22.319674
1156,9,22.319674
1157,9,22.319674
1158,9,22.319674
1159,9,22.319674
1160,9,22.319674
1161,9,22.319674
1162,9,22.319674
1163,9,22.319674
1164,9,22.319674
1165,9,22.319674
1166,9,22.319674
1167,9,22.319674
1168,9,22.319674
1169,9,22.319674
1170,9,22.319674
1171,9,22.319674
1172,9,22.319674
1173,9,22.319674
1174,9,22.319674
1175,9,22.319674
1176,9,22.319674
1177,9,22.319674
1178,9,22.319674
1179,9,22.319674
1180,9,22.319674
1181,9,22.319674
1182,9,22.319674
1183,9,22.319674
1184,9,22.319674
1185,9,22.319674
1186,9,22.319674
1187,9,22.319674
1188,9,22.319674
1189,9,22.319674
1190,9,22.319674
1191,9,22.319674
1192,9,22.319674
1193,9,22.319674
1194,9,22.319674
1195,9,22.319674
1196,9,22.319674
1197,9,22.319674
1198,9,22.319674
1199,9,22.319674
1200,9,22.319674
1201,9,22.319674
1202,9,22.319674
1203,9,22.319674
1204,9,22.319674
1205,9,22.319674
1206,9,22.319674
1207,9,22.319674
1208,9,22.319674
1209,9,22.319674
1210,9,22.319674
1211,9,22.319674
1212,9,22.319674
1213,9,22.319674
1214,9,22.319674
1215,9,22.319674
1216,9,22.319674
1217,9,22.319674
1218,9,22.319674
1219,9,22.319674
1220,9,22.319674
1221,9,22.319674
1222,9,22.319674
1223,9,22.319674
1224,9,22.319674
1225,9,22.319674
1226,9,22.319674
1227,9,22.319674
1228,9,22.319674
1229,9,22.319674
1230,9,22.319674
1231,9,22.319674
1232,9,22.319674
1233,9,22.319674
1234,9,22.319674
1235,9,22.319674
1236,9,22.319674
1237,9,22.319674
1238,9,22.319674
1239,9,22.319674
1240,9,22.319674
1241,9,22.319674
1242,9,22.319674
1243,9,22.319674
1244,9,22.319674
1245,9,22.319674
1246,9,22.319674
1247,9,22.319674
1248,9,22.319674
1249,9,22.319674
1250,9,22.319674
1251,9,22.319674
1252,9,22.319674
1253,9,22.319674
1254,9,22.319674
1255,9,22.319674
1256,9,22.319674
1257,9,22.319674
1258,9,22.319674
1259,9,22.319674
1260,9,22.319674
1261,9,22.319674
1262,9,22.319674
1263,9,22.319674
1264,9,22.319674
1265,9,22.319674
1266,9,22.319674
1267,9,22.319674
1268,9,22.319674
1269,9,22.319674
1270,9,22.319674
1271,9,22.319674
1272,9,22.319674
1273,9,22.319674
1274,9,22.319674
1275,9,22.319674
1276,9,22.319674
1277,9,22.319674
1278,9,22.319674
1279,9,22.319674
1280,9,22.319674
1281,9,22.319674
1282,9,22.319674
1283,9,22.319674
1284,9,22.319674
1285,9,22.319674
1286,9,22.319674
1287,9,22.319674
1288,9,22.319674
1289,9,22.319674
1290,9,22.319674
1291,9,22.319674
1292,9,22.319674
1293,9,22.319674
1294,9,22.319674
1295,9,22.319674
1296,9,22.319674
1297,9,22.319674
1298,9,22.319674
1299,9,22.319674
1300,9,22.319674
1301,9,22.319674
1302,9,22.319674
1303,9,22.319674
1304,9,22.319674
1305,9,22.319674
1306,9,22.319674
1307,9,22.319674
1308,9,22.319674
1309,9,22.319674
1310,9,22.319674
1311,9,22.319674
1312,9,22.319674
1313,9,22.319674
1314,9,22.319674
1315,9,22.319674
1316,9,22.319674
1317,9,22.319674
1318,9,22.319674
1319,9,22.319674
1320,9,22.319674
1321,9,22.319674
1322,9,22.319674
1323,9,22.319674
1324,9,22.319674
1325,9,22.319674
1326,9,22.319674
1327,9,22.319674
1328,9,22.319674
1329,9,22.319674
1330,9,22.319674
1331,9,22.319674
1332,9,22.319674
1333,9,22.319674
1334,9,22.319674
1335,9,22.319674
1336,9,22.319674
1337,9,22.319674
1338,9,22.319674
1339,9,22.319674
1340,9,22.319674
1341,9,22.319674
1342,9,22.319674
1343,9,22.319674
1344,9,22.319674
1345,9,22.319674
1346,9,22.319674
1347,9,22.319674
1348,9,22.319674
1349,9,22.319674
1350,9,22.319674
1351,9,22.319674
1352,9,22.319674
1353,9,22.319674
1354,9,22.319674
1355,9,22.319674
1356,9,22.319674
1357,9,22.319674
1358,9,22.319674
1359,9,22.319674
1360,9,22.319674
1361,9,22.319674
1362,9,22.319674
1363,9,22.319674
1364,9,22.319674
1365,9,22.319674
1366,9,22.319674
1367,9,22.319674
1368,9,22.319674
1369,9,22.319674
1370,9,22.319674
1371,9,22.319674
1372,9,22.319674
1373,9,22.319674
1374,9,22.319674
1375,9,22.319674
1376,9,22.319674
1377,9,22.319674
1378,9,22.319674
1379,9,22.319674
1380,9,22.319674
1381,9,22.319674
1382,9,22.319674
1383,9,22.319674
1384,9,22.319674
1385,9,22.319674
1386,9,22.319674
1387,9,22.319674
1388,9,22.319674
1389,9,22.319674
1390,9,22.319674
1391,9,22.319674
1392,9,22.319674
1393,9,22.319674
1394,9,22.319674
1395,9,22.319674
1396,9,22.319674
1397,9,22.319674
1398,9,22.319674
1399,9,22.319674
1400,9,22.319674
1401,9,22.319674
1402,9,22.319674
1403,9,22.319674
1404,9,22.319674
1405,9,22.319674
1406,9,22.319674
1407,9,22.319674
1408,9,22.319674
1409,9,22.319674
1410,9,22.319674
1411,9,22.319674
1412,9,22.319674
1413,9,22.319674
1414,9,22.319674
1415,9,22.319674
1416,9,22.319674
1417,9,22.319674
1418,9,22.319674
1419,9,22.319674
1420,9,22.319674
1421,9,22.319674
1422,9,22.319674
1423,9,22.319674
1424,9,22.319674
1425,9,22.319674
1426,9,22.319674
1427,9,22.319674
1428,9,22.319674
1429,9,22.319674
1430,9,22.319674
1431,9,22.319674
1432,9,22.319674
1433,9,22.319674
1434,9,22.319674
1435,9,22.319674
1436,9,22.319674
1437,9,22.319674
1438,9,22.319674
1439,9,22.319674
1440,9,22.319674
1441,9,22.319674
1442,9,22.319674
1443,9,22.319674
1444,9,22.319674
1445,9,22.319674
1446,9,22.319674
1447,9,22.319674
1448,9,22.319674
1449,9,22.319674
1450,9,22.319674
1451,9,22.319674
1452,9,22.319674
1453,9,22.319674
1454,9,22.319674
1455,9,22.319674
1456,9,22.319674
1457,9,22.319674
1458,9,22.319674
1459,9,22.319674
1460,9,22.319674
1461,9,22.319674
1462,9,22.319674
1463,9,22.319674
1464,9,22.319674
1465,9,22.319674
1466,9,22.319674
1467,9,22.319674
1468,9,22.319674
1469,9,22.319674
1470,9,22.319674
1471,9,22.319674
1472,9,22.319674
1473,9,22.319674
1474,9,22.319674
1475,9,22.319674
1476,9,22.319674
1477,9,22.319674
1478,9,22.319674
1479,9,22.319674
1480,9,22.319674
1481,9,22.319674
1482,9,22.319674
1483,9,22.319674
1484,9,22.319674
1485,9,22.319674
1486,9,22.319674
1487,9,22.319674
1488,9,22.319674
1489,9,22.319674
1490,9,22.319674
1491,9,22.319674
1492,9,22.319674
1493,9,22.319674
1494,9,22.319674
1495,9,22.319674
1496,9,22.319674
1497,9,22.319674
1498,9,22.319674
1499,9,22.319674
1500,9,22.319674
1501,9,22.319674
1502,9,22.319674
1503,9,22.319674
1504,9,22.319674
1505,9,22.319674
1506,9,22.319674
1507,9,22.319674
1508,9,22.319674
1509,9,22.319674
1510,9,22.319674
1511,9,22.319674
1512,9,22.319674
1513,9,22.319674
1514,9,22.319674
1515,9,22.319674
1516,9,22.319674
1517,9,22.319674
1518,9,22.319674
1519,9,22.319674
1520,9,22.319674
1521,9,22.319674
1522,9,22.319674
1523,9,22.319674
1524,9,22.319674
1525,9,22.319674
1526,9,22.319674
1527,9,22.319674
1528,9,22.319674
1529,9,22.319674
1530,9,22.319674
1531,9,22.319674
1532,9,22.319674
1533,9,22.319674
1534,9,22.319674
1535,9,22.319674
1536,9,22.319674
1537,9,22.319674
1538,9,22.319674
1539,9,22.319674
1540,9,22.319674
1541,9,22.319674
1542,9,22.319674
1543,9,22.319674
1544,9,22.319674
1545,9,22.319674
1546,9,22.319674
1547,9,22.319674
1548,9,22.319674
1549,9,22.319674
1550,9,22.319674
1551,9,22.319674
1552,9,22.319674
1553,9,22.319674
1554,9,22.319674
1555,9,22.319674
1556,9,22.319674
1557,9,22.319674
1558,9,22.319674
1559,9,22.319674
1560,9,22.319674
1561,9,22.319674
1562,9,22.319674
1563,9,22.319674
1564,9,22.319674
1565,9,22.319674
1566,9,22.319674
1567,9,22.319674
1568,9,22.319674
1569,9,22.319674
1570,9,22.319674
1571,9,22.319674
1572,9,22.319674
1573,9,22.319674
1574,9,22.319674
1575,9,22.319674
1576,9,22.319674
1577,9,22.319674
1578,9,22.319674
1579,9,22.319674
1580,9,22.319674
1581,9,22.319674
1582,9,22.319674
1583,9,22.319674
1584,9,22.319674
1585,9,22.319674
1586,9,22.319674
1587,9,22.319674
1588,9,22.319674
1589,9,22.319674
1590,9,22.319674
1591,9,22.319674
1592,9,22.319674
1593,9,22.319674
1594,9,22.319674
1595,9,22.319674
1596,9,22.319674
1597,9,22.319674
1598,9,22.319674
1599,9,22.319674
1600,9,22.319674
1601,9,22.319674
1602,9,22.319674
1603,9,22.319674
1604,9,22.319674
1605,9,22.319674
1606,9,22.319674
1607,9,22.319674
1608,9,22.319674
1609,9,22.319674
1610,9,22.319674
1611,9,22.319674
1612,9,22.319674
1613,9,22.319674
1614,9,22.319674
1615,9,22.319674
1616,9,22.319674
1617,9,22.319674
1618,9,22.319674
1619,9,22.319674
1620,9,22.319674
1621,9,22.319674
1622,9,22.319674
1623,9,22.319674
1624,9,22.319674
1625,9,22.319674
1626,9,22.319674
1627,9,22.319674
1628,9,22.319674
1629,9,22.319674
1630,9,22.319674
1631,9,22.319674
1632,9,22.319674
1633,9,22.319674
1634,9,22.319674
1635,9,22.319674
1636,9,22.319674
1637,9,22.319674
1638,9,22.319674
1639,9,22.319674
1640,9,22.319674
1641,9,22.319674
1642,9,22.319674
1643,9,22.319674
1644,9,22.319674
1645,9,22.319674
1646,9,22.319674
1647,9,22.319674
1648,9,22.319674
1649,9,22.319674
1650,9,22.319674
1651,9,22.319674
1652,9,22.319674
1653,9,22.319674
1654,9,22.319674
1655,9,22.319674
1656,9,22.319674
1657,9,22.319674
1658,9,22.319674
1659,9,22.319674
1660,9,22.319674
1661,9,22.319674
1662,9,22.319674
1663,9,22.319674
1664,9,22.319674
1665,9,22.319674
1666,9,22.319674
1667,9,22.319674
1668,9,22.319674
1669,9,22.319674
1670,9,22.319674
1671,9,22.319674
1672,9,22.319674
1673,9,22.319674
1674,9,22.319674
1675,9,22.319674
1676,9,22.319674
1677,9,22.319674
1678,9,22.319674
1679,9,22.319674
1680,9,22.319674
1681,9,22.319674
1682,9,22.319674
1683,9,22.319674
1684,9,22.319674
1685,9,22.319674
1686,9,22.319674
1687,9,22.319674
1688,9,22.319674
1689,9,22.319674
1690,9,22.319674
1691,9,22.319674
1692,9,22.319674
1693,9,22.319674
1694,9,22.319674
1695,9,22.319674
1696,9,22.319674
1697,9,22.319674
1698,9,22.319674
1699,9,22.319674
1700,9,22.319674
1701,9,22.319674
1702,9,22.319674
1703,9,22.319674
1704,9,22.319674
1705,9,22.319674
1706,9,22.319674
1707,9,22.319674
1708,9,22.319674
1709,9,22.319674
1710,9,22.319674
1711,9,22.319674
1712,9,22.319674
1713,9,22.319674
1714,9,22.319674
1715,9,22.319674
1716,9,22.319674
1717,9,22.319674
1718,9,22.319674
1719,9,22.319674
1720,9,22.319674
1721,9,22.319674
1722,9,22.319674
1723,9,22.319674
1724,9,22.319674
1725,9,22.319674
1726,9,22.319674
1727,9,22.319674
1728,9,22.319674
1729,9,22.319674
1730,9,22.319674
1731,9,22.319674
1732,9,22.319674
1733,9,22.319674
1734,9,22.319674
1735,9,22.319674
1736,9,22.319674
1737,9,22.319674
1738,9,22.319674
1739,9,22.319674
1740,9,22.319674
1741,9,22.319674
1742,9,22.319674
1743,9,22.319674
1744,9,22.319674
1745,9,22.319674
1746,9,22.319674
1747,9,22.319674
1748,9,22.319674
1749,9,22.319674
1750,9,22.319674
1751,9,22.319674
1752,9,22.319674
1753,9,22.319674
1754,9,22.319674
1755,9,22.319674
1756,9,22.319674
1757,9,22.319674
1758,9,22.319674
1759,9,22.319674
1760,9,22.319674
1761,9,22.319674
1762,9,22.319674
1763,9,22.319674
1764,9,22.319674
1765,9,22.319674
1766,9,22.319674
1767,9,22.319674
1768,9,22.319674
1769,9,22.319674
1770,9,22.319674
1771,9,22.319674
1772,9,22.319674
1773,9,22.319674
1774,9,22.319674
1775,9,22.319674
1776,9,22.319674
1777,9,22.319674
1778,9,22.319674
1779,9,22.319674
1780,9,22.319674
1781,9,22.319674
1782,9,22.319674
1783,9,22.319674
1784,9,22.319674
1785,9,22.319674
1786,9,22.319674
1787,9,22.319674
1788,9,22.319674
1789,9,22.319674
1790,9,22.319674
1791,9,22.319674
1792,9,22.319674
1793,9,22.319674
1794,9,22.319674
1795,9,22.319674
1796,9,22.319674
1797,9,22.319674
1798,9,22.319674
1799,9,22.319674
1800,9,22.319674
1801,9,22.319674
1802,9,22.319674
1803,9,22.319674
1804,9,22.319674
1805,9,22.319674
1806,9,22.319674
1807,9,22.319674
1808,9,22.319674
1809,9,22.319674
1810,9,22.319674
1811,9,22.319674
1812,9,22.319674
1813,9,22.319674
1814,9,22.319674
1815,9,22.319674
1816,9,22.319674
1817,9,22.319674
1818,9,22.319674
1819,9,22.319674
1820,9,22.319674
1821,9,22.319674
1822,9,22.319674
1823,9,22.319674
1824,9,22.319674
1825,9,22.319674
1826,9,22.319674
1827,9,22.319674
1828,9,22.319674
1829,9,22.319674
1830,9,22.319674
1831,9,22.319674
1832,9,22.319674
1833,9,22.319674
1834,9,22.319674
1835,9,22.319674
1836,9,22.319674
1837,9,22.319674
1838,9,22.319674
1839,9,22.319674
1840,9,22.319674
1841,9,22.319674
1842,9,22.319674
1843,9,22.319674
1844,9,22.319674
1845,9,22.319674
1846,9,22.319674
1847,9,22.319674
1848,9,22.319674
1849,9,22.319674
1850,9,22.319674
1851,9,22.319674
1852,9,22.319674
1853,9,22.319674
1854,9,22.319674
1855,9,22.319674
1856,9,22.319674
1857,9,22.319674
1858,9,22.319674
1859,9,22.319674
1860,9,22.319674
1861,9,22.319674
1862,9,22.319674
1863,9,22.319674
1864,9,22.319674
1865,9,22.319674
1866,9,22.319674
1867,9,22.319674
1868,9,22.319674
1869,9,22.319674
1870,9,22.319674
1871,9,22.319674
1872,9,22.319674
1873,9,22.319674
1874,9,22.319674
1875,9,22.319674
1876,9,22.319674
1877,9,22.319674
1878,9,22.319674
1879,9,22.319674
1880,9,22.319674
1881,9,22.319674
1882,9,22.319674
1883,9,22.319674
1884,9,22.319674
1885,9,22.319674
1886,9,22.319674
1887,9,22.319674
1888,9,22.319674
1889,9,22.319674
1890,9,22.319674
1891,9,22.319674
1892,9,22.319674
1893,9,22.319674
1894,9,22.319674
1895,9,22.319674
1896,9,22.319674
1897,9,22.319674
1898,9,22.319674
1899,9,22.319674
1900,9,22.319674
1901,9,22.319674
1902,9,22.319674
1903,9,22.319674
1904,9,22.319674
1905,9,22.319674
1906,9,22.319674
1907,9,22.319674
1908,9,22.319674
1909,9,22.319674
1910,9,22.319674
1911,9,22.319674
1912,9,22.319674
1913,9,22.319674
1914,9,22.319674
1915,9,22.319674
1916,9,22.319674
1917,9,22.319674
1918,9,22.319674
1919,9,22.319674
1920,9,22.319674
1921,9,22.319674
1922,9,22.319674
1923,9,22.319674
1924,9,22.319674
1925,9,22.319674
1926,9,22.319674
1927,9,22.319674
1928,9,22.319674
1929,9,22.319674
1930,9,22.319674
1931,9,22.319674
1932,9,22.319674
1933,9,22.319674
1934,9,22.319674
1935,9,22.319674
1936,9,22.319674
1937,9,22.319674
1938,9,22.319674
1939,9,22.319674
1940,9,22.319674
1941,9,22.319674
1942,9,22.319674
1943,9,22.319674
1944,9,22.319674
1945,9,22.319674
1946,9,22.319674
1947,9,22.319674
1948,9,22.319674
1949,9,22.319674
1950,9,22.319674
1951,9,22.319674
1952,9,22.319674
1953,9,22.319674
1954,9,22.319674
1955,9,22.319674
1956,9,22.319674
1957,9,22.319674
1958,9,22.319674
1959,9,22.319674
1960,9,22.319674
1961,9,22.319674
1962,9,22.319674
1963,9,22.319674
1964,9,22.319674
1965,9,22.319674
1966,9,22.319674
1967,9,22.319674
1968,9,22.319674
1969,9,22.319674
1970,9,22.319674
1971,9,22.319674
1972,9,22.319674
1973,9,22.319674
1974,9,22.319674
1975,9,22.319674
1976,9,22.319674
1977,9,22.319674
1978,9,22.319674
1979,9,22.319674
1980,9,22.319674
1981,9,22.319674
1982,9,22.319674
1983,9,22.319674
1984,9,22.319674
1985,9,22.319674
1986,9,22.319674
1987,9,22.319674
1988,9,22.319674
1989,9,22.319674
1990,9,22.319674
1991,9,22.319674
1992,9,22.319674
1993,9,22.319674
1994,9,22.319674
1995,9,22.319674
1996,9,22.319674
1997,9,22.319674
1998,9,22.319674
1999,9,22.319674
2000,9,22.319674
2001,9,22.319674
2002,9,22.319674
2003,9,22.319674
2004,9,22.319674
2005,9,22.319674
2006,9,22.319674
2007,9,22.319674
2008,9,22.319674
2009,9,22.319674
2010,9,22.319674
2011,9,22.319674
2012,9,22.319674
2013,9,22.319674
2014,9,22.319674
2015,9,22.319674
2016,9,22.319674
2017,9,22.319674
2018,9,22.319674
2019,9,22.319674
2020,9,22.319674
2021,9,22.319674
2022,9,22.319674
2023,9,22.319674
2024,9,22.319674
2025,9,22.319674
2026,9,22.319674
2027,9,22.319674
2028,9,22.319674
2029,9,22.319674
2030,9,22.319674
2031,9,22.319674
2032,9,22.319674
2033,9,22.319674
2034,9,22.319674
2035,9,22.319674
2036,9,22.319674
2037,9,22.319674
2038,9,22.319674
2039,9,22.319674
2040,9,22.319674
2041,9,22.319674
2042,9,22.319674
2043,9,22.319674
2044,9,22.319674
2045,9,22.319674
2046,9,22.319674
2047,9,22.319674
2048,9,22.319674
2049,9,22.319674
2050,9,22.319674
2051,9,22.319674
2052,9,22.319674
2053,9,22.319674
2054,9,22.319674
2055,9,22.319674
2056,9,22.319674
2057,9,22.319674
2058,9,22.319674
2059,9,22.319674
2060,9,22.319674
2061,9,22.319674
2062,9,22.319674
2063,9,22.319674
2064,9,22.319674
2065,9,22.319674
2066,9,22.319674
2067,9,22.319674
2068,9,22.319674
2069,9,22.319674
2070,9,22.319674
2071,9,22.319674
2072,9,22.319674
2073,9,22.319674
2074,9,22.319674
2075,9,22.319674
2076,9,22.319674
2077,9,22.319674
2078,9,22.319674
2079,9,22.319674
2080,9,22.319674
2081,9,22.319674
2082,9,22.319674
2083,9,22.319674
2084,9,22.319674
2085,9,22.319674
2086,9,22.319674
2087,9,22.319674
2088,9,22.319674
2089,9,22.319674
2090,9,22.319674
2091,9,22.319674
2092,9,22.319674
2093,9,22.319674
2094,9,22.319674
2095,9,22.319674
2096,9,22.319674
2097,9,22.319674
2098,9,22.319674
2099,9,22.319674
2100,9,22.319674
2101,9,22.319674
2102,9,22.319674
2103,9,22.319674
2104,9,22.319674
2105,9,22.319674
2106,9,22.319674
2107,9,22.319674
2108,9,22.319674
2109,9,22.319674
2110,9,22.319674
2111,9,22.319674
2112,9,22.319674
2113,9,22.319674
2114,9,22.319674
2115,9,22.319674
2116,9,22.319674
2117,9,22.319674
2118,9,22.319674
2119,9,22.319674
2120,9,22.319674
2121,9,22.319674
2122,9,22.319674
2123,9,22.319674
2124,9,22.319674
2125,9,22.319674
2126,9,22.319674
2127,9,22.319674
2128,9,22.319674
2129,9,22.319674
2130,9,22.319674
2131,9,22.319674
2132,9,22.319674
2133,9,22.319674
2134,9,22.319674
2135,9,22.319674
2136,9,22.319674
2137,9,22.319674
2138,9,22.319674
2139,9,22.319674
2140,9,22.319674
2141,9,22.319674
2142,9,22.319674
2143,9,22.319674
2144,9,22.319674
2145,9,22.319674
2146,9,22.319674
2147,9,22.319674
2148,9,22.319674
2149,9,22.319674
2150,9,22.319674
2151,9,22.319674
2152,9,22.319674
2153,9,22.319674
2154,9,22.319674
2155,9,22.319674
2156,9,22.319674
2157,9,22.319674
2158,9,22.319674
2159,9,22.319674
2160,9,22.319674
2161,9,22.319674
2162,9,22.319674
2163,9,22.319674
2164,9,22.319674
2165,9,22.319674
2166,9,22.319674
2167,9,22.319674
2168,9,22.319674
2169,9,22.319674
2170,9,22.319674
2171,9,22.319674
2172,9,22.319674
2173,9,22.319674
2174,9,22.319674
2175,9,22.319674
2176,9,22.319674
2177,9,22.319674
2178,9,22.319674
2179,9,22.319674
2180,9,22.319674
2181,9,22.319674
2182,9,22.319674
2183,9,22.319674
2184,9,22.319674
2185,9,22.319674
2186,9,22.319674
2187,9,22.319674
2188,9,22.319674
2189,9,22.319674
2190,9,22.319674
2191,9,22.319674
2192,9,22.319674
2193,9,22.319674
2194,9,22.319674
2195,9,22.319674
2196,9,22.319674
2197,9,22.319674
2198,9,22.319674
2199,9,22.319674
2200,9,22.319674
2201,9,22.319674
2202,9,22.319674
2203,9,22.319674
2204,9,22.319674
2205,9,22.319674
2206,9,22.319674
2207,9,22.319674
2208,9,22.319674
2209,9,22.319674
2210,9,22.319674
2211,9,22.319674
2212,9,22.319674
2213,9,22.319674
2214,9,22.319674
2215,9,22.319674
2216,9,22.319674
2217,9,22.319674
2218,9,22.319674
2219,9,22.319674
2220,9,22.319674
2221,9,22.319674
2222,9,22.319674
2223,9,22.319674
2224,9,22.319674
2225,9,22.319674
2226,9,22.319674
2227,9,22.319674
2228,9,22.319674
2229,9,22.319674
2230,9,22.319674
2231,9,22.319674
2232,9,22.319674
2233,9,22.319674
2234,9,22.319674
2235,9,22.319674
2236,9,22.319674
2237,9,22.319674
2238,9,22.319674
2239,9,22.319674
2240,9,22.319674
2241,9,22.319674
2242,9,22.319674
2243,9,22.319674
2244,9,22.319674
2245,9,22.319674
2246,9,22.319674
2247,9,22.319674
2248,9,22.319674
2249,9,22.319674
2250,9,22.319674
2251,9,22.319674
2252,9,22.319674
2253,9,22.319674
2254,9,22.319674
2255,9,22.319674
2256,9,22.319674
2257,9,22.319674
2258,9,22.319674
2259,9,22.319674
2260,9,22.319674
2261,9,22.319674
2262,9,22.319674
2263,9,22.319674
2264,9,22.319674
2265,9,22.319674
2266,9,22.319674
2267,9,22.319674
2268,9,22.319674
2269,9,22.319674
2270,9,22.319674
2271,9,22.319674
2272,9,22.319674
2273,9,22.319674
2274,9,22.319674
2275,9,22.319674
2276,9,22.319674
2277,9,22.319674
2278,9,22.319674
2279,9,22.319674
2280,9,22.319674
2281,9,22.319674
2282,9,22.319674
2283,9,22.319674
2284,9,22.319674
2285,9,22.319674
2286,9,22.319674
2287,9,22.319674
2288,9,22.319674
2289,9,22.319674
2290,9,22.319674
2291,9,22.319674
2292,9,22.319674
2293,9,22.319674
2294,9,22.319674
2295,9,22.319674
2296,9,22.319674
2297,9,22.319674
2298,9,22.319674
2299,9,22.319674
2300,9,22.319674
2301,9,22.319674
2302,9,22.319674
2303,9,22.319674
2304,9,22.319674
2305,9,22.319674
2306,9,22.319674
2307,9,22.319674
2308,9,22.319674
2309,9,22.319674
2310,9,22.319674
2311,9,22.319674
2312,9,22.319674
2313,9,22.319674
2314,9,22.319674
2315,9,22.319674
2316,9,22.319674
2317,9,22.319674
2318,9,22.319674
2319,9,22.319674
2320,9,22.319674
2321,9,22.319674
2322,9,22.319674
2323,9,22.319674
2324,9,22.319674
2325,9,22.319674
2326,9,22.319674
2327,9,22.319674
2328,9,22.319674
2329,9,22.319674
2330,9,22.319674
2331,9,22.319674
2332,9,22.319674
2333,9,22.319674
2334,9,22.319674
2335,9,22.319674
2336,9,22.319674
2337,9,22.319674
2338,9,22.319674
2339,9,22.319674
2340,9,22.319674
2341,9,22.319674
2342,9,22.319674
2343,9,22.319674
2344,9,22.319674
2345,9,22.319674
2346,9,22.319674
2347,9,22.319674
2348,9,22.319674
2349,9,22.319674
2350,9,22.319674
2351,9,22.319674
2352,9,22.319674
2353,9,22.319674
2354,9,22.319674
2355,9,22.319674
2356,9,22.319674
2357,9,22.319674
2358,9,22.319674
2359,9,22.319674
2360,9,22.319674
2361,9,22.319674
2362,9,22.319674
2363,9,22.319674
2364,9,22.319674
2365,9,22.319674
2366,9,22.319674
2367,9,22.319674
2368,9,22.319674
2369,9,22.319674
2370,9,22.319674
2371,9,22.319674
2372,9,22.319674
2373,9,22.319674
2374,9,22.319674
2375,9,22.319674
2376,9,22.319674
2377,9,22.319674
2378,9,22.319674
2379,9,22.319674
2380,9,22.319674
2381,9,22.319674
2382,9,22.319674
2383,9,22.319674
2384,9,22.319674
2385,9,22.319674
2386,9,22.319674
2387,9,22.319674
2388,9,22.319674
2389,9,22.319674
2390,9,22.319674
2391,9,22.319674
2392,9,22.319674
2393,9,22.319674
2394,9,22.319674
2395,9,22.319674
2396,9,22.319674
2397,9,22.319674
2398,9,22.319674
2399,9,22.319674
2400,9,22.319674
2401,9,22.319674
2402,9,22.319674
2403,9,22.319674
2404,9,22.319674
2405,9,22.319674
2406,9,22.319674
2407,9,22.319674
2408,9,22.319674
2409,9,22.319674
2410,9,22.319674
2411,9,22.319674
2412,9,22.319674
2413,9,22.319674
2414,9,22.319674
2415,9,22.319674
2416,9,22.319674
2417,9,22.319674
2418,9,22.319674
2419,9,22.319674
2420,9,22.319674
2421,9,22.319674
2422,9,22.319674
2423,9,22.319674
2424,9,22.319674
2425,9,22.319674
2426,9,22.319674
2427,9,22.319674
2428,9,22.319674
2429,9,22.319674
2430,9,22.319674
2431,9,22.319674
2432,9,22.319674
2433,9,22.319674
2434,9,22.319674
2435,9,22.319674
2436,9,22.319674
2437,9,22.319674
2438,9,22.319674
2439,9,22.319674
2440,9,22.319674
2441,9,22.319674
2442,9,22.319674
2443,9,22.319674
2444,9,22.319674
2445,9,22.319674
2446,9,22.319674
2447,9,22.319674
2448,9,22.319674
2449,9,22.319674
2450,9,22.319674
2451,9,22.319674
2452,9,22.319674
2453,9,22.319674
2454,9,22.319674
2455,9,22.319674
2456,9,22.319674
2457,9,22.319674
2458,9,22.319674
2459,9,22.319674
2460,9,22.319674
2461,9,22.319674
2462,9,22.319674
2463,9,22.319674
2464,9,22.319674
2465,9,22.319674
2466,9,22.319674
2467,9,22.319674
2468,9,22.319674
2469,9,22.319674
2470,9,22.319674
2471,9,22.319674
2472,9,22.319674
2473,9,22.319674
2474,9,22.319674
2475,9,22.319674
2476,9,22.319674
2477,9,22.319674
2478,9,22.319674
2479,9,22.319674
2480,9,22.319674
2481,9,22.319674
2482,9,22.319674
2483,9,22.319674
2484,9,22.319674
2485,9,22.319674
2486,9,22.319674
2487,9,22.319674
2488,9,22.319674
2489,9,22.319674
2490,9,22.319674
2491,9,22.319674
2492,9,22.319674
2493,9,22.319674
2494,9,22.319674
2495,9,22.319674
2496,9,22.319674
2497,9,22.319674
2498,9,22.319674
2499,9,22.319674
2500,9,22.319674
2501,9,22.319674
2502,9,22.319674
2503,9,22.319674
2504,9,22.319674
2505,9,22.319674
2506,9,22.319674
2507,9,22.319674
2508,9,22.319674
2509,9,22.319674
2510,9,22.319674
2511,9,22.319674
2512,9,22.319674
2513,9,22.319674
2514,9,22.319674
2515,9,22.319674
2516,9,22.319674
2517,9,22.319674
2518,9,22.319674
2519,9,22.319674
2520,9,22.319674
2521,9,22.319674
2522,9,22.319674
2523,9,22.319674
2524,9,22.319674
2525,9,22.319674
2526,9,22.319674
2527,9,22.319674
2528,9,22.319674
2529,9,22.319674
2530,9,22.319674
2531,9,22.319674
2532,9,22.319674
2533,9,22.319674
2534,9,22.319674
2535,9,22.319674
2536,9,22.319674
2537,9,22.319674
2538,9,22.319674
2539,9,22.319674
2540,9,22.319674
2541,9,22.319674
2542,9,22.319674
2543,9,22.319674
2544,9,22.319674
2545,9,22.319674
2546,9,22.319674
2547,9,22.319674
2548,9,22.319674
2549,9,22.319674
2550,9,22.319674
2551,9,22.319674
2552,9,22.319674
2553,9,22.319674
2554,9,22.319674
2555,9,22.319674
2556,9,22.319674
2557,9,22.319674
2558,9,22.319674
2559,9,22.319674
2560,9,22.319674
2561,9,22.319674
2562,9,22.319674
2563,9,22.319674
2564,9,22.319674
2565,9,22.319674
2566,9,22.319674
2567,9,22.319674
2568,9,22.319674
2569,9,22.319674
2570,9,22.319674
2571,9,22.319674
2572,9,22.319674
2573,9,22.319674
2574,9,22.319674
2575,9,22.319674
2576,9,22.319674
2577,9,22.319674
2578,9,22.319674
2579,9,22.319674
2580,9,22.319674
2581,9,22.319674
2582,9,22.319674
2583,9,22.319674
2584,9,22.319674
2585,9,22.319674
2586,9,22.319674
2587,9,22.319674
2588,9,22.319674
2589,9,22.319674
2590,9,22.319674
2591,9,22.319674
2592,9,22.319674
2593,9,22.319674
2594,9,22.319674
2595,9,22.319674
2596,9,22.319674
2597,9,22.319674
2598,9,22.319674
2599,9,22.319674
2600,9,22.319674
2601,9,22.319674
2602,9,22.319674
2603,9,22.319674
2604,9,22.319674
2605,9,22.319674
2606,9,22.319674
2607,9,22.319674
2608,9,22.319674
2609,9,22.319674
2610,9,22.319674
2611,9,22.319674
2612,9,22.319674
2613,9,22.319674
2614,9,22.319674
2615,9,22.319674
2616,9,22.319674
2617,9,22.319674
2618,9,22.319674
2619,9,22.319674
2620,9,22.319674
2621,9,22.319674
2622,9,22.319674
2623,9,22.319674
2624,9,22.319674
2625,9,22.319674
2626,9,22.319674
2627,9,22.319674
2628,9,22.319674
2629,9,22.319674
2630,9,22.319674
2631,9,22.319674
2632,9,22.319674
2633,9,22.319674
2634,9,22.319674
2635,9,22.319674
2636,9,22.319674
2637,9,22.319674
2638,9,22.319674
2639,9,22.319674
2640,9,22.319674
2641,9,22.319674
2642,9,22.319674
2643,9,22.319674
2644,9,22.319674
2645,9,22.319674
2646,9,22.319674
2647,9,22.319674
2648,9,22.319674
2649,9,22.319674
2650,9,22.319674
2651,9,22.319674
2652,9,22.319674
2653,9,22.319674
2654,9,22.319674
2655,9,22.319674
2656,9,22.319674
2657,9,22.319674
2658,9,22.319674
2659,9,22.319674
2660,9,22.319674
2661,9,22.319674
2662,9,22.319674
2663,9,22.319674
2664,9,22.319674
2665,9,22.319674
2666,9,22.319674
2667,9,22.319674
2668,9,22.319674
2669,9,22.319674
2670,9,22.319674
2671,9,22.319674
2672,9,22.319674
2673,9,22.319674
2674,9,22.319674
2675,9,22.319674
2676,9,22.319674
2677,9,22.319674
2678,9,22.319674
2679,9,22.319674
2680,9,22.319674
2681,9,22.319674
2682,9,22.319674
2683,9,22.319674
2684,9,22.319674
2685,9,22.319674
2686,9,22.319674
2687,9,22.319674
2688,9,22.319674
2689,9,22.319674
2690,9,22.319674
2691,9,22.319674
2692,9,22.319674
2693,9,22.319674
2694,9,22.319674
2695,9,22.319674
2696,9,22.319674
2697,9,22.319674
2698,9,22.319674
2699,9,22.319674
2700,9,22.319674
2701,9,22.319674
2702,9,22.319674
2703,9,22.319674
2704,9,22.319674
2705,9,22.319674
2706,9,22.319674
2707,9,22.319674
2708,9,22.319674
2709,9,22.319674
2710,9,22.319674
2711,9,22.319674
2712,9,22.319674
2713,9,22.319674
2714,9,22.319674
2715,9,22.319674
2716,9,22.319674
2717,9,22.319674
2718,9,22.319674
2719,9,22.319674
2720,9,22.319674
2721,9,22.319674
2722,9,22.319674
2723,9,22.319674
2724,9,22.319674
2725,9,22.319674
2726,9,22.319674
2727,9,22.319674
2728,9,22.319674
2729,9,22.319674
2730,9,22.319674
2731,9,22.319674
2732,9,22.319674
2733,9,22.319674
2734,9,22.319674
2735,9,22.319674
2736,9,22.319674
2737,9,22.319674
2738,9,22.319674
2739,9,22.319674
2740,9,22.319674
2741,9,22.319674
2742,9,22.319674
2743,9,22.319674
2744,9,22.319674
2745,9,22.319674
2746,9,22.319674
2747,9,22.319674
2748,9,22.319674
2749,9,22.319674
2750,9,22.319674
2751,9,22.319674
2752,9,22.319674
2753,9,22.319674
2754,9,22.319674
2755,9,22.319674
2756,9,22.319674
2757,9,22.319674
2758,9,22.319674
2759,9,22.319674
2760,9,22.319674
2761,9,22.319674
2762,9,22.319674
2763,9,22.319674
2764,9,22.319674
2765,9,22.319674
2766,9,22.319674
2767,9,22.319674
2768,9,22.319674
2769,9,22.319674
2770,9,22.319674
2771,9,22.319674
2772,9,22.319674
2773,9,22.319674
2774,9,22.319674
2775,9,22.319674
2776,9,22.319674
2777,9,22.319674
2778,9,22.319674
2779,9,22.319674
2780,9,22.319674
2781,9,22.319674
2782,9,22.319674
2783,9,22.319674
2784,9,22.319674
2785,9,22.319674
2786,9,22.319674
2787,9,22.319674
2788,9,22.319674
2789,9,22.319674
2790,9,22.319674
2791,9,22.319674
2792,9,22.319674
2793,9,22.319674
2794,9,22.319674
2795,9,22.319674
2796,9,22.319674
2797,9,22.319674
2798,9,22.319674
2799,9,22.319674
2800,9,22.319674
2801,9,22.319674
2802,9,22.319674
2803,9,22.319674
2804,9,22.319674
2805,9,22.319674
2806,9,22.319674
2807,9,22.319674
2808,9,22.319674
2809,9,22.319674
2810,9,22.319674
2811,9,22.319674
2812,9,22.319674
2813,9,22.319674
2814,9,22.319674
2815,9,22.319674
2816,9,22.319674
2817,9,22.319674
2818,9,22.319674
2819,9,22.319674
2820,9,22.319674
2821,9,22.319674
2822,9,22.319674
2823,9,22.319674
2824,9,22.319674
2825,9,22.319674
2826,9,22.319674
2827,9,22.319674
2828,9,22.319674
2829,9,22.319674
2830,9,22.319674
2831,9,22.319674
2832,9,22.319674
2833,9,22.319674
2834,9,22.319674
2835,9,22.319674
2836,9,22.319674
2837,9,22.319674
2838,9,22.319674
2839,9,22.319674
2840,9,22.319674
2841,9,22.319674
2842,9,22.319674
2843,9,22.319674
2844,9,22.319674
2845,9,22.319674
2846,9,22.319674
2847,9,22.319674
2848,9,22.319674
2849,9,22.319674
2850,9,22.319674
2851,9,22.319674
2852,9,22.319674
2853,9,22.319674
2854,9,22.319674
2855,9,22.319674
2856,9,22.319674
2857,9,22.319674
2858,9,22.319674
2859,9,22.319674
2860,9,22.319674
2861,9,22.319674
2862,9,22.319674
2863,9,22.319674
2864,9,22.319674
2865,9,22.319674
2866,9,22.319674
2867,9,22.319674
2868,9,22.319674
2869,9,22.319674
2870,9,22.319674
2871,9,22.319674
2872,9,22.319674
2873,9,22.319674
2874,9,22.319674
2875,9,22.319674
2876,9,22.319674
2877,9,22.319674
2878,9,22.319674
2879,9,22.319674
2880,9,22.319674
2881,9,22.319674
2882,9,22.319674
2883,9,22.319674
2884,9,22.319674
2885,9,22.319674
2886,9,22.319674
2887,9,22.319674
2888,9,22.319674
2889,9,22.319674
2890,9,22.319674
2891,9,22.319674
2892,9,22.319674
2893,9,22.319674
2894,9,22.319674
2895,9,22.319674
2896,9,22.319674
2897,9,22.319674
2898,9,22.319674
2899,9,22.319674
2900,9,22.319674
2901,9,22.319674
2902,9,22.319674
2903,9,22.319674
2904,9,22.319674
2905,9,22.319674
2906,9,22.319674
2907,9,22.319674
2908,9,22.319674
2909,9,22.319674
2910,9,22.319674
2911,9,22.319674
2912,9,22.319674
2913,9,22.319674
2914,9,22.319674
2915,9,22.319674
2916,9,22.319674
2917,9,22.319674
2918,9,22.319674
2919,9,22.319674
2920,9,22.319674
2921,9,22.319674
2922,9,22.319674
2923,9,22.319674
2924,9,22.319674
2925,9,22.319674
2926,9,22.319674
2927,9,22.319674
2928,9,22.319674
2929,9,22.319674
2930,9,22.319674
2931,9,22.319674
2932,9,22.319674
2933,9,22.319674
2934,9,22.319674
2935,9,22.319674
2936,9,22.319674
2937,9,22.319674
2938,9,22.319674
2939,9,22.319674
2940,9,22.319674
2941,9,22.319674
2942,9,22.319674
2943,9,22.319674
2944,9,22.319674
2945,9,22.319674
2946,9,22.319674
2947,9,22.319674
2948,9,22.319674
2949,9,22.319674
2950,9,22.319674
2951,9,22.319674
2952,9,22.319674
2953,9,22.319674
2954,9,22.319674
2955,9,22.319674
2956,9,22.319674
2957,9,22.319674
2958,9,22.319674
2959,9,22.319674
2960,9,22.319674
2961,9,22.319674
2962,9,22.319674
2963,9,22.319674
2964,9,22.319674
2965,9,22.319674
2966,9,22.319674
2967,9,22.319674
2968,9,22.319674
2969,9,22.319674
2970,9,22.319674
2971,9,22.319674
2972,9,22.319674
2973,9,22.319674
2974,9,22.319674
2975,9,22.319674
2976,9,22.319674
2977,9,22.319674
2978,9,22.319674
2979,9,22.319674
2980,9,22.319674
2981,9,22.319674
2982,9,22.319674
2983,9,22.319674
2984,9,22.319674
2985,9,22.319674
2986,9,22.319674
2987,9,22.319674
2988,9,22.319674
2989,9,22.319674
2990,9,22.319674
2991,9,22.319674
2992,9,22.319674
2993,9,22.319674
2994,9,22.319674
2995,9,22.319674
2996,9,22.319674
2997,9,22.319674
2998,9,22.319674
2999,9,22.319674
3000,9,22.319674
3001,9,22.319674
3002,9,22.319674
3003,9,22.319674
3004,9,22.319674
3005,9,22.319674
3006,9,22.319674
3007,9,22.319674
3008,9,22.319674
3009,9,22.319674
3010,9,22.319674
3011,9,22.319674
3012,9,22.319674
3013,9,22.319674
3014,9,22.319674
3015,9,22.319674
3016,9,22.319674
3017,9,22.319674
3018,9,22.319674
3019,9,22.319674
3020,9,22.319674
3021,9,22.319674
3022,9,22.319674
3023,9,22.319674
3024,9,22.319674
3025,9,22.319674
3026,9,22.319674
3027,9,22.319674
3028,9,22.319674
3029,9,22.319674
3030,9,22.319674
3031,9,22.319674
3032,9,22.319674
3033,9,22.319674
3034,9,22.319674
3035,9,22.319674
3036,9,22.319674
3037,9,22.319674
3038,9,22.319674
3039,9,22.319674
3040,9,22.319674
3041,9,22.319674
3042,9,22.319674
3043,9,22.319674
3044,9,22.319674
3045,9,22.319674
3046,9,22.319674
3047,9,22.319674
3048,9,22.319674
3049,9,22.319674
3050,9,22.319674
3051,9,22.319674
3052,9,22.319674
3053,9,22.319674
3054,9,22.319674
3055,9,22.319674
3056,9,22.319674
3057,9,22.319674
3058,9,22.319674
3059,9,22.319674
3060,9,22.319674
3061,9,22.319674
3062,9,22.319674
3063,9,22.319674
3064,9,22.319674
3065,9,22.319674
3066,9,22.319674
3067,9,22.319674
3068,9,22.319674
3069,9,22.319674
3070,9,22.319674
3071,9,22.319674
3072,9,22.319674
3073,9,22.319674
3074,9,22.319674
3075,9,22.319674
3076,9,22.319674
3077,9,22.319674
3078,9,22.319674
3079,9,22.319674
3080,9,22.319674
3081,9,22.319674
3082,9,22.319674
3083,9,22.319674
3084,9,22.319674
3085,9,22.319674
3086,9,22.319674
3087,9,22.319674
3088,9,22.319674
3089,9,22.319674
3090,9,22.319674
3091,9,22.319674
3092,9,22.319674
3093,9,22.319674
3094,9,22.319674
3095,9,22.319674
3096,9,22.319674
3097,9,22.319674
3098,9,22.319674
3099,9,22.319674
3100,9,22.319674
3101,9,22.319674
3102,9,22.319674
3103,9,22.319674
3104,9,22.319674
3105,9,22.319674
3106,9,22.319674
3107,9,22.319674
3108,9,22.319674
3109,9,22.319674
3110,9,22.319674
3111,9,22.319674
3112,9,22.319674
3113,9,22.319674
3114,9,22.319674
3115,9,22.319674
3116,9,22.319674
3117,9,22.319674
3118,9,22.319674
3119,9,22.319674
3120,9,22.319674
3121,9,22.319674
3122,9,22.319674
3123,9,22.319674
3124,9,22.319674
3125,9,22.319674
3126,9,22.319674
3127,9,22.319674
3128,9,22.319674
3129,9,22.319674
3130,9,22.319674
3131,9,22.319674
3132,9,22.319674
3133,9,22.319674
3134,9,22.319674
3135,9,22.319674
3136,9,22.319674
3137,9,22.319674
3138,9,22.319674
3139,9,22.319674
3140,9,22.319674
3141,9,22.319674
3142,9,22.319674
3143,9,22.319674
3144,9,22.319674
3145,9,22.319674
3146,9,22.319674
3147,9,22.319674
3148,9,22.319674
3149,9,22.319674
3150,9,22.319674
3151,9,22.319674
3152,9,22.319674
3153,9,22.319674
3154,9,22.319674
3155,9,22.319674
3156,9,22.319674
3157,9,22.319674
3158,9,22.319674
3159,9,22.319674
3160,9,22.319674
3161,9,22.319674
3162,9,22.319674
3163,9,22.319674
3164,9,22.319674
3165,9,22.319674
3166,9,22.319674
3167,9,22.319674
3168,9,22.319674
3169,9,22.319674
3170,9,22.319674
3171,9,22.319674
3172,9,22.319674
3173,9,22.319674
3174,9,22.319674
3175,9,22.319674
3176,9,22.319674
3177,9,22.319674
3178,9,22.319674
3179,9,22.319674
3180,9,22.319674
3181,9,22.319674
3182,9,22.319674
3183,9,22.319674
3184,9,22.319674
3185,9,22.319674
3186,9,22.319674
3187,9,22.319674
3188,9,22.319674
3189,9,22.319674
3190,9,22.319674
3191,9,22.319674
3192,9,22.319674
3193,9,22.319674
3194,9,22.319674
3195,9,22.319674
3196,9,22.319674
3197,9,22.319674
3198,9,22.319674
3199,9,22.319674
3200,9,22.319674
3201,9,22.319674
3202,9,22.319674
3203,9,22.319674
3204,9,22.319674
3205,9,22.319674
3206,9,22.319674
3207,9,22.319674
3208,9,22.319674
3209,9,22.319674
3210,9,22.319674
3211,9,22.319674
3212,9,22.319674
3213,9,22.319674
3214,9,22.319674
3215,9,22.319674
3216,9,22.319674
3217,9,22.319674
3218,9,22.319674
3219,9,22.319674
3220,9,22.319674
3221,9,22.319674
3222,9,22.319674
3223,9,22.319674
3224,9,22.319674
3225,9,22.319674
3226,9,22.319674
3227,9,22.319674
3228,9,22.319674
3229,9,22.319674
3230,9,22.319674
3231,9,22.319674
3232,9,22.319674
3233,9,22.319674
3234,9,22.319674
3235,9,22.319674
3236,9,22.319674
3237,9,22.319674
3238,9,22.319674
3239,9,22.319674
3240,9,22.319674
3241,9,22.319674
3242,9,22.319674
3243,9,22.319674
3244,9,22.319674
3245,9,22.319674
3246,9,22.319674
3247,9,22.319674
3248,9,22.319674
3249,9,22.319674
3250,9,22.319674
3251,9,22.319674
3252,9,22.319674
3253,9,22.319674
3254,9,22.319674
3255,9,22.319674
3256,9,22.319674
3257,9,22.319674
3258,9,22.319674
3259,9,22.319674
3260,9,22.319674
3261,9,22.319674
3262,9,22.319674
3263,9,22.319674
3264,9,22.319674
3265,9,22.319674
3266,9,22.319674
3267,9,22.319674
3268,9,22.319674
3269,9,22.319674
3270,9,22.319674
3271,9,22.319674
3272,9,22.319674
3273,9,22.319674
3274,9,22.319674
3275,9,22.319674
3276,9,22.319674
3277,9,22.319674
3278,9,22.319674
3279,9,22.319674
3280,9,22.319674
3281,9,22.319674
3282,9,22.319674
3283,9,22.319674
3284,9,22.319674
3285,9,22.319674
3286,9,22.319674
3287,9,22.319674
3288,9,22.319674
3289,9,22.319674
3290,9,22.319674
3291,9,22.319674
3292,9,22.319674
3293,9,22.319674
3294,9,22.319674
3295,9,22.319674
3296,9,22.319674
3297,9,22.319674
3298,9,22.319674
3299,9,22.319674
3300,9,22.319674
3301,9,22.319674
3302,9,22.319674
3303,9,22.319674
3304,9,22.319674
3305,9,22.319674
3306,9,22.319674
3307,9,22.319674
3308,9,22.319674
3309,9,22.319674
3310,9,22.319674
3311,9,22.319674
3312,9,22.319674
3313,9,22.319674
3314,9,22.319674
3315,9,22.319674
3316,9,22.319674
3317,9,22.319674
3318,9,22.319674
3319,9,22.319674
3320,9,22.319674
3321,9,22.319674
3322,9,22.319674
3323,9,22.319674
3324,9,22.319674
3325,9,22.319674
3326,9,22.319674
3327,9,22.319674
3328,9,22.319674
3329,9,22.319674
3330,9,22.319674
3331,9,22.319674
3332,9,22.319674
3333,9,22.319674
3334,9,22.319674
3335,9,22.319674
3336,9,22.319674
3337,9,22.319674
3338,9,22.319674
3339,9,22.319674
3340,9,22.319674
3341,9,22.319674
3342,9,22.319674
3343,9,22.319674
3344,9,22.319674
3345,9,22.319674
3346,9,22.319674
3347,9,22.319674
3348,9,22.319674
3349,9,22.319674
3350,9,22.319674
3351,9,22.319674
3352,9,22.319674
3353,9,22.319674
3354,9,22.319674
3355,9,22.319674
3356,9,22.319674
3357,9,22.319674
3358,9,22.319674
3359,9,22.319674
3360,9,22.319674
3361,9,22.319674
3362,9,22.319674
3363,9,22.319674
3364,9,22.319674
3365,9,22.319674
3366,9,22.319674
3367,9,22.319674
3368,9,22.319674
3369,9,22.319674
3370,9,22.319674
3371,9,22.319674
3372,9,22.319674
3373,9,22.319674
3374,9,22.319674
3375,9,22.319674
3376,9,22.319674
3377,9,22.319674
3378,9,22.319674
3379,9,22.319674
3380,9,22.319674
3381,9,22.319674
3382,9,22.319674
3383,9,22.319674
3384,9,22.319674
3385,9,22.319674
3386,9,22.319674
3387,9,22.319674
3388,9,22.319674
3389,9,22.319674
3390,9,22.319674
3391,9,22.319674
3392,9,22.319674
3393,9,22.319674
3394,9,22.319674
3395,9,22.319674
3396,9,22.319674
3397,9,22.319674
3398,9,22.319674
3399,9,22.319674
3400,9,22.319674
3401,9,22.319674
3402,9,22.319674
3403,9,22.319674
3404,9,22.319674
3405,9,22.319674
3406,9,22.319674
3407,9,22.319674
3408,9,22.319674
3409,9,22.319674
3410,9,22.319674
3411,9,22.319674
3412,9,22.319674
3413,9,22.319674
3414,9,22.319674
3415,9,22.319674
3416,9,22.319674
3417,9,22.319674
3418,9,22.319674
3419,9,22.319674
3420,9,22.319674
3421,9,22.319674
3422,9,22.319674
3423,9,22.319674
3424,9,22.319674
3425,9,22.319674
3426,9,22.319674
3427,9,22.319674
3428,9,22.319674
3429,9,22.319674
3430,9,22.319674
3431,9,22.319674
3432,9,22.319674
3433,9,22.319674
3434,9,22.319674
3435,9,22.319674
3436,9,22.319674
3437,9,22.319674
3438,9,22.319674
3439,9,22.319674
3440,9,22.319674
3441,9,22.319674
3442,9,22.319674
3443,9,22.319674
3444,9,22.319674
3445,9,22.319674
3446,9,22.319674
3447,9,22.319674
3448,9,22.319674
3449,9,22.319674
3450,9,22.319674
3451,9,22.319674
3452,9,22.319674
3453,9,22.319674
3454,9,22.319674
3455,9,22.319674
3456,9,22.319674
3457,9,22.319674
3458,9,22.319674
3459,9,22.319674
3460,9,22.319674
3461,9,22.319674
3462,9,22.319674
3463,9,22.319674
3464,9,22.319674
3465,9,22.319674
3466,9,22.319674
3467,9,22.319674
3468,9,22.319674
3469,9,22.319674
3470,9,22.319674
3471,9,22.319674
3472,9,22.319674
3473,9,22.319674
3474,9,22.319674
3475,9,22.319674
3476,9,22.319674
3477,9,22.319674
3478,9,22.319674
3479,9,22.319674
3480,9,22.319674
3481,9,22.319674
3482,9,22.319674
3483,9,22.319674
3484,9,22.319674
3485,9,22.319674
3486,9,22.319674
3487,9,22.319674
3488,9,22.319674
3489,9,22.319674
3490,9,22.319674
3491,9,22.319674
3492,9,22.319674
3493,9,22.319674
3494,9,22.319674
3495,9,22.319674
3496,9,22.319674
3497,9,22.319674
3498,9,22.319674
3499,9,22.319674
3500,9,22.319674
3501,9,22.319674
3502,9,22.319674
3503,9,22.319674
3504,9,22.319674
3505,9,22.319674
3506,9,22.319674
3507,9,22.319674
3508,9,22.319674
3509,9,22.319674
3510,9,22.319674
3511,9,22.319674
3512,9,22.319674
3513,9,22.319674
3514,9,22.319674
3515,9,22.319674
3516,9,22.319674
3517,9,22.319674
3518,9,22.319674
3519,9,22.319674
3520,9,22.319674
3521,9,22.319674
3522,9,22.319674
3523,9,22.319674
3524,9,22.319674
3525,9,22.319674
3526,9,22.319674
3527,9,22.319674
3528,9,22.319674
3529,9,22.319674
3530,9,22.319674
3531,9,22.319674
3532,9,22.319674
3533,9,22.319674
3534,9,22.319674
3535,9,22.319674
3536,9,22.319674
3537,9,22.319674
3538,9,22.319674
3539,9,22.319674
3540,9,22.319674
3541,9,22.319674
3542,9,22.319674
3543,9,22.319674
3544,9,22.319674
3545,9,22.319674
3546,9,22.319674
3547,9,22.319674
3548,9,22.319674
3549,9,22.319674
3550,9,22.319674
3551,9,22.319674
3552,9,22.319674
3553,9,22.319674
3554,9,22.319674
3555,9,22.319674
3556,9,22.319674
3557,9,22.319674
3558,9,22.319674
3559,9,22.319674
3560,9,22.319674
3561,9,22.319674
3562,9,22.319674
3563,9,22.319674
3564,9,22.319674
3565,9,22.319674
3566,9,22.319674
3567,9,22.319674
3568,9,22.319674
3569,9,22.319674
3570,9,22.319674
3571,9,22.319674
3572,9,22.319674
3573,9,22.319674
3574,9,22.319674
3575,9,22.319674
3576,9,22.319674
3577,9,22.319674
3578,9,22.319674
3579,9,22.319674
3580,9,22.319674
3581,9,22.319674
3582,9,22.319674
3583,9,22.319674
3584,9,22.319674
3585,9,22.319674
3586,9,22.319674
3587,9,22.319674
3588,9,22.319674
3589,9,22.319674
3590,9,22.319674
3591,9,22.319674
3592,9,22.319674
3593,9,22.319674
3594,9,22.319674
3595,9,22.319674
3596,9,22.319674
3597,9,22.319674
3598,9,22.319674
3599,9,22.319674
3600,9,22.319674
3601,9,22.319674
3602,9,22.319674
3603,9,22.319674
3604,9,22.319674
3605,9,22.319674
3606,9,22.319674
3607,9,22.319674
3608,9,22.319674
3609,9,22.319674
3610,9,22.319674
3611,9,22.319674
3612,9,22.319674
3613,9,22.319674
3614,9,22.319674
3615,9,22.319674
3616,9,22.319674
3617,9,22.319674
3618,9,22.319674
3619,9,22.319674
3620,9,22.319674
3621,9,22.319674
3622,9,22.319674
3623,9,22.319674
3624,9,22.319674
3625,9,22.319674
3626,9,22.319674
3627,9,22.319674
3628,9,22.319674
3629,9,22.319674
3630,9,22.319674
3631,9,22.319674
3632,9,22.319674
3633,9,22.319674
3634,9,22.319674
3635,9,22.319674
3636,9,22.319674
3637,9,22.319674
3638,9,22.319674
3639,9,22.319674
3640,9,22.319674
3641,9,22.319674
3642,9,22.319674
3643,9,22.319674
3644,9,22.319674
3645,9,22.319674
3646,9,22.319674
3647,9,22.319674
3648,9,22.319674
3649,9,22.319674
3650,9,22.319674
3651,9,22.319674
3652,9,22.319674
3653,9,22.319674
3654,9,22.319674
3655,9,22.319674
3656,9,22.319674
3657,9,22.319674
3658,9,22.319674
3659,9,22.319674
3660,9,22.319674
3661,9,22.319674
3662,9,22.319674
3663,9,22.319674
3664,9,22.319674
3665,9,22.319674
3666,9,22.319674
3667,9,22.319674
3668,9,22.319674
3669,9,22.319674
3670,9,22.319674
3671,9,22.319674
3672,9,22.319674
3673,9,22.319674
3674,9,22.319674
3675,9,22.319674
3676,9,22.319674
3677,9,22.319674
3678,9,22.319674
3679,9,22.319674
3680,9,22.319674
3681,9,22.319674
3682,9,22.319674
3683,9,22.319674
3684,9,22.319674
3685,9,22.319674
3686,9,22.319674
3687,9,22.319674
3688,9,22.319674
3689,9,22.319674
3690,9,22.319674
3691,9,22.319674
3692,9,22.319674
3693,9,22.319674
3694,9,22.319674
3695,9,22.319674
3696,9,22.319674
3697,9,22.319674
3698,9,22.319674
3699,9,22.319674
3700,9,22.319674
3701,9,22.319674
3702,9,22.319674
3703,9,22.319674
3704,9,22.319674
3705,9,22.319674
3706,9,22.319674
3707,9,22.319674
3708,9,22.319674
3709,9,22.319674
3710,9,22.319674
3711,9,22.319674
3712,9,22.319674
3713,9,22.319674
3714,9,22.319674
3715,9,22.319674
3716,9,22.319674
3717,9,22.319674
3718,9,22.319674
3719,9,22.319674
3720,9,22.319674
3721,9,22.319674
3722,9,22.319674
3723,9,22.319674
3724,9,22.319674
3725,9,22.319674
3726,9,22.319674
3727,9,22.319674
3728,9,22.319674
3729,9,22.319674
3730,9,22.319674
3731,9,22.319674
3732,9,22.319674
3733,9,22.319674
3734,9,22.319674
3735,9,22.319674
3736,9,22.319674
3737,9,22.319674
3738,9,22.319674
3739,9,22.319674
3740,9,22.319674
3741,9,22.319674
3742,9,22.319674
3743,9,22.319674
3744,9,22.319674
3745,9,22.319674
3746,9,22.319674
3747,9,22.319674
3748,9,22.319674
3749,9,22.319674
3750,9,22.319674
3751,9,22.319674
3752,9,22.319674
3753,9,22.319674
3754,9,22.319674
3755,9,22.319674
3756,9,22.319674
3757,9,22.319674
3758,9,22.319674
3759,9,22.319674
3760,9,22.319674
3761,9,22.319674
3762,9,22.319674
3763,9,22.319674
3764,9,22.319674
3765,9,22.319674
3766,9,22.319674
3767,9,22.319674
3768,9,22.319674
3769,9,22.319674
3770,9,22.319674
3771,9,22.319674
3772,9,22.319674
3773,9,22.319674
3774,9,22.319674
3775,9,22.319674
3776,9,22.319674
3777,9,22.319674
3778,9,22.319674
3779,9,22.319674
3780,9,22.319674
3781,9,22.319674
3782,9,22.319674
3783,9,22.319674
3784,9,22.319674
3785,9,22.319674
3786,9,22.319674
3787,9,22.319674
3788,9,22.319674
3789,9,22.319674
3790,9,22.319674
3791,9,22.319674
3792,9,22.319674
3793,9,22.319674
3794,9,22.319674
3795,9,22.319674
3796,9,22.319674
3797,9,22.319674
3798,9,22.319674
3799,9,22.319674
3800,9,22.319674
3801,9,22.319674
3802,9,22.319674
3803,9,22.319674
3804,9,22.319674
3805,9,22.319674
3806,9,22.319674
3807,9,22.319674
3808,9,22.319674
3809,9,22.319674
3810,9,22.319674
3811,9,22.319674
3812,9,22.319674
3813,9,22.319674
3814,9,22.319674
3815,9,22.319674
3816,9,22.319674
3817,9,22.319674
3818,9,22.319674
3819,9,22.319674
3820,9,22.319674
3821,9,22.319674
3822,9,22.319674
3823,9,22.319674
3824,9,22.319674
3825,9,22.319674
3826,9,22.319674
3827,9,22.319674
3828,9,22.319674
3829,9,22.319674
3830,9,22.319674
3831,9,22.319674
3832,9,22.319674
3833,9,22.319674
3834,9,22.319674
3835,9,22.319674
3836,9,22.319674
3837,9,22.319674
3838,9,22.319674
3839,9,22.319674
3840,9,22.319674
3841,9,22.319674
3842,9,22.319674
3843,9,22.319674
3844,9,22.319674
3845,9,22.319674
3846,9,22.319674
3847,9,22.319674
3848,9,22.319674
3849,9,22.319674
3850,9,22.319674
3851,9,22.319674
3852,9,22.319674
3853,9,22.319674
3854,9,22.319674
3855,9,22.319674
3856,9,22.319674
3857,9,22.319674
3858,9,22.319674
3859,9,22.319674
3860,9,22.319674
3861,9,22.319674
3862,9,22.319674
3863,9,22.319674
3864,9,22.319674
3865,9,22.319674
3866,9,22.319674
3867,9,22.319674
3868,9,22.319674
3869,9,22.319674
3870,9,22.319674
3871,9,22.319674
3872,9,22.319674
3873,9,22.319674
3874,9,22.319674
3875,9,22.319674
3876,9,22.319674
3877,9,22.319674
3878,9,22.319674
3879,9,22.319674
3880,9,22.319674
3881,9,22.319674
3882,9,22.319674
3883,9,22.319674
3884,9,22.319674
3885,9,22.319674
3886,9,22.319674
3887,9,22.319674
3888,9,22.319674
3889,9,22.319674
3890,9,22.319674
3891,9,22.319674
3892,9,22.319674
3893,9,22.319674
3894,9,22.319674
3895,9,22.319674
3896,9,22.319674
3897,9,22.319674
3898,9,22.319674
3899,9,22.319674
3900,9,22.319674
3901,9,22.319674
3902,9,22.319674
3903,9,22.319674
3904,9,22.319674
3905,9,22.319674
3906,9,22.319674
3907,9,22.319674
3908,9,22.319674
3909,9,22.319674
3910,9,22.319674
3911,9,22.319674
3912,9,22.319674
3913,9,22.319674
3914,9,22.319674
3915,9,22.319674
3916,9,22.319674
3917,9,22.319674
3918,9,22.319674
3919,9,22.319674
3920,9,22.319674
3921,9,22.319674
3922,9,22.319674
3923,9,22.319674
3924,9,22.319674
3925,9,22.319674
3926,9,22.319674
3927,9,22.319674
3928,9,22.319674
3929,9,22.319674
3930,9,22.319674
3931,9,22.319674
3932,9,22.319674
3933,9,22.319674
3934,9,22.319674
3935,9,22.319674
3936,9,22.319674
3937,9,22.319674
3938,9,22.319674
3939,9,22.319674
3940,9,22.319674
3941,9,22.319674
3942,9,22.319674
3943,9,22.319674
3944,9,22.319674
3945,9,22.319674
3946,9,22.319674
3947,9,22.319674
3948,9,22.319674
3949,9,22.319674
3950,9,22.319674
3951,9,22.319674
3952,9,22.319674
3953,9,22.319674
3954,9,22.319674
3955,9,22.319674
3956,9,22.319674
3957,9,22.319674
3958,9,22.319674
3959,9,22.319674
3960,9,22.319674
3961,9,22.319674
3962,9,22.319674
3963,9,22.319674
3964,9,22.319674
3965,9,22.319674
3966,9,22.319674
3967,9,22.319674
3968,9,22.319674
3969,9,22.319674
3970,9,22.319674
3971,9,22.319674
3972,9,22.319674
3973,9,22.319674
3974,9,22.319674
3975,9,22.319674
3976,9,22.319674
3977,9,22.319674
3978,9,22.319674
3979,9,22.319674
3980,9,22.319674
3981,9,22.319674
3982,9,22.319674
3983,9,22.319674
3984,9,22.319674
3985,9,22.319674
3986,9,22.319674
3987,9,22.319674
3988,9,22.319674
3989,9,22.319674
3990,9,22.319674
3991,9,22.319674
3992,9,22.319674
3993,9,22.319674
3994,9,22.319674
3995,9,22.319674
3996,9,22.319674
3997,9,22.319674
3998,9,22.319674
3999,9,22.319674
4000,9,22.319674
4001,9,22.319674
4002,9,22.319674
4003,9,22.319674
4004,9,22.319674
4005,9,22.319674
4006,9,22.319674
4007,9,22.319674
4008,9,22.319674
4009,9,22.319674
4010,9,22.319674
4011,9,22.319674
4012,9,22.319674
4013,9,22.319674
4014,9,22.319674
4015,9,22.319674
4016,9,22.319674
4017,9,22.319674
4018,9,22.319674
4019,9,22.319674
4020,9,22.319674
4021,9,22.319674
4022,9,22.319674
4023,9,22.319674
4024,9,22.319674
4025,9,22.319674
4026,9,22.319674
4027,9,22.319674
4028,9,22.319674
4029,9,22.319674
4030,9,22.319674
4031,9,22.319674
4032,9,22.319674
4033,9,22.319674
4034,9,22.319674
4035,9,22.319674
4036,9,22.319674
4037,9,22.319674
4038,9,22.319674
4039,9,22.319674
4040,9,22.319674
4041,9,22.319674
4042,9,22.319674
4043,9,22.319674
4044,9,22.319674
4045,9,22.319674
4046,9,22.319674
4047,9,22.319674
4048,9,22.319674
4049,9,22.319674
4050,9,22.319674
4051,9,22.319674
4052,9,22.319674
4053,9,22.319674
4054,9,22.319674
4055,9,22.319674
4056,9,22.319674
4057,9,22.319674
4058,9,22.319674
4059,9,22.319674
4060,9,22.319674
4061,9,22.319674
4062,9,22.319674
4063,9,22.319674
4064,9,22.319674
4065,9,22.319674
4066,9,22.319674
4067,9,22.319674
4068,9,22.319674
4069,9,22.319674
4070,9,22.319674
4071,9,22.319674
4072,9,22.319674
4073,9,22.319674
4074,9,22.319674
4075,9,22.319674
4076,9,22.319674
4077,9,22.319674
4078,9,22.319674
4079,9,22.319674
4080,9,22.319674
4081,9,22.319674
4082,9,22.319674
4083,9,22.319674
4084,9,22.319674
4085,9,22.319674
4086,9,22.319674
4087,9,22.319674
4088,9,22.319674
4089,9,22.319674
4090,9,22.319674
4091,9,22.319674
4092,9,22.319674
4093,9,22.319674
4094,9,22.319674
4095,9,22.319674
4096,9,22.319674
4097,9,22.319674
4098,9,22.319674
4099,9,22.319674
4100,9,22.319674
4101,9,22.319674
4102,9,22.319674
4103,9,22.319674
4104,9,22.319674
4105,9,22.319674
4106,9,22.319674
4107,9,22.319674
4108,9,22.319674
4109,9,22.319674
4110,9,22.319674
4111,9,22.319674
4112,9,22.319674
4113,9,22.319674
4114,9,22.319674
4115,9,22.319674
4116,9,22.319674
4117,9,22.319674
4118,9,22.319674
4119,9,22.319674
4120,9,22.319674
4121,9,22.319674
4122,9,22.319674
4123,9,22.319674
4124,9,22.319674
4125,9,22.319674
4126,9,22.319674
4127,9,22.319674
4128,9,22.319674
4129,9,22.319674
4130,9,22.319674
4131,9,22.319674
4132,9,22.319674
4133,9,22.319674
4134,9,22.319674
4135,9,22.319674
4136,9,22.319674
4137,9,22.319674
4138,9,22.319674
4139,9,22.319674
4140,9,22.319674
4141,9,22.319674
4142,9,22.319674
4143,9,22.319674
4144,9,22.319674
4145,9,22.319674
4146,9,22.319674
4147,9,22.319674
4148,9,22.319674
4149,9,22.319674
4150,9,22.319674
4151,9,22.319674
4152,9,22.319674
4153,9,22.319674
4154,9,22.319674
4155,9,22.319674
4156,9,22.319674
4157,9,22.319674
4158,9,22.319674
4159,9,22.319674
4160,9,22.319674
4161,9,22.319674
4162,9,22.319674
4163,9,22.319674
4164,9,22.319674
4165,9,22.319674
4166,9,22.319674
4167,9,22.319674
4168,9,22.319674
4169,9,22.319674
4170,9,22.319674
4171,9,22.319674
4172,9,22.319674
4173,9,22.319674
4174,9,22.319674
4175,9,22.319674
4176,9,22.319674
4177,9,22.319674
4178,9,22.319674
4179,9,22.319674
4180,9,22.319674
4181,9,22.319674
4182,9,22.319674
4183,9,22.319674
4184,9,22.319674
4185,9,22.319674
4186,9,22.319674
4187,9,22.319674
4188,9,22.319674
4189,9,22.319674
4190,9,22.319674
4191,9,22.319674
4192,9,22.319674
4193,9,22.319674
4194,9,22.319674
4195,9,22.319674
4196,9,22.319674
4197,9,22.319674
4198,9,22.319674
4199,9,22.319674
4200,9,22.319674
4201,9,22.319674
4202,9,22.319674
4203,9,22.319674
4204,9,22.319674
4205,9,22.319674
4206,9,22.319674
4207,9,22.319674
4208,9,22.319674
4209,9,22.319674
4210,9,22.319674
4211,9,22.319674
4212,9,22.319674
4213,9,22.319674
4214,9,22.319674
4215,9,22.319674
4216,9,22.319674
4217,9,22.319674
4218,9,22.319674
4219,9,22.319674
4220,9,22.319674
4221,9,22.319674
4222,9,22.319674
4223,9,22.319674
4224,9,22.319674
4225,9,22.319674
4226,9,22.319674
4227,9,22.319674
4228,9,22.319674
4229,9,22.319674
4230,9,22.319674
4231,9,22.319674
4232,9,22.319674
4233,9,22.319674
4234,9,22.319674
4235,9,22.319674
4236,9,22.319674
4237,9,22.319674
4238,9,22.319674
4239,9,22.319674
4240,9,22.319674
4241,9,22.319674
4242,9,22.319674
4243,9,22.319674
4244,9,22.319674
4245,9,22.319674
4246,9,22.319674
4247,9,22.319674
4248,9,22.319674
4249,9,22.319674
4250,9,22.319674
4251,9,22.319674
4252,9,22.319674
4253,9,22.319674
4254,9,22.319674
4255,9,22.319674
4256,9,22.319674
4257,9,22.319674
4258,9,22.319674
4259,9,22.319674
4260,9,22.319674
4261,9,22.319674
4262,9,22.319674
4263,9,22.319674
4264,9,22.319674
4265,9,22.319674
4266,9,22.319674
4267,9,22.319674
4268,9,22.319674
4269,9,22.319674
4270,9,22.319674
4271,9,22.319674
4272,9,22.319674
4273,9,22.319674
4274,9,22.319674
4275,9,22.319674
4276,9,22.319674
4277,9,22.319674
4278,9,22.319674
4279,9,22.319674
4280,9,22.319674
4281,9,22.319674
4282,9,22.319674
4283,9,22.319674
4284,9,22.319674
4285,9,22.319674
4286,9,22.319674
4287,9,22.319674
4288,9,22.319674
4289,9,22.319674
4290,9,22.319674
4291,9,22.319674
4292,9,22.319674
4293,9,22.319674
4294,9,22.319674
4295,9,22.319674
4296,9,22.319674
4297,9,22.319674
4298,9,22.319674
4299,9,22.319674
4300,9,22.319674
4301,9,22.319674
4302,9,22.319674
4303,9,22.319674
4304,9,22.319674
4305,9,22.319674
4306,9,22.319674
4307,9,22.319674
4308,9,22.319674
4309,9,22.319674
4310,9,22.319674
4311,9,22.319674
4312,9,22.319674
4313,9,22.319674
4314,9,22.319674
4315,9,22.319674
4316,9,22.319674
4317,9,22.319674
4318,9,22.319674
4319,9,22.319674
4320,9,22.319674
4321,9,22.319674
4322,9,22.319674
4323,9,22.319674
4324,9,22.319674
4325,9,22.319674
4326,9,22.319674
4327,9,22.319674
4328,9,22.319674
4329,9,22.319674
4330,9,22.319674
4331,9,22.319674
4332,9,22.319674
4333,9,22.319674
4334,9,22.319674
4335,9,22.319674
4336,9,22.319674
4337,9,22.319674
4338,9,22.319674
4339,9,22.319674
4340,9,22.319674
4341,9,22.319674
4342,9,22.319674
4343,9,22.319674
4344,9,22.319674
4345,9,22.319674
4346,9,22.319674
4347,9,22.319674
4348,9,22.319674
4349,9,22.319674
4350,9,22.319674
4351,9,22.319674
4352,9,22.319674
4353,9,22.319674
4354,9,22.319674
4355,9,22.319674
4356,9,22.319674
4357,9,22.319674
4358,9,22.319674
4359,9,22.319674
4360,9,22.319674
4361,9,22.319674
4362,9,22.319674
4363,9,22.319674
4364,9,22.319674
4365,9,22.319674
4366,9,22.319674
4367,9,22.319674
4368,9,22.319674
4369,9,22.319674
4370,9,22.319674
4371,9,22.319674
4372,9,22.319674
4373,9,22.319674
4374,9,22.319674
4375,9,22.319674
4376,9,22.319674
4377,9,22.319674
4378,9,22.319674
4379,9,22.319674
4380,9,22.319674
4381,9,22.319674
4382,9,22.319674
4383,9,22.319674
4384,9,22.319674
4385,9,22.319674
4386,9,22.319674
4387,9,22.319674
4388,9,22.319674
4389,9,22.319674
4390,9,22.319674
4391,9,22.319674
4392,9,22.319674
4393,9,22.319674
4394,9,22.319674
4395,9,22.319674
4396,9,22.319674
4397,9,22.319674
4398,9,22.319674
4399,9,22.319674
4400,9,22.319674
4401,9,22.319674
4402,9,22.319674
4403,9,22.319674
4404,9,22.319674
4405,9,22.319674
4406,9,22.319674
4407,9,22.319674
4408,9,22.319674
4409,9,22.319674
4410,9,22.319674
4411,9,22.319674
4412,9,22.319674
4413,9,22.319674
4414,9,22.319674
4415,9,22.319674
4416,9,22.319674
4417,9,22.319674
4418,9,22.319674
4419,9,22.319674
4420,9,22.319674
4421,9,22.319674
4422,9,22.319674
4423,9,22.319674
4424,9,22.319674
4425,9,22.319674
4426,9,22.319674
4427,9,22.319674
4428,9,22.319674
4429,9,22.319674
4430,9,22.319674
4431,9,22.319674
4432,9,22.319674
4433,9,22.319674
4434,9,22.319674
4435,9,22.319674
4436,9,22.319674
4437,9,22.319674
4438,9,22.319674
4439,9,22.319674
4440,9,22.319674
4441,9,22.319674
4442,9,22.319674
4443,9,22.319674
4444,9,22.319674
4445,9,22.319674
4446,9,22.319674
4447,9,22.319674
4448,9,22.319674
4449,9,22.319674
4450,9,22.319674
4451,9,22.319674
4452,9,22.319674
4453,9,22.319674
4454,9,22.319674
4455,9,22.319674
4456,9,22.319674
4457,9,22.319674
4458,9,22.319674
4459,9,22.319674
4460,9,22.319674
4461,9,22.319674
4462,9,22.319674
4463,9,22.319674
4464,9,22.319674
4465,9,22.319674
4466,9,22.319674
4467,9,22.319674
4468,9,22.319674
4469,9,22.319674
4470,9,22.319674
4471,9,22.319674
4472,9,22.319674
4473,9,22.319674
4474,9,22.319674
4475,9,22.319674
4476,9,22.319674
4477,9,22.319674
4478,9,22.319674
4479,9,22.319674
4480,9,22.319674
4481,9,22.319674
4482,9,22.319674
4483,9,22.319674
4484,9,22.319674
4485,9,22.319674
4486,9,22.319674
4487,9,22.319674
4488,9,22.319674
4489,9,22.319674
4490,9,22.319674
4491,9,22.319674
4492,9,22.319674
4493,9,22.319674
4494,9,22.319674
4495,9,22.319674
4496,9,22.319674
4497,9,22.319674
4498,9,22.319674
4499,9,22.319674
4500,9,22.319674
4501,9,22.319674
4502,9,22.319674
4503,9,22.319674
4504,9,22.319674
4505,9,22.319674
4506,9,22.319674
4507,9,22.319674
4508,9,22.319674
4509,9,22.319674
4510,9,22.319674
4511,9,22.319674
4512,9,22.319674
4513,9,22.319674
4514,9,22.319674
4515,9,22.319674
4516,9,22.319674
4517,9,22.319674
4518,9,22.319674
4519,9,22.319674
4520,9,22.319674
4521,9,22.319674
4522,9,22.319674
4523,9,22.319674
4524,9,22.319674
4525,9,22.319674
4526,9,22.319674
4527,9,22.319674
4528,9,22.319674
4529,9,22.319674
4530,9,22.319674
4531,9,22.319674
4532,9,22.319674
4533,9,22.319674
4534,9,22.319674
4535,9,22.319674
4536,9,22.319674
4537,9,22.319674
4538,9,22.319674
4539,9,22.319674
4540,9,22.319674
4541,9,22.319674
4542,9,22.319674
4543,9,22.319674
4544,9,22.319674
4545,9,22.319674
4546,9,22.319674
4547,9,22.319674
4548,9,22.319674
4549,9,22.319674
4550,9,22.319674
4551,9,22.319674
4552,9,22.319674
4553,9,22.319674
4554,9,22.319674
4555,9,22.319674
4556,9,22.319674
4557,9,22.319674
4558,9,22.319674
4559,9,22.319674
4560,9,22.319674
4561,9,22.319674
4562,9,22.319674
4563,9,22.319674
4564,9,22.319674
4565,9,22.319674
4566,9,22.319674
4567,9,22.319674
4568,9,22.319674
4569,9,22.319674
4570,9,22.319674
4571,9,22.319674
4572,9,22.319674
4573,9,22.319674
4574,9,22.319674
4575,9,22.319674
4576,9,22.319674
4577,9,22.319674
4578,9,22.319674
4579,9,22.319674
4580,9,22.319674
4581,9,22.319674
4582,9,22.319674
4583,9,22.319674
4584,9,22.319674
4585,9,22.319674
4586,9,22.319674
4587,9,22.319674
4588,9,22.319674
4589,9,22.319674
4590,9,22.319674
4591,9,22.319674
4592,9,22.319674
4593,9,22.319674
4594,9,22.319674
4595,9,22.319674
4596,9,22.319674
4597,9,22.319674
4598,9,22.319674
4599,9,22.319674
4600,9,22.319674
4601,9,22.319674
4602,9,22.319674
4603,9,22.319674
4604,9,22.319674
4605,9,22.319674
4606,9,22.319674
4607,9,22.319674
4608,9,22.319674
4609,9,22.319674
4610,9,22.319674
4611,9,22.319674
4612,9,22.319674
4613,9,22.319674
4614,9,22.319674
4615,9,22.319674
4616,9,22.319674
4617,9,22.319674
4618,9,22.319674
4619,9,22.319674
4620,9,22.319674
4621,9,22.319674
4622,9,22.319674
4623,9,22.319674
4624,9,22.319674
4625,9,22.319674
4626,9,22.319674
4627,9,22.319674
4628,9,22.319674
4629,9,22.319674
4630,9,22.319674
4631,9,22.319674
4632,9,22.319674
4633,9,22.319674
4634,9,22.319674
4635,9,22.319674
4636,9,22.319674
4637,9,22.319674
4638,9,22.319674
4639,9,22.319674
4640,9,22.319674
4641,9,22.319674
4642,9,22.319674
4643,9,22.319674
4644,9,22.319674
4645,9,22.319674
4646,9,22.319674
4647,9,22.319674
4648,9,22.319674
4649,9,22.319674
4650,9,22.319674
4651,9,22.319674
4652,9,22.319674
4653,9,22.319674
4654,9,22.319674
4655,9,22.319674
4656,9,22.319674
4657,9,22.319674
4658,9,22.319674
4659,9,22.319674
4660,9,22.319674
4661,9,22.319674
4662,9,22.319674
4663,9,22.319674
4664,9,22.319674
4665,9,22.319674
4666,9,22.319674
4667,9,22.319674
4668,9,22.319674
4669,9,22.319674
4670,9,22.319674
4671,9,22.319674
4672,9,22.319674
4673,9,22.319674
4674,9,22.319674
4675,9,22.319674
4676,9,22.319674
4677,9,22.319674
4678,9,22.319674
4679,9,22.319674
4680,9,22.319674
4681,9,22.319674
4682,9,22.319674
4683,9,22.319674
4684,9,22.319674
4685,9,22.319674
4686,9,22.319674
4687,9,22.319674
4688,9,22.319674
4689,9,22.319674
4690,9,22.319674
4691,9,22.319674
4692,9,22.319674
4693,9,22.319674
4694,9,22.319674
4695,9,22.319674
4696,9,22.319674
4697,9,22.319674
4698,9,22.319674
4699,9,22.319674
4700,9,22.319674
4701,9,22.319674
4702,9,22.319674
4703,9,22.319674
4704,9,22.319674
4705,9,22.319674
4706,9,22.319674
4707,9,22.319674
4708,9,22.319674
4709,9,22.319674
4710,9,22.319674
4711,9,22.319674
4712,9,22.319674
4713,9,22.319674
4714,9,22.319674
4715,9,22.319674
4716,9,22.319674
4717,9,22.319674
4718,9,22.319674
4719,9,22.319674
4720,9,22.319674
4721,9,22.319674
4722,9,22.319674
4723,9,22.319674
4724,9,22.319674
4725,9,22.319674
4726,9,22.319674
4727,9,22.319674
4728,9,22.319674
4729,9,22.319674
4730,9,22.319674
4731,9,22.319674
4732,9,22.319674
4733,9,22.319674
4734,9,22.319674
4735,9,22.319674
4736,9,22.319674
4737,9,22.319674
4738,9,22.319674
4739,9,22.319674
4740,9,22.319674
4741,9,22.319674
4742,9,22.319674
4743,9,22.319674
4744,9,22.319674
4745,9,22.319674
4746,9,22.319674
4747,9,22.319674
4748,9,22.319674
4749,9,22.319674
4750,9,22.319674
4751,9,22.319674
4752,9,22.319674
4753,9,22.319674
4754,9,22.319674
4755,9,22.319674
4756,9,22.319674
4757,9,22.319674
4758,9,22.319674
4759,9,22.319674
4760,9,22.319674
4761,9,22.319674
4762,9,22.319674
4763,9,22.319674
4764,9,22.319674
4765,9,22.319674
4766,9,22.319674
4767,9,22.319674
4768,9,22.319674
4769,9,22.319674
4770,9,22.319674
4771,9,22.319674
4772,9,22.319674
4773,9,22.319674
4774,9,22.319674
4775,9,22.319674
4776,9,22.319674
4777,9,22.319674
4778,9,22.319674
4779,9,22.319674
4780,9,22.319674
4781,9,22.319674
4782,9,22.319674
4783,9,22.319674
4784,9,22.319674
4785,9,22.319674
4786,9,22.319674
4787,9,22.319674
4788,9,22.319674
4789,9,22.319674
4790,9,22.319674
4791,9,22.319674
4792,9,22.319674
4793,9,22.319674
4794,9,22.319674
4795,9,22.319674
4796,9,22.319674
4797,9,22.319674
4798,9,22.319674
4799,9,22.319674
4800,9,22.319674
4801,9,22.319674
4802,9,22.319674
4803,9,22.319674
4804,9,22.319674
4805,9,22.319674
4806,9,22.319674
4807,9,22.319674
4808,9,22.319674
4809,9,22.319674
4810,9,22.319674
4811,9,22.319674
4812,9,22.319674
4813,9,22.319674
4814,9,22.319674
4815,9,22.319674
4816,9,22.319674
4817,9,22.319674
4818,9,22.319674
4819,9,22.319674
4820,9,22.319674
4821,9,22.319674
4822,9,22.319674
4823,9,22.319674
4824,9,22.319674
4825,9,22.319674
4826,9,22.319674
4827,9,22.319674
4828,9,22.319674
4829,9,22.319674
4830,9,22.319674
4831,9,22.319674
4832,9,22.319674
4833,9,22.319674
4834,9,22.319674
4835,9,22.319674
4836,9,22.319674
4837,9,22.319674
4838,9,22.319674
4839,9,22.319674
4840,9,22.319674
4841,9,22.319674
4842,9,22.319674
4843,9,22.319674
4844,9,22.319674
4845,9,22.319674
4846,9,22.319674
4847,9,22.319674
4848,9,22.319674
4849,9,22.319674
4850,9,22.319674
4851,9,22.319674
4852,9,22.319674
4853,9,22.319674
4854,9,22.319674
4855,9,22.319674
4856,9,22.319674
4857,9,22.319674
4858,9,22.319674
4859,9,22.319674
4860,9,22.319674
4861,9,22.319674
4862,9,22.319674
4863,9,22.319674
4864,9,22.319674
4865,9,22.319674
4866,9,22.319674
4867,9,22.319674
4868,9,22.319674
4869,9,22.319674
4870,9,22.319674
4871,9,22.319674
4872,9,22.319674
4873,9,22.319674
4874,9,22.319674
4875,9,22.319674
4876,9,22.319674
4877,9,22.319674
4878,9,22.319674
4879,9,22.319674
4880,9,22.319674
4881,9,22.319674
4882,9,22.319674
4883,9,22.319674
4884,9,22.319674
4885,9,22.319674
4886,9,22.319674
4887,9,22.319674
4888,9,22.319674
4889,9,22.319674
4890,9,22.319674
4891,9,22.319674
4892,9,22.319674
4893,9,22.319674
4894,9,22.319674
4895,9,22.319674
4896,9,22.319674
4897,9,22.319674
4898,9,22.319674
4899,9,22.319674
4900,9,22.319674
4901,9,22.319674
4902,9,22.319674
4903,9,22.319674
4904,9,22.319674
4905,9,22.319674
4906,9,22.319674
4907,9,22.319674
4908,9,22.319674
4909,9,22.319674
4910,9,22.319674
4911,9,22.319674
4912,9,22.319674
4913,9,22.319674
4914,9,22.319674
4915,9,22.319674
4916,9,22.319674
4917,9,22.319674
4918,9,22.319674
4919,9,22.319674
4920,9,22.319674
4921,9,22.319674
4922,9,22.319674
4923,9,22.319674
4924,9,22.319674
4925,9,22.319674
4926,9,22.319674
4927,9,22.319674
4928,9,22.319674
4929,9,22.319674
4930,9,22.319674
4931,9,22.319674
4932,9,22.319674
4933,9,22.319674
4934,9,22.319674
4935,9,22.319674
4936,9,22.319674
4937,9,22.319674
4938,9,22.319674
4939,9,22.319674
4940,9,22.319674
4941,9,22.319674
4942,9,22.319674
4943,9,22.319674
4944,9,22.319674
4945,9,22.319674
4946,9,22.319674
4947,9,22.319674
4948,9,22.319674
4949,9,22.319674
4950,9,22.319674
4951,9,22.319674
4952,9,22.319674
4953,9,22.319674
4954,9,22.319674
4955,9,22.319674
4956,9,22.319674
4957,9,22.319674
4958,9,22.319674
4959,9,22.319674
4960,9,22.319674
4961,9,22.319674
4962,9,22.319674
4963,9,22.319674
4964,9,22.319674
4965,9,22.319674
4966,9,22.319674
4967,9,22.319674
4968,9,22.319674
4969,9,22.319674
4970,9,22.319674
4971,9,22.319674
4972,9,22.319674
4973,9,22.319674
4974,9,22.319674
4975,9,22.319674
4976,9,22.319674
4977,9,22.319674
4978,9,22.319674
4979,9,22.319674
4980,9,22.319674
4981,9,22.319674
4982,9,22.319674
4983,9,22.319674
4984,9,22.319674
4985,9,22.319674
4986,9,22.319674
4987,9,22.319674
4988,9,22.319674
4989,9,22.319674
4990,9,22.319674
4991,9,22.319674
4992,9,22.319674
4993,9,22.319674
4994,9,22.319674
4995,9,22.319674
4996,9,22.319674
4997,9,22.319674
4998,9,22.319674
4999,9,22.319674
5000,9,22.319674
5001,9,22.319674
5002,9,22.319674
5003,9,22.319674
5004,9,22.319674
5005,9,22.319674
5006,9,22.319674
5007,9,22.319674
5008,9,22.319674
5009,9,22.319674
5010,9,22.319674
5011,9,22.319674
5012,9,22.319674
5013,9,22.319674
5014,9,22.319674
5015,9,22.319674
5016,9,22.319674
5017,9,22.319674
5018,9,22.319674
5019,9,22.319674
5020,9,22.319674
5021,9,22.319674
5022,9,22.319674
5023,9,22.319674
5024,9,22.319674
5025,9,22.319674
5026,9,22.319674
5027,9,22.319674
5028,9,22.319674
5029,9,22.319674
5030,9,22.319674
5031,9,22.319674
5032,9,22.319674
5033,9,22.319674
5034,9,22.319674
5035,9,22.319674
5036,9,22.319674
5037,9,22.319674
5038,9,22.319674
5039,9,22.319674
5040,9,22.319674
5041,9,22.319674
5042,9,22.319674
5043,9,22.319674
5044,9,22.319674
5045,9,22.319674
5046,9,22.319674
5047,9,22.319674
5048,9,22.319674
5049,9,22.319674
5050,9,22.319674
5051,9,22.319674
5052,9,22.319674
5053,9,22.319674
5054,9,22.319674
5055,9,22.319674
5056,9,22.319674
5057,9,22.319674
5058,9,22.319674
5059,9,22.319674
5060,9,22.319674
5061,9,22.319674
5062,9,22.319674
5063,9,22.319674
5064,9,22.319674
5065,9,22.319674
5066,9,22.319674
5067,9,22.319674
5068,9,22.319674
5069,9,22.319674
5070,9,22.319674
5071,9,22.319674
5072,9,22.319674
5073,9,22.319674
5074,9,22.319674
5075,9,22.319674
5076,9,22.319674
5077,9,22.319674
5078,9,22.319674
5079,9,22.319674
5080,9,22.319674
5081,9,22.319674
5082,9,22.319674
5083,9,22.319674
5084,9,22.319674
5085,9,22.319674
5086,9,22.319674
5087,9,22.319674
5088,9,22.319674
5089,9,22.319674
5090,9,22.319674
5091,9,22.319674
5092,9,22.319674
5093,9,22.319674
5094,9,22.319674
5095,9,22.319674
5096,9,22.319674
5097,9,22.319674
5098,9,22.319674
5099,9,22.319674
5100,9,22.319674
5101,9,22.319674
5102,9,22.319674
5103,9,22.319674
5104,9,22.319674
5105,9,22.319674
5106,9,22.319674
5107,9,22.319674
5108,9,22.319674
5109,9,22.319674
5110,9,22.319674
5111,9,22.319674
5112,9,22.319674
5113,9,22.319674
5114,9,22.319674
5115,9,22.319674
5116,9,22.319674
5117,9,22.319674
5118,9,22.319674
5119,9,22.319674
5120,9,22.319674
5121,9,22.319674
5122,9,22.319674
5123,9,22.319674
5124,9,22.319674
5125,9,22.319674
5126,9,22.319674
5127,9,22.319674
5128,9,22.319674
5129,9,22.319674
5130,9,22.319674
5131,9,22.319674
5132,9,22.319674
5133,9,22.319674
5134,9,22.319674
5135,9,22.319674
5136,9,22.319674
5137,9,22.319674
5138,9,22.319674
5139,9,22.319674
5140,9,22.319674
5141,9,22.319674
5142,9,22.319674
5143,9,22.319674
5144,9,22.319674
5145,9,22.319674
5146,9,22.319674
5147,9,22.319674
5148,9,22.319674
5149,9,22.319674
5150,9,22.319674
5151,9,22.319674
5152,9,22.319674
5153,9,22.319674
5154,9,22.319674
5155,9,22.319674
5156,9,22.319674
5157,9,22.319674
5158,9,22.319674
5159,9,22.319674
5160,9,22.319674
5161,9,22.319674
5162,9,22.319674
5163,9,22.319674
5164,9,22.319674
5165,9,22.319674
5166,9,22.319674
5167,9,22.319674
5168,9,22.319674
5169,9,22.319674
5170,9,22.319674
5171,9,22.319674
5172,9,22.319674
5173,9,22.319674
5174,9,22.319674
5175,9,22.319674
5176,9,22.319674
5177,9,22.319674
5178,9,22.319674
5179,9,22.319674
5180,9,22.319674
5181,9,22.319674
5182,9,22.319674
5183,9,22.319674
5184,9,22.319674
5185,9,22.319674
5186,9,22.319674
5187,9,22.319674
5188,9,22.319674
5189,9,22.319674
5190,9,22.319674
5191,9,22.319674
5192,9,22.319674
5193,9,22.319674
5194,9,22.319674
5195,9,22.319674
5196,9,22.319674
5197,9,22.319674
5198,9,22.319674
5199,9,22.319674
5200,9,22.319674
5201,9,22.319674
5202,9,22.319674
5203,9,22.319674
5204,9,22.319674
5205,9,22.319674
5206,9,22.319674
5207,9,22.319674
5208,9,22.319674
5209,9,22.319674
5210,9,22.319674
5211,9,22.319674
5212,9,22.319674
5213,9,22.319674
5214,9,22.319674
5215,9,22.319674
5216,9,22.319674
5217,9,22.319674
5218,9,22.319674
5219,9,22.319674
5220,9,22.319674
5221,9,22.319674
5222,9,22.319674
5223,9,22.319674
5224,9,22.319674
5225,9,22.319674
5226,9,22.319674
5227,9,22.319674
5228,9,22.319674
5229,9,22.319674
5230,9,22.319674
5231,9,22.319674
5232,9,22.319674
5233,9,22.319674
5234,9,22.319674
5235,9,22.319674
5236,9,22.319674
5237,9,22.319674
5238,9,22.319674
5239,9,22.319674
5240,9,22.319674
5241,9,22.319674
5242,9,22.319674
5243,9,22.319674
5244,9,22.319674
5245,9,22.319674
5246,9,22.319674
5247,9,22.319674
5248,9,22.319674
5249,9,22.319674
5250,9,22.319674
5251,9,22.319674
5252,9,22.319674
5253,9,22.319674
5254,9,22.319674
5255,9,22.319674
5256,9,22.319674
5257,9,22.319674
5258,9,22.319674
5259,9,22.319674
5260,9,22.319674
5261,9,22.319674
5262,9,22.319674
5263,9,22.319674
5264,9,22.319674
5265,9,22.319674
5266,9,22.319674
5267,9,22.319674
5268,9,22.319674
5269,9,22.319674
5270,9,22.319674
5271,9,22.319674
5272,9,22.319674
5273,9,22.319674
5274,9,22.319674
5275,9,22.319674
5276,9,22.319674
5277,9,22.319674
5278,9,22.319674
5279,9,22.319674
5280,9,22.319674
5281,9,22.319674
5282,9,22.319674
5283,9,22.319674
5284,9,22.319674
5285,9,22.319674
5286,9,22.319674
5287,9,22.319674
5288,9,22.319674
5289,9,22.319674
5290,9,22.319674
5291,9,22.319674
5292,9,22.319674
5293,9,22.319674
5294,9,22.319674
5295,9,22.319674
5296,9,22.319674
5297,9,22.319674
5298,9,22.319674
5299,9,22.319674
5300,9,22.319674
5301,9,22.319674
5302,9,22.319674
5303,9,22.319674
5304,9,22.319674
5305,9,22.319674
5306,9,22.319674
5307,9,22.319674
5308,9,22.319674
5309,9,22.319674
5310,9,22.319674
5311,9,22.319674
5312,9,22.319674
5313,9,22.319674
5314,9,22.319674
5315,9,22.319674
5316,9,22.319674
5317,9,22.319674
5318,9,22.319674
5319,9,22.319674
5320,9,22.319674
5321,9,22.319674
5322,9,22.319674
5323,9,22.319674
5324,9,22.319674
5325,9,22.319674
5326,9,22.319674
5327,9,22.319674
5328,9,22.319674
5329,9,22.319674
5330,9,22.319674
5331,9,22.319674
5332,9,22.319674
5333,9,22.319674
5334,9,22.319674
5335,9,22.319674
5336,9,22.319674
5337,9,22.319674
5338,9,22.319674
5339,9,22.319674
5340,9,22.319674
5341,9,22.319674
5342,9,22.319674
5343,9,22.319674
5344,9,22.319674
5345,9,22.319674
5346,9,22.319674
5347,9,22.319674
5348,9,22.319674
5349,9,22.319674
5350,9,22.319674
5351,9,22.319674
5352,9,22.319674
5353,9,22.319674
5354,9,22.319674
5355,9,22.319674
5356,9,22.319674
5357,9,22.319674
5358,9,22.319674
5359,9,22.319674
5360,9,22.319674
5361,9,22.319674
5362,9,22.319674
5363,9,22.319674
5364,9,22.319674
5365,9,22.319674
5366,9,22.319674
5367,9,22.319674
5368,9,22.319674
5369,9,22.319674
5370,9,22.319674
5371,9,22.319674
5372,9,22.319674
5373,9,22.319674
5374,9,22.319674
5375,9,22.319674
5376,9,22.319674
5377,9,22.319674
5378,9,22.319674
5379,9,22.319674
5380,9,22.319674
5381,9,22.319674
5382,9,22.319674
5383,9,22.319674
5384,9,22.319674
5385,9,22.319674
5386,9,22.319674
5387,9,22.319674
5388,9,22.319674
5389,9,22.319674
5390,9,22.319674
5391,9,22.319674
5392,9,22.319674
5393,9,22.319674
5394,9,22.319674
5395,9,22.319674
5396,9,22.319674
5397,9,22.319674
5398,9,22.319674
5399,9,22.319674
5400,9,22.319674
5401,9,22.319674
5402,9,22.319674
5403,9,22.319674
5404,9,22.319674
5405,9,22.319674
5406,9,22.319674
5407,9,22.319674
5408,9,22.319674
5409,9,22.319674
5410,9,22.319674
5411,9,22.319674
5412,9,22.319674
5413,9,22.319674
5414,9,22.319674
5415,9,22.319674
5416,9,22.319674
5417,9,22.319674
5418,9,22.319674
5419,9,22.319674
5420,9,22.319674
5421,9,22.319674
5422,9,22.319674
5423,9,22.319674
5424,9,22.319674
5425,9,22.319674
5426,9,22.319674
5427,9,22.319674
5428,9,22.319674
5429,9,22.319674
5430,9,22.319674
5431,9,22.560727
5432,9,22.560727
5433,9,22.542871
5434,9,22.605366
5435,9,22.578583
5436,9,22.712411
5437,9,22.676789
5438,9,22.605366
5439,9,22.650006
5440,9,22.730357
5441,9,22.730357
5442,9,22.739284
5443,9,22.899986
5444,9,22.908914
5445,9,23.078543
5446,9,22.908914
5447,9,23.00712
5448,9,23.069616
5449,9,23.042832
5450,9,22.971409
5451,9,23.016048
5452,9,23.123183
5453,9,23.212461
5454,9,22.944625
5455,9,22.944625
5456,9,23.042832
5457,9,23.016048
5458,9,23.087471
5459,9,23.069616
5460,9,23.114255
5461,9,23.033904
5462,9,23.087471
5463,9,23.105327
5464,9,22.873202
5465,9,22.783924
5466,9,22.899986
5467,9,22.88213
5468,9,22.899986
5469,9,22.998193
5470,9,22.998193
5471,9,23.078543
5472,9,23.194606
5473,9,23.42673
5474,9,23.408875
5475,9,23.292812
5476,9,23.212461
5477,9,23.212461
5478,9,23.292812
5479,9,23.248173
5480,9,23.337452
5481,9,23.489225
5482,9,23.391019
5483,9,23.30174
5484,9,23.248173
5485,9,23.319596
5486,9,23.315132
5487,9,23.283884
5488,9,23.239245
5489,9,23.230317
5490,9,23.34638
5491,9,23.30174
5492,9,23.239245
5493,9,23.408875
5494,9,23.605288
5495,9,23.533865
5496,9,23.435658
5497,9,23.310668
5498,9,23.328524
5499,9,23.382091
5500,9,23.382091
5501,9,23.42174
5502,9,23.620766
5503,9,23.865025
5504,9,23.828838
5505,9,23.883118
5506,9,23.806222
5507,9,24.109284
5508,9,23.973584
5509,9,23.955491
5510,9,23.828838
5511,9,23.494113
5512,9,23.729325
5513,9,23.702185
5514,9,23.584579
5515,9,23.322227
5516,9,23.457926
5517,9,23.376506
5518,9,23.141294
5519,9,23.222714
5520,9,23.177481
5521,9,23.213667
5522,9,23.28604
5523,9,23.349367
5524,9,23.485066
5525,9,23.385553
5526,9,23.34032
5527,9,23.557439
5528,9,23.530299
5529,9,23.512206
5530,9,23.629812
5531,9,23.566486
5532,9,23.548393
5533,9,23.476019
5534,9,23.476019
5535,9,23.539346
5536,9,23.42174
5537,9,23.412693
5538,9,23.439833
5539,9,23.466973
5540,9,23.530299
5541,9,23.494113
5542,9,23.358413
5543,9,23.331273
5544,9,23.249854
5545,9,23.23176
5546,9,23.23176
5547,9,23.31318
5548,9,23.304133
5549,9,23.34032
5550,9,23.28604
5551,9,23.150341
5552,9,23.114154
5553,9,22.878942
5554,9,23.014641
5555,9,23.059874
5556,9,23.150341
5557,9,23.123201
5558,9,23.068921
5559,9,23.105107
5560,9,23.005594
5561,9,22.978455
5562,9,22.987501
5563,9,22.860848
5564,9,22.942268
5565,9,23.018599
5566,9,23.09179
5567,9,23.164981
5568,9,23.064343
5569,9,23.055195
5570,9,23.238172
5571,9,23.42115
5572,9,23.384554
5573,9,23.283917
5574,9,23.366257
5575,9,23.375406
5576,9,23.466894
5577,9,23.659021
5578,9,23.549234
5579,9,23.274768
5580,9,23.119237
5581,9,23.283917
5582,9,23.393703
5583,9,23.412001
5584,9,23.402852
5585,9,23.439448
5586,9,23.448597
5587,9,23.412001
5588,9,23.219874
5589,9,23.366257
5590,9,23.329661
5591,9,23.448597
5592,9,23.100939
5593,9,23.055195
5594,9,22.853919
5595,9,22.140306
5596,9,22.140306
5597,9,22.131157
5598,9,22.158604
5599,9,21.957328
5600,9,21.673713
5601,9,21.188822
5602,9,21.36265
5603,9,21.243715
5604,9,21.124779
5605,9,20.832015
5606,9,20.063509
5607,9,19.880531
5608,9,19.926275
5609,9,20.223614
5610,9,20.283082
5611,9,20.273933
5612,9,20.209891
5613,9,20.246486
5614,9,20.081806
5615,9,20.264784
5616,9,20.173295
5617,9,20.228189
5618,9,20.246486
5619,9,20.109253
5620,9,19.990317
5621,9,19.798191
5622,9,19.789042
5623,9,19.88968
5624,9,19.80734
5625,9,19.697553
5626,9,19.25326
5627,9,19.31818
5628,9,19.383099
5629,9,19.475841
5630,9,19.531487
5631,9,19.466567
5632,9,19.234712
5633,9,19.248623
5634,9,19.17443
5635,9,18.956486
5636,9,19.160518
5637,9,19.420196
5638,9,19.512938
5639,9,19.577858
5640,9,19.550035
5641,9,19.559309
5642,9,19.25326
5643,9,19.030679
5644,9,19.049228
5645,9,18.919389
5646,9,18.650437
5647,9,18.511323
5648,9,18.650437
5649,9,18.557695
5650,9,18.446404
5651,9,18.335113
5652,9,18.362936
5653,9,18.029065
5654,9,17.917774
5655,9,18.01979
5656,9,17.936322
5657,9,17.676645
5658,9,17.945597
5659,9,17.889951
5660,9,17.324225
5661,9,17.342773
5662,9,17.66737
5663,9,17.250031
5664,9,16.906885
5665,9,16.712127
5666,9,16.777046
5667,9,16.841966
5668,9,16.925434
5669,9,16.96253
5670,9,17.20366
5671,9,17.296402
5672,9,17.407692
5673,9,17.648822
5674,9,17.602451
5675,9,17.704467
5676,9,17.750838
5677,9,17.982694
5678,9,18.029065
5679,9,18.696808
5680,9,18.400033
5681,9,18.353662
5682,9,18.502049
5683,9,18.604066
5684,9,18.761727
5685,9,18.780276
5686,9,18.993582
5687,9,18.937937
5688,9,18.576243
5689,9,17.66737
5690,9,17.356105
5691,9,17.836388
5692,9,17.817553
5693,9,18.175411
5694,9,18.288418
5695,9,18.07182
5696,9,17.963521
5697,9,18.062403
5698,9,18.067112
5699,9,18.024734
5700,9,18.024734
5701,9,18.128324
5702,9,18.297836
5703,9,18.297836
5704,9,18.297836
5705,9,18.222497
5706,9,18.165993
5707,9,18.31667
5708,9,18.222497
5709,9,18.090655
5710,9,18.043568
5711,9,18.147159
5712,9,18.118907
5713,9,17.996482
5714,9,18.043568
5715,9,18.059578
5716,9,18.335505
5717,9,18.410844
5718,9,18.467347
5719,9,18.561521
5720,9,18.712198
5721,9,19.117142
5722,9,19.352575
5723,9,20.096542
5724,9,20.4544
5725,9,20.435565
5726,9,20.10596
5727,9,20.143629
5728,9,19.531504
5729,9,19.503252
5730,9,19.314905
5731,9,19.220732
5732,9,19.041803
5733,9,18.768701
5734,9,18.429678
5735,9,18.363757
5736,9,18.118907
5737,9,17.770466
5738,9,17.469112
5739,9,17.685711
5740,9,18.024734
5741,9,17.939978
5742,9,17.892891
5743,9,17.798718
5744,9,17.666876
5745,9,17.666876
5746,9,17.356105
5747,9,17.205428
5748,9,17.261932
5749,9,17.459695
5750,9,17.72338
5751,9,17.963521
5752,9,17.817553
5753,9,17.944098
5754,9,17.972778
5755,9,17.800698
5756,9,17.791138
5757,9,17.953658
5758,9,17.944098
5759,9,17.810258
5760,9,17.714658
5761,9,17.752898
5762,9,17.905858
5763,9,17.924978
5764,9,17.915418
5765,9,17.934538
5766,9,18.116178
5767,9,18.326498
5768,9,18.068378
5769,9,17.991898
5770,9,17.838938
5771,9,17.657298
5772,9,17.599938
5773,9,17.294019
5774,9,17.322699
5775,9,17.227099
5776,9,17.207979
5777,9,17.131499
5778,9,16.968979
5779,9,16.67262
5780,9,16.45274
5781,9,16.54834
5782,9,16.816019
5783,9,16.835139
5784,9,16.777779
5785,9,16.816019
5786,9,16.787339
5787,9,16.7491
5788,9,16.61526
5789,9,16.6057
5790,9,16.56746
5791,9,16.49098
5792,9,16.6057
5793,9,16.6057
5794,9,17.733778
5795,9,17.924978
5796,9,17.351379
5797,9,17.685978
5798,9,17.714658
5799,9,17.743338
5800,9,17.915418
5801,9,18.163978
5802,9,18.039698
5803,9,18.116178
5804,9,18.240458
5805,9,18.154418
5806,9,18.087498
5807,9,18.393418
5808,9,18.498577
5809,9,18.489017
5810,9,18.441217
5811,9,18.393418
5812,9,18.450777
5813,9,18.450777
5814,9,18.345618
5815,9,18.125738
5816,9,18.345618
5817,9,18.3498
5818,9,18.097502
5819,9,18.204244
5820,9,18.213948
5821,9,18.204244
5822,9,18.11691
5823,9,18.078095
5824,9,18.126614
5825,9,17.864612
5826,9,17.612315
5827,9,17.39398
5828,9,16.758384
5829,9,17.165942
5830,9,17.757871
5831,9,18.301281
5832,9,18.796173
5833,9,18.650616
5834,9,18.524468
5835,9,18.572986
5836,9,18.534171
5837,9,18.50506
5838,9,18.776765
5839,9,18.864099
5840,9,19.038767
5841,9,19.019359
5842,9,19.213434
5843,9,19.329879
5844,9,19.358991
5845,9,19.475436
5846,9,19.475436
5847,9,19.397806
5848,9,19.397806
5849,9,19.388102
5850,9,19.456028
5851,9,19.310472
5852,9,19.164915
5853,9,19.145508
5854,9,19.252249
5855,9,19.184323
5856,9,18.932025
5857,9,19.194027
5858,9,19.242546
5859,9,19.20373
5860,9,18.951433
5861,9,18.922322
5862,9,18.165429
5863,9,18.572986
5864,9,18.728247
5865,9,18.563283
5866,9,18.572986
5867,9,18.679728
5868,9,18.563283
5869,9,18.378911
5870,9,18.621505
5871,9,18.670024
5872,9,18.631209
5873,9,18.500208
5874,9,17.922835
5875,9,17.694797
5876,9,17.136831
5877,9,17.92708
5878,9,17.759537
5879,9,18.902771
5880,9,18.873204
5881,9,18.685951
5882,9,18.823927
5883,9,18.823927
5884,9,18.597252
5885,9,18.745083
5886,9,18.961903
5887,9,18.853493
5888,9,18.843638
5889,9,18.823927
5890,9,18.971759
5891,9,18.942193
5892,9,18.873204
5893,9,18.952048
5894,9,18.952048
5895,9,18.902771
5896,9,18.922482
5897,9,18.77465
5898,9,18.952048
5899,9,18.843638
5900,9,18.956976
5901,9,18.88306
5902,9,18.804216
5903,9,18.863349
5904,9,18.873204
5905,9,18.961903
5906,9,18.863349
5907,9,18.804216
5908,9,18.942193
5909,9,18.902771
5910,9,18.892915
5911,9,18.823927
5912,9,18.902771
5913,9,18.823927
5914,9,19.464532
5915,9,19.543376
5916,9,19.651786
5917,9,19.908028
5918,9,19.819328
5919,9,19.996727
5920,9,20.055859
5921,9,19.809473
5922,9,20.114992
5923,9,20.07557
5924,9,19.957305
5925,9,20.134703
5926,9,20.085426
5927,9,20.07557
5928,9,19.888317
5929,9,19.770051
5930,9,19.888317
5931,9,19.809473
5932,9,19.863678
5933,9,19.898172
5934,9,19.489171
5935,9,19.53352
5936,9,19.494098
5937,9,19.351194
5938,9,19.351194
5939,9,19.198435
5940,9,19.484243
5941,9,19.39
5942,9,19.65
5943,9,19.63
5944,9,19.35
5945,9,19.7
5946,9,19.62
5947,9,19.5
5948,9,19.46
5949,9,19.16
5950,9,18.97
5951,9,18.59
5952,9,19.06
5953,9,19.11
5954,9,18.95
5955,9,18.51
5956,9,18.68
5957,9,18.86
5958,9,19.04
5959,9,19.19
5960,9,19.28
5961,9,19.02
5962,9,18.95
5963,9,19.06
5964,9,19.07
5965,9,19.01
5966,9,19.11
