Actual,Predicted,Error
11.086667,11.036961,0.04970639819335965
11.163333,10.980938,0.18239504223632785
11.216667,10.979913,0.23675424212646412
10.95,11.066267,-0.1162670135498054
10.993333,11.119432,-0.1260994493408205
10.623333,11.132929,-0.509595848266601
10.493333,11.08219,-0.5888565599365236
10.53,10.967693,-0.4376933288574225
10.673332999999998,10.811628,-0.13829534167480695
10.713333,10.723757,-0.010423790161132374
10.513333000000001,10.629516,-0.11618264788818244
10.846667,10.622926,0.22374124163818365
10.891666999999998,10.674478,0.21718942279052555
10.643333,10.737814,-0.09448094958496078
10.983333,10.754652,0.22868097668457033
11.050000000000002,10.784449,0.2655513763427759
11.066667,10.89172,0.17494718188476632
10.82,10.9274645,-0.10746448516845675
11.09,10.939759,0.15024074554443345
10.93,11.033763,-0.10376293182373075
10.97,11.032013,-0.06201293945312436
11.01,11.011026,-0.0010263824462892757
11.176667,10.988589,0.1880777131958009
11.103333,11.05072,0.05261278515624923
11.203333,11.0474,0.1559325254516608
11.353333,11.1005335,0.2527995145874016
11.659999999999998,11.166476,0.49352375030517415
12.023333,11.266382,0.7569507825927726
12.14,11.387189,0.7528110885620123
11.97,11.585617,0.38438293457031314
12.046667,11.780988,0.26567926043701107
12.223333,11.954952,0.26838076000976585
12.18,12.071641,0.10835903167724581
11.989999999999998,12.101703,-0.11170269012451328
11.633333,12.088862,-0.4555294191284176
11.953332999999999,12.079181,-0.12584771746826284
11.96,12.045949,-0.08594898223876868
12.0,11.964707,0.035292625427246094
12.026667000000002,11.900243,0.12642419451904452
12.2,11.8954525,0.30454750061035085
11.996667,12.010061,-0.013394264038085524
11.923333,12.036756,-0.11342256182861377
12.246667,12.050826,0.19584092730712932
12.240000000000002,12.074984,0.16501640319824418
12.256667,12.107081,0.14958558673095723
12.17,12.105016,0.0649842453002929
11.98,12.158363,-0.17836334228515582
12.15,12.213539,-0.0635391235351559
12.003333,12.182169,-0.17883596057128948
11.93,12.138938,-0.20893795013427763
11.620000000000001,12.0750885,-0.4550885009765615
12.073332999999998,11.995013,0.07831976300048638
12.186666999999998,11.97947,0.20719674700927548
12.296667,11.941239,0.35542764300537044
12.59,11.9711485,0.6188515090942381
12.493333,12.070132,0.4232007444458006
12.43,12.2793455,0.150654487609863
12.433333,12.377007,0.05632646923828055
12.503333,12.447269,0.05606356030273396
12.473333,12.49414,-0.020806671325683368
12.313333,12.462544,-0.14921144122314445
12.47,12.441956,0.02804443359375064
12.266667,12.442027,-0.17536009197998048
12.12,12.425695,-0.3056954193115242
12.143333,12.365242,-0.2219090043945311
12.213333,12.2965765,-0.0832434999389644
12.326667,12.266871,0.059795547668457516
12.16,12.204317,-0.04431709289550767
12.23,12.189481,0.040519218444824645
12.34,12.216249,0.12375053405761705
12.3,12.248513,0.051486778259278054
12.5,12.266539,0.2334613800048828
12.55,12.275338,0.27466182708740305
12.386667,12.349411,0.037255989257811706
12.440000000000001,12.4041605,0.03583950042724737
12.41,12.43169,-0.021690216064452983
12.493333,12.467619,0.025714057739257612
12.266667,12.454863,-0.1881955946044922
12.5,12.411264,0.08873558044433594
12.486667,12.42031,0.06635697955322328
12.396666999999999,12.421368,-0.024700645263672882
12.476667,12.426872,0.04979474658203209
12.383333,12.414457,-0.03112432116699182
12.403332999999998,12.45772,-0.05438680285644715
12.39,12.43582,-0.04581962585449162
12.313333,12.413941,-0.10060838336181632
12.319999999999999,12.407063,-0.08706253051757962
12.296667,12.372727,-0.07606039410400456
12.466667,12.357304,0.10936338061523365
12.323332999999998,12.348328,-0.024994636718751906
12.276667,12.339297,-0.06263029461669944
12.34,12.343876,-0.003875885009765767
12.376667,12.347166,0.02950093859863223
12.053333,12.360432,-0.30709867114257783
11.856666999999998,12.300894,-0.44422678356933787
12.016667,12.241114,-0.22444666271972658
12.2,12.180602,0.019397926330565696
12.286667,12.112021,0.17464555377197222
12.378333,12.050793,0.3275403059082027
12.423333,12.100044,0.32328874951171827
12.573333000000002,12.224631,0.3487016904907243
12.626667,12.334797,0.2918700944824213
12.603333,12.4190235,0.18430948620605392
12.643333,12.492643,0.15068964367675797
12.656667,12.55253,0.1041367113037115
12.546667,12.607804,-0.06113729840087956
12.66,12.616617,0.04338279724121108
12.553333,12.615698,-0.06236486071777314
12.519999999999998,12.614645,-0.09464500427246314
12.553333,12.594843,-0.041509910766601266
12.28,12.568671,-0.2886712265014655
12.256667,12.545333,-0.2886659086303709
12.396666999999999,12.469534,-0.07286692028808694
12.25,12.419858,-0.16985797882080078
12.23,12.36583,-0.13583042144775348
12.35,12.29237,0.05763015747070277
12.53,12.297176,0.23282363891601499
12.319999999999999,12.329911,-0.009911231994630398
12.266667,12.321953,-0.05528581982421876
12.133333,12.345343,-0.21200963610839807
12.23,12.35527,-0.12527038574218707
12.276667,12.326885,-0.0502182233886721
12.456667,12.250279,0.20638757342529246
12.363333,12.248397,0.1149361265258797
12.496667,12.267731,0.2289362871093754
12.463333,12.340052,0.12328134899902388
12.406667,12.395236,0.011430984680176337
12.223333,12.437367,-0.2140344392700193
12.346667,12.4122715,-0.065604499633789
12.35,12.408579,-0.05857887268066442
12.27,12.367258,-0.09725807189941449
12.043333,12.326813,-0.2834797441406245
12.166667,12.27562,-0.10895346051025356
12.333333,12.266264,0.06706903820800747
12.29,12.234722,0.05527786254882727
12.343333,12.2075205,0.13581251507568304
12.42,12.211611,0.20838920593261712
12.413333,12.291453,0.12187963848876926
12.476667,12.347852,0.12881524676513756
12.416667,12.370659,0.04600812548828159
12.399999999999999,12.406834,-0.006833648681642046
12.463333,12.427518,0.03581510906982466
12.5,12.431662,0.06833839416503906
12.483333,12.44374,0.03959310894775392
12.596667,12.441815,0.15485162371826178
12.62,12.46855,0.15145027160644453
12.573333000000002,12.511262,0.06207105999756024
12.633333,12.540442,0.09289053326416052
12.683333,12.566784,0.11654909497070243
12.666667,12.606744,0.059923187438965186
12.846666999999998,12.620814,0.2258526765747053
12.863333000000003,12.647858,0.21547533398437757
12.833333,12.703209,0.1301240766601559
12.913333,12.750551,0.16278177624511692
13.023333000000001,12.796394,0.2269386518554697
13.05,12.864588,0.18541221618652415
13.08,12.899043,0.1809569168090821
13.093333,12.941342,0.15199064617919866
13.036667,13.00115,0.035516868774413624
13.116667,13.039917,0.07675000781249963
13.076667,13.055288,0.021378685180664547
13.033333,13.0637045,-0.03037149066162037
12.97,13.059825,-0.08982494354247983
12.933333,13.043124,-0.10979119891357492
12.86,13.031388,-0.17138828277587947
13.08,12.983998,0.09600170135498054
13.116667,12.957656,0.15901109332275354
12.886667000000001,12.955634,-0.06896711712646386
13.01,12.95959,0.05041004180908182
12.97,12.97604,-0.0060398864746087355
13.053333,13.010228,0.043104842956543266
12.806667000000001,12.990898,-0.18423113232421784
12.826667,12.942978,-0.11631090527343702
12.86,12.94498,-0.08497966766357479
12.92,12.908701,0.011299057006835866
12.873333,12.885318,-0.011984802429198638
12.770000000000001,12.83798,-0.06798027038574084
12.783333000000002,12.84704,-0.06370717639159906
12.573333000000002,12.844971,-0.27163770312499835
12.743333,12.810023,-0.06669030780029317
12.536667,12.756752,-0.2200850141601567
12.446667,12.696721,-0.25005407696533233
12.504999999999999,12.642925,-0.13792526245117287
12.7,12.576155,0.1238452911376946
12.743333,12.578475,0.1648580015258787
12.806667000000001,12.5503025,0.25636449450683685
12.676667,12.595438,0.08122899645996107
12.673333,12.666139,0.007194351013183109
12.576667,12.720005,-0.14333803540039014
12.55,12.709749,-0.1597492218017571
12.366667,12.675566,-0.30889871960449256
12.29,12.5987,-0.3086995697021493
12.5,12.531461,-0.03146076202392578
12.7,12.4673815,0.23261852264404226
12.473333,12.451769,0.021564124877929913
12.56,12.441171,0.11882930755615284
12.516666999999998,12.486244,0.03042279833984196
12.650000000000002,12.552308,0.09769191741943573
12.853332999999997,12.572974,0.2803587949829076
12.993333,12.56598,0.4273530424194334
13.230000000000002,12.652606,0.5773939895629905
13.326667,12.761958,0.5647088777465825
13.469999999999999,12.924206,0.545794219970702
13.33,13.091398,0.23860176086425788
13.186667,13.217244,-0.030577148254394615
13.063332999999998,13.297606,-0.2342734682006853
13.046666999999998,13.293583,-0.24691591625976805
12.94,13.244722,-0.3047223663330083
13.01,13.133922,-0.12392162322998068
13.196667,13.05155,0.14511708850097627
13.08,13.020995,0.05900485992431648
13.236667,13.024991,0.21167596453857485
13.216667000000001,13.049387,0.167280021850587
13.186667,13.112394,0.07427266711425773
13.05,13.160159,-0.11015911102294851
12.96,13.146159,-0.18615917205810462
12.88,13.145431,-0.2654305648803703
13.056667,13.081638,-0.02497133618164149
12.793333,13.024351,-0.23101811999511668
13.093333,12.953757,0.1395757139282221
13.146667,12.932957,0.21371030444336014
12.933333,12.952991,-0.019657531921387417
12.976667000000003,12.987682,-0.011015342529294259
13.073333,12.972711,0.10062239056396471
13.033333,13.035156,-0.0018232499999992768
13.006667,13.018114,-0.011447089965820112
13.12,12.98431,0.13568984985351484
13.206667,13.017021,0.18964582080078074
13.106667,13.053403,0.053264099304199064
13.086667,13.065373,0.02129357928466824
13.146667,13.086494,0.06017255419921952
13.176666999999998,13.118515,0.05815198535156085
13.226667,13.12504,0.10162694567871178
13.213333,13.116155,0.09717832928466841
13.263332999999998,13.1389265,0.12440649395751713
13.27,13.175154,0.09484626770019489
13.283333,13.201221,0.0821115339355476
13.32,13.224059,0.09594089508056669
13.246667,13.239805,0.006861778442383226
13.430000000000001,13.256611,0.17338912963867337
13.42,13.2744465,0.14555351257324212
13.396667,13.300267,0.09639978045654374
13.356667,13.327181,0.029486137573242033
13.21,13.343263,-0.13326267242431555
13.303333,13.363926,-0.06059293383789033
13.396667,13.331785,0.06488179797363358
13.3,13.308431,-0.00843067169189382
13.366667,13.2880945,0.07857247943115198
13.453333,13.28276,0.17057333355712956
13.469999999999999,13.328456,0.1415440750122059
13.55,13.359124,0.19087581634521555
13.526667,13.37866,0.1480067979736326
13.719999999999999,13.431863,0.2881371688842762
13.716667,13.489834,0.2268331682128899
13.66,13.540057,0.11994281768798842
13.7,13.590754,0.10924644470214773
13.743333,13.625807,0.11752619152832011
13.783333,13.674227,0.10910623913574291
13.676667,13.678729,-0.0020620573120115893
13.77,13.67954,0.09046031951904254
13.733333,13.70045,0.032883056457519544
13.66,13.710739,-0.05073913574218736
13.753333,13.702211,0.051121619995116774
13.88,13.685957,0.1940430450439461
14.126667,13.712772,0.4138946306152338
14.06,13.748474,0.3115258789062505
14.083333,13.813113,0.27021978741455044
14.133332999999999,13.912538,0.22079542523193219
14.336667,14.000534,0.33613294238281277
14.333333,14.080886,0.25244711285400356
14.290000000000001,14.112562,0.17743782043457124
14.300000000000002,14.169716,0.13028411865234624
14.4,14.225875,0.17412509918212926
14.353333,14.280107,0.07322645550537032
14.553333,14.282708,0.27062483197021514
14.746667,14.305964,0.44070253009033244
14.743333,14.373623,0.3697101057128904
14.883333,14.462217,0.4211156690673832
14.783333,14.552583,0.23075025921630932
14.863333,14.665369,0.19796396618652423
14.806667,14.736245,0.07042184466552648
14.863333,14.756198,0.10713507061767658
14.9,14.7814865,0.1185134887695316
14.686667,14.775393,-0.0887255323486329
14.683333,14.780828,-0.09749547595214914
14.85,14.752602,0.0973983764648434
14.170000000000002,14.745907,-0.5759068298339827
14.22,14.666808,-0.44680812835693295
14.373333,14.539335,-0.1660022508544916
14.283333,14.456834,-0.17350083941650318
14.266667,14.361136,-0.09446943646240236
14.233333,14.211245,0.0220884168701172
14.216667,14.237019,-0.020351585205078848
14.156667,14.2446995,-0.0880324781494135
14.15,14.2016115,-0.051611518859862926
14.249999999999998,14.175118,0.07488155364990057
14.506667,14.157655,0.3490122377319338
14.39,14.177154,0.21284641265869197
14.433333,14.212083,0.2212501371459954
14.603333,14.2745285,0.3288044965820305
14.69,14.361668,0.3283323669433589
14.803333,14.445393,0.35794039135742217
14.74,14.486177,0.2538225555419924
14.856667,14.570311,0.28635640734863266
14.88,14.660814,0.21918571472168047
15.033333,14.719037,0.31429594403076244
14.873332999999999,14.776085,0.09724810009765505
14.806667,14.803214,0.003452926818846791
14.92,14.84001,0.07999031066894524
14.87,14.849284,0.02071582794189375
14.909999999999998,14.849955,0.0600453948974593
14.856667,14.811276,0.045390564147949064
14.796667,14.812499,-0.015832046325684246
14.806667,14.824287,-0.017620414550782115
14.733333,14.800762,-0.06742917651367186
14.656666999999999,14.780261,-0.12359403973388794
14.763333,14.734644,0.02868906384277281
14.613333,14.703095,-0.08976243609619061
14.713333000000002,14.67492,0.03841291790771706
14.566667,14.644388,-0.07772119885253836
14.369999999999997,14.621198,-0.25119770050049084
14.41,14.59166,-0.18165954589843736
14.459999999999999,14.5172205,-0.05722049713134858
14.48,14.476768,0.0032324600219730826
14.459999999999999,14.4085245,0.05147548675537017
14.673333,14.378737,0.2945955503540034
14.793332999999999,14.422226,0.37110704785156123
14.75,14.481842,0.268157958984375
14.876667,14.543161,0.33350560778808536
14.73,14.620433,0.10956714630126996
14.75,14.7037325,0.04626750946044922
14.803333,14.729558,0.07377500897216827
14.836667,14.7261915,0.1104754793090823
14.926667,14.739516,0.18715074176025404
15.026666999999998,14.731007,0.2956603776855449
15.0,14.7803335,0.2196664810180664
14.909999999999998,14.835499,0.07450119018554524
14.903333,14.874957,0.028375915344238223
14.853333,14.902163,-0.04882955187988358
15.226667,14.897013,0.3296542894287118
15.15,14.892881,0.25711860656738317
15.193333,14.910674,0.28265890484619227
15.106666999999998,14.967678,0.1389889299316387
15.109999999999998,15.028816,0.0811837768554664
15.193333,15.103472,0.08986124401855555
15.256667,15.083755,0.1729124605102541
15.473333,15.094013,0.3793197858886721
15.73,15.1201515,0.6098484802246098
15.423333,15.213939,0.20939428692626905
15.613333,15.31093,0.3024027479248055
15.773332999999997,15.402947,0.3703855741577122
15.836667,15.503187,0.3334798204345706
16.283333,15.567738,0.7155954206542958
16.433333,15.619437,0.8138957822875987
16.063333,15.808581,0.25475164776611336
15.923333,15.951409,-0.02807633990478564
15.896667000000003,16.036283,-0.13961649304198964
15.853333,16.086296,-0.23296308154296952
15.993333,15.996854,-0.003520828430175982
15.943333,15.865614,0.07771906262207118
15.953333,15.83127,0.12206278210449284
16.133333,15.836231,0.29710176831054724
16.063333,15.866785,0.19654795056152352
16.296667,15.916241,0.3804263078613275
16.3,15.954034,0.34596614837646555
16.373333,16.024162,0.34917070751953005
16.506667,16.111223,0.3954437791748049
16.466667,16.174992,0.29167539233398543
16.563333,16.270657,0.2926764143066407
16.583333,16.320292,0.2630414808349606
16.813333,16.381277,0.43205591564941415
16.88,16.451527,0.4284733581542959
16.94,16.512548,0.42745155334472784
16.936667,16.608133,0.32853368395996085
17.09,16.693369,0.3966310882568358
17.22,16.796427,0.4235732269287098
17.223333,16.864853,0.3584800947265627
17.203333,16.933846,0.2694874799804694
17.396667,16.996876,0.39979123706054764
17.433333,17.08425,0.34908350354004014
17.29,17.149742,0.1402578735351554
17.27,17.179565,0.09043457031249957
17.256667,17.204315,0.0523518144531252
17.193333,17.229048,-0.0357147752685556
17.236667,17.191294,0.045373283569336564
17.523333,17.13966,0.38367311840820406
17.523333,17.151184,0.37214891796875094
17.486667,17.188011,0.2986558305664069
17.343333,17.239586,0.10374712353515747
17.266667,17.301968,-0.03530062084960761
17.213333,17.338984,-0.1256505357666029
17.306667,17.282137,0.0245300828857431
17.233333,17.221052,0.012280830200193549
17.25,17.161741,0.08825874328613281
17.28,17.138027,0.14197280883789176
17.4,17.13678,0.2632202148437486
16.896667,17.162802,-0.26613474255371017
17.21,17.127087,0.08291336059570398
17.226667,17.111391,0.11527593249511625
17.2,17.094107,0.10589332580566335
17.4,17.06919,0.33081092834472514
17.306667,17.031553,0.2751137315673837
17.626667,17.136078,0.4905891191406262
17.79,17.190805,0.5991945648193351
17.78,17.280058,0.49994209289550895
17.553333,17.403341,0.14999170666503758
17.65,17.46941,0.18059005737304545
17.686667,17.563278,0.12338880175781242
17.61,17.574574,0.03542648315429631
17.56,17.535887,0.024113235473631534
17.646667,17.490822,0.15584516162109452
17.763333,17.508724,0.254608787353515
17.953333,17.513794,0.43953905468750065
17.94,17.536367,0.40363258361816534
17.843333,17.598936,0.24439691906738403
17.913333,17.679537,0.2337961805419937
17.986667,17.74456,0.24210675830078188
18.163333,17.788717,0.37461573010254057
18.146667,17.804651,0.3420157396240242
17.813333,17.839205,-0.02587178820800773
17.856667,17.879606,-0.022939246948240566
17.81,17.888365,-0.07836479187011847
17.58,17.8625,-0.2824992370605486
17.38,17.756927,-0.376927490234376
17.493333,17.614357,-0.12102399462890645
17.426667,17.54334,-0.11667368298340008
17.25,17.44453,-0.19453048706054688
17.203333,17.332174,-0.12884130114746029
17.383333,17.26026,0.12307337170410193
17.07,17.245117,-0.17511718749999972
17.163333,17.174788,-0.011454521362303183
17.193333,17.11295,0.08038362866210846
16.95,17.096106,-0.14610557556152415
17.23,17.068848,0.16115234375000043
17.396667,17.002157,0.39450978869628983
17.423333,17.043163,0.38016970043945264
17.206667,17.080547,0.12611966723632762
17.153333,17.105078,0.048255256469726504
17.306667,17.184864,0.12180295581054779
17.176667,17.194523,-0.017855857666017272
17.413333,17.150043,0.2632895124511734
17.56,17.113451,0.4465489959716784
17.086667,17.161396,-0.07472902661132963
16.906667,17.200274,-0.29360651379394653
16.766667,17.161741,-0.3950742567138654
16.72,17.116894,-0.396893768310548
16.7,16.974072,-0.2740715026855476
16.946667,16.766562,0.18010549182129054
17.18,16.694624,0.48537605285644503
17.136667,16.703867,0.43280004138183514
17.33,16.773151,0.5568486022949202
17.096667,16.888763,0.20790357226562506
17.12,17.011326,0.10867416381836037
17.313333,17.067251,0.24608179455566415
17.376667,17.075254,0.301412559692384
17.47,17.11107,0.35892936706542855
17.59,17.115602,0.47439750671386705
17.786667,17.208801,0.5778657304687513
17.953333,17.332535,0.6207982099609382
18.176667,17.444878,0.7317893754882796
18.003333,17.588255,0.4150780714111342
18.2,17.723621,0.47637863159179616
18.38,17.853441,0.5265587615966787
18.473333,17.963541,0.5097919691162112
18.55,18.059326,0.4906738281250007
18.023333,18.122507,-0.09917409533691313
17.95,18.201841,-0.2518413543701179
18.093333,18.195827,-0.10249448413085815
18.183333,18.12845,0.054882606323243266
18.12,18.035646,0.08435356140136818
18.06,17.918844,0.14115577697753778
18.056,17.938005,0.11799455261230563
18.133333,17.974037,0.15929582958984412
18.113333,17.97586,0.1374724042968758
18.04,17.954441,0.08555892944335852
17.943333,17.944149,-0.0008160173339852861
17.916667,17.936949,-0.020281776245116845
17.89,17.918573,-0.028573379516600994
17.986667,17.868036,0.11863072985839906
17.85,17.824055,0.025945281982423296
17.95,17.789612,0.1603881835937493
18.063333,17.783653,0.27967974072265633
17.923333,17.797983,0.12534983044433545
17.806667,17.816635,-0.009968131835936589
17.736667,17.79585,-0.05918375378417906
17.82,17.794643,0.02535659790039091
17.633333,17.761599,-0.12826558703613244
17.896667,17.677761,0.2189059221191414
17.82,17.641693,0.17830688476562528
17.746667,17.639788,0.10687932604980332
17.69,17.65269,0.037309112548829404
17.723333,17.634766,0.08856737500000023
17.816667,17.66333,0.15333692187499892
17.77,17.62725,0.14274932861328082
17.813333,17.612097,0.20123621350097665
17.763333,17.62165,0.14168230419921812
17.74,17.645754,0.09424613952636562
17.756667,17.657738,0.09892926806640645
17.873333,17.643223,0.23011019116210818
17.903333,17.65086,0.25247316723632807
17.95,17.657309,0.29269142150878835
17.653333,17.689255,-0.03592176074218756
17.666667,17.708784,-0.042117103393554345
17.763333,17.709652,0.053681052978515
17.876667,17.676966,0.19970128649902463
18.043333,17.645573,0.3977603376464849
18.016667,17.625381,0.39128553027343926
18.04,17.701273,0.3387270355224601
17.936667,17.787617,0.1490502702636718
17.9,17.846731,0.05326881408691264
18.003333,17.868687,0.13464632397461074
18.056667,17.849016,0.2076508104248056
18.051667,17.84376,0.2079074632568343
18.043333,17.837856,0.20547670727539113
18.3,17.863293,0.43670730590820384
18.373333,17.924706,0.44862749462890505
18.186667,17.984173,0.20249417895507804
18.323333,18.03007,0.2932636488037126
18.316667,18.088568,0.22809926623535048
18.34,18.155733,0.18426689147949205
18.14,18.15938,-0.019379959106444744
18.586667,18.127821,0.4588460313720688
18.663333,18.175674,0.487658561523439
18.7,18.216787,0.48321266174316335
18.56,18.284702,0.2752976989746081
18.836667,18.350924,0.4857434617919907
18.946667,18.49732,0.44934682482910304
18.98,18.551725,0.42827461242675824
18.983333,18.606792,0.37654055004882636
19.183333,18.666878,0.5164552534179698
19.08,18.792349,0.28765113830566236
19.156667,18.85299,0.30367780322265503
19.164,18.895298,0.26870199584961085
19.193333,18.936277,0.2570556104736319
19.326667,18.983576,0.3430911790771489
19.3,18.993862,0.30613784790039134
19.32,19.04116,0.27883941650390653
19.246667,19.07608,0.17058667773437364
19.23,19.107204,0.12279556274414105
19.21,19.12642,0.08358093261718835
19.433333,19.104204,0.32912882214355577
19.306667,19.105307,0.20136037463378997
19.49,19.102356,0.38764404296874844
19.513333,19.136845,0.37648836499023375
19.376667,19.19124,0.18542668933105588
19.483333,19.248886,0.23444689160156074
19.573333,19.253136,0.3201973188476579
19.513333,19.30346,0.20987383251953062
19.463333,19.307873,0.1554602277832018
19.406667,19.30292,0.10374761218261597
19.283333,19.326792,-0.043458763305665116
19.406667,19.304523,0.10214353198242065
19.653333,19.255894,0.3974392927246093
19.62,19.245499,0.3745013427734385
19.556667,19.263647,0.2930199205322275
19.646667,19.302616,0.34405088061523514
19.61,19.386173,0.2238267517089838
19.513333,19.440416,0.07291666394042906
19.553333,19.420448,0.13288469677734227
19.436667,19.406078,0.03058866137695304
19.24,19.395914,-0.15591407775879063
19.533333,19.33411,0.19922273999023332
19.543333,19.288908,0.2544249952392583
19.32,19.277643,0.04235679626464872
19.126667,19.242306,-0.11563875561523318
19.126667,19.210579,-0.08391191845703005
19.006667,19.21107,-0.20440210705566386
19.023333,19.106968,-0.08363492602538969
18.956667,18.98322,-0.026552146728516135
19.206667,18.903643,0.3030243455810542
19.276667,18.890043,0.3866237413330076
19.496667,18.895563,0.6011038743896471
19.366667,18.968355,0.3983118211669918
19.536667,19.050638,0.4860288011474623
19.543333,19.17452,0.3688125074462896
19.483333,19.24727,0.23606241589355292
19.68,19.304752,0.3752476501464841
19.896667,19.322063,0.5746035539550789
19.123333,19.407364,-0.2840308916015637
18.756667,19.400114,-0.643447059448242
18.58,19.319187,-0.7391871643066423
18.586667,19.183722,-0.5970545423583999
18.476667,18.945427,-0.4687599409179697
18.643333,18.60647,0.036862891967771816
18.536667,18.46605,0.07061780566406384
18.38,18.415241,-0.03524124145507912
18.49,18.393707,0.09629272460937344
18.3,18.367685,-0.06768531799316335
18.32,18.352337,-0.03233688354492159
18.213333,18.280382,-0.06704915637207165
18.213333,18.219273,-0.005939613525391962
18.373333,18.188524,0.1848087537841785
18.073333,18.135696,-0.06236341113281085
17.87,18.113161,-0.24316108703613182
17.87,18.051695,-0.1816948699951162
18.056667,17.99406,0.06260648364257904
17.87,17.936579,-0.06657875061035057
18.1,17.82125,0.27874908447265767
17.936667,17.798487,0.13818029040527335
17.623333,17.826824,-0.20349118823242307
17.68,17.823511,-0.14351112365722685
17.61,17.750448,-0.1404482269287115
17.526667,17.706923,-0.1802555311279299
17.583333,17.580345,0.0029878461914059073
17.803333,17.488834,0.3144986188964829
18.08,17.498352,0.5816479492187483
18.086667,17.532932,0.5537347185058579
18.326667,17.617315,0.709351707641602
18.42,17.768082,0.6519183349609392
18.643333,17.942532,0.700801414306639
18.406667,18.103474,0.30319333666992065
18.563333,18.198263,0.36506983166503915
18.62,18.307468,0.31253158569336037
18.41,18.366982,0.04301849365234389
18.593333,18.390736,0.2025973737792981
18.573333,18.361868,0.2114650953369157
18.63,18.400124,0.22987640380859276
18.706667,18.404514,0.30215268725585887
18.546667,18.406357,0.14031018847656185
18.74,18.459257,0.28074287414550625
18.646667,18.476006,0.17066144580078202
18.93,18.498428,0.4315716552734372
18.896667,18.531404,0.36526250476074296
19.076667,18.559896,0.5167705308837895
19.073333,18.659096,0.4142372358398454
19.12,18.7258,0.394200439453126
19.07,18.833881,0.23611862182617216
19.18,18.871443,0.30855720520019503
19.306667,18.92972,0.3769470750732431
19.443333,18.959179,0.4841540754394522
19.34,19.015692,0.3243082427978514
19.373333,19.069061,0.3042717207031238
19.01,19.14417,-0.13417076110839687
19.16,19.16077,-0.0007704162597654829
19.15,19.133223,0.01677742004394389
19.026667,19.060587,-0.03391992932128929
18.906667,18.999315,-0.09264826184082153
18.976667,18.907595,0.06907231921386625
19.18,18.905228,0.2747723388671872
19.07,18.877064,0.19293624877929716
19.033333,18.853136,0.18019693737792863
19.053333,18.860754,0.19257898693847508
18.926667,18.901363,0.025303627197263978
18.643333,18.911522,-0.26818891162109537
18.68,18.83129,-0.15128929138183622
18.893333,18.757044,0.13628916149902182
18.71,18.696737,0.013262710571289915
18.84,18.619755,0.22024520874023423
18.893333,18.58199,0.31134371166992025
18.96,18.630884,0.3291158294677743
19.14,18.684362,0.45563758850097713
19.126667,18.70687,0.41979787463379026
19.07,18.796146,0.27385360717773466
19.083333,18.85727,0.22606371289062466
19.26,18.907967,0.3520333862304703
19.34,18.95828,0.38171943664550767
19.126667,18.979816,0.14685056323242307
19.03,18.999073,0.030926971435548012
19.166667,19.01922,0.14744664782714878
19.106667,19.036674,0.06999250048828287
19.19,19.00159,0.18840927124023565
19.023333,18.949007,0.07432596569824312
18.98,18.942537,0.037462692260742614
18.913333,18.950312,-0.03697866076660006
19.073333,18.9064,0.16693231945800946
19.033333,18.882189,0.15114420300292863
18.976667,18.83605,0.14061696643066313
19.03,18.830645,0.19935539245605582
19.09,18.839539,0.25046142578124986
18.903333,18.873833,0.02950029736328119
18.766667,18.853357,-0.0866903150634748
18.846667,18.821388,0.02527875537109381
18.85,18.795576,0.054423904418946734
18.87,18.749908,0.120091552734376
18.96,18.686928,0.2730722045898446
19.02,18.682936,0.3370642852783199
18.953333,18.729115,0.22421846752929753
19.083333,18.757593,0.3257398450927731
18.973333,18.798752,0.17458116894531273
19.003333,18.833826,0.1695069349365248
18.976667,18.845753,0.13091428393554594
19.013333,18.839134,0.17419878369140562
19.033333,18.851713,0.18161981945800676
19.2,18.832361,0.3676387786865227
19.363333,18.860096,0.5032370222167977
19.27,18.908443,0.3615565490722652
19.2,18.976254,0.22374649047851491
19.22,19.035334,0.1846663665771473
19.19,19.089611,0.1003889465332044
19.103333,19.095196,0.008137229736327356
19.113333,19.045013,0.0683195722656258
19.0,19.012043,-0.012042999267578125
19.146667,18.982721,0.1639456712646492
19.116667,18.950901,0.165765968505859
19.236667,18.927622,0.30904515856933656
19.18,18.939854,0.2401463317871091
19.083333,18.953926,0.1294069135742184
19.126667,18.992388,0.13427922839355588
19.12,18.99014,0.1298590850830088
19.03,18.993618,0.03638198852539176
19.066667,18.954952,0.11171476000976455
19.146667,18.927574,0.21909284228515702
19.333333,18.93151,0.4018220747070309
19.143333,18.945728,0.19760469799804525
19.21,18.960903,0.24909683227539148
19.19,19.00501,0.18498939514160284
19.13,19.040264,0.08973587036132713
19.086667,19.04808,0.038586555664060995
18.99,18.996624,-0.006623992919923438
19.06,18.980513,0.07948738098144403
19.11,18.94215,0.16784988403320256
19.153333,18.911276,0.242057136352539
19.016667,18.903254,0.1134134447021502
18.623333,18.900105,-0.2767715227050793
18.753333,18.881437,-0.12810430163574082
18.646667,18.824226,-0.17755937939453048
18.523333,18.729889,-0.20655591601562406
18.576667,18.596754,-0.020087074096679203
18.483333,18.487694,-0.004360786621095514
18.24,18.469522,-0.22952247619629063
18.24,18.385115,-0.14511466979980625
18.19,18.306477,-0.11647659301757685
17.986667,18.2413,-0.25463358288574156
17.816667,18.130394,-0.31372698193359483
18.121667,18.007246,0.11442098254394395
18.1,17.952301,0.14769897460937642
18.063333,17.90085,0.16248270397949227
18.063333,17.863838,0.19949480419921883
18.046667,17.883366,0.16330136889648372
18.2,17.948704,0.25129623413085866
18.246667,17.945482,0.3011847459716783
18.303333,17.961548,0.3417851484374985
18.453333,18.002869,0.45046434765625065
18.523333,18.068993,0.4543403852539072
18.536667,18.163488,0.3731786119384779
18.596667,18.234068,0.36259908312988287
18.473333,18.308208,0.16512453442382835
18.473333,18.365866,0.10746729260253929
18.596667,18.38019,0.21647710437011725
18.496667,18.383535,0.1131316148681627
18.536667,18.379896,0.15677083605957165
18.506667,18.361214,0.14545331591796895
18.556667,18.373884,0.18278279895019622
18.476667,18.389975,0.08669240588378813
18.526667,18.367924,0.15874326342773415
18.51,18.373302,0.1366975402832047
18.5,18.367264,0.1327362060546875
18.376667,18.367786,0.00888059252929807
18.333333,18.342516,-0.009182945434570655
18.343333,18.325384,0.017948859985352783
18.296667,18.286243,0.010423561279296223
18.163333,18.241552,-0.07821935290527193
17.986667,18.180859,-0.19419161206054625
17.993333,18.12407,-0.1307362138671877
17.996667,18.05884,-0.062172797973634175
17.956667,17.97781,-0.021142906005859885
18.06,17.897871,0.16212898254394403
18.183333,17.856916,0.3264165723876964
18.196667,17.879148,0.3175185167236343
18.233333,17.91347,0.3198636854248029
18.046667,17.960041,0.08662595385742122
18.176667,18.0089,0.16776731127929523
18.056667,18.033949,0.022718101684571224
18.226667,18.016806,0.20986135119628813
18.24,18.004536,0.2354643249511703
18.24,17.990767,0.24923347473144375
18.123333,18.033773,0.08955957775878787
18.253333,18.035995,0.21733751660156386
18.47,18.076862,0.39313766479492074
18.39,18.096674,0.293326034545899
18.263333,18.123571,0.13976160412597594
18.47,18.14617,0.3238303375244129
18.316667,18.214758,0.10190908068847548
18.29,18.244501,0.045498886108397585
18.25,18.20907,0.04092979431152344
18.316667,18.185839,0.1308283006591786
17.916667,18.196474,-0.27980707531738247
17.766667,18.115189,-0.34852159863281074
18.123333,18.03374,0.08959391003417849
18.24,17.963083,0.2769167327880844
18.55,17.919489,0.6305110931396491
18.553333,17.901247,0.6520859754638657
18.386667,18.024706,0.3619611131591789
18.56,18.197817,0.3621831512451159
18.703333,18.293886,0.40944681530761784
18.756667,18.38193,0.3747376024169924
18.743333,18.407047,0.3362857282714842
18.723333,18.443663,0.27967035656738304
18.773333,18.531485,0.241848396118165
18.8,18.58063,0.2193706512451179
18.91,18.59768,0.3123208618164064
18.906667,18.614384,0.29228330249023315
19.026667,18.644598,0.38206899279785134
19.16,18.698112,0.4618875122070314
19.086667,18.76308,0.32358640307617037
19.11,18.831467,0.27853332519531193
19.14,18.878508,0.2614923858642584
19.2,18.933548,0.2664520263671868
19.1,18.965904,0.13409576416015767
18.97,18.959291,0.01070854187011605
18.986667,18.957266,0.02940114611816469
19.076667,18.938997,0.13766973132324267
19.053333,18.91365,0.13968248730468602
18.98,18.87165,0.10834930419921918
19.16,18.85023,0.3097707366943361
19.056667,18.876337,0.18032994860839935
19.05,18.898344,0.15165596008300852
19.106667,18.895124,0.21154256457519693
19.003333,18.902136,0.10119715100097793
19.203333,18.922287,0.28104601269531315
19.35,18.907265,0.44273529052734517
19.426667,18.943428,0.4832389604492171
19.475,19.006351,0.4686485290527358
19.693333,19.076237,0.6170962751464835
19.42,19.20874,0.2112597656250017
19.35,19.286425,0.06357536315918111
19.375,19.313862,0.061138153076171875
19.243333,19.31283,-0.06949697131347676
19.176667,19.280252,-0.10358545666504071
19.183333,19.169321,0.014011939819337016
19.37,19.118935,0.25106536865234474
19.606667,19.09741,0.5092567979736344
19.61,19.100138,0.5098622894287104
19.636667,19.162663,0.4740044938964836
19.916667,19.2633,0.6533670579833988
19.836667,19.400894,0.435772834960936
19.763333,19.507421,0.25591150646972594
19.82,19.554504,0.2654956054687503
19.866667,19.606281,0.2603857194824215
19.7,19.65798,0.04202003479003835
19.496667,19.62335,-0.12668314343261855
19.38,19.582132,-0.20213233947754006
19.423333,19.52927,-0.10593717211914111
19.536667,19.442646,0.09402097338867321
19.876667,19.341984,0.5346832048339856
19.703333,19.319109,0.38422403698730534
19.643333,19.36242,0.28091387158202963
19.72,19.439991,0.28000900268554574
19.633333,19.513332,0.12000063305664099
19.706667,19.551727,0.1549397050781245
19.75,19.500622,0.24937820434570312
19.583333,19.501152,0.08218096142578091
19.65,19.507286,0.14271392822265483
19.89,19.490808,0.399191513061524
19.803333,19.518162,0.2851712263183579
19.91,19.533875,0.37612548828125014
19.953333,19.553219,0.4001141584472663
19.753333,19.632257,0.1210755384521498
19.683333,19.685165,-0.0018324052734364216
19.323333,19.658844,-0.33551099414062335
19.62,19.610416,0.00958358764648537
19.87,19.526924,0.34307586669921974
19.95,19.452192,0.4978076934814446
20.153333,19.456747,0.696585944946289
20.003333,19.519764,0.48356905346679824
19.923333,19.694721,0.2286117780761714
20.11,19.79118,0.31882034301757756
20.083333,19.83421,0.24912355786132778
19.863333,19.861637,0.0016958845214851692
19.983333,19.817831,0.1655019605712873
19.773333,19.812212,-0.038878990356444376
20.016667,19.808022,0.2086454545898455
20.053333,19.761066,0.2922665632324204
20.013333,19.731085,0.28224817639160094
19.85,19.765076,0.08492431640625142
19.808333,19.755814,0.05251940136718858
19.623333,19.78967,-0.16633794421386838
19.633333,19.731041,-0.09770795458984338
19.72,19.642706,0.07729408264160043
19.88,19.560087,0.3199127960205068
19.826667,19.53487,0.29179685229492236
19.783333,19.528309,0.2550241315917958
19.97,19.573425,0.39657470703124886
19.956667,19.634079,0.322588020507812
20.17,19.682802,0.4871977996826189
19.933333,19.715334,0.21799906140136827
20.253333,19.759604,0.4937294996337904
20.483333000000002,19.841558,0.6417745435791034
20.513333,19.913078,0.6002546918945306
20.696667,20.019043,0.6776240312500015
20.695,20.105808,0.5891917419433597
20.906667,20.281694,0.6249725877685535
20.66,20.407297,0.2527028656005861
20.896667000000004,20.471191,0.4254755937500043
20.886667,20.545425,0.3412415849609367
20.87,20.581831,0.2881690216064463
20.69,20.623993,0.06600708007812628
20.646667,20.59587,0.05079793566894608
20.613332999999997,20.618656,-0.0053231584472683835
20.893333,20.563723,0.32961038952636557
20.533333000000002,20.52657,0.0067636335449243745
20.606666999999998,20.474077,0.13258977526855276
20.636666999999996,20.462357,0.17431043261718315
20.683333,20.460344,0.22298868542480577
20.588333000000002,20.470388,0.11794458752441628
20.686667000000003,20.399275,0.2873921739501988
20.8,20.429342,0.3706577301025398
20.976667,20.454813,0.52185399645996
20.946667,20.499294,0.4473727189941421
20.976667,20.548357,0.42830999011230375
20.841667,20.637115,0.20455152148437605
20.793333,20.695992,0.09734148388671926
20.533333000000002,20.714922,-0.1815889512939428
20.679999999999996,20.654032,0.0259682464599571
20.506667,20.590023,-0.08335604077148417
20.43,20.495596,-0.06559593200683622
20.421667,20.415384,0.006282707397460285
20.411667,20.333218,0.07844937915039196
20.25,20.310732,-0.06073188781738281
20.343333,20.228367,0.1149661481933606
20.246667,20.18652,0.06014737719726426
20.226667,20.153843,0.07282407397460844
20.396666999999997,20.114002,0.2826647722167941
20.541667,20.08639,0.4552774583740238
20.485,20.123877,0.361123428344726
20.570000000000004,20.148043,0.421957321166996
20.813333,20.213728,0.5996050489501954
20.888333,20.317802,0.5705305708007806
20.96,20.406284,0.5537156677246102
20.836667,20.48256,0.354107795898436
20.834999999999997,20.580402,0.2545976257324192
21.15,20.657433,0.49256744384765483
21.033333,20.697119,0.3362142408447255
21.406667,20.725716,0.6809513627929675
21.596667,20.775242,0.8214251481933594
21.593333,20.904951,0.6883819044189465
21.653333,21.068438,0.5848954237060546
21.496667,21.174282,0.32238492602538926
21.36,21.312876,0.04712425231933537
21.343333,21.33652,0.006813758666993408
21.406667,21.293444,0.11322332019042847
21.296666999999996,21.245071,0.051595588867183295
21.353333000000003,21.16736,0.18597269421386997
21.536667,21.128365,0.4083024370117201
21.74,21.142195,0.5978052520751937
21.403333,21.192299,0.2110341108398437
21.41,21.21818,0.19182029724121108
21.246666999999995,21.266909,-0.020241645629887728
21.326667,21.279217,0.04745023364257861
21.616667,21.23254,0.38412686938476526
21.883332999999997,21.151142,0.7321908796386687
21.883332999999997,21.20145,0.6818826520996062
21.83,21.282883,0.5471173095703108
22.203333,21.426138,0.7771950758056647
22.096667,21.592674,0.5039927446289063
22.346667,21.70171,0.6449572526855469
22.239999999999995,21.773438,0.4665624999999949
22.386667,21.85863,0.5280377733154289
22.436667,21.979294,0.4573731767578124
22.326666999999997,22.018126,0.30854146594237974
22.33,22.086458,0.24354179382324048
22.483333,22.08744,0.395892509277342
22.128333,22.12929,-0.0009566270751939498
22.32,22.108446,0.21155387878417997
22.869999999999997,22.073143,0.7968569946289037
22.793333,22.117785,0.6755484998779302
23.1,22.193764,0.9062362670898452
23.17,22.279865,0.8901347351074236
23.000000000000004,22.503748,0.496252059936527
22.873333,22.689234,0.18409922009277224
23.133333,22.719635,0.41369799023437537
22.973333,22.784187,0.18914568310546898
23.016667,22.761604,0.2550626909179705
23.003333,22.719456,0.28387728100586074
23.13,22.72168,0.408320312499999
23.1,22.769205,0.33079490661621236
23.203332999999997,22.75289,0.45044336682128616
23.266667,22.79236,0.47430669421386895
23.52,22.8359,0.6841006469726558
23.36,22.91696,0.44304023742675724
23.423333,22.973934,0.44939882641601514
23.363332999999997,23.049826,0.3135073316650363
23.28,23.098955,0.18104484558105582
23.426667,23.122156,0.3045108568115218
24.02,23.083136,0.9368643951416011
23.786667,23.14553,0.6411362993164076
24.02,23.215,0.804999847412109
24.0,23.338013,0.6619873046875
24.07,23.50723,0.5627692413330081
23.92,23.657635,0.26236526489257983
24.04,23.646896,0.39310363769531165
24.253333,23.704435,0.5488976514892592
24.276667,23.72349,0.5531772386474607
24.106667,23.767141,0.3395256578369157
24.296667,23.79045,0.5062178575439447
24.480000000000004,23.868525,0.6114754486084024
24.606667,23.941368,0.6652988969726579
24.63,23.987368,0.6426323699951162
24.47,24.050512,0.4194876861572254
24.016666999999998,24.160448,-0.1437810743408221
23.503333,24.176651,-0.6733180009765611
22.393333,24.061483,-1.6681503831787126
22.243333,23.748503,-1.5051697313232424
22.41,23.295126,-0.8851259613037108
22.663333,22.808287,-0.14495366687011568
22.723333,22.422255,0.30107843762207054
22.760000000000005,22.177479,0.582521209716802
22.526667,22.245588,0.2810786973876951
22.846667,22.348072,0.49859494799804693
22.98,22.428255,0.5517449188232426
22.776666999999996,22.467484,0.3091834794921837
23.216667,22.490768,0.7258985673828136
23.096667,22.543518,0.5531489335937501
23.196666999999998,22.676668,0.5199988328857401
23.246667,22.744747,0.5019198381347643
23.273333,22.794228,0.4791053999023447
23.406667,22.911509,0.4951584398193347
23.47,22.931648,0.5383517456054676
23.47,23.002905,0.4670951080322254
22.913333,23.060854,-0.1475209581298813
23.286667,23.062622,0.22404492968750134
23.196666999999998,23.05716,0.13950757617187293
23.240000000000002,23.008102,0.2318975830078145
23.75,22.94087,0.8091297149658203
24.139999999999997,22.92125,1.2187506103515595
24.18,23.124056,1.055944137573242
24.416667,23.28551,1.13115789050293
24.49,23.531452,0.9585478210449203
24.463333,23.812664,0.6506689680175768
24.78,23.98339,0.7966091918945324
24.993333,24.09153,0.9018031538085935
24.833333,24.235983,0.5973501051025387
25.29,24.335148,0.9548521423339835
25.44,24.466145,0.9738554382324232
25.21,24.654018,0.5559815979003915
25.380000000000003,24.770084,0.6099156188964869
25.436667,24.849457,0.5872102128906249
25.203333,24.988857,0.21447573071289128
25.586667,24.995663,0.5910043107910141
25.746667,24.98648,0.7601862871093736
25.826667,25.071665,0.7550021898193364
25.87,25.14357,0.7264300537109385
25.783333,25.226435,0.5568982923583974
25.883333,25.380901,0.5024316633300785
25.836667,25.446249,0.39041799182128756
25.863333,25.471153,0.39217974072265704
25.826667,25.477375,0.34929196948242236
25.883333,25.470215,0.41311815625000037
25.883333,25.489788,0.3935449445800785
24.963333,25.485518,-0.522184501831056
25.0,25.411474,-0.41147422790527344
24.87,25.271006,-0.40100563049316307
24.803333,25.086018,-0.2826846086425796
24.843333,24.843298,3.504162597778304e-05
24.843333,24.578142,0.2651908338623059
24.7,24.548494,0.15150566101074148
24.82,24.493755,0.3262446594238284
24.763333000000003,24.473988,0.2893454206542998
24.553332999999995,24.468342,0.08499117260741684
24.453333,24.430466,0.022867301757813152
24.553332999999995,24.367348,0.18598528271483872
24.429999999999996,24.333584,0.09641616821288679
24.63,24.251513,0.3784874725341787
24.690000000000005,24.19199,0.4980101013183642
24.686667,24.201965,0.4847016679687499
24.643333,24.249596,0.39373735791015463
24.533333,24.274231,0.25910204296874895
24.216667,24.323174,-0.1065065229492177
24.306666999999997,24.282143,0.02452436083984111
24.156667,24.204725,-0.04805826550293091
24.4,24.100664,0.29933586120605327
24.276667,24.012066,0.2646011125488279
24.11,23.94771,0.16228996276855412
24.54,23.950886,0.589114227294921
24.336666999999995,23.957432,0.3792352067871043
24.23,24.006426,0.2235741424560551
23.75,23.981928,-0.23192787170410156
23.506667,23.939001,-0.43233408337402324
23.313333,23.879414,-0.566080604736328
23.276667000000003,23.64215,-0.3654838789062467
23.22,23.411564,-0.19156387329101676
23.383333,23.175144,0.20818880444335974
23.31,23.062645,0.24735504150390497
23.36,23.010946,0.3490537261962885
23.226666999999996,23.014835,0.21183164233397989
23.39,23.020174,0.36982597351074276
23.463333,23.048944,0.4143885267333971
23.52,23.046913,0.4730868530273433
23.646666999999997,23.079052,0.5676150285644503
23.746667,23.12029,0.6263762437744127
23.546667,23.222355,0.3243121110839837
23.25,23.279856,-0.029855728149414062
22.950000000000003,23.287117,-0.3371170043945284
23.033333,23.22685,-0.19351750964355574
23.07,23.100754,-0.030753784179687216
23.046667,22.929739,0.11692800158691341
22.806667,22.800627,0.006040245239258724
22.760000000000005,22.724573,0.03542686462402855
22.543332999999997,22.707266,-0.16393285388183898
22.3,22.632986,-0.3329860687255852
22.3,22.501194,-0.20119400024413991
22.16,22.341974,-0.18197425842285142
22.25,22.21264,0.03735923767089844
21.629999999999995,22.082336,-0.45233642578125455
21.663333,21.946753,-0.28341954821777193
21.77,21.834406,-0.06440589904785199
22.013333000000003,21.703714,0.30961862927246386
22.083333,21.622675,0.4606580579833981
21.963333000000002,21.537142,0.4261912000732444
22.2,21.623705,0.576295089721679
22.516667,21.72808,0.788586250488283
22.666667000000004,21.850727,0.8159399187011758
22.196667,21.954857,0.24181012744140773
22.196667,22.029337,0.16733007067871242
21.986667,22.124084,-0.13741747265624937
21.98,22.124655,-0.1446547698974605
22.546667,22.014664,0.5320033037109368
22.623333000000002,21.898373,0.724960349853518
22.96,21.944477,1.0155229187011727
22.239999999999995,22.051216,0.18878387451171363
22.8,22.1922,0.6078002929687507
22.869999999999997,22.36509,0.5049105834960912
22.73,22.411842,0.3181576538085942
22.793333,22.441206,0.3521270216064458
22.876667000000005,22.387636,0.48903081530762194
22.906667000000002,22.5392,0.36746717089843983
22.72,22.552986,0.1670138549804676
22.93,22.537205,0.3927952575683591
23.026667,22.569485,0.4571822893066404
22.733333,22.601898,0.13143480664062324
22.646667,22.597364,0.04930257434082108
22.893333,22.564865,0.3284678876953109
23.05,22.589851,0.46014862060546946
23.146666999999997,22.579538,0.5671286546630832
23.13,22.568178,0.5618218231201162
22.920000000000005,22.652874,0.2671260070800834
22.96,22.753916,0.2060842132568368
22.933333,22.78457,0.14876230603027452
22.956667,22.765368,0.19129949206542918
23.376667,22.716148,0.6605186235351574
23.313333,22.707733,0.6055998457031251
23.303333,22.77867,0.5246636427001938
23.2,22.855028,0.344971847534179
23.36,22.938934,0.42106567382812443
23.39,23.028986,0.361014022827149
23.486667000000004,23.01678,0.4698861467285198
23.5,23.036528,0.4634723663330078
23.503333,23.071701,0.43163195019531386
23.106667,23.143642,-0.03697542553710775
23.400000000000002,23.141996,0.25800361633300994
23.533333,23.134,0.39933222180175676
23.823333,23.114077,0.7092563856201188
23.7,23.128464,0.5715362548828118
24.05,23.16008,0.8899200439453132
24.0,23.342493,0.6575069427490234
23.543333000000004,23.473726,0.06960672741699625
23.286667,23.543346,-0.25667940502929554
23.293333,23.488573,-0.1952400743408198
23.25,23.430426,-0.18042564392089844
23.166667,23.24911,-0.08244226818847622
23.366667,23.054222,0.3124448930664059
23.47,22.984583,0.4854170989990223
23.479999999999997,22.999939,0.4800610351562469
23.766667,23.028214,0.7384534990234393
23.813332999999997,23.1049,0.7084326398925747
23.716667,23.234926,0.48174077624511824
23.663333,23.32355,0.3397837293701187
23.123333000000002,23.3853,-0.26196668261718514
23.603332999999996,23.39292,0.21041345959472224
23.689999999999998,23.327112,0.36288780212402116
23.766667,23.260284,0.5063825761718768
23.8,23.237333,0.5626667022705085
23.556667,23.247047,0.30961957568359466
23.496667,23.392633,0.10403356188964707
23.73,23.396158,0.33384178161621136
23.6,23.384573,0.21542701721191548
23.523333,23.347124,0.17620890026855562
23.57,23.29031,0.2796900939941409
23.443332999999996,23.295893,0.14744028454589397
23.466667,23.304852,0.16181546801757918
23.846667,23.243814,0.602852531616211
23.973333,23.247017,0.726316093261719
23.9,23.30625,0.5937503814697251
23.9,23.37288,0.5271190643310533
24.02,23.486364,0.5336356353759761
23.643333,23.6118,0.03153375988769369
23.88,23.61185,0.2681492614746084
23.73,23.578955,0.151045303344727
23.753333,23.553076,0.20025720959472793
23.576667,23.520615,0.056052375976562985
23.936667000000003,23.435865,0.5008015977783238
23.9,23.470488,0.4295124053955064
23.956667,23.454483,0.502183967773437
24.053332999999995,23.492874,0.5604588544921825
24.219999999999995,23.544664,0.675335617065425
24.17,23.672453,0.4975470733642595
24.223333,23.7194,0.5039325941162112
24.046666999999996,23.789692,0.25697507495116767
23.896667,23.83731,0.05935620898437577
23.843333,23.837618,0.005715125854493408
24.036667,23.77118,0.26548780078125134
23.953333,23.719543,0.23378954296875065
23.833333,23.649284,0.1840486372070309
23.416667,23.613571,-0.19690416699218716
23.210000000000004,23.57157,-0.36156944274901903
22.94,23.490185,-0.5501847839355456
23.186667,23.293121,-0.10645433789062508
22.996667,23.09571,-0.09904375439453261
23.186667,22.901997,0.2846703874511718
23.283333000000002,22.821154,0.4621793592529322
23.326667000000004,22.810163,0.5165035020751993
23.62,22.888023,0.7319766235351572
23.003333,22.939043,0.06428995495605605
22.513333,23.012167,-0.49883397692871156
22.916667,22.965387,-0.04872034436035122
23.3,22.875633,0.42436676025390696
24.0,22.798752,1.2012481689453125
23.84,22.729813,1.1101873779296874
23.633333,22.879614,0.7537191236572269
23.583333,23.181343,0.4019899213867184
23.529999999999998,23.379992,0.15000846862792727
23.59,23.467028,0.12297233581542955
23.583333,23.361319,0.22201441174316372
23.49,23.293045,0.19695495605468594
23.476667,23.27006,0.20660741442871
23.416667,23.253052,0.16361524218750034
23.323333,23.239708,0.0836250532226579
23.136667,23.19419,-0.05752207165527423
23.063333,23.121727,-0.058393989746093666
23.05,23.047039,0.0029609680175788355
23.123333000000002,22.956133,0.16720011120605704
23.466667,22.87538,0.5912874376220714
23.41,22.849314,0.5606862640380861
23.223333,22.892698,0.33063471203613304
23.15,22.953373,0.19662704467773295
24.093333,23.007269,1.0860640943603528
24.21,23.118267,1.091732940673829
24.37,23.205574,1.1644259643554697
24.603333000000003,23.371796,1.2315373457031278
24.623333,23.654064,0.9692688215332019
24.693333,24.001604,0.6917289197998038
24.816667,24.129776,0.6868909990234364
24.796667,24.254986,0.5416811906738275
24.956667,24.353458,0.6032085954589839
25.053333000000002,24.413103,0.6402298963623068
25.036667,24.491722,0.5449448930664076
24.930000000000003,24.566769,0.3632313537597689
25.696667,24.608377,1.0882895433349624
26.76,24.722939,2.0370614624023453
26.613332999999997,24.942232,1.6711008680419894
26.683333,25.23123,1.452103217895509
26.516667,25.596157,0.9205099260253924
26.486667,26.018505,0.46816190356445375
26.38,26.244465,0.13553512573242088
26.455,26.17374,0.28125961303710767
26.493333,26.13493,0.3584033430175779
26.42,26.077467,0.342533035278322
26.5,26.059052,0.440948486328125
26.79,26.05309,0.736910858154296
26.98,26.105755,0.8742451477050786
27.136666999999996,26.178673,0.9579942094726519
27.25,26.284763,0.9652366638183594
27.586667000000002,26.451218,1.1354493486328145
27.716666999999998,26.654316,1.0623510515136694
27.436667,26.831228,0.605438743774414
26.860000000000003,26.965359,-0.10535873413085639
27.113332999999997,27.006134,0.10719896679687224
27.03,26.996769,0.03323104858398551
26.883333,26.874723,0.00860956555175818
26.913333,26.688885,0.22444826489257963
26.650000000000002,26.56219,0.08781089782715057
26.823332999999998,26.5578,0.2655327070312481
26.993333,26.480455,0.5128776014404295
27.186667000000003,26.437624,0.7490430223388707
27.229999999999997,26.462955,0.7670445251464812
26.763333,26.507254,0.25607935314941344
26.486667,26.59849,-0.11182276135253844
26.753333,26.59845,0.15488329296875136
26.846666999999997,26.541004,0.3056628190917934
26.593333,26.432402,0.16093134289550903
26.42,26.29208,0.12792007446289233
26.306667,26.247946,0.058721214477539974
26.48,26.24842,0.23157928466796918
25.766667,26.172441,-0.40577448254394355
25.68,26.003542,-0.3235419464111331
26.406667,25.844912,0.561755424682616
26.163333,25.759794,0.4035387647705093
25.836667,25.708246,0.12842076892089693
26.213333,25.585686,0.6276472700195299
26.346667,25.670069,0.6765982591552735
26.64,25.80399,0.8360105895996099
26.646667,25.78894,0.8577265703125008
26.433333,25.871162,0.5621705854492198
26.283333,26.044695,0.23863809948730363
26.03,26.103891,-0.07389137268066293
25.873333000000002,26.089672,-0.21633908862304452
25.933333,25.953148,-0.01981488818359267
25.946667,25.788317,0.15835027331543117
26.3,25.66577,0.6342304229736335
25.676667,25.608908,0.06775930041503742
25.823333,25.585443,0.23788950329590008
25.990000000000002,25.59179,0.39821075439453324
25.683333000000005,25.588596,0.094736656005864
25.766667,25.558937,0.2077299272460955
25.943333,25.425753,0.5175803602294913
25.726667,25.469326,0.2573409807128897
26.170000000000005,25.464445,0.7055548858642631
26.273333,25.447712,0.8256210554199228
26.406667,25.54739,0.8592770158691394
26.67,25.662857,1.0071429443359392
27.04,25.781254,1.2587461853027335
27.126667,26.02567,1.1009979020996106
27.033333,26.207544,0.8257886732177724
26.8,26.389166,0.4108341217041023
26.866667,26.529144,0.33752271289062463
26.95,26.595228,0.3547718048095696
26.963333,26.564411,0.39892183666992054
26.986667,26.512253,0.4744141923828131
27.203333,26.48958,0.7137528455810553
27.38,26.553362,0.8266381072998037
27.206667,26.634005,0.5726624071044917
27.463333,26.701181,0.7621515882568346
27.573333,26.792364,0.7809688795166032
27.766667000000005,26.906166,0.8605009233398491
27.696667,26.999186,0.6974814378662124
27.983333,27.064032,0.9193013990478498
28.146667,27.21267,0.933997627441407
28.293333,27.334084,0.9592494428710943
28.75,27.466923,1.2830772399902344
28.73,27.617334,1.1126656341552739
29.303333,27.833143,1.4701897657470688
29.126667,28.055435,1.0712318193359387
28.816667,28.27517,0.5414976274414052
28.876667000000005,28.452187,0.4244804155273485
28.943333,28.5043,0.4390338361816397
29.033333,28.560831,0.4725019300537099
29.043332999999997,28.471672,0.5716609418945282
29.03,28.435154,0.5948460388183605
29.03,28.485998,0.5440018463134777
29.083333,28.524931,0.5584020460205075
28.899999999999995,28.552689,0.3473114013671825
28.666667000000004,28.543947,0.12271978015137108
28.696667,28.501183,0.19548444384765773
28.763333,28.441114,0.3222185743408197
28.630000000000003,28.372679,0.25732124328613537
28.833332999999996,28.273718,0.5596151197509727
28.54,28.231636,0.3083639526367179
28.823333,28.233473,0.589860175903322
28.406666999999995,28.239925,0.16674161547851085
28.77,28.20056,0.5694403839111324
28.786667,28.208061,0.5786057817382826
29.050000000000004,28.172892,0.8771083831787152
29.006667,28.248308,0.7583588182373049
28.916667,28.2698,0.6468668138427738
29.356667,28.407917,0.9487499772949235
29.226666999999996,28.492254,0.7344127427978471
29.163333,28.58965,0.5736837995605484
29.226666999999996,28.62225,0.6044173967285111
29.38,28.673542,0.7064579772949209
29.559999999999995,28.766806,0.7931943511962842
29.666667,28.771952,0.8947153245849613
29.656667,28.841328,0.8153393327636707
29.473333,28.94844,0.5248924482421877
29.450000000000003,29.03557,0.41442985534668253
29.683333,29.074358,0.6089750135498058
29.979999999999997,29.078627,0.9013733673095672
30.213333,29.091099,1.122234214599608
30.386667000000003,29.15532,1.2313477861328153
30.433333,29.320412,1.1129213178710948
30.67,29.532743,1.1372565460205095
30.953333,29.730574,1.222759345825196
30.996666999999995,29.9056,1.0910674058837841
31.07,30.059958,1.0100424957275393
31.0,30.201511,0.7984886169433594
31.03,30.345062,0.6849377441406261
31.346667,30.4354,0.9112669908447266
31.34,30.482983,0.857017364501953
31.216667,30.54108,0.6755865251464854
31.39,30.584002,0.8059984588623053
31.52,30.662457,0.8575434875488277
31.513333,30.756075,0.7572580946044916
31.366667,30.78088,0.5857870256347653
31.523333000000004,30.803495,0.7198375928955123
31.909999999999997,30.86881,1.0411893463134732
31.533333,30.929945,0.6033880079345693
31.553333000000002,30.953081,0.6002518690185568
31.36,30.975327,0.38467346191406193
31.326667,31.015873,0.31079404467773486
31.313333000000004,30.9955,0.3178324354248083
31.4,30.856535,0.5434650421142564
31.696667,30.814024,0.8826430284423843
31.763333000000003,30.793957,0.969376243408206
31.693333,30.853367,0.8399661481933585
31.880000000000003,30.936754,0.9432457733154322
31.833333,31.04987,0.783463462646484
31.866666999999996,31.153145,0.7135221635742148
31.733333,31.187923,0.5454095686035139
31.203333,31.198263,0.005069831665039715
31.21,31.173117,0.036883316040039915
31.223333,31.057798,0.16553461437988304
31.07,30.92637,0.14362937927246122
31.096667000000004,30.754421,0.34224576586914424
31.41,30.600212,0.8097879028320314
31.476667,30.605726,0.8709407579345694
31.763333000000003,30.633717,1.1296164167480498
31.590000000000003,30.702307,0.88769325256348
31.396667,30.828234,0.5684332811279305
31.886667,30.939638,0.9470288621826164
31.586667,31.00304,0.5836266862792954
31.46,31.045832,0.4141683197021493
31.256667000000004,30.997646,0.2590206682128944
31.416666999999997,30.9646,0.4520673906249968
31.576667,30.974573,0.6020938646240239
31.306667000000004,30.864414,0.44225278491211384
31.023333000000004,30.81732,0.2060131300048873
31.576667,30.768177,0.8084899675292974
31.576667,30.796522,0.7801448594970708
31.716667,30.801878,0.9147890245361339
31.71,30.792067,0.9179334259033212
31.663333,30.873577,0.7897558820800796
31.873332999999995,31.039976,0.8333568800048781
32.17,31.083712,1.086288375854494
32.503333,31.168543,1.3347901380615212
32.606667,31.27642,1.3302464067382829
32.323333,31.438635,0.8846981275634747
32.33,31.623924,0.7060757446289045
32.163333,31.757248,0.406085075195314
32.206667,31.794954,0.41171270007324523
32.396667,31.732498,0.6641688310546883
32.406667,31.65058,0.7560875474853503
32.086667,31.652378,0.43428891772460787
31.79,31.632137,0.15786270141601477
31.823333,31.613447,0.20988581066894696
31.773333,31.554193,0.21913950329589937
31.73,31.419174,0.3108258056640629
31.893333,31.260738,0.632594627197264
31.766667,31.189798,0.5768686448974627
31.476667,31.191889,0.2847781907958975
31.753333,31.156334,0.5969990766601576
31.593333,31.136917,0.4564158857421887
31.503333,31.117777,0.3855561292724623
31.596667,31.039583,0.5570837938232422
31.686667,30.992128,0.6945386278076171
31.68,31.029202,0.6507984924316403
31.850000000000005,30.999498,0.8505016326904347
31.66,31.031712,0.6282884216308595
32.416667,31.08583,1.3308363115234343
32.743333,31.180794,1.5625392377929685
32.93,31.329887,1.600112609863281
32.776667,31.553946,1.2227214586181674
32.38,31.77006,0.6099404144287135
31.68,32.0216,-0.34159881591796903
31.586667,31.992643,-0.4059763563232437
30.933333,31.802221,-0.8688882982177724
31.153333,31.448643,-0.2953097307128907
31.303333,31.075281,0.22805185681152196
31.416666999999997,30.785076,0.6315908586425749
31.436667,30.68397,0.7526975023193359
31.476667,30.619465,0.8572021257324209
31.566667,30.74259,0.8240770494384755
31.506667,30.8271,0.6795662462158205
31.44,30.878317,0.5616831207275403
31.013333,30.896255,0.11707750683593687
30.980000000000004,30.866602,0.11339805603027742
30.966666999999998,30.790695,0.17597180957031
30.993333,30.663887,0.32944597607421855
31.446667,30.537533,0.9091341936035171
31.39,30.461903,0.9280973815917974
31.096667000000004,30.522648,0.574019142333988
31.56,30.584541,0.9754586791992175
31.736667,30.6837,1.0529664384765631
31.403333,30.815443,0.5878899610595703
31.743333,30.824842,0.9184905469970701
31.823333,30.874989,0.9483444440917985
31.933333,31.028625,0.9047075117187511
32.056667,31.087467,0.9691998063964817
32.1,31.128443,0.9715572357177749
32.053333,31.281532,0.7718007124023458
32.18,31.35682,0.8231808471679685
32.263333,31.427717,0.8356157911376982
32.483333,31.487751,0.9955819929199237
32.663333,31.547058,1.1162748945312515
32.833333,31.633816,1.1995172346191438
32.83,31.775887,1.054113464355467
33.04,31.91402,1.125979461669921
33.01,32.067307,0.9426934814453105
31.536667,32.18412,-0.6474531782226549
31.97,32.13337,-0.1633694458007824
32.42,31.982155,0.43784515380859546
32.53,31.832293,0.6977074432373058
32.626667,31.642748,0.9839191209716773
32.566667,31.487202,1.0794653093261743
32.683333,31.739305,0.9440275037841772
32.423333,31.902422,0.5209110487060542
32.42,31.936499,0.48350135803222827
32.313333,31.929699,0.3836340559082032
32.176667,31.878128,0.2985389482421894
32.046667,31.815943,0.23072423571777279
32.22,31.692766,0.5272338104248036
32.306667,31.632944,0.6737228929443333
32.22,31.58103,0.6389701080322254
32.126667,31.556658,0.5700092088623023
32.056667,31.560621,0.49604573840331767
32.143333,31.586876,0.5564570844726546
32.336667,31.565714,0.7709531175537094
32.333333,31.53765,0.7956838453369173
32.233333,31.545225,0.6881078565673846
32.47,31.578625,0.891375274658202
32.12,31.652016,0.4679843139648412
32.133333,31.686195,0.4471376264648441
32.216667,31.656227,0.5604398881835948
32.446667,31.62415,0.8225176774902323
32.546667,31.637827,0.9088400804443353
31.713333000000002,31.613773,0.09955965405273659
31.576667,31.625797,-0.04913027172851514
30.51,31.57867,-1.0686705017089828
31.44,31.370872,0.06912750244140753
32.303333,31.08274,1.2205922163085958
32.563333,30.838926,1.724406684692383
32.663333,30.901754,1.7615786207275406
32.16,31.080135,1.0798646545410122
32.136667,31.551165,0.5855023729248074
32.29,31.774384,0.5156164550781241
32.13,31.770796,0.35920417785644787
32.21,31.680962,0.5290383911132821
32.696667,31.559565,1.1371024095458964
32.7,31.613583,1.0864173889160185
32.68,31.708755,0.9712445068359372
32.71,31.786556,0.9234437561035165
32.91,31.923937,0.9860631561279263
32.986667,32.0684,0.9182656633300752
32.833333,32.10926,0.724072440917972
33.326667,32.15115,1.175517250244141
33.36,32.24269,1.117308959960937
33.23,32.36169,0.8683094787597625
33.433333,32.44056,0.9927736127929663
33.313333,32.523792,0.789540733154297
33.17,32.652843,0.5171565246582048
33.05,32.6406,0.40940170288085653
32.863333,32.59755,0.26578356152343474
32.85,32.55561,0.29438934326172017
32.78,32.434917,0.34508255004882926
32.973333,32.322296,0.6510368574218717
33.196667,32.250328,0.9463389360351542
33.433333,32.235344,1.1979890668945288
33.72,32.311867,1.4081332397460926
34.05,32.44963,1.6003692626953097
34.126667,32.67666,1.450008369628904
33.976667,32.908913,1.0677543413085928
34.036667,33.105038,0.931629310791017
33.536667,33.254868,0.28179944628906384
33.236667,33.291405,-0.054737724121096676
33.276667,33.181828,0.0948394548339877
33.213333,33.01045,0.2028845441894518
32.616667,32.84491,-0.22824266796875037
31.793333,32.589596,-0.7962627946777339
31.5,32.34063,-0.8406295776367188
31.850000000000005,32.05522,-0.20522155761718253
31.866666999999996,31.710089,0.15657827014159764
31.816666999999995,31.355246,0.46142140979003443
31.97,31.14381,0.826189727783202
31.783333,31.16161,0.6217233503417958
31.9,31.252844,0.6471561431884751
31.853333,31.257902,0.595430854614257
32.153333,31.257318,0.8960145032959019
31.896667,31.295889,0.6007780992431648
31.986667,31.290611,0.6960557329101569
31.933333,31.339188,0.5941453779296886
32.336667,31.355255,0.9814118730468735
31.866666999999996,31.41748,0.4491865312499961
31.886667,31.383595,0.5030724870605461
32.093333,31.405016,0.6883170545654309
32.226667,31.41212,0.8145461809082022
32.076667,31.452171,0.6244956743164067
31.563333,31.386602,0.17673059826660165
31.62,31.398985,0.2210150909423838
31.21,31.376621,-0.16662124633788977
30.903333,31.240286,-0.336952873413086
30.953333,30.99749,-0.0441569291992181
30.616667,30.74928,-0.13261392956543006
30.67,30.5791,0.09090034484863452
30.856667000000005,30.361343,0.4953236162109427
30.75,30.249453,0.5005474090576172
30.166667,30.212587,-0.04592035656738247
29.933333,30.107763,-0.17443029040527236
30.67,30.030201,0.6397990417480486
30.456667,29.96051,0.4961567460937495
30.173333,29.842,0.3313339460449214
29.85,29.729294,0.12070617675781392
29.833333,29.727446,0.10588739758300747
29.903333,29.75415,0.14918260937499994
30.09,29.567032,0.5229681396484374
30.16,29.440542,0.7194577789306642
30.283333,29.403704,0.8796293104248036
30.256667,29.477568,0.779099327270508
29.433333,29.57247,-0.13913671130370986
29.46,29.584522,-0.12452224731445227
29.57,29.497868,0.07213241577148466
29.453333,29.365593,0.0877400434570319
29.456667,29.17287,0.28379636401367137
29.076667,28.971073,0.10559384936523486
28.916667,28.946196,-0.029528602416991845
29.623333,28.87202,0.7513122785644519
30.23,28.801706,1.4282936859130864
30.46,28.84533,1.614670715332032
30.33,28.973907,1.3560925292968733
29.973333,29.25456,0.7187725294189455
30.383333,29.57828,0.8050535047607426
30.916667,29.743443,1.1732244645996097
31.126667,29.810698,1.315969444458009
31.136667,29.880787,1.255880104248046
30.79,30.032951,0.7570486450195304
30.7,30.281036,0.4189636230468743
30.433333,30.407867,0.02546556835937608
30.283333,30.353792,-0.07045919055175887
30.313332999999997,30.198263,0.1150698316650356
30.413333000000005,30.010384,0.4029493940429738
30.316667,29.905527,0.41113988513183486
29.2,29.814028,-0.6140277862548835
28.949999999999996,29.686954,-0.7369544982910199
29.326667000000004,29.497927,-0.17125971203612878
28.67,29.261494,-0.5914936828613264
28.96,28.915695,0.04430480957031335
28.97,28.566647,0.4033534240722645
29.14,28.502697,0.6373030090332037
30.013333,28.519426,1.493906654174804
29.95,28.527933,1.4220668792724602
29.953333,28.77473,1.1786023176269538
29.57,28.991085,0.5789149475097659
29.606667,29.198103,0.40856404895019693
29.313333,29.351416,-0.038082634155273354
29.326667000000004,29.235056,0.09161107653808997
29.529999999999998,29.10559,0.4244091796874976
29.68,28.97455,0.7054497528076169
29.413332999999998,28.962156,0.45117670422363076
28.75,28.931803,-0.18180274963378906
28.713333,28.912922,-0.19958890551757946
29.713333,28.836662,0.8766707075195299
30.016667,28.757263,1.2594038164062518
29.886666999999996,28.70785,1.178817497436519
29.573333,28.773186,0.8001472700195329
29.356667,29.019087,0.33758016223144693
28.383332999999997,29.253906,-0.8705732500000032
28.476667,29.112745,-0.6360782850341806
28.136667,28.811317,-0.674650443847657
28.09,28.4584,-0.3684007263183595
28.346667,28.128227,0.2184397661132813
28.466667,27.843227,0.6234396135253917
28.646667,27.827473,0.8191943132324226
28.606667,27.817438,0.7892288743896501
28.12,27.917679,0.2023211669921885
27.803333000000002,28.00026,-0.19692639941406043
28.096667,27.9598,0.1368662797851563
28.156667,27.870777,0.28588986987304565
28.600000000000005,27.72886,0.8711391448974659
28.53,27.637566,0.8924343872070324
28.4,27.703587,0.696413421630858
28.666667000000004,27.863989,0.8026781236572305
28.840000000000003,27.975397,0.8646028900146518
28.8,28.104511,0.6954887390136726
28.47,28.134924,0.3350760650634754
26.79,28.165586,-1.375586471557618
26.256667,28.062744,-1.8060771406249998
26.596667,27.711418,-1.1147511518554687
26.983333000000002,27.21439,-0.23105680102538884
26.973333,26.699903,0.27342951184082054
27.38,26.26694,1.1130608367919912
27.229999999999997,26.3275,0.9025006103515594
26.83,26.558987,0.2710133361816389
26.860000000000003,26.681873,0.17812667846679986
27.016667,26.684788,0.33187924975586114
27.04,26.689123,0.3508768463134757
26.953333000000004,26.58688,0.36645326977539483
26.873333,26.51903,0.3543033826904285
27.11,26.548466,0.5615342712402338
27.226667,26.585318,0.6413493883056631
26.71,26.602196,0.1078042602539071
26.876667,26.581682,0.2949847947998059
26.309999999999995,26.574991,-0.2649912261962939
25.983332999999995,26.531284,-0.5479513322753959
26.276667,26.350683,-0.07401621228027366
26.376667,26.111984,0.2646827470703137
26.663332999999998,26.0055,0.6578322065429667
26.460000000000004,25.88291,0.577090225219731
26.523333,25.917677,0.6056560743408212
26.55,26.051548,0.4984519958496101
26.39,26.116875,0.2731253051757818
26.046667,26.145096,-0.09842882519531315
26.253333,26.05619,0.1971425092773451
26.273333,26.009153,0.26417963391113375
26.223333,25.940125,0.2832084882812502
26.533333000000002,25.8574,0.6759321058349634
26.55,25.842716,0.7072837829589851
26.246667,25.94212,0.30454740161132676
26.193332999999996,25.975399,0.21793398266601116
26.336667,25.987452,0.34921544665527193
26.0,26.012781,-0.012781143188476562
26.363333,25.924673,0.43865991955566486
26.149999999999995,25.842077,0.3079227447509716
26.61,25.831083,0.7789167022705072
26.9,25.870817,1.0291828155517564
27.026667,25.926914,1.0997527849121091
27.2,26.124506,1.0754940032958977
27.213333,26.277664,0.9356688154296862
28.096667,26.523062,1.5736052476806641
27.826667,26.748043,1.078623939697266
27.713333,26.94279,0.7705439222412096
27.516667,27.122776,0.39389096850586114
27.043333,27.247221,-0.20388799304199168
26.836667,27.312658,-0.47599130993652494
26.793333,27.07924,-0.2859077989501948
26.906667,26.865776,0.04089093798828003
27.016667,26.66009,0.3565775072021502
26.359999999999996,26.50623,-0.14622940063476975
26.48,26.42368,0.0563206481933598
26.61,26.368496,0.24150405883789006
26.410000000000004,26.317703,0.0922967529296912
26.27,26.215025,0.054975051879882386
26.42,26.0559,0.36409942626953296
26.460000000000004,26.067732,0.3922681427001997
26.63,26.051346,0.5786541748046865
26.76,26.018906,0.7410943603515641
26.93,26.066463,0.8635365295410153
27.280000000000005,26.187262,1.0927384185791063
27.890000000000004,26.325386,1.5646139526367229
28.24,26.548523,1.6914770507812484
28.04,26.826698,1.213301696777343
28.079999999999995,27.121477,0.9585228729247994
28.43,27.40482,1.025180511474609
28.53,27.643883,0.8861172485351574
28.36,27.759777,0.6002229309082026
28.949999999999996,27.791521,1.1584789276123004
29.01,27.933798,1.0762021636962906
29.050000000000004,28.112862,0.937138366699223
29.04,28.234482,0.8055181884765616
29.13,28.350952,0.779047851562499
29.5,28.533092,0.9669075012207031
30.0,28.604124,1.3958759307861328
30.14,28.735344,1.4046560668945318
30.34,28.924364,1.4156359100341795
30.560000000000002,29.181784,1.3782163238525413
30.059999999999995,29.47891,0.581089553833003
30.04,29.673353,0.36664680480956946
29.96,29.72207,0.2379293060302743
30.110000000000003,29.711905,0.39809547424316705
30.21,29.644999,0.5650014495849618
30.3,29.527287,0.7727134704589851
30.34,29.55826,0.781740036010742
30.219999999999995,29.612555,0.6074454498290969
30.1,29.689672,0.410327529907228
30.269999999999996,29.71553,0.5544696044921835
30.26,29.719616,0.5403840637207047
30.45,29.702202,0.7477981567382805
30.63,29.693403,0.9365967559814443
30.54,29.747808,0.7921915435791007
30.73,29.849478,0.8805222320556645
30.33,29.933008,0.39699180603027173
30.58,30.000679,0.579320983886717
30.87,30.024006,0.8459941101074229
31.140000000000004,30.029102,1.110897674560551
30.89,30.104622,0.7853781127929693
30.87,30.142391,0.7276087951660166
30.6,30.2913,0.30870018005371236
30.57,30.35134,0.21866065979003935
30.59,30.311037,0.27896293640136705
30.59,30.182486,0.4075144195556639
30.36,30.109318,0.2506822204589838
30.28,30.015806,0.26419380187988395
30.08,29.96901,0.1109906005859358
30.23,29.895367,0.33463333129882855
30.0,29.805023,0.194976806640625
30.35,29.687742,0.6622577667236342
30.4,29.64524,0.7547592163085923
30.18,29.642008,0.5379921722412107
30.24,29.686491,0.5535089874267562
30.15,29.692148,0.4578517913818345
30.219999999999995,29.750072,0.46992752075194844
30.2,29.714544,0.48545570373535085
29.91,29.662733,0.24726692199707045
29.65,29.641743,0.008257293701170454
29.529999999999998,29.561409,-0.031408996582033666
29.59,29.461803,0.12819656372070298
29.81,29.31877,0.49123054504394403
29.31,29.185595,0.12440544128417841
29.44,29.091805,0.34819549560547003
29.29,29.053185,0.2368154907226554
28.94,29.02439,-0.08438926696777216
28.709999999999997,28.932234,-0.2222338104248074
28.85,28.726118,0.12388191223144673
28.87,28.62631,0.2436896514892588
28.09,28.479097,-0.38909736633300795
27.32,28.294668,-0.9746681976318357
27.2,28.078394,-0.8783939361572273
27.36,27.821934,-0.4619337463378912
27.92,27.472479,0.44752113342285327
28.049999999999997,27.135326,0.9146736145019503
27.62,27.041689,0.5783110809326182
27.71,27.148499,0.5615014648437509
27.4,27.292013,0.10798683166503764
26.96,27.364716,-0.40471557617187415
26.16,27.223583,-1.0635832214355467
26.569999999999997,26.925331,-0.3553311157226595
26.7,26.690245,0.009755325317382102
26.77,26.412758,0.3572421264648433
27.64,26.218039,1.4219614410400396
28.37,26.227415,2.142584915161134
28.69,26.586306,2.1036943817138685
28.03,26.965912,1.0640881347656261
27.83,27.338972,0.4910279083251936
27.88,27.684216,0.19578445434570213
28.16,27.784935,0.3750650024414064
28.35,27.699905,0.6500946044921889
28.35,27.553057,0.7969432830810561
28.01,27.60243,0.4075696563720719
28.15,27.69199,0.45801010131835795
27.890000000000004,27.768766,0.12123359680176193
28.3,27.745533,0.5544670104980476
28.259999999999998,27.68834,0.5716607666015605
28.25,27.641567,0.6084327697753906
27.92,27.693644,0.22635643005371264
28.0,27.685364,0.31463623046875
28.0,27.734297,0.2657032012939453
28.16,27.665155,0.4948445892333986
27.87,27.614109,0.25589096069336037
28.45,27.54716,0.9028408050537102
28.38,27.607725,0.7722748565673818
28.62,27.672129,0.9478713226318369
28.390000000000004,27.775679,0.6143213653564494
27.940000000000005,27.843533,0.09646743774414546
27.75,27.949484,-0.19948387145996094
27.74,27.851849,-0.11184860229492344
27.57,27.732828,-0.16282814025878878
27.24,27.507526,-0.2675263977050797
27.179999999999996,27.285519,-0.10551864624023821
27.05,27.139784,-0.08978385925292898
26.860000000000003,27.005335,-0.14533485412597358
26.410000000000004,26.830585,-0.42058547973632443
26.79,26.6316,0.1584005737304679
26.410000000000004,26.507015,-0.09701522827148068
25.9,26.35904,-0.4590393066406264
25.55,26.17297,-0.6229698181152337
24.799999999999997,25.95435,-1.1543495178222685
25.92,25.728989,0.1910113525390642
26.54,25.414408,1.12559226989746
26.39,25.275688,1.1143118286132818
26.72,25.324474,1.395525665283202
26.19,25.537663,0.6523374938964857
25.78,25.952343,-0.17234298706054574
26.39,26.023947,0.36605323791503963
26.33,25.943268,0.3867321777343733
26.43,25.906876,0.5231243896484372
26.77,25.79746,0.9725394439697261
27.12,25.873264,1.2467356872558604
26.68,26.124844,0.5551564025878903
26.91,26.221067,0.688932571411133
27.59,26.353302,1.2366979980468749
27.87,26.532839,1.3371611785888682
28.24,26.700113,1.5398867034912094
28.48,26.862967,1.6170334625244145
28.42,27.227118,1.1928824615478533
28.57,27.581749,0.9882510375976565
28.8,27.798082,1.0019176483154304
28.83,27.984266,0.8457337188720686
28.739999999999995,28.102886,0.637113800048823
28.790000000000003,28.16836,0.6216402435302761
29.25,28.259169,0.9908313751220703
29.35,28.356869,0.993131256103517
29.74,28.435993,1.3040068054199203
29.979999999999997,28.572376,1.4076237487792937
30.28,28.80126,1.4787400054931652
30.269999999999996,29.091356,1.1786437225341757
30.37,29.308292,1.0617076110839854
30.31,29.536968,0.7730317687988268
30.33,29.679615,0.6503849792480452
30.83,29.767797,1.0622025299072249
31.959999999999997,29.825172,2.134827575683591
31.12,30.02251,1.0974894714355479
31.5,30.220074,1.2799263000488281
32.07,30.481539,1.5884612274169925
32.3,30.818815,1.481184768676755
32.29,31.098602,1.1913977050781241
32.3,31.12764,1.1723602294921847
32.26,31.409325,0.8506753540039043
32.38,31.607033,0.7729672241210963
32.36,31.670332,0.6896680450439447
32.67,31.679075,0.9909247589111345
32.87,31.72171,1.1482897949218724
32.94,31.803156,1.1368441009521462
32.84,31.931557,0.9084432983398472
32.58,32.044254,0.5357456970214827
32.24,32.147114,0.09288619995117386
32.11,32.122776,-0.012776031494141193
32.38,31.997328,0.38267219543457287
32.41,31.842457,0.5675431823730435
32.42,31.712633,0.7073668670654314
32.55,31.655754,0.8942459106445284
32.87,31.706547,1.1634532165527318
32.84,31.834635,1.0053652191162143
32.36,31.91974,0.4402593231201166
31.98,31.97194,0.008060913085937926
32.29,31.965544,0.32445625305175696
32.06,31.908665,0.15133529663086165
31.97,31.735495,0.23450538635253793
31.959999999999997,31.540752,0.4192475891113254
32.07,31.454332,0.61566764831543
32.0,31.468573,0.5314273834228516
32.32,31.396873,0.9231265258789065
32.66,31.411884,1.2481156921386685
32.42,31.502525,0.917474670410158
32.48,31.61284,0.8671593475341766
32.47,31.709496,0.7605044555664051
32.59,31.83203,0.7579706573486362
32.68,31.883617,0.7963825988769528
32.11,31.861322,0.24867759704589787
32.34,31.86225,0.477750625610355
32.63,31.837465,0.7925347137451197
32.89,31.83409,1.0559107208251959
32.49,31.837772,0.6522276306152364
32.91,31.811743,1.0982572174072232
32.62,31.968697,0.6513034057617162
32.53,32.06295,0.4670498657226574
32.19,32.06711,0.12289184570312273
32.75,31.959867,0.7901325225830078
32.76,31.97619,0.7838094329833964
32.85,31.899149,0.9508510589599624
32.96,31.920485,1.0395154571533212
33.3,31.993433,1.3065670013427706
33.78,32.20637,1.5736286926269543
33.85,32.350224,1.4997764587402358
33.86,32.552334,1.30766616821289
34.15,32.77324,1.376760864257811
34.14,33.017223,1.1227766418457037
33.63,33.203968,0.42603195190429943
33.54,33.237003,0.3029966735839835
33.42,33.218163,0.20183746337890796
33.96,33.15965,0.800351104736329
33.32,33.046116,0.27388412475585966
33.89,32.896896,0.9931036376953131
34.04,32.90692,1.1330786132812491
34.51,32.976192,1.5338075256347636
33.78,33.14555,0.6344502258300793
33.86,33.15741,0.7025903320312494
34.4,33.328457,1.0715431213378892
34.86,33.38913,1.4708703613281244
34.44,33.478256,0.9617437744140602
34.4,33.4569,0.9430984497070298
33.97,33.631447,0.3385531616210926
34.23,33.747864,0.4821362304687469
34.27,33.7127,0.5573001098632844
34.43,33.55135,0.8786503601074216
34.96,33.512882,1.4471177673339852
34.88,33.545704,1.3342961120605494
35.4,33.731266,1.668733978271483
35.58,33.922966,1.6570339965820295
35.64,34.171604,1.46839584350586
35.42,34.428947,0.991052551269533
35.0,34.55913,0.4408683776855469
35.04,34.675095,0.36490539550781165
35.04,34.62758,0.41242126464843665
35.56,34.510323,1.049677429199221
35.52,34.408806,1.1111941528320344
35.78,34.38919,1.3908093261718761
36.1,34.52349,1.5765090942382827
36.42,34.708355,1.7116450500488298
36.44,34.96391,1.4760908508300759
36.18,35.133316,1.0466839599609372
35.91,35.32141,0.5885888671874966
35.27,35.418278,-0.1482777404785125
36.19,35.35186,0.838139953613279
37.08,35.221237,1.8587628173828108
37.84,35.18276,2.6572416687011753
37.62,35.358257,2.2617427062988256
37.94,35.695736,2.2442640686035134
37.98,36.29067,1.6893315124511687
37.96,36.705193,1.254807434082032
38.42,36.91617,1.5038317871093767
38.47,36.981693,1.4883067321777332
38.36,37.1444,1.2155984497070307
38.29,37.241894,1.0481062316894523
38.42,37.332294,1.0877055358886736
38.52,37.43887,1.0811305236816438
38.12,37.44038,0.6796199035644506
38.24,37.402737,0.8372633361816426
37.58,37.384403,0.19559677124023267
37.42,37.319614,0.10038558959961108
37.56,37.15807,0.40193038940429915
37.79,36.93738,0.8526182556152335
38.01,36.82135,1.188649902343748
38.2,36.69988,1.5001213073730497
38.2,36.790558,1.4094421386718778
39.55,36.95511,2.594891357421872
38.69,37.22366,1.4663404846191384
38.55,37.458538,1.0914619445800753
38.72,37.63604,1.0839602661132801
37.76,37.77209,-0.012090911865236365
38.87,37.824505,1.0454951477050756
39.26,37.556934,1.7030656433105449
39.46,37.57279,1.8872117614746102
39.39,37.69431,1.69569076538086
39.0,37.817192,1.1828079223632812
39.46,38.185535,1.2744645690917977
38.33,38.296993,0.03300674438476392
38.91,38.223553,0.6864472961425747
39.75,38.08336,1.6666412353515625
40.07,38.026875,2.043125457763672
39.77,38.154045,1.6159548950195344
39.83,38.198963,1.6310368347167952
39.57,38.567085,1.002914733886719
38.61,38.779957,-0.1699568176269537
39.02,38.67776,0.34223892211914375
39.11,38.450367,0.6596330261230463
39.32,38.280525,1.039474792480469
39.5,38.104748,1.3952522277832031
39.5,38.025124,1.4748764038085938
40.12,38.2208,1.8992015075683568
40.82000000000001,38.384205,2.4357951354980543
41.13,38.637318,2.4926823425292994
41.31,38.944416,2.365583953857424
41.34,39.295727,2.0442732238769565
40.61000000000001,39.7093,0.9006990051269597
40.57,39.93529,0.6347087097167972
40.44,39.94542,0.4945806884765602
40.48,39.83241,0.6475910949707
40.559999999999995,39.644333,0.9156671142578077
40.96,39.437836,1.5221643066406259
40.91,39.452816,1.4571839904785122
41.14000000000001,39.50306,1.6369406127929764
41.0,39.62538,1.3746185302734375
41.105,39.75234,1.3526615905761687
41.335,39.875515,1.4594850158691415
41.97,39.92475,2.0452487182617176
42.35999999999999,40.062126,2.2978738403320236
42.04999999999999,40.229893,1.8201072692870994
41.98,40.471313,1.5086865234374969
41.43,40.702312,0.7276875305175778
40.85,40.83146,0.01854095458984517
41.12,40.707718,0.41228210449218494
41.86,40.43676,1.4232400512695307
41.63,40.27966,1.3503407287597682
40.769999999999996,40.15421,0.6157908630371054
41.16,40.110485,1.0495149230956997
41.16,40.206512,0.9534875488281216
41.49,40.225037,1.264963378906252
41.59,40.073784,1.5162161254882847
41.9,40.008244,1.891756439208983
41.96,40.215614,1.7443856811523446
42.0,40.36594,1.6340599060058594
42.31,40.547577,1.7624230957031273
42.59,40.690376,1.8996237182617222
41.35999999999999,40.862328,0.4976724243163986
41.39,40.885033,0.5049673461914068
41.39,40.837463,0.5525366210937506
40.8,40.737057,0.06294326782226278
40.7,40.47471,0.2252914428710966
41.03000000000001,40.072807,0.9571926879882895
42.01,39.974438,2.035562286376951
41.76,39.95276,1.807241210937498
41.82,39.97689,1.8431094360351565
40.95,40.193855,0.7561447143554716
40.54,40.38859,0.15140823364257727
41.32,40.418808,0.9011920166015628
40.46,40.199158,0.26084228515625085
40.58,39.972805,0.6071949768066389
40.79,39.693497,1.0965032958984366
40.52,39.635628,0.8843722534179719
40.58,39.663734,0.916265563964842
40.655,39.481262,1.1737377929687511
40.63,39.52184,1.1081608581542994
41.35999999999999,39.533043,1.8269570922851486
41.5,39.554375,1.9456253051757812
41.2,39.706966,1.4930335998535185
40.58,39.863163,0.7168370056152327
40.84,39.95554,0.8844602966308628
41.2,40.03843,1.1615707397460966
42.08,39.9496,2.130399780273436
42.23,39.914124,2.315876464843747
41.97,40.040558,1.9294421386718739
41.52,40.36841,1.1515917968750031
40.61999999999999,40.615417,0.004582519531240337
41.03999999999999,40.67117,0.36883071899413267
41.33,40.455433,0.8745671081542952
41.16,40.19302,0.9669801330566372
41.45000000000001,39.984066,1.4659339904785256
41.16,39.913685,1.2463151550292935
41.02,40.07219,0.9478106689453156
41.66,40.107086,1.5529138183593716
41.75,40.107887,1.6421127319335938
42.06,40.191193,1.8688073730468773
42.62,40.255867,2.364132995605466
42.34,40.48504,1.8549612426757847
42.43,40.79104,1.638961486816406
42.67000000000001,40.9637,1.7063006591796963
42.065,41.15029,0.914708557128904
42.01,41.22772,0.7822816467285136
42.18,41.129204,1.050796203613281
42.56,41.092167,1.4678330993652366
42.730000000000004,41.05944,1.6705593872070352
42.88999999999999,41.002277,1.8877226257324153
43.4,41.144722,2.2552780151367173
43.35,41.37899,1.9710098266601577
43.519999999999996,41.619717,1.9002833557128866
43.15999999999999,41.8091,1.3508988952636614
42.730000000000004,41.952393,0.777607421875004
43.6,42.01005,1.5899482727050795
43.53,41.974483,1.5555165100097668
43.69,41.973984,1.7160162353515602
43.67,41.961933,1.7080668640136736
44.050000000000004,42.065212,1.9847877502441449
44.56,42.328327,2.231672821044924
45.17,42.446125,2.7238749694824236
45.15,42.688084,2.461916351318358
45.480000000000004,42.96436,2.5156407165527384
45.24,43.324306,1.9156935119628926
44.99,43.61759,1.3724081420898457
44.55,43.772453,0.7775466918945284
44.66,43.719975,0.940025482177731
44.13,43.639412,0.4905880737304713
44.47999999999999,43.405163,1.074837188720693
44.160000000000004,43.21276,0.947239074707035
44.68000000000001,43.04832,1.631679229736335
44.87,43.019234,1.8507662963867162
45.72,42.999775,2.7202250671386707
46.14,43.219112,2.920887603759766
46.15,43.46299,2.6870101928710923
46.78,43.870213,2.9097874450683605
47.74999999999999,44.252552,3.4974479675292898
47.04,44.74026,2.2997389221191398
47.83,45.057095,2.772905426025389
47.68,45.35677,2.3232304382324216
47.89,45.700253,2.189747467041016
48.18,45.92842,2.251578979492187
47.9,45.960728,1.939272308349608
47.11999999999999,46.182224,0.9377757263183497
45.65,46.142094,-0.49209365844726705
44.39,45.962498,-1.57249771118164
43.83,45.486866,-1.6568659973144548
42.42,44.708828,-2.2888279724121077
40.43,43.7195,-3.2895014953613284
42.49,42.562912,-0.07291198730468551
41.620000000000005,41.709396,-0.08939636230468295
43.08,41.080368,1.9996319580078108
41.17,40.671345,0.4986552429199236
40.7,40.534782,0.1652175903320341
36.65,40.808887,-4.1588874816894545
37.83,40.11884,-2.2888392639160173
35.88,39.421833,-3.5418330383300756
30.68,38.01639,-7.336391754150391
32.77,36.416878,-3.646877746582028
27.24,34.634495,-7.394494781494142
30.219999999999995,33.231827,-3.011826782226567
27.49,31.311998,-3.821998367309572
27.06,29.548397,-2.4883970642089857
25.97,28.903975,-2.933974533081056
23.26,27.4517,-4.1917002105712875
25.6,27.052485,-1.4524845123291001
25.72,25.788256,-0.06825569152832145
29.67,25.228876,4.4411238861084
29.07,25.16022,3.9097808074951175
30.54,25.628809,4.911191024780273
28.46,27.132988,1.327012023925782
26.02,28.039509,-2.0195088195800786
26.32,28.67072,-2.3507191467285153
24.61,28.071854,-3.461853637695313
27.03,27.331085,-0.30108520507812386
27.88,26.209358,1.6706417846679678
28.69,25.754604,2.935395660400392
31.0,26.137388,4.862611770629883
29.22,26.79834,2.421660156249999
29.25,28.009384,1.2406158447265625
27.35,28.626629,-1.2766288757324205
26.49,28.853548,-2.3635480499267594
27.15,28.646435,-1.4964347839355483
26.7,27.717123,-1.0171230316162116
25.29,27.14987,-1.859869918823243
24.9,26.38628,-1.4862800598144545
24.26,25.966076,-1.7060758972167953
23.64,25.61075,-1.9707501983642572
24.65,24.90959,-0.2595897674560561
24.75,24.305147,0.4448528289794922
25.58,24.089117,1.4908829498290999
24.030000000000005,24.076735,-0.046734542846675
23.109999999999996,24.173813,-1.0638128662109416
23.8,24.302275,-0.5022747039794915
23.74,24.117987,-0.37798667907715
23.420000000000005,23.869036,-0.44903572082519005
24.71,23.347597,1.362402877807618
25.95,23.329433,2.62056655883789
25.26,23.748991,1.5110089874267594
23.65,24.064596,-0.41459617614746236
22.239999999999995,24.297855,-2.0578553771972707
22.85,24.40122,-1.551220321655272
22.98,24.045462,-1.0654616546630855
24.36,23.286419,1.0735810852050776
24.274999999999995,22.799282,1.4757179260253857
26.54,22.822449,3.717551269531249
27.45,23.498646,3.951354217529296
28.3,24.298769,4.001231002807618
29.385,25.33878,4.046220550537111
29.92,26.292807,3.6271933746337908
29.04,27.50185,1.538149871826171
28.22,28.176035,0.0439650726318348
29.1,28.554842,0.5451580047607436
30.38,28.72937,1.650629882812499
32.35,28.74069,3.6093097686767592
32.79,28.882208,3.9077921295166007
34.98,29.503725,5.476274948120114
35.65,30.716862,4.933138275146483
34.38,32.01764,2.3623608398437526
32.86,33.074226,-0.21422637939453182
30.3,33.511726,-3.2117263793945305
30.61,33.50076,-2.89075912475586
30.930000000000003,32.677902,-1.7479022216796842
31.220000000000002,31.534273,-0.3142731475830054
30.71,30.669842,0.04015823364257898
30.55,30.150845,0.39915542602539134
29.33,30.272583,-0.9425830078125017
29.71,30.182835,-0.4728346252441398
29.559999999999995,29.941694,-0.3816942596435595
28.45,29.56388,-1.113880920410157
28.88,29.183533,-0.303532714843751
27.7,28.79003,-1.0900295257568366
28.37,28.581635,-0.211634521484374
28.65,28.237034,0.41296615600585795
28.15,27.938848,0.21115150451660014
28.09,27.904938,0.18506225585937486
28.499999999999996,27.734226,0.7657737731933558
27.51,27.898382,-0.3883821868896469
27.65,27.813217,-0.16321716308593892
27.04,27.609257,-0.5692567443847665
28.23,27.452188,0.7778115081787114
28.289999999999996,27.358978,0.9310217285156206
28.899999999999995,27.204256,1.6957439422607372
30.34,27.407742,2.9322584533691405
30.82,27.778393,3.0416072082519534
30.689999999999998,28.502645,2.187354507446287
30.04,29.031273,1.0087271118164054
30.429999999999996,29.556513,0.8734871673583946
30.74,29.94843,0.7915708923339828
31.190000000000005,29.995628,1.194371643066411
30.849999999999998,29.977083,0.8729167938232401
30.13,30.008715,0.12128532409667869
30.1,30.158537,-0.058536911010740766
30.86,30.158524,0.7014764404296869
31.11,30.106674,1.003325805664062
30.75,29.983093,0.76690673828125
30.945,29.955805,0.9891951751708987
30.365,30.143305,0.22169517517089687
30.82,30.303078,0.516922302246094
31.32,30.27045,1.0495494079589847
32.49,30.221172,2.26882766723633
32.73,30.412067,2.3179325866699187
32.85,30.683672,2.166328048706056
32.6,31.21325,1.3867507934570327
32.36,31.668854,0.6911462402343744
32.25,31.990871,0.2591285705566406
31.76,31.9815,-0.22150062561035
31.58,31.841133,-0.26113311767578296
31.4,31.60258,-0.20257911682129048
31.4,31.36785,0.03215065002441264
30.9,31.15598,-0.25597915649414205
31.95,30.904026,1.0459739685058587
31.47,30.829689,0.6403109741210926
31.39,30.802813,0.5871874237060553
32.31,30.817791,1.4922090148925804
32.27,30.911455,1.3585448455810578
31.539999999999996,31.192537,0.3474626922607378
31.6,31.168928,0.43107185363769673
32.13,31.250257,0.8797425079345729
32.12,31.382994,0.7370063018798803
31.87,31.293291,0.5767089080810557
31.0,31.205826,-0.2058258056640625
31.55,31.228262,0.3217380523681648
31.16,31.22177,-0.061769332885742045
30.73,31.030437,-0.30043746948242145
31.04,30.770838,0.2691622161865226
30.29,30.55711,-0.2671098327636727
30.61,30.497217,0.11278282165527287
30.42,30.267431,0.15256874084472827
29.48,30.108463,-0.6284632873535152
28.89,29.959532,-1.0695317840576166
29.000000000000004,29.60005,-0.6000499725341761
27.93,29.356546,-1.4265464019775393
28.14,28.87811,-0.7381108856201166
28.45,28.363562,0.08643836975097585
29.260000000000005,28.07503,1.1849706268310598
28.87,28.012234,0.8577662658691416
29.25,27.944878,1.3051223754882812
29.399999999999995,28.215893,1.1841072082519482
29.7,28.484411,1.2155887603759759
30.639999999999997,28.730593,1.9094072723388642
30.18,28.885834,1.2941662597656247
30.24,29.191317,1.0486833953857406
31.5,29.430748,2.0692520141601562
31.53,29.762112,1.7678883361816418
31.71,30.10998,1.6000203704833993
30.81,30.28939,0.520609436035155
30.46,30.561317,-0.1013174438476554
30.89,30.75607,0.1339308166503912
30.849999999999998,30.602818,0.24718246459960724
29.89,30.424831,-0.5348313903808588
30.26,30.105011,0.15498901367187656
30.86,29.990353,0.8696473693847651
31.68,30.00468,1.6753193664550778
31.81,30.010244,1.7997556304931628
30.479999999999997,30.118887,0.36111305236816094
29.210000000000004,30.430038,-1.220038452148433
29.450000000000003,30.48261,-1.0326107025146456
30.429999999999996,30.267769,0.1622311401367149
30.21,29.84339,0.3666104888916024
31.365,29.38045,1.9845507049560531
31.909999999999997,29.384186,2.5258142089843716
31.98,29.869564,2.110435943603516
31.909999999999997,30.403349,1.5066510772705044
31.55,30.742447,0.8075531005859382
34.44,31.14178,3.2982191467285134
35.22,31.487465,3.7325350952148426
34.73,31.94213,2.787870864868161
33.73,32.51667,1.2133297729492156
34.15,33.10939,1.040609741210936
35.3,33.814327,1.4856727600097628
35.24,33.859726,1.3802740478515645
34.89,33.758476,1.1315237426757818
34.87,33.799335,1.0706645202636693
33.97,34.11154,-0.14154174804687614
33.99,34.235577,-0.24557662963866989
34.55,33.9928,0.5571983337402315
33.55,33.76589,-0.21588821411133097
33.03,33.54905,-0.5190493774414051
32.195,33.234623,-1.0396229553222653
33.02,33.00958,0.010421295166018751
33.11,32.748657,0.36134277343749943
32.59,32.333107,0.25689300537109716
34.17,32.138275,2.0317248535156267
33.25,32.199535,1.0504646301269531
33.18,32.492558,0.6874424743652341
33.55,32.566902,0.9830978393554659
34.27,32.64279,1.6272082519531281
33.75,32.93685,0.8131484985351562
33.57,32.827847,0.7421534729003909
34.93,32.94905,1.9809490966796872
35.4,33.201756,2.198244476318358
35.55,33.481598,2.068402099609372
34.43,33.67399,0.7560116577148435
34.37,33.97264,0.39735900878905994
34.58,34.281673,0.2983265686035139
35.08,34.2159,0.8640995788574202
34.86,34.052856,0.8071435546874994
35.33,33.854393,1.4756069946289045
35.3,33.999653,1.300347137451169
35.58,34.19839,1.381609039306639
36.07,34.391037,1.6789630126953128
34.9,34.528233,0.37176742553710795
35.04,34.67149,0.3685102844238273
36.58,34.659966,1.9200344848632795
36.24,34.766396,1.4736044311523457
36.44,34.853767,1.5862326049804665
36.17,34.869755,1.300245208740236
36.37,35.20877,1.1612292480468724
35.61,35.537273,0.07272659301757756
35.22,35.406315,-0.18631484985351676
34.69,35.280407,-0.5904069519042991
34.18,34.994263,-0.8142626953125003
34.59,34.65556,-0.06555953979491846
34.37,34.215626,0.15437423706054432
33.31,33.929256,-0.6192564392089821
33.37,33.627144,-0.2571438598632838
32.9,33.38702,-0.4870201110839858
31.58,33.1877,-1.6076983642578142
31.95,32.6977,-0.747700500488282
31.41,32.166767,-0.756767120361328
32.02,31.805717,0.21428253173828438
33.15,31.414526,1.7354740142822251
32.7,31.24984,1.450160217285159
33.39,31.48112,1.9088808441162115
33.8,31.713875,2.086125183105466
34.15,32.194073,1.9559272766113267
35.1,32.615894,2.4841056823730483
34.89,32.890766,1.9992338562011724
35.56,33.36913,2.190870819091799
35.15,33.780716,1.369284057617186
34.91,34.122177,0.7878228759765591
35.35,34.367294,0.9827056884765639
34.92,34.39011,0.5298899841308611
35.09,34.445118,0.6448820495605503
35.16,34.321434,0.8385659790039028
35.15,34.309162,0.8408378601074205
35.565,34.364452,1.2005476379394509
35.49,34.34491,1.145090332031252
35.82,34.461533,1.3584674072265628
35.91,34.580208,1.3297921752929653
36.37,34.720802,1.6491976928710912
36.21,34.932003,1.2779969787597665
35.7,35.06775,0.6322509765625028
36.37,35.19741,1.1725894165039037
37.22,35.276344,1.9436557006835926
36.74,35.431526,1.3084738159179707
37.1,35.497913,1.6020866394042983
36.99,35.658276,1.3317243957519551
37.62,35.978485,1.6415148925781224
38.09,36.193638,1.8963621520996128
37.86,36.274403,1.5855973815917963
37.6,36.52202,1.077981567382814
37.63,36.68035,0.9496487426757838
36.91,36.866516,0.04348388671874659
36.63,36.81924,-0.18924057006835682
36.77,36.568226,0.2017741394043
37.25,36.330383,0.91961669921875
38.21,36.17462,2.035378417968751
38.78,36.114048,2.6659519958496105
38.85,36.37493,2.4750686645507827
39.16,36.815742,2.3442575073242153
38.37,37.31914,1.0508586120605443
39.41,37.689724,1.7202760314941372
39.62,37.882755,1.7372447204589818
39.93,37.992615,1.9373852539062497
40.27,38.15687,2.1131282043457063
40.06,38.322567,1.737433013916018
40.06,38.732113,1.327887115478518
40.0,38.894535,1.1054649353027344
39.85,39.004707,0.8452926635742202
40.11,39.01876,1.0912393188476557
40.31,38.953182,1.356817779541018
40.08,38.966454,1.1135464477539045
39.7,38.97965,0.7203514099121122
39.24,38.97446,0.26553939819336136
39.89,38.941074,0.9489256286621099
39.64,38.84624,0.7937590026855474
39.99,38.684097,1.3059027099609395
40.15,38.60416,1.545839691162108
40.49,38.658188,1.8318121337890645
39.49,38.889435,0.600565185546877
40.14,38.905796,1.23420394897461
39.71,39.003063,0.706936798095704
40.14,38.98303,1.1569715881347662
40.26,38.937298,1.3227021789550761
40.19,38.827217,1.3627828979492165
39.77,38.99013,0.779868621826175
40.79,38.959187,1.830813446044921
39.92,39.106243,0.8137568664550798
39.58,39.11627,0.4637318420410139
39.13,39.042625,0.08737457275390881
39.92,38.907196,1.0128039550781267
40.19,38.891083,1.2989172363281227
40.42,38.64612,1.7738818359375017
40.17,38.67713,1.4928683471679705
40.0,38.81761,1.1823883056640625
40.27,39.073524,1.1964755249023469
39.93,39.14228,0.7877194213867185
39.93,39.11907,0.8109318542480466
39.17,39.018272,0.15172760009765796
38.99,38.90291,0.08709167480468949
39.68,38.757652,0.922347717285156
39.89,38.55,1.3400007629394537
39.86,38.46016,1.399840698242187
39.45,38.396004,1.0539962768554716
39.48,38.514763,0.9652371215820281
39.64,38.671474,0.9685255432128912
39.71,38.652843,1.057156524658204
39.57,38.58595,0.9840510559082034
39.06,38.52046,0.5395417785644554
39.01,38.513306,0.496694335937498
39.29,38.45822,0.8317785644531241
39.14,38.35609,0.7839094543457037
39.53,38.220737,1.3092625427246105
39.39,38.14802,1.2419783020019537
38.51,38.218945,0.29105545043945114
37.12,38.234634,-1.114634399414065
37.9,38.00069,-0.10069046020507955
38.01,37.73973,0.2702691650390605
38.39,37.344074,1.0459257507324224
38.84,37.0027,1.837299194335941
39.3,36.955627,2.344372558593747
38.76,37.367958,1.3920419311523418
38.89,37.601254,1.2887464904785162
38.94,37.824932,1.1150679016113259
39.95,37.961792,1.9882080078125028
39.51,38.074356,1.4356439208984355
38.8,38.096573,0.7034271240234347
39.02,38.216072,0.8039279174804719
37.62,38.28598,-0.6659802246093776
38.5,38.204113,0.2958869934082031
38.38,37.8304,0.5496014404296901
37.54,37.54304,-0.0030412292480477277
37.75,37.355278,0.39472198486328125
37.98,37.070995,0.90900466918945
38.08,37.14737,0.9326306152343733
36.82,37.006134,-0.18613403320312472
37.89,36.793545,1.0964552307128912
38.48,36.819862,1.6601376342773406
38.13,36.863327,1.266672973632815
38.53,36.87087,1.659131317138673
38.71,36.905247,1.8047532653808602
38.53,37.322845,1.2071545410156261
38.06,37.48368,0.576319274902346
38.5,37.456512,1.043487548828125
39.0,37.529346,1.4706535339355469
39.21,37.54923,1.6607713317871102
39.34,37.5789,1.7611006164550815
39.42,37.709686,1.7103137207031267
39.99,38.009003,1.980997314453127
40.58,38.27408,2.3059216308593733
40.54,38.51438,2.025618591308593
40.78,38.769836,2.010163574218751
41.52,39.058613,2.461387176513675
41.66,39.434673,2.2253266906738247
41.779999999999994,39.749115,2.030885009765619
41.81,39.97711,1.8328881835937523
41.9,40.259983,1.640016937255858
41.68,40.515415,1.164584808349609
41.66,40.579315,1.0806848144531216
42.1,40.599045,1.500955200195314
42.1,40.618504,1.4814964294433608
42.040000000000006,40.653374,1.3866262817382875
42.08,40.677032,1.4029675292968733
41.39,40.768974,0.6210256958007818
41.75,40.813286,0.9367141723632812
41.24999999999999,40.732677,0.517322540283196
41.1,40.599407,0.5005928039550795
40.47,40.430943,0.03905746459960824
39.61,40.16236,-0.5523611450195318
39.43,39.933178,-0.5031779479980472
39.0,39.49588,-0.495880126953125
39.97,39.07016,0.8998400878906239
39.52,38.69119,0.8288111877441438
38.94,38.454857,0.485143127441404
39.89,38.384724,1.5052763366699224
39.26,38.406242,0.8537576293945293
39.34,38.519535,0.8204649353027378
39.16,38.371967,0.7880326843261685
39.3,38.317116,0.9828842163085909
38.85,38.409836,0.4401641845703139
38.73,38.214752,0.5152478027343719
39.02,38.140686,0.8793139648437531
39.0,38.04334,0.9566612243652344
39.18,37.991634,1.1883656311035153
39.36,37.921303,1.4386972045898432
38.39,37.998993,0.39100708007812557
38.84,38.046818,0.7931822204589878
38.18,38.009796,0.17020385742187472
38.18,37.911774,0.2682263183593747
38.19,37.717903,0.4720968627929665
39.6,37.444355,2.1556449890136733
39.99,37.52886,2.461141815185549
40.71,37.617393,3.092606506347657
40.95,38.031292,2.918708038330081
40.17,38.577747,1.5922526550292986
40.85,39.14031,1.7096916198730483
41.81,39.395294,2.4147058105468773
42.8,39.664055,3.1359451293945284
42.46999999999999,39.914276,2.5557238769531168
42.35,40.194984,2.155015563964845
42.07,40.7288,1.3411982727050784
42.64,41.091217,1.5487829589843756
42.91,41.245014,1.6649858093261685
43.21,41.188892,2.0211076354980477
43.34,41.27589,2.0641096496582065
43.150000000000006,41.450115,1.6998847961425838
42.33,41.719395,0.6106053161621077
42.040000000000006,41.78254,0.257460632324225
41.82,41.69888,0.12112075805664091
42.56999999999999,41.458683,1.1113169860839776
43.15999999999999,41.193226,1.9667741394042864
43.25,41.042168,2.2078323364257812
42.18,41.167664,1.0123364257812497
43.36000000000001,41.32676,2.0332406616211003
42.62,41.60867,1.011330718994138
42.02,41.678574,0.3414263916015656
41.76,41.523933,0.23606658935546676
41.47,41.267048,0.20295211791992074
42.02,41.204384,0.8156161499023469
42.35999999999999,40.82984,1.530158386230461
42.69,40.674217,2.015782775878904
42.14999999999999,40.73328,1.4167198181152258
41.669999999999995,40.861042,0.8089579772949165
42.06,41.020092,1.0399079895019554
43.11,41.03374,2.0762590026855463
43.74,41.045223,2.6947767639160176
43.78999999999999,41.0925,2.697501220703117
41.89,41.37544,0.5145613098144537
41.72999999999999,41.68672,0.04327819824217727
40.38,41.80119,-1.4211894226074193
40.72999999999999,41.44636,-0.7163615417480571
42.29,40.806942,1.4830580139160148
42.25000000000001,40.20963,2.0403709411621165
43.14,40.16132,2.978680267333985
43.36000000000001,40.29056,3.069438323974616
43.39,40.89067,2.499329223632813
43.46999999999999,41.488037,1.9819628906249918
43.43,41.74087,1.6891285705566403
43.35,42.029415,1.320584869384767
43.75,42.094383,1.6556167602539062
43.94,42.13489,1.805108489990232
44.09,42.207134,1.8828657531738315
43.22,42.30082,0.9191806030273426
42.43,42.359303,0.07069747924804659
42.93,42.332027,0.5979725646972653
43.3,42.162407,1.1375930786132784
43.48,41.94776,1.5322384643554656
43.93,41.719166,2.2108341979980466
44.27,41.77872,2.4912791442871125
44.6,42.124184,2.475816345214845
44.33,42.429134,1.900865631103514
44.45,42.67349,1.7765113830566435
44.55,42.899734,1.6502655029296847
45.13,43.033783,2.0962170410156276
44.6,43.142784,1.4572158813476577
44.86,43.1658,1.69420181274414
45.07,43.276505,1.7934954833984378
46.02,43.38727,2.6327281188964875
46.37,43.57475,2.7952510070800756
46.47,43.719204,2.7507960510253895
46.74000000000001,44.083115,2.6568853759765716
47.41,44.461933,2.9480668640136685
46.59,44.89576,1.6942404174804722
45.92,45.089783,0.8302172851562517
45.63000000000001,45.12831,0.5016888427734472
45.19,45.060474,0.1295256042480446
45.7,44.823486,0.8765136718750028
45.25,44.38579,0.8642082214355469
45.03,44.103783,0.9262173461914074
44.78,43.94476,0.8352406311035168
45.38,43.808556,1.5714443969726588
46.32000000000001,43.801304,2.5186961364746168
47.32,43.76079,3.559208221435547
47.94,43.996464,3.943536224365232
47.79,44.46411,3.325888671874999
47.64000000000001,45.107883,2.532116546630867
47.589999999999996,45.65673,1.9332693481445276
48.2,45.988846,2.2111541748046903
48.26,46.122154,2.1378457641601543
47.39,46.137684,1.2523161315917974
46.56,46.14461,0.41538864135742415
46.42000000000001,46.08233,0.33767120361329006
47.68,45.93803,1.7419697570800778
47.64999999999999,45.676067,1.9739326477050696
46.97,45.430424,1.5395762634277332
47.1,45.380085,1.7199150085449233
46.83,45.53714,1.2928601074218733
46.29,45.703323,0.5866766357421866
45.93,45.479088,0.45091217041015597
47.53999999999999,45.17526,2.3647413635253827
47.11,45.121834,1.9881661987304682
45.83,45.065746,0.7642536926269514
47.11999999999999,44.994312,2.125687713623037
46.56,45.106995,1.4530053710937523
46.02,45.299343,0.7206568908691438
44.27,45.024227,-0.7542271423339812
44.07,44.66116,-0.5911595153808591
45.56,44.462734,1.097265777587893
45.2,43.948887,1.2511131286621122
45.73,43.566036,2.1639637756347625
46.32999999999999,43.372807,2.9571934509277256
46.81,43.727528,3.082472381591799
46.65,44.252216,2.3977836608886705
46.5,44.463158,2.0368423461914062
45.84000000000001,44.790756,1.049243774414073
47.15,44.93866,2.2113403320312486
47.11,45.00346,2.1065400695800776
46.6,44.992775,1.6072250366210952
47.13,45.014164,2.115836029052737
47.67,45.11219,2.5578097534179705
47.6,45.451763,2.1482368469238295
48.56,45.505157,3.0548425292968773
48.43999999999999,45.67879,2.7612089538574125
48.42,46.05321,2.3667887878417986
48.62,46.33984,2.280160064697263
47.08,46.53213,0.5478688049316389
47.49,46.636055,0.8539450073242207
47.3,46.445503,0.8544967651367159
47.36,46.228016,1.1319841003417963
48.32,45.98269,2.3373110961914065
48.02,45.75002,2.269980926513675
47.69,45.93818,1.7518209838867165
47.83,46.021442,1.8085575866699202
48.98,46.15891,2.8210911560058562
48.64,46.380466,2.25953353881836
48.92,46.402294,2.517705841064455
49.96,46.552406,3.4075936889648446
49.25,46.91219,2.337810516357422
47.31,47.267212,0.042788085937502274
46.73,47.181458,-0.4514575195312531
46.51,47.00843,-0.49843048095703324
47.93,46.614918,1.3150822448730466
46.76,45.970394,0.7896058654785136
45.67,45.4291,0.24089996337890796
45.88,45.247063,0.6329373168945338
46.42999999999999,45.14035,1.2896496582031176
47.31,45.08561,2.224390563964846
46.45,44.74564,1.7043601989746122
46.53999999999999,44.692406,1.8475942993163983
45.22,44.92329,0.296709747314452
45.790000000000006,44.99152,0.7984800720214906
45.73,44.879097,0.8509030151367156
45.24,44.505657,0.7343428039550801
46.02,44.28625,1.7337489318847688
46.11000000000001,44.07089,2.039111480712897
46.88,44.226887,2.6531132507324244
45.82,44.333992,1.486007995605469
45.22,44.43551,0.7844912719726551
45.42000000000001,44.59077,0.8292292785644619
46.31,44.50604,1.803961334228518
46.13,44.440327,1.6896733093261744
46.41,44.19827,2.211731109619137
47.07,44.269318,2.8006823730468753
47.46,44.58694,2.8730592346191415
47.46,44.95456,2.505440673828126
46.77,45.163956,1.6060443115234406
47.47,45.402843,2.067156524658202
46.72,45.611103,1.1088969421386707
47.1,45.612232,1.4877677917480483
47.42,45.512157,1.9078425598144548
46.81,45.438324,1.3716760253906273
45.81,45.51057,0.2994294738769554
45.23,45.29845,-0.06845046997070625
43.99000000000001,45.144554,-1.1545541381835847
44.55,44.691257,-0.14125747680664347
43.99000000000001,44.05473,-0.06472946166991278
42.23,43.46184,-1.2318415832519563
43.4,42.90518,0.4948181152343736
43.73,42.446297,1.2837033081054656
43.51,42.310574,1.1994264221191386
43.57999999999999,42.028107,1.5518933105468662
44.86,41.89856,2.9614404296874994
44.97,42.345097,2.6249034118652332
44.73,42.5953,2.134701232910153
44.629999999999995,42.80892,1.8210781860351517
45.49,43.099525,2.3904745483398457
45.949999999999996,43.454636,2.4953643798828082
44.44,43.57685,0.8631491088867165
44.74,43.60543,1.1345693969726582
44.8,43.667465,1.1325347900390597
44.470000000000006,43.737034,0.7329661560058653
44.59,43.543236,1.0467642211914097
44.18,43.208958,0.9710423278808591
44.209999999999994,43.214462,0.9955377197265562
42.46999999999999,43.11725,-0.6472485351562582
43.13,42.834927,0.2950733947753932
43.09000000000001,42.56759,0.5224111938476668
43.88,42.22062,1.6593807983398463
43.76,42.018887,1.7411134338378886
43.85,41.839485,2.01051483154297
43.67,42.143303,1.526697082519533
44.08,42.29078,1.789220886230467
44.24,42.486275,1.7537252807617207
44.28,42.51754,1.7624600219726574
43.29,42.608265,0.681735076904296
44.4,42.610886,1.789114379882811
43.49,42.703323,0.7866766357421895
43.43,42.644794,0.7852055358886716
43.5,42.50359,0.9964103698730469
43.55,42.328384,1.2216156005859347
43.81,42.397427,1.412573394775393
44.15,42.2004,1.9495986938476548
44.65,42.280865,2.3691352844238267
45.23,42.45727,2.7727284240722625
45.98,42.724533,3.2554669189453094
47.04,43.121113,3.918887176513671
46.99,43.6423,3.3477003479003926
47.51,44.205963,3.304036865234373
47.52,44.769924,2.7500758361816438
47.83,45.268246,2.561754302978514
47.28,45.64944,1.6305592346191418
46.42999999999999,45.757874,0.6721264648437426
46.49,45.794533,0.6954672241210957
46.68,45.636536,1.0434643554687497
47.29,45.444122,1.8458776855468741
46.5,45.205887,1.2941131591796875
46.24,45.07153,1.1684706115722676
45.739999999999995,45.109516,0.6304838562011668
45.72,45.05795,0.6620509338378895
45.72,44.89866,0.8213412475585926
45.5,44.540913,0.9590873718261719
45.04,44.338497,0.7015028381347648
46.14,44.137,2.0029989624023443
46.47,44.11309,2.35690948486328
46.52,44.16581,2.354190368652347
47.09,44.27833,2.8116682434082065
47.05,44.539524,2.5104759216308565
47.02,44.98036,2.0396418762207063
47.28,45.177837,2.1021626281738293
46.52,45.33075,1.1892504882812531
47.48,45.430695,2.049305419921872
46.42999999999999,45.432934,0.9970661926269457
44.8,45.389606,-0.589606475830081
43.93,45.171974,-1.2419741821289065
43.099999999999994,44.675373,-1.5753730773925838
41.669999999999995,44.144352,-2.474351959228521
43.099999999999994,43.083572,0.016427612304681816
44.470000000000006,42.21461,2.255388946533209
45.83,41.85471,3.9752903747558577
45.54,41.929405,3.6105947875976554
46.32999999999999,42.36147,3.968530731201163
48.69,43.33132,5.358678283691404
47.959999999999994,44.250336,3.7096643066406187
48.0,44.971436,3.028564453125
45.67,45.44186,0.22813980102539233
46.63999999999999,45.840355,0.7996450805663997
46.59,45.99563,0.5943716430664097
45.56,45.505756,0.05424362182617415
47.53,45.07763,2.4523709106445324
47.0,44.727074,2.2729263305664062
48.08,45.003365,3.076635437011717
48.64,45.157383,3.48261703491211
48.72,45.46019,3.2598101806640614
47.52,46.129105,1.3908953857421906
48.22999999999999,46.265762,1.9642376708984273
49.34,46.55568,2.784320678710941
49.22,46.675934,2.544066162109374
48.79,46.71754,2.0724592590332023
51.69,46.748417,4.941583099365232
56.68000000000001,47.333057,9.346942596435554
57.5,48.343857,9.156143188476562
55.44,49.586025,5.853974761962888
56.22,51.04508,5.174921722412108
56.53,52.77487,3.755128173828126
56.86,53.89427,2.965728149414062
58.00999999999999,53.85502,4.154981384277335
57.72,53.735832,3.98416778564453
57.56,54.193962,3.3660379028320335
58.4,54.50301,3.8969902038574205
56.77,54.824142,1.9458575439453156
56.36000000000001,54.99114,1.3688615417480534
56.21,54.779476,1.4305238342285165
56.519999999999996,54.54732,1.972678680419918
56.55,54.314926,2.2350738525390597
57.67,53.855267,3.81473342895508
57.160000000000004,53.878788,3.281212005615238
57.78,54.036427,3.743573455810548
58.05,54.30591,3.744091796874997
58.73,54.573456,4.156544189453122
58.02,54.937866,3.082133789062503
58.98,55.043327,3.936672668457028
59.90999999999999,55.353367,4.556633148193349
59.76,55.643906,4.1160943603515605
60.6,55.949432,4.650567626953126
59.17,56.211193,2.958806915283205
60.53999999999999,56.61545,3.9245481872558514
60.15,56.865566,3.284433746337889
60.56,56.908234,3.6517663574218773
60.04,57.028187,3.011813201904296
60.0,56.93324,3.066761016845703
59.9,57.16987,2.7301315307617173
60.32,57.05691,3.263088531494141
60.74999999999999,57.05243,3.697570800781243
61.03,56.996674,4.033326416015626
60.53999999999999,57.126614,3.4133863830566327
62.24,57.27431,4.965688934326174
63.36,57.583782,5.776217803955078
62.85,57.980793,4.869207000732423
63.38,58.370605,5.009394531250003
63.62,58.798378,4.821622009277341
62.599999999999994,59.431087,3.16891250610351
63.11,59.631706,3.4782937622070307
62.78,59.569504,3.2104962158203136
62.46,59.60139,2.858609161376954
62.77,59.461807,3.3081927490234406
62.94,59.25401,3.685990753173826
63.9,59.29933,4.600668334960936
62.67,59.31024,3.3597583007812517
63.07000000000001,59.370052,3.699947662353523
62.85,59.514915,3.3350845336914077
63.07000000000001,59.572098,3.497902221679695
63.760000000000005,59.59175,4.168248901367193
64.0,59.43676,4.563240051269531
63.52,59.636932,3.883067626953128
63.39000000000001,59.754738,3.6352621459961014
62.46,59.919884,2.540116271972657
63.13,59.951954,3.1780461120605494
64.04,59.805344,4.234656372070319
64.8,59.66056,5.139439392089841
64.75,59.739986,5.010013580322266
64.06,59.93503,4.124968109130862
63.99,60.360806,3.6291944885253926
64.35,60.622047,3.727952575683588
64.18,60.67922,3.5007817077636787
61.35,60.544968,0.8050323486328139
61.26,60.19259,1.0674111938476543
62.16,59.82404,2.335960540771481
63.37,59.411217,3.9587832641601537
64.17,58.97024,5.199758453369142
64.1,58.690292,5.409707641601557
64.22,59.18996,5.030039520263671
65.25,59.802616,5.447383880615234
66.28,60.336018,5.943982391357423
67.98,60.74854,7.231461029052738
67.1,61.216854,5.88314590454101
67.81,61.81111,5.99888854980469
67.55,62.502586,5.047413635253903
67.94,63.01051,4.929490509033201
68.38,63.33358,5.046419982910152
69.17,63.32188,5.84811965942383
69.21,63.61692,5.5930795288085875
70.0,63.826344,6.173656463623047
70.97,64.21057,6.759428710937499
70.9,64.65819,6.241812133789068
71.3,65.106224,6.193775939941403
71.7,65.46847,6.231532287597659
70.99,65.91375,5.076250305175776
70.29,66.18494,4.105063476562506
68.38,66.17541,2.2045925903320267
66.61,65.98751,0.6224893188476557
65.18,65.42328,-0.24327880859374318
67.34,64.43949,2.900508728027347
62.74,63.54371,-0.8037088012695293
66.07,62.42487,3.6451304626464776
63.15,61.74054,1.4094604492187486
65.61,61.266598,4.343402252197265
67.21,61.184002,6.025998077392572
65.87,60.76419,5.1058093261718795
65.6,61.471462,4.128537750244135
66.05,61.40712,4.642880249023435
66.38,62.062336,4.317664031982417
66.81,62.183727,4.626272735595705
67.8,61.9803,5.819699096679685
67.86,62.20695,5.653048858642578
67.87,62.59434,5.275658721923833
68.61,62.945175,5.664824829101562
67.89,63.317493,4.572506561279297
68.59,63.60037,4.989631500244144
68.94,63.704094,5.235906066894529
68.65,63.852474,4.797525787353521
69.01,64.01912,4.990880737304693
70.23,64.05246,6.177540283203129
70.5,64.37135,6.1286468505859375
70.25,64.63655,5.6134490966796875
70.95,64.87794,6.072062683105472
72.25,65.27641,6.9735870361328125
72.13,65.74992,6.380076293945308
72.19,66.043526,6.1464743041992165
71.68,66.34623,5.333770446777351
72.51,66.71549,5.794507751464849
72.59,66.983925,5.606075134277347
72.29,66.99544,5.294562377929694
73.88,67.03734,6.842661743164058
75.07,67.18487,7.885132141113274
75.9,67.626335,8.273664855957037
76.03,68.07161,7.958390502929689
75.62,68.645546,6.974454040527348
72.92,69.35883,3.5611666870117205
74.81,69.55759,5.252413330078127
76.14,69.485725,6.654274597167969
76.61,69.311134,7.298865661621093
77.22,69.20869,8.011313171386718
77.31,69.328125,7.981875000000002
76.9,70.16642,6.733580017089849
75.1,70.63157,4.468431091308588
74.52,70.68803,3.8319735717773398
73.04,70.49896,2.5410375976562563
75.3,69.952934,5.347065734863278
76.02,69.38158,6.6384234619140585
73.5,68.96325,4.536750793457031
73.17,68.835724,4.334276123046877
71.77,68.74016,3.0298419189453085
72.38,68.80296,3.577036743164058
71.0,68.26198,2.7380218505859375
71.2,67.37795,3.822047424316409
69.7,66.96151,2.738490295410159
69.67,66.45061,3.219392700195314
70.9,66.13989,4.760107421875006
71.3,65.69905,5.600949096679685
71.2,65.623276,5.576724243164065
71.25,65.543274,5.70672607421875
70.99,65.84916,5.140840759277339
71.44,66.174446,5.2655538940429665
70.45,66.25093,4.19906921386719
70.57,66.17911,4.390892333984368
70.08,66.09433,3.9856701660156233
70.15,65.9348,4.215200805664068
71.16,65.79399,5.366008911132809
70.79,65.59667,5.1933279418945375
71.77,65.64102,6.128978271484371
72.61,65.74719,6.862807617187499
72.41,66.09624,6.313762817382809
71.22,66.51128,4.708723754882811
71.14,66.6605,4.479500427246094
71.68,66.85197,4.828033142089851
73.03,66.82016,6.209840087890626
74.85,66.690506,8.159494018554682
73.99,66.81521,7.174791564941401
73.62,67.31465,6.305348510742192
73.87,67.88148,5.988522644042973
74.79,68.3669,6.423102416992194
74.71,68.62852,6.0814828491210875
75.92,68.52156,7.398439331054689
76.38,68.7257,7.654299621582027
76.88,69.13917,7.740832214355464
77.0,69.62377,7.376228332519531
80.61,69.99697,10.613028869628906
80.84,70.70648,10.133518066406253
80.25,71.393654,8.856346130371094
81.5,72.11187,9.388130187988281
