Actual,Predicted,Error
11.815751,11.693617,0.12213413293457087
11.926837,11.698043,0.2287941304321297
12.155685,11.7279625,0.4277225061035157
12.493495,11.857,0.6364946490478509
12.548733999999998,12.028085,0.5206492450561502
12.508973999999998,12.208611,0.30036346533202973
12.195749,12.377824,-0.18207482965087962
12.27102,12.502087,-0.23106663940429684
12.236722999999998,12.554089,-0.3173655925292991
12.11805,12.499137,-0.38108692474365213
12.049759,12.407719,-0.35795965844726574
11.854297,12.30685,-0.4525534333496086
11.573548,12.262034,-0.6884864161987299
11.369587,12.147062,-0.777475301635743
11.30585,11.986614,-0.6807642272949224
11.48037,11.815124,-0.33475355804443296
11.45366,11.650731,-0.19707108673095775
11.223901,11.534638,-0.3107374048461917
11.800879,11.474508,0.3263707144775392
12.149312,11.512307,0.6370048329467775
12.206979,11.633716,0.5732633704223637
12.396371,11.76015,0.6362210442504885
12.808238,11.949704,0.8585338297729486
12.747232000000002,12.281224,0.4660077492065451
12.815522,12.497259,0.3182628599853512
12.098625,12.64888,-0.5502550048828123
11.998162,12.734932,-0.7367699458007806
11.924105,12.716159,-0.7920538668823234
12.315637000000002,12.533925,-0.21828805645751714
12.072826,12.372513,-0.29968681738281333
12.158721,12.17704,-0.01831910009765636
12.282856999999998,12.184472,0.09838491595458798
12.290749,12.236861,0.05388777105712883
12.285589000000002,12.322947,-0.037357548461912415
12.034584,12.3067,-0.2721157528076166
12.0619,12.338625,-0.2767249542236332
12.233687999999999,12.333599,-0.09991109057617287
12.147794,12.300013,-0.15221858850097725
12.132315,12.26141,-0.1290947595214842
12.329598,12.221635,0.10796313519287182
11.997252,12.270318,-0.2730660313110356
11.691918,12.293447,-0.6015285408325202
11.673707,12.223953,-0.5502462470703122
11.511024,12.142968,-0.6319441777954093
11.801486,12.025781,-0.22429467779540957
11.67826,11.853159,-0.1748989508056642
11.454875,11.766187,-0.3113117141723638
11.379907,11.74162,-0.36171306378173895
11.199924,11.698843,-0.4989190023193366
11.427558,11.667436,-0.23987764605712947
11.138614,11.551467,-0.41285294183349563
11.034813,11.44202,-0.40720741625976586
11.415721,11.367009,0.04871183709716753
11.327096,11.330902,-0.003806099609375835
11.600257,11.352508,0.24774940875244056
11.77417,11.342519,0.43165119354248027
11.827892,11.454726,0.3731657808227542
11.928354,11.631588,0.2967660178222662
11.865831,11.734348,0.1314827028808594
11.809377,11.876473,-0.06709642681884809
11.857029,11.944049,-0.08701988153076101
11.946869,11.965587,-0.018717662292480952
11.892843,11.981363,-0.0885202965087899
11.800879,11.970401,-0.1695218102416991
11.539251,11.968994,-0.42974314062499985
11.501312,11.95224,-0.4509279902343746
11.564443,11.894702,-0.330258957702636
11.600561,11.7981205,-0.19755949865722577
12.017587,11.711911,0.3056757985229499
12.032611,11.690816,0.34179507440185475
12.0965,11.776651,0.31984861755371163
12.24158,11.904242,0.33733843811035236
12.338704,12.04872,0.2899836401977538
12.220636999999998,12.214876,0.005760825073240383
12.295907999999999,12.272529,0.023379351623534106
12.292265999999998,12.335822,-0.04355610540771693
12.481355000000002,12.386609,0.09474592254638914
12.548430999999999,12.417337,0.13109358239745994
12.687743,12.441904,0.24583893200683526
12.820378,12.528261,0.292116815307617
12.800043000000002,12.626771,0.17327202679443587
12.845873,12.747069,0.09880364117431562
12.824931,12.831357,-0.0064260022583013665
12.789724000000001,12.904624,-0.11489998529052592
12.741769000000001,12.938977,-0.19720824151611183
12.890186,12.929884,-0.039697956909179766
13.024035,12.93546,0.08857490936279255
12.982758000000002,12.94815,0.03460831890869365
12.756641000000002,12.977846,-0.22120514562988092
12.972408,13.00348,-0.03107195758056669
12.759979,13.051625,-0.29164625177002
13.5567,13.043771,0.5129292098999017
13.495087,13.063261,0.43182596789550765
13.575518000000002,13.138422,0.43709598767090085
13.749431,13.317088,0.43234287286376905
13.854750000000001,13.479025,0.37572511291504007
13.845948,13.738959,0.10698868756103508
13.813472,13.798138,0.015334335205078986
13.951873999999998,13.883278,0.06859610693359208
14.082081,13.963679,0.11840168634033255
14.229588,14.019077,0.21051069897460906
14.467846,14.075302,0.39254387597656226
14.968338,14.178522,0.7898158900146477
14.975926,14.370921,0.6050048650512689
15.254551,14.582559,0.6719923681030266
15.46276,14.822766,0.6399936959838861
15.104919,15.084734,0.020185036987305338
15.242714,15.286288,-0.04357426141357479
15.239982000000001,15.358249,-0.11826671063232297
15.626354,15.431539,0.19481541815185466
15.571418,15.464489,0.10692901684570266
15.673095,15.461219,0.21187616607666016
15.855809,15.584327,0.27148225592041086
15.957486,15.704865,0.252620544372558
16.250376,15.859936,0.3904402395019524
16.463745,15.956746,0.5069988986206049
16.525358,16.123926,0.4014318372802741
16.546908,16.306877,0.24003086376952965
16.182086,16.469255,-0.28716944738769357
16.094067,16.586092,-0.4920249952392588
16.107118,16.59475,-0.4876314506835939
16.450087,16.52267,-0.07258374584960947
16.546604,16.451199,0.09540542211913916
16.753904,16.399105,0.3547989279785142
17.242559,16.490604,0.7519545993652343
17.894504,16.685278,1.2092260611572279
17.772492,16.995323,0.777168818847656
17.772796,17.28158,0.49121602868652303
18.244151,17.5868,0.6573513784179674
18.391658,17.905418,0.48623960400390587
18.286643,18.146915,0.1397275642089859
18.190733,18.232826,-0.042093232910154654
18.090877,18.358835,-0.2679582203369151
18.422617,18.476429,-0.053811985595704215
18.650251,18.483816,0.16643485314941486
18.745554,18.486584,0.2589702902832016
18.510028,18.556023,-0.04599464404297038
18.197107,18.6572,-0.4600928596191416
18.776209,18.757198,0.019010666259767106
19.100664,18.794464,0.3061998886718733
18.948604,18.820496,0.12810839453124956
19.232996,18.844687,0.38830949182128904
19.310391,18.980244,0.33014731713867107
19.073955,19.243532,-0.16957718078613127
19.005968,19.346865,-0.3408967003173835
18.901863,19.348345,-0.44648180285644656
18.369502,19.372076,-1.0025740345458978
17.607685,19.248999,-1.6413136419677734
18.505172,18.980366,-0.4751937531738264
18.463894,18.774717,-0.3108233309326174
17.829553,18.58972,-0.7601667723388665
17.390673,18.380184,-0.9895111735839848
17.351824,18.241774,-0.8899496053466791
17.005212,18.258465,-1.2532528132324217
18.514277,17.948137,0.5661397166748046
18.44447,17.74042,0.7040506121826162
18.301819,17.782469,0.5193502042236311
17.724537,17.991985,-0.26744832104492033
17.668387,18.186977,-0.5185903864746102
17.78524,18.447592,-0.6623517816162092
17.658979,18.265995,-0.607016025634767
17.156058,18.07481,-0.9187520280761703
17.284444,17.858456,-0.5740116579589838
17.244987,17.77212,-0.5271325220947283
17.275338,17.678476,-0.40313833361816265
17.316009,17.540213,-0.22420363122558484
17.200371,17.43557,-0.23519876318359323
16.942688,17.463135,-0.5204467656249996
16.789415,17.42468,-0.6352657098388654
16.574072,17.359352,-0.7852801118164052
16.089818,17.23721,-1.1473913200683583
16.097709,17.022718,-0.9250094295654314
17.035563,16.784058,0.2515053828124998
16.904749,16.671522,0.23322685949706923
17.317223,16.636978,0.680244850585936
17.158182,16.73164,0.42654213793945317
17.066218,16.99877,0.06744823986816328
17.369124,17.277761,0.0913625406494134
17.578548,17.325583,0.25296549572754046
17.534842,17.449062,0.08577965258789177
17.026761,17.480385,-0.45362382666015577
17.126921,17.522554,-0.3956333975830084
17.082608,17.572855,-0.4902469957275386
17.344539,17.51924,-0.17470042565917865
17.352431,17.417492,-0.0650609128417976
17.613452,17.33923,0.2742224162597644
17.335737,17.439827,-0.10408996533202952
17.48719,17.513763,-0.026573427734376764
17.365785,17.61285,-0.24706518920898546
17.346664,17.634096,-0.2874321456298823
17.425577,17.645828,-0.22025124707031196
17.77917,17.585905,0.1932649249267584
17.828642,17.639582,0.18906031970214698
17.777986,17.68359,0.09439606469726414
17.533021,17.780296,-0.24727532568359223
17.667477,17.870934,-0.2034565327148421
17.323445,17.940617,-0.6171716076660161
17.361688,17.876642,-0.5149542271728507
17.436807,17.775434,-0.33862749401855297
17.271393,17.680199,-0.408805669433594
17.725144,17.634478,0.09066638464355492
17.983737,17.582333,0.40140438891601704
18.192857,17.677114,0.5157425133056641
18.512456,17.819895,0.6925612093505862
18.38923,18.01386,0.37536929748535286
18.632344,18.292677,0.3396670743408201
18.459949,18.490154,-0.030205266357420157
18.345221,18.62626,-0.2810397574462904
18.177378,18.695904,-0.518525778076171
18.361611,18.650442,-0.28883112341308603
18.420492,18.636927,-0.21643465100097714
18.421403,18.560156,-0.1387528685302719
18.400764,18.53676,-0.13599633020019652
18.645395,18.54902,0.09637423278808654
18.341275,18.634754,-0.2934791809082036
18.32701,18.658688,-0.331677591552733
18.238688,18.654955,-0.4162669102783205
17.451072,18.633472,-1.1824004426269532
17.448341,18.528894,-1.0805534244384774
17.760352,18.288761,-0.5284091389160146
18.059919,18.1175,-0.05758130517578053
18.537344,17.973404,0.5639400693359384
18.417457,17.922832,0.494624510986327
18.447201,18.137371,0.30982993676757786
18.68728,18.387524,0.29975634887695435
18.895186,18.592993,0.3021932174072255
18.845531,18.760387,0.08514357934570427
18.813541,18.818739,-0.005197937377928952
18.920377,18.922686,-0.002308623168946866
18.949944,19.035343,-0.08539917016601706
19.202935,19.093458,0.1094768243408204
19.254448,19.124716,0.12973219494628907
19.228234,19.197569,0.030665106567383305
19.396184,19.296572,0.09961226843261883
19.754943,19.392355,0.36258803479003987
20.274337,19.53194,0.742396539794921
19.997327,19.687298,0.31002917895507665
20.387726,19.863668,0.5240575582275397
20.197525,20.106827,0.09069821777343634
20.21557,20.32401,-0.10844084899902384
20.5953,20.45146,0.14384011535644703
20.568477,20.472736,0.09574064135742333
20.527816,20.596783,-0.06896668432617048
20.23526,20.624914,-0.3896541693115232
20.27708,20.685734,-0.4086537951660141
20.573659,20.728327,-0.1546677974853523
20.42918,20.681494,-0.25231375915527465
20.613284,20.641294,-0.028010479370117025
20.740389,20.630787,0.10960210424804728
20.200878,20.729317,-0.5284387114257818
20.135344,20.783968,-0.6486239718017579
20.415768,20.72187,-0.30610242236328133
20.81781,20.701181,0.11662858825683742
21.070801,20.670021,0.4007799428710932
21.329919,20.660116,0.6698028043212894
21.394813,20.870466,0.5243467677001945
21.400604,21.155867,0.2447373770751966
21.296969,21.399307,-0.1023382509765618
21.33949,21.539993,-0.2005032861328111
21.055866,21.61529,-0.5594236881103498
20.530071,21.591494,-1.0614226065673833
20.275251,21.477444,-1.2021926950683586
20.767212,21.283636,-0.5164240931396478
20.333927,21.110794,-0.7768670673828133
20.098767,20.884228,-0.7854607526855482
20.15729,20.688198,-0.5309080895996097
20.466366,20.613869,-0.14750271337890553
20.32463,20.625616,-0.30098607360839935
19.891497,20.498665,-0.6071678559570302
19.451963,20.451937,-0.9999737218017586
19.381248,20.399786,-1.018537995483399
19.535481,20.271143,-0.7356619595947258
19.145021,20.027426,-0.8824047659912111
19.194217,19.769583,-0.5753657484130876
19.348024,19.603968,-0.2559436666259778
19.806227,19.560663,0.24556377673339824
19.64837,19.584316,0.06405374633789052
19.283404,19.586412,-0.30300842980956944
18.588441,19.678686,-1.090245141967774
19.325773,19.674046,-0.348272562744139
18.695593,19.631731,-0.9361380333251965
18.801502,19.405731,-0.6042292011718757
18.579236,19.195196,-0.6159601517333968
18.410433,19.050076,-0.6396425310058582
18.145859,19.060709,-0.9148499996337875
18.183043,18.81191,-0.6288676292724595
17.581354,18.705593,-1.1242391091308583
17.819748,18.49144,-0.6716918193359369
17.765748,18.306978,-0.5412302257080093
17.089146,18.145967,-1.0568214835205083
16.468919,17.981087,-1.5121677309570316
16.754044,17.69087,-0.9368262850341793
16.624497,17.514946,-0.8904489838867171
16.62658,17.225946,-0.599366426391601
16.442275,16.923733,-0.48145775756836073
16.097431,16.780556,-0.683124725097656
16.160458,16.761608,-0.6011501237792984
17.325824,16.63349,0.6923343912353523
17.178312,16.633556,0.5447556340332014
17.202403,16.692244,0.5101594239501956
17.502533,16.849318,0.65321544934082
18.054713,17.164335,0.8903777491455074
17.909242,17.555172,0.3540700334472646
17.85289,17.666916,0.1859741064453111
18.049507,17.842318,0.2071894188232406
17.924554,18.042597,-0.11804281701660102
17.952424,18.165468,-0.2130442159423822
17.635614,18.136307,-0.5006927626953122
16.50084,18.1176,-1.6167594873046873
16.759694,17.982796,-1.2231017153320316
16.331104,17.718252,-1.387148182006836
16.226086,17.39632,-1.1702343430175794
16.580335,16.99453,-0.41419472412109215
16.507201,16.671211,-0.1640102426757828
16.222077,16.662424,-0.4403470875244153
15.61275,16.556845,-0.9440947113037108
15.889482999999998,16.495323,-0.6058401811523453
16.351011,16.433952,-0.08294133154296901
16.118562,16.297522,-0.17895959118652272
15.978302999999999,16.18099,-0.20268721911621235
15.904796,16.134073,-0.2292772574462898
15.93046,16.245346,-0.31488606933593744
15.71092,16.271372,-0.5604518414306643
15.774024,16.13883,-0.3648061849365227
15.606478,16.056217,-0.44973919360351644
16.298117,15.988564,0.30955346240234505
16.814376,15.991755,0.8226214681396478
16.602015,16.077526,0.5244889074707046
16.139694,16.272247,-0.13255331445312635
16.044755,16.436743,-0.3919877825927749
16.087937,16.623432,-0.535495159423828
15.836501,16.596308,-0.7598067545166014
16.032811,16.382212,-0.34940068518066525
15.934502,16.217222,-0.282720213745117
15.366397,16.170345,-0.8039483063964852
14.881594,16.090105,-1.2085110567626955
15.499313,15.906636,-0.40732323809814375
15.394879,15.786838,-0.3919585778198247
15.312803,15.602118,-0.28931453845214783
15.458887,15.433971,0.024915594970703836
15.741714,15.435898,0.3058161728515625
13.796835,15.612242,-1.8154067449951174
13.471590999999998,15.45567,-1.98407935675049
13.776316,15.172298,-1.3959824313964848
14.034796,14.827978,-0.7931821341552734
13.990695,14.413438,-0.42274284332275336
13.949657,13.904665,0.04499200671386738
13.892387000000001,13.9391985,-0.04681149395751838
13.546195,14.066417,-0.5202217404174796
14.02175,14.073829,-0.05207869720458902
14.006621,14.0257225,-0.0191015036621085
14.420678999999998,14.002299,0.41837969122314256
14.62888,14.040889,0.5879912136840826
14.781333999999998,14.154324,0.6270104221191382
14.410823,14.422402,-0.011579381896972052
14.383412,14.56023,-0.17681825512695326
14.370477,14.695145,-0.3246676533203132
14.172438999999999,14.703132,-0.530692675720216
14.167203999999998,14.622974,-0.455770395751955
13.824103,14.477558,-0.653455135986329
13.738174,14.388952,-0.6507782552490227
13.884469,14.267284,-0.3828153933105476
13.637770000000002,14.135228,-0.49745815704345553
13.827799,14.028201,-0.2004021032104486
13.692284,13.921184,-0.22889958612060468
13.594651,13.899496,-0.30484507849121023
13.258019000000003,13.88632,-0.6283011141357395
12.937094000000002,13.788279,-0.8511845797119122
13.278776999999998,13.696164,-0.4173871311645527
13.109938,13.538075,-0.4281374470825199
13.261468000000002,13.395939,-0.13447087329101315
13.296518,13.283465,0.013052614562989007
13.485931,13.274435,0.21149595666503984
13.195189000000001,13.382673,-0.18748426354980374
13.192725,13.386971,-0.1942464736938483
13.320541,13.429882,-0.10934104956054647
13.664256999999997,13.435325,0.2289323311157201
14.035691999999997,13.467198,0.5684936281127904
13.997809,13.5092535,0.4885554981079103
13.923584000000002,13.6766405,0.2469434894409197
13.943602999999998,13.868111,0.0754923432617165
14.226338,14.038042,0.18829593151855484
14.277772,14.144293,0.13347916857910214
14.202499,14.172263,0.030235854553222197
13.923584000000002,14.221138,-0.2975540004882795
13.633458000000001,14.270578,-0.6371203843994131
13.209973,14.269281,-1.0593083873291018
13.237137000000002,14.112432,-0.8752945261840797
13.304833,13.887204,-0.5823711702270504
13.173322000000002,13.654048,-0.48072596600341555
13.034111,13.471285,-0.4371738663330085
13.126815,13.341519,-0.21470435577392522
13.150531,13.32245,-0.17191868414306555
13.418788999999999,13.294575,0.1242142624511704
13.376903,13.273398,0.10350460064697309
13.237384000000002,13.305607,-0.06822284204101337
12.930933999999999,13.375947,-0.4450129985961926
13.127739,13.388496,-0.2607573989257812
12.405812,13.387404,-0.9815924418334969
12.074724,13.236261,-1.1615373677978518
12.027909,13.009197,-0.9812882351074226
12.278613,12.75497,-0.47635659686279297
12.508373,12.567447,-0.05907370867919859
12.487799000000003,12.339393,0.1484063379516627
12.577669999999998,12.329231,0.24843873779296644
12.849470999999998,12.436477,0.41299429254150155
13.247239000000002,12.600649,0.6465901199951194
13.637154,12.762602,0.8745521475830085
13.529665999999999,12.945073,0.5845928722534168
13.721543000000002,13.182914,0.5386292197875999
13.858905999999998,13.445551,0.41335508142089594
14.189379,13.675978,0.5134012930908209
14.126179,13.852947,0.2732317648925786
14.285779,13.952828,0.3329505927124021
14.161968,14.118319,0.04364944226074208
14.044149999999998,14.241431,-0.1972812362670915
14.099028,14.318847,-0.21981870257568303
13.761698000000003,14.300174,-0.5384757594604466
13.296319,14.263001,-0.966682441955566
13.473914,14.109194,-0.6352798018798822
13.433049999999998,13.954455,-0.5214053756713888
13.732863999999998,13.806441,-0.07357730706787358
13.631479,13.656515,-0.02503612145996037
13.684001,13.606361,0.07763961083984405
13.708371,13.69887,0.009501294799804327
13.801694000000001,13.753002,0.048691833251954364
13.686636,13.833997,-0.14736077276611326
13.795492999999999,13.829764,-0.03427136614990367
14.001054,13.862032,0.13902206335449208
13.943849999999998,13.905286,0.038564164733884354
13.974389999999998,13.954912,0.019477814331052556
13.930673000000002,13.989969,-0.05929625354003676
13.800454,14.060557,-0.26010336541748025
13.594274,14.089079,-0.4948049031982418
13.698170000000001,14.029601,-0.3314310971069325
13.607606,13.97303,-0.3654240903320307
13.56761,13.891025,-0.32341458953857405
13.399875,13.806536,-0.40666072082519555
13.516917,13.73359,-0.21667312603759825
13.333525,13.712918,-0.37939328155517593
13.393984000000001,13.642918,-0.24893363305663918
13.386852999999999,13.589813,-0.20296023242187644
13.114943,13.542681,-0.4277377403564451
12.923892,13.513921,-0.5900287839965817
12.820399,13.413068,-0.5926688176879882
12.480589,13.32524,-0.8446511351928709
12.483379,13.161291,-0.6779121224365241
12.341998,12.957796,-0.6157980968017576
12.208988,12.7906275,-0.5816394795532229
12.294251,12.63938,-0.3451294550170907
12.687699,12.50136,0.18633906042480497
12.975112,12.488901,0.48621086169433525
13.046733,12.52945,0.5172825834350583
12.941937000000001,12.657539,0.2843976323242199
12.868456000000002,12.847052,0.021404379516603456
13.09479,13.01923,0.07556011108398408
13.044561999999999,13.102373,-0.05781112316894621
13.24789,13.112476,0.13541365112304682
13.223769,13.126217,0.0975521115722664
13.252603,13.1848755,0.06772751171875058
13.338020999999998,13.277781,0.06024046716308362
13.341586,13.323698,0.017887956176757314
13.386481,13.39444,-0.007958697265625148
13.175402000000002,13.419044,-0.243641540954588
13.217568,13.436817,-0.21924916918945314
12.990613999999999,13.439364,-0.4487504332885752
13.657833,13.390338,0.2674950559692384
13.595514,13.383884,0.21162957006835903
13.672714999999998,13.393614,0.2791011846923812
13.883546,13.491902,0.3916436486206063
14.055002,13.619649,0.43535306658935546
14.030508,13.85584,0.17466827069091728
14.159053,13.931874,0.22717872479248058
14.340864,14.053053,0.28781109777832015
14.555106,14.188438,0.36666758447265657
14.424887,14.309064,0.11582308856201173
14.416514999999999,14.399206,0.0173088385009752
14.387991,14.505413,-0.11742205541992234
14.183254999999999,14.576899,-0.3936435748291025
14.586172999999999,14.575937,0.01023572888183466
15.279341,14.535922,0.7434189495239263
15.558043,14.616026,0.9420170753173824
15.53963,14.789496,0.7501335781860359
15.677577000000001,15.035269,0.6423082164306653
15.846421,15.39447,0.4519507851562494
15.638252,15.691019,-0.052767058227539465
15.678513,15.801768,-0.12325530291747988
15.697239,15.837942,-0.14070312341308622
15.636692000000002,15.881343,-0.24465088787841616
15.697551,15.880711,-0.18315960180663993
15.248754999999997,15.833721,-0.5849661608886745
15.320725,15.803209,-0.48248430480957083
15.345816999999998,15.737253,-0.3914361890869156
15.205873,15.651412,-0.4455390101928707
15.248443,15.560233,-0.3117901161499024
15.564005,15.441624,0.12238131225585924
15.457236,15.474349,-0.017113021911621118
15.549305,15.498112,0.05119327514648475
15.797422000000001,15.531321,0.2661014281005869
15.437574,15.639378,-0.20180359399414094
14.597096,15.726329,-1.12923284979248
14.752521,15.633637,-0.8811164282836916
14.509397,15.515057,-1.005659610107422
14.048117,15.307922,-1.2598053632812505
14.210407999999997,14.94361,-0.7332021913452174
14.502531,14.636678,-0.13414674200439514
14.740349,14.570643,0.16970557501220718
14.587733000000002,14.494637,0.09309646435547059
15.312735000000002,14.500023,0.812712111816408
15.264672,14.7156925,0.5489794798583976
15.028415,14.940829,0.08758572296142653
15.174788000000001,15.096704,0.07808447064209112
15.06649,15.203397,-0.13690679718017584
14.879232,15.351747,-0.4725145591430664
15.229093,15.27431,-0.04521711199951106
15.279029000000001,15.22494,0.054088700012208335
15.087088999999999,15.259996,-0.17290741418457145
15.075229,15.250002,-0.1747729073486326
15.222539000000001,15.265419,-0.0428800063476551
15.010001,15.3436575,-0.3336564935913078
15.186273000000002,15.310201,-0.12392769122314284
15.281463,15.268194,0.013268801391602025
15.380522999999998,15.294506,0.08601692700195152
15.481268000000002,15.345313,0.13595492779541196
15.563661,15.379664,0.18399657891845678
15.639626,15.499193,0.1404328084716795
15.745302,15.594144,0.1511581325073248
15.882312000000002,15.688291,0.19402140399170165
16.27156,15.784841,0.4867194161987314
16.224917,15.910904,0.31401306933593887
16.383853,16.050491,0.33336166699218595
16.60076,16.208025,0.39273502136230576
16.415,16.382391,0.03260902404785071
16.53728,16.53115,0.006129182128905342
16.125374,16.587286,-0.4619119954833977
16.381855,16.626091,-0.24423600341796714
16.313381,16.620079,-0.30669804052734406
16.229989,16.546047,-0.3160582106933596
16.439718,16.511572,-0.07185388415527427
16.399114,16.455128,-0.05601371606445227
16.352955,16.521048,-0.16809259216308448
16.088379,16.516132,-0.42775335473632836
16.341654,16.504538,-0.1628835823974626
16.294188,16.520956,-0.2267680394287126
16.324388,16.477797,-0.15340855456543068
16.343977,16.448582,-0.10460469555664176
16.580236,16.437256,0.1429801406249993
16.480754,16.527267,-0.046513456054686486
16.281035,16.55676,-0.27572578796386793
16.309947,16.58627,-0.2763223786621083
16.167112,16.598858,-0.4317458796386724
16.359736,16.58508,-0.22534319311523276
16.317795,16.507612,-0.18981722839355442
16.441482,16.457253,-0.015770502441405654
16.744733,16.47618,0.2685538770751954
17.139022,16.527098,0.6119242979736335
17.4564,16.68589,0.7705098022460923
17.30446,16.870499,0.43396134277343634
17.778235,17.108229,0.670006316528319
17.736734,17.38208,0.35465392187499845
17.827804,17.613668,0.2141355582275395
17.5804,17.76846,-0.18805932006835846
17.781625,17.830175,-0.0485503997802752
17.754,17.946957,-0.19295663452148304
17.622466,17.935476,-0.31301030310058664
17.596724,17.924484,-0.32776025292968924
17.404916,17.877214,-0.47229843176269526
17.501291,17.873314,-0.3720229038085954
17.422496,17.803267,-0.3807705252685558
17.29002,17.726944,-0.4369239697265641
17.091933,17.66618,-0.5742466569824209
17.235083,17.579283,-0.3441997606201177
17.896522,17.536457,0.3600649382324228
17.820552,17.52515,0.29540170092773366
17.702202,17.574749,0.1274530070800779
17.582597,17.679245,-0.09664799511718769
17.407741,17.838863,-0.4311223728027329
17.611792,17.937296,-0.32550391369628784
17.364106,17.849834,-0.4857284421386723
16.982687,17.758892,-0.7762050593261733
17.075295,17.648016,-0.5727209759521479
16.9531,17.541666,-0.5885660308837899
17.060541,17.453789,-0.39324775732421813
16.842646,17.298765,-0.45611918249511874
16.730292,17.1881,-0.45780881481933733
16.817877,17.158337,-0.3404596394042976
17.152521,17.09344,0.059081897827148566
17.496896,17.089434,0.40746232995605425
17.399265,17.110336,0.28892869628906226
16.972956,17.224968,-0.2520119565429688
17.236652,17.353035,-0.11638297314453183
17.31325,17.464127,-0.15087658691406247
17.459853,17.49116,-0.031306439086915105
17.142475,17.441107,-0.2986317962646474
17.281544,17.402895,-0.12135097375488257
15.900275999999998,17.486748,-1.5864717416992207
15.719769,17.365412,-1.6456427584228521
15.689381,17.10399,-1.4146095548095712
15.71506,16.713167,-0.9981071905517584
15.744255,16.35604,-0.6117840472412102
15.972165,15.9320545,0.04011048034668008
16.091456,15.907441,0.18401486077880946
16.184691,15.962241,0.22244982720947348
16.411115,16.056395,0.3547204229736316
16.705118,16.186592,0.5185258979492176
16.925225,16.366789,0.5584361358642589
16.923962,16.544413,0.37954938708496044
17.192702,16.730024,0.4626776622314459
17.178807,16.941488,0.2373187340087881
17.241965,17.122093,0.11987179931640668
16.969752,17.245289,-0.2755368488769534
16.773329,17.294945,-0.5216157631835934
16.587011,17.313951,-0.7269404923095699
16.659644,17.214766,-0.5551215487060546
16.486273,17.094519,-0.6082456614990228
16.337535,16.92418,-0.5866440771484385
16.663433,16.79522,-0.13178642138671748
16.618275,16.73052,-0.11224524841308536
16.666275,16.724083,-0.05780794677734491
16.776171,16.707787,0.06838443994140775
16.81154,16.758947,0.05259262756347738
16.760697,16.86933,-0.10863245251464804
16.750908,16.894648,-0.14373959826660254
16.766066,16.93412,-0.16805417822265767
16.929331,16.961786,-0.03245527014160032
16.945752,16.974617,-0.028865004394532434
16.757539,16.990791,-0.23325232080077996
16.569327,17.012794,-0.443467494628905
16.634064,17.012245,-0.3781811782226576
16.781224,16.993814,-0.21259046838378737
16.776803,16.93373,-0.15692617175292867
16.69596,16.872988,-0.17702774719238334
16.827645,16.86202,-0.03437549255371053
17.027226,16.915318,0.11190846459960824
17.210386,16.978115,0.23227091821289036
17.045858,17.036886,0.008971784790038129
16.972594,17.10774,-0.13514640222167884
16.953647,17.200377,-0.24672951062011705
16.949857,17.25111,-0.30125307690429537
17.104911,17.23948,-0.13456806494140494
17.133333,17.185814,-0.05248090380859338
17.014595,17.18908,-0.17448428466796884
16.794487,17.21064,-0.4161529536132811
16.5308,17.21416,-0.6833609191894539
16.529853,17.174906,-0.6450527769775398
16.747118,17.058878,-0.31175994494628867
16.531116,16.932549,-0.40143252294921794
16.408904,16.820755,-0.4118510048828128
16.474273,16.74805,-0.27377768969726546
16.356795,16.741,-0.38420422180175606
16.389957,16.718065,-0.3281082618408213
16.577222,16.625483,-0.04826055920410255
16.773961,16.606329,0.16763203576660146
16.790666,16.652264,0.13840235864257977
16.571222,16.704967,-0.1337454987792981
17.929762,16.787117,1.142644995605469
18.061447,16.985975,1.0754717344970715
18.760928,17.238358,1.5225704560546873
18.705349,17.577457,1.1278915720214826
18.634611,18.006382,0.628229011474609
18.678506,18.550617,0.1278887819824206
18.713243,18.745106,-0.03186274340820461
18.977878,18.917559,0.06031932995605516
18.771034,18.925375,-0.15434098474121072
18.705349,18.949799,-0.24444958398437677
18.67219,18.987913,-0.3157231317138667
18.594468,19.00484,-0.410372850830079
18.825889,18.996876,-0.17098676293945303
18.855422,18.925257,-0.06983472912597577
18.858916,18.923641,-0.0647252048339837
18.698548,18.951305,-0.25275738940429804
18.974507,18.980766,-0.006259296386719626
19.199339,19.05185,0.14748963476562338
19.20315,19.093706,0.10944386901855552
19.25396,19.153282,0.10067783447265555
19.284445,19.235102,0.04934330017090005
19.502291,19.380404,0.12188748132324179
19.867485,19.480314,0.3871707452392563
19.81604,19.573126,0.24291416076660255
20.177106,19.699926,0.477179623657225
20.101526,19.870745,0.23078129479980447
19.963388,20.066021,-0.10263296557617352
20.245699,20.206694,0.03900535070800615
20.476882,20.271784,0.20509817126464824
20.557225,20.390818,0.1664073577880849
20.500699,20.444252,0.05644698583984464
20.828759,20.537788,0.2909706088867203
20.95102,20.713825,0.23719477416992163
20.864326,20.852394,0.011931895996092123
20.515327,20.944925,-0.42959830822753986
20.290812,20.99192,-0.7011084711914073
20.495321,21.013016,-0.5176947470703119
20.468646,20.928808,-0.46016221228027376
20.490875,20.798422,-0.3075468597412119
20.419742,20.688509,-0.2687669874267584
20.208564,20.670237,-0.461672587524415
20.190781,20.691956,-0.5011745664062488
20.06852,20.637117,-0.5685973858642583
20.086304,20.563538,-0.4772335976562516
20.206341,20.467274,-0.2609327121582048
20.446417,20.392435,0.05398192614746122
20.657594,20.403751,0.25384262670898394
20.788746,20.462366,0.32637989587402316
20.779855,20.599371,0.18048404357910286
20.902115,20.761555,0.14056028198242032
21.332917,20.92042,0.4124973070068343
21.195541,21.071873,0.12366828881835801
21.204432,21.19226,0.012171257812500613
21.125519,21.293945,-0.1684263124999994
21.166643,21.400793,-0.2341500755615229
21.440062,21.476223,-0.03616099194335831
21.188872,21.456709,-0.26783690808105476
21.068834,21.470219,-0.4013846584472667
20.693139,21.465544,-0.7724047469482436
20.991032,21.434467,-0.44343531567382755
20.881887,21.38375,-0.5018639155273448
21.055497,21.241167,-0.1856700684814463
21.604558,21.176645,0.42791272106933675
21.568991,21.207888,0.36110335046386766
21.71148,21.389519,0.3219612622070329
22.011352,21.53312,0.47823279833984245
21.869085,21.76577,0.10331504150390458
21.817958,21.975536,-0.15757834643554602
21.251114,22.039486,-0.7883719313964832
21.368928,22.060265,-0.6913365874023434
21.248891,22.010136,-0.7612446506347652
21.144414,21.841137,-0.6967229323730457
21.108847,21.67828,-0.5694328767089836
21.106624,21.505527,-0.3989034963378906
21.164707,21.477804,-0.313097183959961
21.443955,21.41565,0.02830558593749899
21.439487,21.414204,0.025283356201171614
21.723202,21.463593,0.25960947070312557
21.781285,21.566143,0.21514196411132858
21.888516,21.705881,0.18263488122558513
22.152126,21.864086,0.2880398488769522
22.458181,21.991587,0.46659431481933566
22.467116,22.181826,0.28529036218261794
22.46935,22.336037,0.13331331787109235
22.634665,22.50203,0.13263558105468576
22.683812,22.670452,0.013359882080077767
22.53838,22.78966,-0.25127950012207023
22.815617,22.823568,-0.007951344116211345
22.842425,22.879269,-0.03684364624023573
22.898274,22.954344,-0.056069795776366504
23.076992,23.001945,0.07504650439453187
22.102978,23.065414,-0.9624364287109373
21.919792,23.096966,-1.1771737897949208
22.10968,22.975649,-0.8659688800048819
21.973407,22.808325,-0.8349178138427717
21.89075,22.587374,-0.6966237335205072
22.563178,22.28514,0.27803891613769594
22.659239,22.304012,0.3552267014160151
22.71062,22.425972,0.28464801513671745
22.703918,22.537569,0.16634895397949379
22.531902,22.715706,-0.18380387158203249
22.692748,22.917843,-0.22509486499023268
22.739662,22.94211,-0.20244806164550866
22.554242,22.948137,-0.39389528332519674
22.576581,22.928125,-0.35154438146972566
22.92955,22.903229,0.026321240234373988
22.730726,22.955923,-0.22519708044433528
21.863942,22.967016,-1.103074220092772
22.507328,22.883015,-0.375686678955077
22.364354,22.850388,-0.48603357324218877
22.507328,22.799639,-0.2923107481689442
22.156594,22.656122,-0.4995282076416032
22.31744,22.541828,-0.22438815551757685
22.254889,22.66916,-0.4142718428955092
22.254889,22.610106,-0.3552165145263686
22.060533,22.584793,-0.524260090820313
22.518498,22.497303,0.02119499096679789
22.567646,22.536541,0.031105014892577998
22.50286,22.558659,-0.05579859985351732
22.297334,22.612495,-0.31516142236328193
22.060533,22.656225,-0.5956922044677739
21.790221,22.722155,-0.9319336173095714
21.504272,22.607538,-1.1032662232666013
21.819263,22.411764,-0.5925011448974615
22.286164,22.217264,0.06889982458496036
22.891572,22.11851,0.773062707397461
23.007739,22.1786,0.829138688720704
23.418791,22.397614,1.0211774746093738
23.505916,22.795982,0.7099336391601554
23.481342,23.181684,0.2996575059814468
23.845481,23.480194,0.3652869082031245
23.97952,23.666897,0.31262317993164146
23.899096,23.870592,0.028503882690429805
24.126962,23.983616,0.14334612475585828
24.439719,24.10766,0.33205870642089863
24.261001,24.292252,-0.03125058691406224
24.319084,24.394495,-0.07541101037597642
24.388338000000005,24.475084,-0.0867463048095658
24.457889999999995,24.594072,-0.13618234191894985
24.417504999999995,24.665297,-0.24779155456543478
24.612701,24.654411,-0.04171031591796748
24.960465,24.715263,0.24520163330078049
25.312716,24.809452,0.5032639431152361
25.617851,24.95401,0.6638409902343767
25.575222,25.158482,0.4167404020996095
25.907280000000004,25.4258,0.4814796765136755
25.727788999999998,25.702763,0.025026396240232174
26.095746,25.906233,0.18951316613769364
26.131644,26.057192,0.07445215124511861
26.615148,26.1561,0.45904868054199355
26.385175,26.33499,0.05018545227050808
26.699284,26.447182,0.25210229833984243
26.683579000000005,26.655031,0.028547795776372453
25.817535,26.788729,-0.9711937139892584
25.718814,26.845789,-1.1269749556884783
26.010487000000005,26.70364,-0.6931529841308546
25.911767,26.605513,-0.6937456190185536
25.801829,26.398653,-0.5968240303955064
25.218483,26.17399,-0.95550724963379
25.604389,26.124825,-0.5204355239257801
25.11752,26.093615,-0.9760945782470714
25.04348,25.928144,-0.8846644549560558
24.619431999999996,25.74536,-1.125927420776371
24.281765,25.523308,-1.2415428002929687
23.949706,25.384258,-1.4345522702636728
24.547636,25.049524,-0.5018883072509759
25.274573999999998,24.847946,0.42662783300781015
25.079378,24.743559,0.3358191163330062
25.33964,24.802942,0.5366977239990227
25.249894,25.01723,0.23266491979980586
25.130981999999996,25.358145,-0.22716276013184
25.575222,25.538067,0.03715513598632825
25.557273,25.553782,0.0034914906005845125
25.245407,25.649162,-0.4037552924804686
24.765269,25.659496,-0.8942273073730469
24.529687,25.637304,-1.1076173060302743
23.838646,25.581436,-1.7427901572265618
23.84089,25.284689,-1.4437989495849592
24.175192,24.908379,-0.7331866010742196
25.104058,24.596811,0.5072467054443344
25.130981999999996,24.502655,0.6283269707031209
24.511738,24.54784,-0.03610211840820199
24.72937,24.783987,-0.05461704528808653
24.635138,25.034246,-0.3991084447021471
23.966534,25.185928,-1.2193943447265632
23.780312,25.003386,-1.2230735438232436
24.392825,24.737722,-0.3448973968505875
24.579046999999996,24.65283,-0.07378312390137154
25.218483,24.536997,0.681486158569335
25.348614,24.535116,0.8134978043212904
25.375538,24.802097,0.5734406794433582
24.487058000000005,25.18296,-0.6959025102539016
25.871382,25.344664,0.5267183800048834
26.676848000000003,25.541492,1.1353555378418
26.286455,25.699032,0.5874231701660158
26.616269000000003,25.884617,0.731652148193362
26.620757000000005,26.138084,0.4826725883789109
26.824928,26.691448,0.133479788330078
27.015636999999998,26.905382,0.11025484362792781
26.788141,26.9365,-0.1483595493164067
26.966082999999998,27.083223,-0.11714034289551023
27.484141999999995,27.157223,0.3269192521972606
28.128336999999995,27.291159,0.8371783238525339
28.484221,27.474066,1.0101552193603531
28.623871,27.714626,0.9092446877441418
28.792804,28.110859,0.6819450827636722
28.992144,28.534666,0.4574779385986325
28.932454,28.879618,0.05283630895996083
29.167833,29.077522,0.09031072216797043
29.957309,29.215149,0.7421600742187486
29.770358,29.41434,0.35601893444824384
29.009037,29.62079,-0.6117534815673835
29.375057,29.733912,-0.3588545142822248
28.934707,29.864376,-0.9296690681152349
29.07661,29.883856,-0.8072458197021497
29.137424999999997,29.659258,-0.5218328887939485
28.952726,29.477156,-0.5244296854248063
28.472959,29.488907,-1.015947860351563
28.515755000000002,29.340963,-0.8252083636474588
28.637386000000003,29.277561,-0.6401751877441377
28.044997,29.160206,-1.1152088410644545
27.533695999999996,28.9608,-1.427104170898442
28.031482,28.71842,-0.686938028686523
27.837774,28.591784,-0.7540095235595707
28.144104,28.426828,-0.2827243843994154
28.614862,28.241516,0.3733458867187487
28.936959,28.28274,0.6542193607177751
28.717346999999997,28.547441,0.1699055174560513
28.358085,28.709692,-0.35160700134277434
28.653153,28.912636,-0.2594828032226566
28.536027,29.042349,-0.5063218616943352
27.790473,29.033693,-1.2432203135986342
27.984181,28.856073,-0.871892379516602
27.761191,28.699934,-0.9387430057373045
28.463948999999996,28.597431,-0.13348218286133218
28.026978,28.448328,-0.42135001818847684
27.986433999999996,28.32146,-0.33502672387695753
28.227444000000002,28.395079,-0.1676346590576152
28.684687000000004,28.432863,0.251823764526371
28.382861,28.589245,-0.20638384252929853
28.290512,28.561005,-0.27049263867187534
28.506745,28.652367,-0.14562163818359508
28.628376,28.773085,-0.1447086405029303
28.572065,28.848944,-0.27687871032714995
28.448182,28.80588,-0.3576975928955086
28.556298,28.841122,-0.28482367358398264
28.418899999999997,28.908155,-0.4892554412841825
28.099055,28.904757,-0.8057015460205079
28.740998,28.827808,-0.08681038012695197
28.585579999999997,28.79882,-0.2132404956054721
28.970744999999997,28.816235,0.15451041137695043
29.207250999999996,28.849773,0.357477593017574
29.344649,28.979202,0.3654467294921879
29.878473999999997,29.25305,0.6254241495361299
29.407717000000005,29.43523,-0.02751325512694791
28.97525,29.675734,-0.7004835662841806
28.189153,29.772058,-1.5829054869384755
29.045075999999998,29.69304,-0.6479648477783222
28.988765,29.573132,-0.5843665612792961
28.33556,29.300188,-0.9646280645751943
28.157618000000003,29.098783,-0.9411654930419893
28.331056,28.962133,-0.6310774075927732
28.864836,29.023973,-0.15913746496581993
28.570804,28.883663,-0.3128591774902354
28.467893,28.760168,-0.2922750755615233
28.500689,28.814005,-0.3133158980712878
29.165652,28.918055,0.2475974193115249
29.12494,29.035677,0.0892630438232409
29.446113,29.044785,0.4013284541015629
29.418972,29.195747,0.22322462451171887
29.416709999999995,29.41648,0.00023088928222136929
29.717527,29.653713,0.0638137736816411
29.977631,29.746798,0.230833438354491
29.317192,29.902788,-0.5855961622314467
29.865672999999997,29.941656,-0.07598311267090097
29.805736,30.01614,-0.2104039841308598
29.466469,30.105484,-0.6390150087890625
29.524144,30.086836,-0.562691861206055
29.394091999999997,29.981138,-0.5870462293701202
29.430281000000004,30.038,-0.6077191068115191
29.258385,29.929615,-0.6712300207519526
29.097799,29.81259,-0.7147906453857438
28.905548000000003,29.758821,-0.8532734874267547
28.819600000000005,29.649044,-0.8294440368652296
29.14982,29.539074,-0.3892539440917986
29.084227999999996,29.426079,-0.3418507963867228
28.763056,29.363802,-0.600745956176759
28.706511,29.32041,-0.6138987747802744
28.860312,29.30684,-0.4465288966064449
28.792459,29.314663,-0.5222039333496085
28.923642,29.222013,-0.2983714735107412
28.634134,29.155022,-0.5208876674804692
28.862574,29.15808,-0.29550514733886857
28.731391,29.184832,-0.45344061926269674
28.975663,29.16175,-0.18608779345703041
28.837693999999995,29.175642,-0.3379480135498092
28.668061000000005,29.15375,-0.4856884659423777
28.165946,29.197075,-1.031128890136717
28.368374999999997,29.116108,-0.7477329406738313
28.634134,29.04495,-0.41081648522949266
28.597945999999997,28.912992,-0.31504647741699543
28.498427,28.82498,-0.3265527821044927
28.428312,28.78237,-0.3540576136474627
27.722637,28.873743,-1.1511060572509777
27.157191999999995,28.835527,-1.6783354200439504
27.883223,28.61141,-0.72818714099121
28.421527000000005,28.384878,0.03664884143066871
28.410218,28.23561,0.17460894543457073
28.683893,28.149054,0.5348394263916028
29.066134000000005,28.322626,0.7435078861084037
29.317192,28.738297,0.5788954912109361
29.871328,29.031448,0.8398796357421858
29.572773,29.277927,0.2948456013183609
28.322007999999997,29.570124,-1.2481156724853548
28.308438,29.690125,-1.3816865117187511
28.15916,29.621367,-1.4622065008544922
27.767872,29.404108,-1.636236047485351
27.905841,28.938618,-1.0327767062988293
27.817631,28.507833,-0.6902024808349623
27.677400999999996,28.394585,-0.7171836557617226
27.435391000000003,28.256325,-0.8209337680664035
26.788522,28.11816,-1.329638247802734
25.929045,27.99942,-2.0703751660156264
26.100941,27.69437,-1.5934292697753918
26.157485000000005,27.322931,-1.1654462896728468
26.246093,26.936739,-0.6906459678955095
27.200331000000002,26.597134,0.6031973635253927
25.784878,26.525206,-0.7403276121826181
26.182476999999995,26.631357,-0.44888019299316895
26.162029,26.679222,-0.5171931069335933
26.346061,26.698961,-0.35290025793457147
26.6187,26.70136,-0.08266070251464797
26.468748000000005,26.468555,0.00019254956055192451
26.130221,26.644327,-0.5141061636962903
25.59403,26.687958,-1.093927763671875
24.028625,26.665813,-2.63718844604492
23.428818,26.386276,-2.957458245117188
23.569682,25.81836,-2.2486773749999998
24.921518999999996,25.155378,-0.23385934167480826
25.655373999999995,24.631098,1.0242762064208932
25.739438,24.38048,1.3589581873779295
25.619022,24.683428,0.9355941893310558
24.473935999999995,25.23125,-0.7573147629394583
25.523598,25.675867,-0.15226908068847678
25.076015,25.778643,-0.7026276544189436
24.826095999999996,25.65229,-0.8261943442382851
25.516782,25.459946,0.056836321289061686
25.026031,25.339544,-0.31351329626464874
25.575853999999996,25.526817,0.04903667822265234
25.948461,25.46334,0.485120240722658
26.198380999999998,25.591293,0.6070876650390602
26.418765000000004,25.863607,0.5551575933837931
26.4483,26.015284,0.43301641540527314
25.882574,26.355772,-0.47319801843261544
25.77579,26.520554,-0.7447635888671869
26.175661,26.545643,-0.3699818527832015
25.764430000000004,26.5088,-0.7443705065917925
25.973453000000003,26.377249,-0.40379576403808315
26.127949,26.234375,-0.10642599999999902
26.062060999999996,26.266348,-0.20428688513183957
25.546318,26.33686,-0.7905426567382818
24.778384,26.251123,-1.4727394283447275
24.980591,26.172062,-1.1914709201660152
24.896527,25.973192,-1.0766652149658213
25.078287,25.6802,-0.601913576782227
25.169167,25.391516,-0.22234873181152182
25.289583,25.253963,0.03561952954101599
25.169167,25.354948,-0.18578104382324057
24.878352000000003,25.407137,-0.5287849171142547
25.473614,25.458275,0.015339158691407562
25.355471,25.495258,-0.1397873312988267
25.398638999999996,25.522497,-0.12385817712402769
25.039663,25.531229,-0.49156601916503817
25.414542000000004,25.550043,-0.13550110607909716
25.228239000000002,25.667578,-0.43933874353027136
25.385007,25.6124,-0.22739305493163897
25.848494,25.59918,0.24931377844238156
25.846221999999997,25.626442,0.21978004443359112
26.241549000000003,25.794235,0.4473137705078152
27.054923,25.923292,1.131630839965819
26.191564999999997,26.228708,-0.037143267211916964
26.025709,26.496614,-0.4709054561767587
27.098091,26.614532,0.48355852929687515
27.384363000000004,26.81401,0.5703523798828165
27.150347,26.9885,0.16184640490722657
27.532042,26.973114,0.5589279863281256
27.84785,27.261215,0.5866347900390636
27.718346,27.670204,0.04814183740234412
27.591114,27.814016,-0.2229023421630849
27.623059000000005,27.88289,-0.2598317012939404
27.511252,28.020521,-0.5092691639404308
26.644181000000003,28.040382,-1.396201385253903
26.493585,27.877491,-1.3839059973144536
26.404596,27.665266,-1.2606700369873032
25.633359,27.420061,-1.7867021114501966
26.052063,27.046343,-0.9942798497314449
25.941396999999995,26.66132,-0.7199227326660207
26.762833,26.487228,0.27560460644531304
27.102816,26.419256,0.6835597896728522
27.221468,26.462158,0.7593097968750016
26.867794000000004,26.79873,0.06906314978027694
27.125634,27.038809,0.08682517736816564
26.931683999999997,27.34104,-0.40935565759277637
26.881485000000005,27.410944,-0.5294589849853466
26.993292,27.372679,-0.3793867567138669
26.774242,27.30112,-0.5268787580566396
26.532375,27.308939,-0.7765639801025408
26.285944,27.207615,-0.92167089868164
27.15986,27.10944,0.05042015014648271
26.988727999999995,27.073149,-0.08442072741699747
26.977319,27.028475,-0.05115580773925643
26.381778,27.062666,-0.6808879393310541
26.507275,27.120888,-0.6136127563476563
25.825027,27.22502,-1.399992454956056
25.665304000000003,26.999456,-1.3341524056396459
25.211232000000003,26.741785,-1.530553049438474
25.405182,26.389624,-0.9844416419677735
24.866686,26.156776,-1.2900904282226549
24.193565,25.810266,-1.616701494750977
24.490194,25.53805,-1.0478556978759777
24.467377,25.259024,-0.7916466663818369
24.78226,25.074026,-0.2917661077880851
24.649918,24.847254,-0.197335799438477
24.373823999999995,24.774254,-0.40042984521484826
24.811923,24.870226,-0.05830290637207014
24.487912,24.910418,-0.42250555676269386
24.017869,24.94468,-0.9268102602539052
24.038405,24.834997,-0.7965921771240225
23.436018,24.721998,-1.285980214721679
22.977383,24.600857,-1.6234737810058597
22.007633,24.251009,-2.2433759874267594
22.124003,23.823631,-1.6996282866210954
22.48224,23.421421,-0.9391810510253897
22.808533,22.979362,-0.17082948779296814
22.222119,22.724386,-0.5022672152099616
22.708135,22.566755,0.14137970520019394
22.162793,22.709658,-0.5468646690673822
22.05555,22.790905,-0.7353549987792967
22.085213,22.735575,-0.6503617222900395
21.973406,22.563124,-0.589717703002929
23.141671,22.527586,0.6140850167236316
22.689881,22.451094,0.23878732629394506
22.815378,22.558804,0.2565744416503897
21.316258,22.732473,-1.4162153734130847
21.469136,22.776798,-1.3076622482910167
22.21071,22.77005,-0.5593400488281262
22.003069,22.444036,-0.44096748376464845
21.558125,22.235445,-0.6773200225830074
21.984815,21.95031,0.034505246582032356
22.160511,22.101074,0.059436781249999626
21.568647,22.241722,-0.6730751069335952
21.795757,22.138617,-0.34285956188965017
21.791169,22.086239,-0.29506986108398436
21.625998,22.154844,-0.528846284057618
21.495237,22.08557,-0.5903323817138677
21.561764,21.939966,-0.3782022017822264
22.169687,21.948673,0.22101375170898407
22.509207,21.946135,0.5630724327392578
22.082514,22.017874,0.06464023596191382
22.032044,22.149958,-0.11791365686035249
22.224745,22.321228,-0.09648302734375136
21.722348,22.48974,-0.7673923717041014
22.045809,22.446938,-0.4011285610351578
22.197216,22.306053,-0.1088371616210928
22.231627,22.299545,-0.06791828808593792
22.181158,22.324661,-0.14350325488281257
23.062072,22.304134,0.7579376311035162
23.112541,22.515093,0.5974481502685549
23.284595,22.708052,0.5765433184814448
23.630996,22.92456,0.7064354531249997
23.369475,23.20894,0.16053449401855602
23.176775,23.534266,-0.3574905181884773
23.197421,23.605759,-0.408337666992189
23.208891,23.652672,-0.4437808139648425
23.458943,23.642742,-0.18379915698242044
23.518588,23.552649,-0.03406054431152228
23.991162,23.555779,0.43538349658203046
24.310035,23.675201,0.6348335839843742
24.271036,23.865883,0.4051531264648425
24.298565,24.104158,0.19440659851074216
24.296271,24.307472,-0.01120122900390541
24.482089,24.51378,-0.03169159387207188
24.34674,24.61461,-0.2678706719970698
24.241213,24.628859,-0.38764556628418134
24.131099,24.643845,-0.5127456044921885
24.702317,24.632214,0.07010340747070387
25.133598000000003,24.661524,0.4720741810302762
25.002838,24.711355,0.2914827906494146
25.232243,24.84107,0.391172824829102
25.49147,25.051802,0.43966831848144494
25.190950000000004,25.35267,-0.16172066955565967
25.454765,25.502893,-0.04812844787597825
24.899605,25.557444,-0.657838618774413
24.927133999999995,25.610998,-0.6838641536865282
25.00972,25.572412,-0.5626924908447251
25.335475,25.447361,-0.11188599243164177
25.702523000000003,25.429419,0.27310443615722946
25.716286999999998,25.393274,0.3230126927490211
25.200126000000004,25.55721,-0.35708492224120647
24.656436,25.696589,-1.0401525162353522
24.525675000000003,25.742659,-1.2169836151123015
24.576145000000004,25.627958,-1.0518132977294883
24.310035,25.362812,-1.052777042236329
24.243507,25.037193,-0.7936862983398427
24.105865,24.81497,-0.7091050164794908
23.938399,24.708757,-0.7703584005126949
22.440385,24.600657,-2.160271509399415
21.754465,24.308094,-2.5536290246582034
21.504413,23.898453,-2.394039758789063
21.481473,23.346756,-1.8652829814453113
21.834756,22.722788,-0.8880318570556653
21.607645,22.112762,-0.5051174511718735
21.520472,21.89415,-0.3736777802734359
21.400452,21.85121,-0.4507576405029283
21.416608,21.85847,-0.4418629167480468
21.562017,21.859184,-0.2971672651367179
21.351982,21.764977,-0.4129945014648442
20.85113,21.71848,-0.8673491564941394
20.892676,21.638174,-0.7454980570068344
21.668188,21.552431,0.11575689343261786
21.578173,21.509508,0.06866486706542929
21.825137,21.456083,0.3690537022705094
21.742047,21.509752,0.23229472644042914
21.97747,21.732792,0.24467809936523466
22.256747,21.985289,0.27145838000488354
22.596034,22.071974,0.5240601993408198
22.993022,22.250366,0.7426557890624998
23.17536,22.44507,0.7302897332763685
23.161511,22.74047,0.4210401137695321
23.048416,23.020712,0.027704101196288633
22.725286,23.241842,-0.5165562698974604
22.554488,23.343637,-0.7891494664306649
22.60065,23.293873,-0.6932228332519514
22.764523,23.165327,-0.4008040721435542
22.856846,23.037807,-0.1809614645996085
22.836073,22.952682,-0.11660949511718854
22.999946,22.967592,0.03235376062011852
22.810684,23.054676,-0.24399205590820472
22.466781,23.127962,-0.6611811124267568
22.494478,23.11906,-0.624582516357421
22.42062,23.057774,-0.6371535900878911
22.515251,22.975866,-0.4606153177490242
22.002859,22.83914,-0.8362809383544914
21.949773,22.70248,-0.752707316162109
22.136727,22.62035,-0.48362288403320264
22.053636,22.51993,-0.4662938858642569
22.18058,22.427067,-0.24648680297851655
21.557401,22.312841,-0.7554404154052747
21.243503,22.289118,-1.045614813110351
21.601254,22.211502,-0.6102480751953117
21.788208,22.06457,-0.27636147326660065
22.065177,21.949478,0.11569885058593599
22.132111,21.836344,0.29576723474120925
21.924384,21.936363,-0.011979220214843878
22.04902,22.134546,-0.08552627990722783
22.143651,22.24798,-0.10432911779785314
22.314449,22.325075,-0.010626149536133056
22.383691,22.350447,0.03324429895019421
22.485246,22.381891,0.1033547493896485
22.358302,22.499397,-0.1410952778320329
22.801452,22.589128,0.21232350573730585
22.799144,22.697142,0.10200235266113111
23.041492,22.788662,0.25283004321289226
23.050724,22.905035,0.14568898107910044
23.071497,23.024672,0.04682544543457112
22.949169,23.202478,-0.2533094088134753
22.771447,23.257414,-0.48596686413574375
22.466781,23.292864,-0.8260828458251943
22.312141,23.21425,-0.9021095645751949
23.76161,23.083014,0.6785964654541026
24.082432,23.050154,1.032278267700196
24.052428,23.165768,0.8866603303222647
24.477112999999996,23.41499,1.0621235285644488
24.114746,23.848898,0.2658480660400393
24.417103,24.357403,0.059700198486329015
24.567128,24.49919,0.06793862316894561
24.940728000000004,24.584656,0.35607223828125356
25.147253,24.736595,0.41065784619140544
25.249354999999998,24.83076,0.4185959515380837
25.061394,25.078983,-0.017589306884765676
25.045151,25.260029,-0.21487783911132752
25.103163,25.404013,-0.3008496800537124
25.404828,25.447779,-0.04295070178222815
25.381623,25.46303,-0.08140686145019416
25.344494999999995,25.469093,-0.12459832275391136
25.312008,25.538612,-0.22660436572265752
25.376981999999998,25.616789,-0.23980686413574404
25.17974,25.685898,-0.5061578271484386
25.258637,25.654934,-0.39629692944335915
25.068356000000005,25.625109,-0.5567527188720653
24.961613,25.584232,-0.6226193303222658
24.815421000000004,25.52675,-0.7113295645751911
24.787575,25.418768,-0.6311929290771481
24.597293999999998,25.340876,-0.7435816256103536
24.620499,25.206337,-0.5858379750976574
24.766691000000005,25.10381,-0.337118356689448
24.998740999999995,25.032663,-0.033922345336918625
24.991778999999998,25.02873,-0.036951392456057164
25.144932,25.053495,0.09143659289550854
24.48591,25.161934,-0.6760238989257807
23.931311,25.222012,-1.2907005661621085
24.467346,25.15278,-0.6854345328369149
25.049792,25.002003,0.04778928393554693
25.936221999999997,24.900015,1.0362071226806613
26.818012,24.88073,1.9372823247070308
26.66718,25.229109,1.4380711895751936
26.356233,25.854502,0.5017312757568355
26.353912,26.378927,-0.025015230834959823
26.349271,26.759634,-0.4103630179443343
26.597565,26.89266,-0.2950951409912115
26.154348999999996,26.79483,-0.6404813222656287
26.193797999999997,26.707594,-0.5137959178466822
26.242527999999997,26.689526,-0.44699760424805035
26.442091000000005,26.664927,-0.22283552893065917
26.031362999999995,26.656042,-0.6246790989990281
26.233246000000005,26.549969,-0.31672271948241715
26.110259999999997,26.567247,-0.4569873907470736
26.221644,26.56294,-0.3412965975341784
26.233246000000005,26.547407,-0.31416115026854996
26.428168,26.479334,-0.051165877563477125
26.467617,26.548492,-0.08087543164062438
26.929395999999997,26.582544,0.34685167321777044
26.987409,26.710047,0.277362231811523
27.228741000000003,26.855175,0.3735659816894561
27.145203000000002,27.05348,0.0917228516845725
27.296035,27.227392,0.06864280334472639
27.277471000000002,27.422007,-0.14453560705566204
27.258907,27.504543,-0.2456363044433587
27.17769,27.577597,-0.3999066644287126
27.163767,27.57813,-0.41436372204589844
27.057024000000002,27.595457,-0.5384330770263652
27.300676,27.555117,-0.25444065344238354
27.439906000000004,27.531677,-0.09177124609374587
26.822653,27.536901,-0.7142484739990245
26.565078,27.523943,-0.9588649473876956
26.38872,27.458542,-1.0698218701171882
26.346951,27.363783,-1.016831882690429
25.871248,27.153973,-1.2827246257324205
25.894453000000002,26.827986,-0.9335327635498025
25.618314,26.62531,-1.0069968978271469
25.387392,26.438755,-1.0513630354003922
25.753602,26.242445,-0.4888429920654289
25.905217,26.05349,-0.14827268505859337
25.863231000000003,26.014942,-0.1517111691894506
25.142475,25.98315,-0.8406754821777334
25.291758,25.970423,-0.678664744750975
24.657307,25.992395,-1.3350884010009771
24.983862,25.828114,-0.8442515559082047
25.655635000000004,25.590168,0.06546700073242562
25.646305,25.410727,0.23557845275879075
25.671963,25.47475,0.19721248120117352
26.061497,25.533855,0.5276415617675774
26.077825,25.833982,0.2438425323486335
25.944870000000005,26.088312,-0.14344214904784636
26.075492,26.16834,-0.09284868298339788
26.024176,26.268265,-0.24408877050781186
25.998518,26.366655,-0.36813734973144463
25.779258999999996,26.354973,-0.5757138393554726
25.539008,26.315153,-0.7761451219482431
25.634641999999996,26.271965,-0.6373230268554728
25.450371000000004,26.171547,-0.7211759360351522
25.646305,26.05405,-0.40774544555663894
25.898219,25.94174,-0.0435210360107412
26.152466000000004,25.917048,0.23541849938965242
26.579322,26.00657,0.5727511839599622
26.427706,26.14579,0.28191589990234434
26.868557,26.377241,0.49131586535644445
26.868557,26.621897,0.24666025622558507
27.015507,26.84107,0.17443682482910106
27.050495000000005,27.030607,0.019887776489262876
27.206775,27.129622,0.07715349426269569
27.279084,27.303457,-0.02437326013183494
27.304742,27.381943,-0.07720074902343654
27.125136,27.480196,-0.35505999914550657
27.178785,27.532585,-0.35380014404296745
27.351393,27.574171,-0.22277806628417807
27.234765999999997,27.586443,-0.3516769473876984
27.227768000000005,27.577526,-0.34975809252929224
27.015507,27.559862,-0.5443551368408208
27.092480999999996,27.571129,-0.47864784521484793
27.062158,27.55859,-0.4964319353027342
27.199778,27.488157,-0.28837927233886873
27.503008,27.457312,0.045696369750977794
27.754922999999998,27.464603,0.2903195759277324
27.782912999999997,27.583733,0.19918039501952833
27.932196,27.722681,0.20951495446777457
27.815568999999996,27.912157,-0.09658805871582388
27.766586,28.07929,-0.3127043900146482
27.990509999999997,28.16378,-0.17327021240234686
27.988176999999997,28.196907,-0.2087300434570345
27.939194,28.234776,-0.2955815432128901
27.990509999999997,28.23479,-0.24428080200195623
28.00917,28.274546,-0.26537566955566305
27.983512000000005,28.334755,-0.35124294384765165
28.429027999999995,28.333668,0.09536024487304218
28.443023,28.375927,0.06709602856445329
28.445356,28.465597,-0.02024115270996063
28.370713999999996,28.5651,-0.19438571618652745
28.305403,28.66777,-0.3623673857421892
30.031483999999995,28.774632,1.2568524997558548
29.980168,28.917318,1.062849655883788
30.108458,29.170992,0.937466102416991
30.390696,29.518543,0.8721527565917953
30.679931,29.977146,0.7027848513183592
30.798891,30.538795,0.2600955288085949
31.020482,30.67985,0.34063237536621216
30.950204999999997,30.89171,0.058494718627926545
31.224286999999997,31.099083,0.12520405322265304
31.629554,31.271515,0.35803910742187384
31.744341,31.42987,0.3144703945312486
31.705688,31.612204,0.0934844019775376
31.793535,31.767647,0.025888210449217297
32.023108,31.97257,0.050537580688477135
32.119154,32.140545,-0.021390891357420116
31.983284,32.22927,-0.2459869350585926
32.013738,32.294792,-0.2810541752929723
32.076987,32.378246,-0.3012593073730443
32.091043,32.446495,-0.35545205615234465
32.746966,32.456886,0.2900797084960942
32.552532,32.506767,0.04576472705078061
32.744623,32.6261,0.11852436718749715
32.64155,32.77706,-0.13551146240234146
32.683716,32.927116,-0.24340039404297187
32.561902,33.085506,-0.5236044392089809
32.486939,33.05402,-0.5670809279785161
32.594698,33.061787,-0.46708865161132707
32.608754,33.01527,-0.4065162331542993
32.559559,32.99882,-0.43926225854492174
32.903919,32.967964,-0.06404517236327933
32.957798,33.002716,-0.04491806445312818
32.793818,33.087982,-0.2941641777343733
33.138177,33.148525,-0.010348238037110491
32.758679,33.2398,-0.481120499511718
33.128807,33.33284,-0.2040329658203106
33.011678,33.353287,-0.3416087431640591
32.946086,33.363564,-0.41747753759765516
33.002308,33.41655,-0.4142416826171882
33.686342,33.375652,0.31068968676758146
33.761304,33.507343,0.2539607077636745
33.716795,33.59352,0.12327388183593513
33.653546,33.74887,-0.09532484960937637
33.662916,33.94076,-0.27784556616210665
33.913572,34.12658,-0.2130072846679667
33.737879,34.14737,-0.4094903847656255
33.653546,34.146614,-0.4930680747070326
33.578583,34.149284,-0.5707013627929669
33.538759,34.155403,-0.6166441372070324
33.178001,34.1441,-0.9660991892089825
33.217825,34.017075,-0.7992495849609398
33.042131,33.909393,-0.8672623105468773
33.224853,33.789326,-0.564472714111325
33.07727,33.683594,-0.6063237500000014
32.955456,33.573345,-0.6178891843261738
33.36775,33.5433,-0.17555062866210847
33.327927,33.52831,-0.2003818684082006
33.64886,33.57942,0.06944181762695223
33.85735,33.623104,0.23424590454101235
33.658231,33.75981,-0.10158040136718682
33.683999,33.9487,-0.264700951171875
33.651203,34.034153,-0.3829499846191382
34.33758,34.131863,0.20571735961914328
34.55544,34.20401,0.35142999023437227
34.450024,34.28549,0.16453587133788972
34.325867,34.461803,-0.13593643627929453
34.895115,34.645332,0.24978266357421575
35.843861,34.897923,0.9459384841308562
36.073434,35.08978,0.9836550998535145
35.902425,35.336353,0.5660716979980478
36.211646,35.677788,0.533858219238283
36.717362,36.12453,0.5928312077636733
36.623276,36.5036,0.11967492578124705
36.569176,36.666653,-0.09747667944336058
35.341343,36.78863,-1.4472884392089824
35.87999,36.8537,-0.9737087304687506
36.002303,36.80074,-0.7984362883300804
36.221055,36.593845,-0.37279036743164085
36.176364,36.42782,-0.25145429833984423
36.068164,36.289642,-0.221478333984372
36.192829,36.497402,-0.3045731911621061
36.131672,36.570034,-0.4383620270996076
36.145785,36.609543,-0.463757846679691
35.931738,36.588436,-0.6566981267089815
36.030529,36.55905,-0.5285225136718736
36.564471,36.554047,0.010424369140622503
36.206942,36.561615,-0.35467299023437704
36.329255,36.588455,-0.2592002001953091
36.545654,36.62421,-0.07855635766601665
36.456272,36.749073,-0.29280102856445467
35.042618,36.858395,-1.815776622802737
34.205246,36.689484,-2.4842376425781225
34.480449,36.440308,-1.9598586171874999
34.144089,36.051384,-1.9072949721679677
33.939451,35.498604,-1.559152820800783
33.464312,34.88569,-1.4213767817382816
34.421645,34.57353,-0.15188328979492383
34.108807,34.52983,-0.42102393261718873
34.311093,34.412888,-0.10179457324218788
34.254641,34.413986,-0.15934520605468805
34.407532,34.487286,-0.07975361401366854
34.299332,34.718273,-0.41894116284179717
33.807729,34.687347,-0.8796184121093731
34.301685,34.696476,-0.39479098266601653
33.795968,34.660664,-0.8646956047363261
33.875942,34.60137,-0.7254297651367168
33.753629,34.47842,-0.7247912575683628
33.892407,34.36032,-0.4679140449218764
33.572512,34.376842,-0.8043304987792936
33.913577,34.22518,-0.3116045795898472
34.120568,34.2253,-0.10473183520507945
34.23112,34.234028,-0.0029078625488310195
34.280515,34.31114,-0.030623153076170695
34.758005,34.379444,0.37856087768554403
35.056731,34.603214,0.4535167360839836
35.179044,34.80744,0.3716022885742163
35.301357,35.017086,0.2842709709472686
35.52246,35.24963,0.272830025634768
35.362513,35.524002,-0.16148907519531264
35.346048,35.685093,-0.3390449260253874
35.774143,35.76954,0.004604120605470996
35.927034,35.86191,0.0651222263183584
36.09639,35.96452,0.13187049926757766
35.414261,36.052837,-0.6385763718261686
35.164931,36.15369,-0.9887593381347628
34.983814,36.207645,-1.2238314162597632
35.2943,36.082996,-0.7886963684082033
36.961988,35.9006,1.0613875666503887
36.592698,35.823692,0.7690056782226549
36.785575,36.023228,0.7623473083496108
37.3548,36.375603,0.9791972778320286
37.653526,36.88835,0.7651745595703119
37.884038,37.414845,0.46919348706054365
36.68208,37.560497,-0.8784172839355477
37.192209,37.746517,-0.5543081813964861
37.751935,37.874454,-0.1225194982910125
38.165234,37.889256,0.2759784763183575
38.011723,37.89304,0.11868329663086286
37.281954,37.873085,-0.5911310219726573
37.196933,38.148685,-0.9517524553222643
37.128443,38.241123,-1.1126801994628934
37.735403,38.133583,-0.3981800688476582
37.782637,37.93492,-0.15228426464843636
37.614955,37.806396,-0.19144148437499808
37.754296,37.891117,-0.1368210959472691
38.134532,38.021713,0.1128187431640626
38.474618,38.221535,0.2530832709960933
38.578533,38.318817,0.2597158613281252
38.732044,38.458973,0.2730710690917988
38.743853,38.699787,0.044065860107423305
38.278596,38.93882,-0.660223885253906
38.238447,39.048733,-0.8102857575683586
38.084936,39.036514,-0.9515782822265635
37.463806,38.957737,-1.4939309689941425
38.141617,38.74934,-0.6077230573730503
37.990467,38.5396,-0.5491333723144507
37.7047,38.452827,-0.7481274536132787
37.381146,38.34999,-0.9688448447265614
37.75902,38.24073,-0.48171028564453167
37.473253,38.305737,-0.8324835417480472
37.487423,38.157417,-0.6699942973632815
36.859208,38.034176,-1.174967872802732
36.22627,37.92152,-1.6952502331542973
35.872013,37.789032,-1.9170189824218724
35.555544,37.43683,-1.8812846132812524
36.167227,37.05276,-0.8855340778808625
36.424654,36.649,-0.22434426049805012
36.200291,36.444893,-0.24460188330078125
36.398675,36.42455,-0.0258741027832059
36.325462,36.531315,-0.20585284985351393
36.483696,36.73997,-0.25627516088867
36.247525,36.79956,-0.5520355468749969
36.698612,36.776714,-0.07810232495117475
36.677357,36.85035,-0.1729924262695306
36.804889,36.89239,-0.08750220483398152
36.819059,36.98332,-0.164259328857419
36.97257,37.05148,-0.07890933959961188
36.842676,37.21384,-0.3711644846191433
37.076486,37.256847,-0.18036138159179416
37.75902,37.329365,0.42965522338867146
37.898361,37.44808,0.4502828444824232
37.730679,37.6362,0.09447904882812708
36.837953,37.817337,-0.9793840361328137
36.901719,37.970848,-1.0691290834960938
36.882825,38.01106,-1.12823380737305
37.102464,37.819378,-0.7169138991699242
36.939506,37.57954,-0.6400342526855454
37.175677,37.370117,-0.1944401874999997
38.507682,37.426117,1.0815650566406276
39.374429,37.607788,1.7666409140624992
39.922346,37.984543,1.93780315332031
39.414578,38.49023,0.9243474396972644
39.702707,39.125042,0.5776650383300748
40.739498,39.768467,0.9710310505371069
41.152797,40.17818,0.9746163054199215
41.285053,40.47482,0.8102338166503884
41.622777,40.718884,0.9038934855957024
41.537756,41.20386,0.33389476342773605
41.400777,41.666798,-0.2660206379394552
41.234861,41.8589,-0.6240371628417947
40.611491,41.92268,-1.311188901123046
40.075819,41.875637,-1.7998180544433566
40.554605,41.62631,-1.0717034411621071
40.329433,41.366722,-1.037289106933592
40.28914,41.105648,-0.8165080407714811
41.038132,40.86452,0.17361097338866927
41.469513,40.855503,0.6140099177246086
41.471883,41.08623,0.38565176831054515
41.263303,41.25147,0.011834341552734884
41.02154,41.504704,-0.48316352172851396
40.170628,41.759296,-1.5886684172363275
40.732372,41.709656,-0.977283761718752
40.542754,41.515797,-0.973042661376951
40.246475,41.28781,-1.0413362792968783
40.208552,41.070312,-0.8617605000000026
40.059227,40.886635,-0.8274078266601563
40.132704,40.905632,-0.7729280190429719
40.144556,40.75301,-0.6084537961425767
40.926731,40.643753,0.28297794824218414
40.696819,40.6884,0.008418731445310357
40.831922,40.77814,0.05378097827148309
40.820071,40.946796,-0.12672541723632946
41.234861,41.118755,0.11610565942383033
41.815566,41.33996,0.47560780908202815
41.369964,41.433926,-0.0639616286621063
41.324929,41.613125,-0.288195847412112
41.481364,41.762913,-0.2815487502441414
41.481364,41.931812,-0.4504482863769539
40.428983,41.993057,-1.5640742509765602
40.436094,41.794872,-1.3587782839355498
40.549865,41.6467,-1.0968368127441437
40.111372,41.470745,-1.359373086669919
40.829552,41.18373,-0.3541790791015629
40.822441,40.92,-0.09755716894531474
41.012059,40.974224,0.03783490942382883
41.478994,41.068493,0.41050111059570327
41.324929,41.205685,0.11924433813476298
41.320189,41.503674,-0.1834845534667977
41.310708,41.62562,-0.31491379565429867
41.54536,41.759525,-0.21416529907226334
41.974372,41.866947,0.10742482592773683
41.761051,41.902042,-0.1409913889160137
42.450788,42.001183,0.4496054438476591
42.488711,42.181747,0.3069635634765646
42.299093,42.425934,-0.12684083789062583
41.95304,42.627533,-0.6744929589843736
41.962521,42.687416,-0.7248950766601538
41.294116,42.78542,-1.4913034641113256
40.556975,42.610107,-2.0531324218749987
40.651784,42.291466,-1.6396817592773445
39.810353,41.93948,-2.12912682788086
39.575701,41.547592,-1.9718911630859353
39.684731,41.037613,-1.3528819150390632
39.767689,40.64834,-0.8806493178710966
38.042163,40.43616,-2.3939980412597635
37.091702,40.021652,-2.9299502216796895
38.641831,39.623745,-0.981913964599606
37.814621,39.284504,-1.4698829367675756
36.774091,38.84301,-2.06891894873047
37.222064,38.235565,-1.0135011855468719
38.721323,38.05624,0.6650829182128888
39.109226,38.25814,0.8510854360351559
39.830298,38.156937,1.6733613544921866
41.167731,38.450615,2.7171160708007847
41.034464,39.28542,1.7490445358886717
40.896437,40.160114,0.7363227116699207
40.710815,40.705227,0.005588101806637269
41.051123,41.168743,-0.11762013354492495
41.765055,41.468925,0.29612952392577796
42.590837,41.48229,1.1085486394042974
42.45281,41.670673,0.7821366296386714
42.388556,41.987587,0.400969024902345
41.646066,42.411526,-0.7654597263183618
41.934019,42.70172,-0.7677021914062507
42.079185,42.779835,-0.7006497473144506
42.043489,42.62579,-0.5823006423339834
41.653206,42.50488,-0.8516729978027371
42.107743,42.36496,-0.25721671679687574
42.831194,42.44982,0.3813725278320348
43.245275,42.539673,0.7056021484374995
42.828815,42.691357,0.13745834106445187
42.464709,42.88813,-0.4234211879882821
42.514684,43.18001,-0.6653277492675755
42.364758,43.333233,-0.96847487963867
41.71746,43.254826,-1.537365592041013
41.703181,42.974438,-1.2712567136230462
40.75841,42.74603,-1.9876189001464866
40.182505,42.487793,-2.305287968750001
39.252012,42.06775,-2.8157370234374994
41.115376,41.496784,-0.3814082102050804
40.061136,41.149963,-1.0888273789062524
39.618498,40.755886,-1.137388077880857
39.927869,40.55392,-0.6260517458496082
39.666093,40.49671,-0.8306187309570348
40.073035,40.665775,-0.5927402990722683
40.839323,40.330544,0.508779481933594
41.122516,40.37252,0.7499955532226537
40.070655,40.63487,-0.5642136218261697
40.468078,40.781708,-0.31362976367187656
41.229606,41.00948,0.22012647729491874
41.036844,41.19764,-0.16079546533202915
41.441406,41.204918,0.23648809228515688
41.581812,41.193073,0.3887387272949212
41.841208,41.5321,0.30910732250976736
42.417113,41.826683,0.5904299555664068
42.321922,42.005558,0.3163639860839851
41.122516,42.29471,-1.1721922519531276
39.437635,42.3941,-2.956465189208984
39.323406,42.22782,-2.9044153500976577
38.776057,41.804596,-3.0285389472656234
38.945021,41.035603,-2.090581569580081
39.080669,40.18368,-1.103012488037109
38.628511,39.61863,-0.9901184555664031
39.328165,39.46582,-0.13765531250000151
40.241999,39.380627,0.861372321533203
42.019691,39.566196,2.453494558349611
42.095844,39.964893,2.1309506589355465
43.747408,40.524467,3.2229405317382813
44.063918,41.504665,2.5592526252441417
44.275718,42.524273,1.7514450812988258
44.587468,43.459213,1.1282547431640637
45.225248,44.030396,1.1948524921875006
45.053904,44.715965,0.3379387290039091
44.948789,45.01314,-0.06435263208008024
44.540272,45.24956,-0.7092893098144515
44.955956,45.400707,-0.4447512448730464
44.671667,45.47841,-0.8067418134765632
44.509215,45.358814,-0.8495992395019556
44.824562,45.255398,-0.43083579663085914
44.712279,45.1904,-0.4781201699218727
44.998958,45.237717,-0.2387586748046857
44.948789,45.19725,-0.24846136621093962
45.051515,45.251278,-0.1997629235839824
44.889064,45.372223,-0.48315890039062737
44.793505,45.404808,-0.6113030444335905
44.642999,45.45592,-0.8129221730956999
45.448087,45.402546,0.04554107104492289
45.827936,45.41992,0.4080141250000011
46.181506,45.489456,0.6920498232421863
46.341568,45.698303,0.6432647773437523
46.217341,46.017223,0.2001176418457007
45.796879,46.422287,-0.6254079873046905
45.684597,46.58813,-0.9035339509277378
45.935441,46.616116,-0.6806745700683621
45.557981,46.54155,-0.9835686826171894
45.581871,46.383743,-0.8018722861328129
45.113629,46.235947,-1.1223176552734344
45.089739,46.145958,-1.0562189467773422
44.361098,46.04366,-1.6825612102050798
44.554606,45.772373,-1.217767199462891
44.306152,45.55262,-1.246467934082034
44.177146,45.269688,-1.0925416525878902
43.520175,45.068275,-1.5481004516601544
44.060086,44.781723,-0.7216370224609392
43.995583,44.684975,-0.6893916704101528
44.315707,44.525784,-0.21007653881835608
44.222537,44.462925,-0.24038795727538798
44.717057,44.451694,0.2653625114746063
43.938248,44.682873,-0.7446247722167953
44.291818,44.734253,-0.44243492968750076
44.905787,44.808968,0.09681940966796532
45.529313,44.855644,0.6736687739257832
45.474366,45.032127,0.44223861962890965
44.884286,45.143368,-0.25908176733398136
45.636817,45.464413,0.17240431079101626
45.708487,45.7484,-0.039914641845705034
45.608149,45.906666,-0.29851680200195574
45.737155,45.909878,-0.17272277709960804
45.486311,45.950924,-0.46461291967773377
45.839881,46.148132,-0.3082513242187517
45.734766,46.16213,-0.42736244848632765
45.775378,46.16173,-0.38635371997069967
46.107448,46.19691,-0.08946285815429889
46.542243,46.233448,0.308794971435546
46.396515,46.407978,-0.011463057861327286
45.624872,46.520805,-0.8959333588867153
45.369251,46.612587,-1.2433359750976578
45.460032,46.627064,-1.167031751220705
48.138087,46.505684,1.6324031010742175
49.5452,46.485695,3.059505114746095
49.688539,46.81233,2.876210661376952
49.94655000000001,47.597332,2.3492179992675872
49.478308,48.648872,0.8294356245117172
49.511754,49.7533,-0.24154571313476225
49.901159,50.149677,-0.2485182766113283
49.75304199999999,50.19361,-0.4405691450195377
50.07429200000001,50.20362,-0.12932891064452434
50.285262,50.17626,0.10900009814453426
50.402734,50.323948,0.07878609350586174
51.141131,50.507523,0.633608416992189
52.162419,50.68317,1.4792486813964842
51.654172,51.066826,0.5873461333007839
51.553482,51.434475,0.1190070549316431
51.55587899999999,51.778618,-0.2227388588867285
51.66136399999999,52.106026,-0.4446616958007894
51.82198999999999,52.241905,-0.4199152124023513
52.248725,52.11324,0.13548571166992218
52.67066599999999,52.176483,0.494182845703115
53.45701,52.34875,1.1082589318847624
53.948475,52.653645,1.2948304382324238
54.571796,53.0712,1.5005946755371085
54.74680599999999,53.60129,1.1455143435058517
54.38959499999999,54.13659,0.25300594970702406
53.485777999999996,54.60014,-1.1143616179199256
53.05424800000001,54.781277,-1.727028702880851
52.342223,54.72507,-2.3828479533691436
53.665583,54.34932,-0.6837364580078145
52.99910800000001,53.94147,-0.9423630998535089
54.279315,53.593124,0.6861906103515594
53.663185000000006,53.596123,0.06706225830078694
52.23434099999999,53.744965,-1.5106235996093815
52.320646999999994,53.974224,-1.653577090576178
52.35181300000001,53.7538,-1.4019864384765555
52.74978,53.651592,-0.9018122546386707
52.181598,53.190548,-1.0089499431152333
52.931981,52.847446,0.08453455834960977
53.26761599999999,52.941284,0.32633182031248964
52.84327799999999,53.08185,-0.23857014453125913
53.92929600000001,53.224697,0.7045988869628985
54.118689999999994,53.36438,0.7543101171874937
54.483093,53.755146,0.7279469733886685
54.96736599999999,54.03971,0.927655001464835
55.636238,54.343647,1.2925909968261706
54.658102,54.90362,-0.24551967358398485
53.771068,55.16829,-1.3972211845703129
53.646404,55.286396,-1.6399920266113313
54.38959499999999,55.213654,-0.8240585644531322
51.869937,55.006702,-3.136765423095703
51.412036,54.382004,-2.969967784179687
53.248437,53.81426,-0.5658215754394504
52.109676,53.518524,-1.4088481699218747
53.25802600000001,53.18587,0.07215487573242996
53.02787699999999,52.71211,0.3157683879394426
51.788426,52.969894,-1.1814684091796863
52.577168,53.272182,-0.695014464599609
52.898418,53.072857,-0.17443890307617238
53.397075,53.21611,0.18096477050781345
51.565469,53.11542,-1.5499522951660154
52.69464,52.95919,-0.26455036865234405
51.855553,53.162632,-1.3070789885253902
50.882213,53.084747,-2.202534314453125
51.136336,52.77482,-1.6384824204101562
52.469285000000006,52.24612,0.22316454711914702
53.27480799999999,52.29657,0.9782381757812431
49.741054999999996,52.179306,-2.4382510302734417
48.328992,52.070282,-3.7412899824218755
48.851623,51.92819,-3.076565323974613
50.33321000000001,51.53736,-1.204151145019523
50.15820099999999,50.789402,-0.6312010080566495
49.191075000000005,49.82678,-0.6357034118652294
46.713117,49.778862,-3.065744999511722
46.246395,49.858223,-3.6118279614257816
44.940054,49.54765,-4.607595383544918
46.049121,48.51773,-2.4686097128906255
46.559147,47.42045,-0.8613013032226533
44.71391,46.582363,-1.8684531286621109
42.577574,46.279377,-3.7018029836425796
42.529458,45.806255,-3.2767973405761737
41.449261,45.471027,-4.021766374267578
42.009809,44.567238,-2.557428854003909
41.918389,43.39154,-1.4731515273437523
43.530264,42.649464,0.8808003464355494
43.19586,42.624634,0.5712262109375033
42.962499,42.691116,0.2713826669921886
44.463709,43.09429,1.3694173129882827
42.507806,43.506767,-0.9989612729492165
42.033866,43.872623,-1.8387574436035123
40.535063,43.67949,-3.1444261357421865
40.802105,43.345528,-2.543422648925784
40.568744,42.930035,-2.3612906374511695
40.681816,41.97487,-1.2930527744140647
41.126886,41.49806,-0.37117231909179793
39.810922,41.169254,-1.3583323029785177
39.440431,41.156586,-1.7161546933593783
39.952863,40.963642,-1.0107791203613274
38.706667,40.8053,-2.0986346662597626
37.729918,40.47933,-2.7494101555175803
36.262389,39.83874,-3.5763523024902355
35.324134,39.290623,-3.96648871118164
37.811715,38.564423,-0.7527076074218755
37.566325,37.73645,-0.17012519531250092
37.585571,37.287426,0.29814500512695474
37.948844,37.15772,0.7911253415527355
37.992149,37.51675,0.47539866430663835
34.20785,38.20012,-3.992269018554687
35.668161,37.86373,-2.195570384277346
35.58877,37.47461,-1.8858393750000033
36.267201,36.990837,-0.7236360971679687
36.883082,36.416107,0.4669748222656267
37.000965,35.91199,1.0889738806152351
36.637692,36.5531,0.08459141406250126
36.086767,36.82382,-0.7370512067871076
36.825343,37.076557,-0.2512141594238315
37.275225,37.172176,0.10304863891601457
37.496557,37.15826,0.3382966545410184
37.727512,37.178875,0.5486370305175754
36.880676,37.374214,-0.4935381723632801
37.029835,37.695408,-0.6655728674316421
36.736329,37.796535,-1.0602064919433616
37.953656,37.72624,0.2274177492675804
37.602411,37.67438,-0.07197025610351915
37.212674,37.588314,-0.37564005639648457
39.755589,37.725624,2.0299649155273443
40.041877,38.05451,1.9873687907714839
40.061123,38.664955,1.3961678608398458
41.199059,39.0787,2.120357980712889
41.903954,39.790672,2.113281697753905
41.918389,40.815243,1.1031462326660133
41.12448,41.26642,-0.14193845703125163
41.172596,41.640144,-0.4675483481445326
40.935819,42.001507,-1.0656878054199197
41.288568,42.007977,-0.7194085319824239
41.117026,41.815952,-0.6989263010253879
41.266823,41.6037,-0.33687573046874775
41.175012,41.619743,-0.44473134716796636
41.298232,41.623394,-0.32516201245117315
41.564002,41.704887,-0.14088539013671664
41.329641,41.722042,-0.3924010837402321
41.791115,41.788597,0.002517893066404042
42.095542,41.857742,0.2377996904296893
42.119703,42.013172,0.1065308503417981
42.250172,42.180267,0.06990466601562417
41.834604,42.316315,-0.4817106972656262
42.274333,42.50574,-0.23140811938476702
42.486949,42.595238,-0.10828873193359101
42.409634,42.63758,-0.2279468715820343
42.165609,42.69245,-0.5268424770507778
41.677559,42.70116,-1.0236014309082009
41.776618,42.769768,-0.9931497612304696
43.223856,42.682304,0.5415516176757791
43.70949,42.647366,1.062124429931643
43.902778,42.768005,1.1347726289062479
44.390828,43.07687,1.3139580354003897
44.968274,43.65356,1.3147133615722666
45.427331,44.34633,1.0810022646484398
45.067333,44.77301,0.29432274609374787
45.461156,45.116665,0.3444911135253932
47.135507,45.471554,1.6639531975097626
46.159406,45.889286,0.2701199587402314
45.601289,46.195107,-0.593817506347655
45.130152,46.346348,-1.2161958088378881
45.536055,46.523407,-0.9873519824218775
45.596457,46.568554,-0.972096924560546
45.893636,46.135082,-0.2414462448730461
46.205312,45.992496,0.21281550952148365
46.876985,46.0596,0.8173841699218727
47.198325,46.364944,0.8333805419921845
47.280472,46.666336,0.6141359404296907
47.59698,47.032635,0.5643452648925802
48.345968,47.399284,0.9466836372070304
48.201002,47.80283,0.39817225756836194
48.471605,48.089935,0.3816696972656217
48.068117,48.35608,-0.28796210156249913
48.048789,48.604733,-0.5559435134277351
48.135768,48.760254,-0.6244859062500012
48.1406,48.706345,-0.5657446044921883
49.078042999999994,48.688747,0.3892955939941345
49.254417999999994,48.683556,0.5708623969726503
49.416296,48.87374,0.5425548500976589
50.129043,49.146862,0.982180969970706
50.05172799999999,49.515976,0.5357520478515525
49.597503,49.958927,-0.3614241545410124
49.360726,50.146053,-0.7853273142089847
49.435625,50.253723,-0.8180981445312483
48.483685,50.295406,-1.8117213415527331
50.863534,50.03177,0.8317652011718764
50.53253000000001,49.93328,0.5992490551757896
51.16071300000001,50.04528,1.1154325434570396
50.370652,50.348103,0.022549430419921634
49.012809,50.645893,-1.633084096923831
49.022473,51.080437,-2.057963706542971
48.495765,50.752995,-2.257229537353517
47.826508,50.3812,-2.5546908830566437
45.046856,49.679398,-4.632541583007814
45.759961,48.827133,-3.0671721787109405
46.30813,48.157192,-1.849062230224611
46.104385,47.41236,-1.3079761450195306
45.842429,46.760178,-0.9177486123046847
44.408943,46.249302,-1.84035891040039
45.260303,46.35577,-1.095467111083984
44.333752,46.237392,-1.9036404255371124
43.576988,45.857777,-2.280788641845703
43.409627,45.385487,-1.9758596027832027
43.230138,44.867786,-1.6376484074707065
43.023968,44.654476,-1.6305081657714808
43.247117,44.126923,-0.8798056074218721
42.463672,43.827446,-1.3637739838867162
42.034354,43.654594,-1.6202404213867183
43.572137,43.431026,0.14111054125976352
44.275539,43.334763,0.9407764267578145
44.92558,43.42769,1.497891401367184
46.121364,43.622776,2.498587968505859
46.710767,44.270145,2.4406215837402314
47.251659,45.26077,1.9908901096191371
47.101276,46.025024,1.0762515859374986
47.091574,46.705788,0.3857863413085951
46.749575,47.26873,-0.5191551635742186
47.028511,47.496983,-0.4684715744628889
48.13455,47.57258,0.561971569824216
47.99387,47.60632,0.38755057250976677
48.379528,47.74924,0.6302871247558599
48.214592,47.980934,0.23365785693359697
48.166082,48.35185,-0.18576660229491893
47.435999,48.666687,-1.2306880117187475
48.461996,48.612503,-0.15050705175781331
48.447443,48.64029,-0.1928463066406252
48.005997,48.59402,-0.5880238435058587
48.886463,48.57664,0.30982191723632724
49.172675000000005,48.644123,0.5285519226074271
49.580163,48.994507,0.5856561640624989
49.536504,49.15736,0.3791439230957039
48.515358,49.385063,-0.8697051713867197
48.811272,49.6788,-0.8675266755371069
49.29395099999999,49.707012,-0.41306117651367913
48.93497399999999,49.67874,-0.7437674550781352
49.31093,49.52139,-0.21045900756836033
49.774204999999995,49.40131,0.3728950329589793
49.601993,49.630333,-0.028339946777343528
49.32305800000001,49.81268,-0.4896212907714741
49.883354,49.855934,0.027419856933590836
49.138718000000004,50.042587,-0.9038692802734332
50.261736000000006,50.08621,0.1755276564941468
50.65467100000001,50.074154,0.5805170998535232
50.613437000000005,50.20129,0.4121468693847703
50.213225,50.470676,-0.2574514221191393
50.387863,50.592278,-0.2044145268554658
50.858415,50.934105,-0.07568991943359293
50.640117999999994,51.016056,-0.37593806079102166
51.673392,51.00003,0.6733614824218748
50.555224,51.099537,-0.5443128957519505
49.485568,51.282722,-1.7971544731445306
46.895107,51.292458,-4.397350580566403
47.782849,50.827877,-3.0450280446777356
48.277656,50.2477,-1.9700437375488278
49.342462,49.309612,0.03284972583007573
48.937399,48.74724,0.1901608408203117
48.813223,48.517857,0.29536640209961007
50.880383,49.033886,1.846497044189455
49.365927,49.52121,-0.15528271679687577
49.12001,49.87956,-0.7595485632324213
50.278984,49.913723,0.36526100805664186
51.216388,50.138275,1.078112853515627
51.218823,50.542778,0.6760449848632817
51.773962,50.48082,1.2931422978515599
51.730135000000004,50.961258,0.7688770654296917
49.33914399999999,51.596104,-2.2569596682129003
50.276549,51.736275,-1.4597257192382784
49.70923599999999,51.558655,-1.84941878515626
50.042806,51.280243,-1.2374369199218762
50.890123,50.810474,0.07964860424804954
50.824383,50.413963,0.4104196821289037
50.084198,50.73091,-0.6467132548828118
50.933949000000005,50.764885,0.16906405126953672
51.92979,51.01011,0.9196810522460908
51.92491999999999,51.2959,0.6290215624999931
52.146489,51.4418,0.7046898361816432
52.762498,51.691486,1.0710116413574227
54.440087000000005,52.262787,2.1773001347656304
54.318346,52.837147,1.4811992409667951
53.261635,53.290565,-0.028930490722657964
53.54163900000001,53.74727,-0.20562967675780186
53.736425,54.15679,-0.42036668701172175
54.240432,54.41247,-0.17203977124023595
53.79973,54.256207,-0.45647651245117515
53.013284,54.126553,-1.1132685817871106
53.254331,54.21247,-0.9581400083007807
53.001110000000004,54.18801,-1.1869011694335896
53.816774,54.059147,-0.2423728811035133
53.539204000000005,53.831596,-0.2923923745117136
53.27867899999999,53.73466,-0.4559821022949322
54.53261,53.842148,0.6904621728515608
54.68356899999999,53.99279,0.6907787778320227
53.312766,54.307285,-0.9945193088378872
53.765642,54.33488,-0.5692388288574222
55.272794,54.42679,0.8460056699218725
55.284969000000004,54.72091,0.56405988134766
54.637307,54.767197,-0.12988965527343765
55.277664,54.77944,0.4982221665039077
56.022718,55.232597,0.7901206489257788
57.512827,55.675117,1.8377095073242202
57.430043000000005,55.91787,1.512173432128911
57.296128,56.302418,0.9937102448730499
57.06482,56.954193,0.11062688476562244
57.286389,57.4625,-0.17611252587890647
57.561523,57.79403,-0.23250623583984265
58.559798,57.751026,0.8087718464355476
58.425883,57.84413,0.5817515302734364
59.209895,58.04816,1.1617344470214874
59.307287,58.44177,0.8655183537597679
60.03773300000001,58.872154,1.1655787641601663
60.639132,59.357944,1.2811875114746059
59.236678,59.713585,-0.476906899902346
59.229373,60.071133,-0.8417596599121069
60.568523,60.17668,0.3918414814453115
62.287504,60.343246,1.944257540039061
62.696552999999994,60.534107,2.1624457917480413
62.60646500000001,60.765495,1.8409696997070384
62.633248,61.521866,1.1113821552734393
63.353953999999995,62.378304,0.9756504721679633
63.527339,62.988144,0.5391950791015603
64.0304,63.21393,0.8164717773437502
63.97179100000001,63.42559,0.5462004848632915
64.584744,63.724117,0.8606267209472662
64.13785,64.11274,0.025110437011719
64.899768,64.32861,0.5711547187499946
65.227002,64.576126,0.6508759013671863
65.029196,64.77068,0.25851271142578014
64.272163,65.02027,-0.7481083012695251
63.984002000000004,65.05692,-1.0729209125976524
63.927834,65.14732,-1.2194896083984403
65.048733,64.9719,0.07683206005859233
64.540788,64.76638,-0.2255923100585875
65.407713,64.618126,0.7895870844726574
65.263633,64.76458,0.4990532270507799
64.509041,65.045204,-0.53616316259766
63.358838,65.30833,-1.9494887211914076
63.918066,65.12728,-1.2092151889648406
64.855811,65.02537,-0.16955673681640349
66.10858,64.73411,1.3744720288085972
65.183045,64.63872,0.5443273486328195
65.564004,64.789665,0.7743387778320283
66.123232,65.32037,0.8028584648437516
66.291733,65.793495,0.49823782177733733
67.192848,66.08478,1.108070167968748
68.34305,66.1633,2.17975043945313
68.477363,66.68983,1.7875360346679656
68.313746,67.26923,1.0445122963867135
68.382123,67.7856,0.5965242451171946
68.240485,68.313644,-0.07315940917968078
69.354057,68.613144,0.7409130791015599
69.419992,68.70262,0.717370540039056
70.797305,68.83233,1.9649762036132756
70.770442,69.18887,1.5815687089843777
71.190474,69.6579,1.5325760507812447
71.71063,70.29243,1.4182029370117135
73.346799,70.755936,2.590863331054692
72.633722,71.43357,1.2001511381835996
73.212487,71.8364,1.3760841069335896
72.868158,72.35636,0.5117966108398377
74.04034,72.80239,1.2379489477539067
75.613016,73.23108,2.381936898437502
75.783959,73.444336,2.339623062499996
77.403035,74.02583,3.37720187011719
76.35784,74.725204,1.6326355322265584
76.030606,75.61184,0.41876670556641216
76.983003,76.20557,0.7774365937499965
77.835277,76.45767,1.37760488085938
77.307795,76.78738,0.520418596191405
77.583746,76.72293,0.86081509179688
77.957379,76.98699,0.9703871176757843
77.732711,77.40843,0.3242789931640573
75.446957,77.59939,-2.152431122558596
77.581304,77.36382,0.21748106298828418
79.205263,77.308754,1.896509032714846
79.090487,77.36154,1.728945251953121
75.583712,77.44435,-1.860639196289057
75.376138,77.367935,-1.991797180664065
77.864581,77.71451,0.15007294335937615
78.499513,77.57018,0.9293301997070245
79.417721,77.10354,2.3141824868164065
78.34078,76.84443,1.496350983886714
78.712863,77.57258,1.1402845698242174
78.237967,78.426384,-0.18841697216797115
80.095938,78.604454,1.49148395947266
79.525573,78.75339,0.7721855488281193
79.545156,78.707886,0.8372702578125057
78.088644,78.98796,-0.8993168154296853
79.219583,79.06503,0.15455004101562508
78.406874,79.284966,-0.8780915151367168
76.632132,78.94468,-2.3125472602539077
72.992075,78.54476,-5.552686657714844
70.519676,77.65789,-7.138214319824215
71.638375,76.5809,-4.942527099609379
66.955504,74.88385,-7.928346097656245
66.916338,72.76697,-5.850629773437504
73.146294,70.68756,2.4587329648437475
70.823218,69.88716,0.9360567451171846
74.108326,69.81997,4.2883568227539115
71.704469,69.82239,1.8820813046875031
70.752228,71.151924,-0.3996961333007789
65.156283,72.438934,-7.282651326171873
69.848946,71.45755,-1.608604048828127
67.423057,71.062386,-3.6393285590820312
60.764715,69.5488,-8.784082607421873
68.044829,67.91529,0.12953816748046165
59.291067,66.66731,-7.376245622070314
61.898102,66.26806,-4.369956776855467
60.382839,64.35529,-3.972454273925784
59.920183,62.79975,-2.8795682817382797
56.116115,62.838345,-6.722229573974609
54.923978000000005,60.39977,-5.475790829345698
60.434246,59.88475,0.5494956337890642
60.10132900000001,58.868076,1.2332526755371163
63.26404099999999,58.417374,4.846667342773429
60.64476700000001,58.53153,2.113238527099618
62.375446,59.783504,2.5919415139160122
62.248154,61.578934,0.669220284179687
58.972838,61.98297,-3.010133191406247
59.956901,62.22088,-2.2639776010742168
59.095234,61.48128,-2.3860472805175803
64.250553,61.289368,2.9611853242187465
63.506384999999995,60.995052,2.51133266235351
65.131804,60.956314,4.17548991308594
65.601805,62.138496,3.4633086010742176
66.889411,63.332897,3.5565138137206986
70.26754,65.05897,5.2085724096679655
69.626185,65.88388,3.7423043847656317
70.179415,67.19142,2.9879934912109434
69.227174,68.29515,0.9320232431640676
67.790245,69.32766,-1.537414606933595
65.694826,69.89114,-4.196317798828119
67.587068,69.231316,-1.6442476127929666
67.32514,68.67515,-1.3500080102539016
69.268789,67.9096,1.3591896958007794
69.317747,67.554726,1.7630213530273409
68.194152,67.72954,0.46461403613281504
70.433998,68.48095,1.9530485981445338
71.919886,68.92299,2.996897108398443
70.76202,69.707405,1.0546149096679756
71.763219,70.05247,1.7107516538086003
72.840304,70.52354,2.316767317871097
73.591815,71.490234,2.101580624999997
74.353118,72.050934,2.30218416210937
76.118068,72.4084,3.7096665107421813
77.315812,73.37429,3.9415215336914002
76.432231,74.39033,2.0419035463867203
75.509379,75.25229,0.2570901816406206
75.973259,75.90425,0.06900790136718626
75.524105,76.364365,-0.8402596240234317
77.30354,76.30291,1.0006301489257794
76.856841,76.03629,0.8205479702148466
78.351565,76.0573,2.294268247070306
77.76742,76.50609,1.2613317431640638
78.268116,76.91113,1.3569831875000062
77.737967,77.53067,0.2072968339843726
78.076673,77.68512,0.39155337109374955
78.111035,77.98351,0.12752212158203236
78.034949,77.89893,0.1360155893554662
78.994616,77.97033,1.0242867153320248
79.360321,77.99621,1.3641128090820303
79.797202,78.26219,1.5350102275390611
79.109973,78.5502,0.5597715839843715
81.363105,78.84501,2.518096149902348
81.844166,79.3674,2.4767648769531263
84.428641,79.82472,4.603918709960936
86.600778,80.54914,6.051637069824224
82.443037,81.6147,0.8283366826171914
83.154811,82.81449,0.3403197280273389
84.183202,83.414375,0.7688266948242131
86.414244,83.94507,2.4691756406249965
86.293979,84.01925,2.2747300375976494
86.32834,83.670525,2.6578154028320284
85.835008,84.54239,1.292619083984377
88.080777,85.27447,2.806309531738279
89.960841,85.947975,4.012865841308596
88.372849,86.342,2.0308461313476585
89.546049,86.84575,2.700300098632809
86.794675,87.49329,-0.6986187622070332
88.795005,88.126335,0.6686698559570345
89.536231,88.21942,1.3168096132812508
89.366878,87.90662,1.4602617890624998
89.366878,88.06364,1.3032412202148436
91.757456,87.959595,3.797861273437505
91.472747,88.822174,2.6505729277343733
93.603159,89.3166,4.286562015136724
94.00568,89.90355,4.102130805664061
94.170124,90.77346,3.3966636118164075
93.735696,91.82118,1.9145137490234418
95.286872,92.31761,2.969260305664065
95.942195,93.05313,2.889063896484373
94.761632,93.40111,1.3605242119140684
94.57019,93.65108,0.9191127294921841
96.563156,93.83838,2.7247770937500064
95.230421,94.289696,0.9407252602539131
95.49795,94.32965,1.168299121093753
91.151221,94.207565,-3.056344307617181
90.925417,94.01801,-3.0925960004882853
93.080374,93.57689,-0.49651503808593134
91.551287,92.57925,-1.0279595209960917
93.306178,91.779236,1.5269421601562527
94.435198,90.97859,3.4566060810546873
104.32149000000001,91.48787,12.833620737304699
106.95014500000002,93.06832,13.881823771972677
107.664373,95.06045,12.603925307128904
108.05462100000001,98.19995,9.854669828125012
111.824568,101.42177,10.402799811523437
109.286726,104.985535,4.301191332031252
110.87518900000002,106.21508,4.6601087387695515
107.57777600000001,106.97139,0.6063862294922018
111.15304699999999,107.38354,3.769509707519518
113.12018299999998,107.85482,5.265362748535139
113.019367,107.64499,5.374377986328128
112.724297,108.26381,4.460487795898445
113.66360499999999,108.60648,5.0571215405273335
113.806222,109.93574,3.870484390136724
116.331533,110.48369,5.847844645507806
122.326382,110.80475,11.521633464843745
123.78944000000001,111.83543,11.954013669433607
122.773905,113.56649,9.207414826660155
124.443513,115.42801,9.01550396679687
122.95586599999999,117.61972,5.336145541015611
122.75669299999998,119.292114,3.4645787421874843
126.919646,119.50265,7.416998600097656
131.975186,119.65584,12.319347987304695
129.240867,120.68488,8.555983882324227
118.893729,121.55867,-2.664941043945319
118.97241399999999,122.13978,-3.167364137207045
110.966169,122.25685,-11.290682196289069
115.392226,120.29172,-4.899491529296881
111.62515899999998,116.60611,-4.980950619140643
110.159643,112.944855,-2.7852117363281224
113.459514,111.35551,2.1040071030273424
113.641474,109.738686,3.902788392089846
110.28750700000002,110.185005,0.10250181201173802
108.52692,109.32284,-0.7959178295898397
105.084431,109.103775,-4.0193440244140675
108.271192,108.75265,-0.48145539990234454
109.972765,107.45864,2.5141239477539017
105.35983,106.18228,-0.8224514941406227
106.44175500000001,105.45292,0.9888359936523585
110.435042,105.069595,5.365446663085933
113.071005,105.83672,7.234281672363281
112.21530000000001,106.232925,5.982374584960951
113.90703799999999,106.442375,7.464662816894517
114.870935,108.13841,6.732522524414065
111.16288200000001,109.868706,1.2941762504882917
114.5857,110.4756,4.11009880371094
111.30058199999999,110.5756,0.7249823295898352
113.189033,110.71519,2.4738459272460886
113.08083999999998,110.45418,2.626662143554668
115.04797700000002,109.95507,5.0929065043945485
122.35588900000002,110.561844,11.794045127929706
119.11011400000001,111.06051,8.049605271972666
119.198635,112.664566,6.534068959960933
118.726522,114.00846,4.7180610014648465
117.06429199999998,115.456985,1.607306526367168
114.07424400000001,116.303154,-2.2289099916992114
115.579104,114.97114,0.6079659995117197
114.94962,114.26358,0.6860396777343709
113.84802400000001,113.37625,0.47177277929688444
113.14969000000002,112.41445,0.7352384008789272
113.15952599999999,111.68826,1.4712630605468604
114.684057,111.59953,3.084523918945308
109.372788,111.19448,-1.8216928959960939
113.425089,110.553345,2.8717442734375
107.071239,110.24036,-3.1691174453124944
106.982717,109.62337,-2.6406503095703187
108.625276,108.64229,-0.017012208007813
113.061169,107.15051,5.910656304687507
117.074128,107.303986,9.770142404296877
116.94134599999998,107.038895,9.902451346679669
114.606263,108.827705,5.778557616699217
114.261419,110.78394,3.4774758237304724
117.729559,112.36121,5.3683453159179635
117.453685,113.09053,4.3631546044921805
117.50294799999999,112.95286,4.550090028808583
118.52762600000001,112.93959,5.58803554589845
117.631033,113.66685,3.964185770996096
116.29107,114.5238,1.7672662890625048
116.892082,114.42382,2.4682615043945333
115.611235,114.34816,1.263075209960931
112.172653,114.121895,-1.9492418364257844
113.47320599999999,113.253654,0.21955152001952172
114.32053500000002,112.42734,1.8931973535156459
114.872285,111.88708,2.9852076684570363
117.296042,111.22712,6.068922554199219
120.911972,111.12901,9.782958938476568
121.266668,112.39092,8.875745453613277
121.128731,113.734184,7.394546734863283
120.44889599999999,115.13188,5.317014286132803
121.92679699999998,116.50271,5.4240885649413855
122.547515,117.44116,5.106352890625004
119.985821,117.628876,2.3569452675781264
121.424311,117.60544,3.818872767578128
120.606539,117.63612,2.9704153427734354
119.985821,117.78096,2.204860916992189
125.99594999999998,117.469894,8.526055590820292
125.926981,117.42107,8.50591471582031
126.80386900000002,118.31875,8.485120525878926
124.788998,119.17736,5.611637465332038
126.340793,120.290886,6.049907074707036
129.937018,121.69843,8.238585077636714
129.030572,122.00422,7.026352944824225
130.025692,122.494675,7.531017317382805
134.676153,122.975105,11.701047714355468
132.882967,124.45459,8.428377156250008
131.74991,125.786026,5.963883999023437
130.735084,126.30173,4.4333567050781255
127.503409,126.961586,0.5418230014648486
129.079836,127.056206,2.0236302504882815
124.734808,125.88886,-1.1540546098632802
128.991162,124.68848,4.302685437500003
130.104514,123.778015,6.326498863281245
127.079744,123.24211,3.8376327939453176
126.902396,123.37566,3.5267322426757772
128.961604,123.04372,5.917887569335932
127.010775,123.86187,3.1489051879882766
125.266852,123.57048,1.6963716533203126
125.94668700000001,122.79119,3.1554958989257926
130.084808,122.64301,7.441794999511728
134.853501,122.807594,12.045906700683588
137.021088,123.05798,13.963104601562492
140.814366,124.39642,16.417942660156257
141.05083,126.9126,14.13823234374999
139.967037,129.81183,10.155208386718755
135.070259,131.9909,3.079353238281243
130.01584,132.79831,-2.782469326171878
132.163722,132.46625,-0.30252555859374297
133.001199,130.89333,2.1078731943359514
131.966668,129.05626,2.910408844726561
135.36584,127.27586,8.089976352539054
134.947101,126.83879,8.108310106445316
135.095113,127.76205,7.333066186035154
134.207043,128.30762,5.899425812499999
133.595262,128.66504,4.930222937499991
133.338708,129.2173,4.121407584960934
133.575527,128.88742,4.688106345703119
131.424425,128.60562,2.8188036621093886
129.105577,128.0883,1.0172743876953234
127.990556,127.45706,0.533494232421873
128.148435,126.64726,1.5011724267578188
124.32973599999998,125.67555,-1.3458163681640798
124.19159200000001,124.18956,0.0020320634765766954
123.688353,122.88928,0.7990707734375064
119.38614900000002,121.89318,-2.5070318471679514
119.65257,120.65798,-1.0054118725585965
126.096008,119.04053,7.055480656249998
123.461402,118.64989,4.811514915039069
120.441965,118.341644,2.100320712890621
118.537549,117.96757,0.5699815561523423
119.81044899999999,118.36345,1.4469999033203038
114.817525,118.582535,-3.765009790039059
119.47989,116.70762,2.7722712866210912
118.389538,115.470085,2.919452855957033
120.34329100000001,114.92886,5.414427474609383
119.425619,115.01804,4.407575481933591
122.346381,114.850746,7.495634845214838
123.90543600000001,116.20485,7.700586756835946
123.106174,116.74693,6.359241016601558
118.93224700000002,117.71987,1.2123754790039243
118.399405,117.98281,0.4165940258789078
121.754335,118.23083,3.523507668457029
120.915602,117.83766,3.0779402568359444
118.49808000000002,117.04059,1.4574916210937658
118.991452,116.24244,2.749012729980464
119.60323299999999,116.389656,3.2135769331054576
119.780847,116.670334,3.110513137695307
118.310598,116.132385,2.178212746093749
120.530772,115.68362,4.847155361816405
121.369504,115.9409,5.428601290039069
124.231062,116.23539,7.995672290527338
124.536953,116.72708,7.809871701171872
126.20455000000001,117.456764,8.747785778808606
128.63194,118.88562,9.746319882812486
131.23201,120.1986,11.033409230957034
129.500275,121.80189,7.698387487792957
132.647988,122.91139,9.736595788085936
130.279802,124.31356,5.966241514160146
132.71706,125.37066,7.346401125488285
132.381567,126.046005,6.335561750976552
133.052553,126.1942,6.8583543916015515
131.345486,126.8713,4.47418625634765
131.730316,126.73908,4.9912336635742065
130.190995,127.14978,3.0412147265624867
132.539446,126.83563,5.703813675781248
132.934143,126.66929,6.2648543647461
132.608518,126.42959,6.17892968212891
131.809255,126.64835,5.160901423339851
131.710581,126.75661,4.953973944335928
129.717358,127.20788,2.5094798872070214
130.783042,126.913734,3.8693075639648384
126.155213,126.457756,-0.3025430424804654
126.40189900000001,125.667984,0.7339149912109519
128.020159,124.78886,3.2313024936523504
128.701012,123.86249,4.8385242070312415
125.379951,123.44044,1.9395136831054742
124.45084399999999,122.53753,1.9133150083007706
121.347233,122.53124,-1.184009370605466
123.52173799999998,122.06363,1.45810884960936
125.972997,121.06742,4.90557604052735
124.80667200000002,120.00585,4.8008202543945515
123.403128,119.768654,3.634474130371089
123.24498299999999,119.687996,3.5569870893554594
125.83462,120.3078,5.526819707031251
123.97640699999998,120.5575,3.4189042534179492
125.62705299999999,120.1631,5.463951803710927
125.429371,120.15031,5.279064298339847
125.379951,120.54767,4.8322825429687555
123.828145,121.03096,2.797184916992194
123.16591,120.78261,2.383301967773434
122.83973400000002,120.847725,1.99200908544924
123.610695,120.380775,3.2299195483398506
122.10831,119.92301,2.1852982202148468
124.431076,119.337616,5.0934600332031295
124.44096,119.22814,5.212818215332035
125.271225,119.36835,5.902877832031251
125.656706,119.72624,5.930463934570312
124.648526,120.02771,4.620816039062504
125.87415600000001,120.70754,5.16661358056642
128.967883,120.9185,8.049380192382813
128.137618,121.43151,6.706107074707035
128.641707,121.90036,6.741346892578122
130.262702,122.426285,7.836417209960928
128.948115,123.4287,5.519411691894533
130.766791,124.18912,6.577673568359387
132.427322,124.36308,8.064239114257816
132.150567,124.97204,7.1785287309570265
131.863928,125.61057,6.253355185058581
131.567404,125.93728,5.630125252441417
133.218051,126.60127,6.61677841699219
134.750088,126.964035,7.786052965820318
135.372787,127.13275,8.240035535156238
135.679194,127.563896,8.115297820800777
138.33802,128.2344,10.103614482421875
140.374147,129.30194,11.072206082031244
142.894596,130.36172,12.532871146484382
141.580009,131.51785,10.062156216796865
143.428338,132.74889,10.679451891601559
142.825407,134.19098,8.634427996093763
143.952196,135.14368,8.808519242187486
147.421519,135.77216,11.64936323828124
146.759283,136.16423,10.595052653320323
144.693504,137.06432,7.629188204101553
140.799164,137.52625,3.2729188828124904
144.456285,137.80862,6.647660732421883
143.714977,137.84772,5.867259714843755
145.098752,137.01997,8.078778245117178
146.838356,136.40244,10.43592069726563
147.263373,136.4657,10.797674757812501
145.0691,137.63974,7.429360009765617
143.299844,137.95367,5.346169683593757
143.952196,138.27162,5.680574295898424
144.169646,138.17934,5.990309452148438
143.833586,137.61693,6.216657899414059
145.652263,136.87872,8.773539855468755
145.247014,136.74655,8.500462486328132
145.355739,137.08948,8.2662614609375
144.663852,137.34288,7.320971750976554
144.614357,137.53261,7.08174896777345
144.129306,137.7806,6.348712127929701
144.38668,137.54784,6.838843696289075
147.386074,137.37648,10.009593897460945
147.593953,137.386,10.207951413085937
149.593549,137.73274,11.860806690429683
148.672943,138.37892,10.294021491210941
144.881629,139.28008,5.601553926757816
145.218195,139.93393,5.284265556640634
146.693145,139.75557,6.9375755419921745
148.197791,139.50783,8.689963241210933
148.1087,138.89345,9.215252124023436
146.861428,138.56474,8.296684958007802
146.04971,139.09883,6.950878823242192
147.099003,139.49455,7.604450387695323
151.573347,139.56616,12.007184890625012
150.296377,139.6222,10.674184617187507
150.969509,139.8527,11.1168020908203
152.097994,140.54465,11.553346783203125
152.741428,141.63472,11.1067081513672
155.107287,142.67334,12.433947156250014
153.543246,142.9784,10.56485244531251
152.513751,143.65364,8.860110252929701
147.465266,144.15736,3.3079021083984514
148.039407,144.00323,4.036172136718761
146.623852,143.42291,3.2009394023437494
147.52466,141.97406,5.5505999414062615
147.287084,140.70515,6.5819295810546805
144.58466,139.55536,5.029301113281264
141.496174,139.31793,2.1782418710937463
141.981225,138.55754,3.4236841064453074
144.376781,137.86584,6.510936273437494
145.346882,136.96,8.386875286132806
145.435973,136.19255,9.243422340820302
143.901629,136.15527,7.746355562500014
140.476578,136.82518,3.651397946289052
141.387286,137.11623,4.271059803710926
140.07072,136.69661,3.374110502929682
141.209104,135.81747,5.391629634765621
137.734558,134.83315,2.90141285839843
139.684659,133.90027,5.784390445312511
140.565669,133.71722,6.848444878906264
141.842639,133.36667,8.475970298828116
141.456579,133.46445,7.99213197851563
141.367488,133.3809,7.986582848632821
140.080619,134.17554,5.905081890625013
139.486679,134.46198,5.024703902343759
142.307892,134.43716,7.870727693359385
143.376983,134.23833,9.138655973632808
145.06971,134.30507,10.764641030273424
147.257387,134.66283,12.594560461914057
147.752337,135.69438,12.057955286132824
147.970114,137.17554,10.794576890624995
147.188094,138.22752,8.96057019628907
147.138599,139.1096,8.028995118164062
147.811731,139.6294,8.182336468750009
147.346478,139.69171,7.6547665742187405
151.028903,139.6257,11.403201095703139
148.286882,139.77206,8.514817791015616
147.455367,140.09541,7.359953791992183
148.50466,140.36824,8.136419643554689
149.959812,140.50772,9.452091052734374
149.435165,140.86847,8.566695761718762
149.969711,140.42435,9.545364076171865
149.136986,140.67624,8.460746986328132
149.503781,141.12119,8.382595697265629
146.638813,141.34787,5.290943126953124
146.589246,141.03159,5.557660306640628
148.690884,140.66672,8.024166470703136
148.700797,140.20988,8.490912356445307
149.692136,139.97557,9.716565321289067
152.160569,139.7686,12.391968536132822
156.502632,140.50005,16.002586223632818
159.15942,141.78067,17.378749833984386
159.625349,143.16283,16.462522461914062
160.011971,144.98962,15.022346976562488
160.537381,146.92668,13.610699481445323
155.451813,148.55437,6.8974459345703
158.852105,148.98457,9.867531635742182
163.868278,148.85197,15.016303512695316
163.342869,148.97481,14.368061260742195
162.341617,149.24892,13.092700374023451
160.438247,149.52223,10.916014944335927
163.888105,150.88316,13.004941547851558
169.69735,151.69191,18.005440209960938
173.56357,151.90845,21.655122734375
173.048074,152.8815,20.16657375585939
177.89572,154.52934,23.366377348632824
174.217854,157.2538,16.964054561523426
172.820066,159.43507,13.384992147460935
177.74702,160.37093,17.37609409667968
170.767995,160.75484,10.0131579638672
169.657696,160.95602,8.701671830078112
168.279735,159.81487,8.4648698876953
171.491673,159.11531,12.376362331054679
174.11872,158.69717,15.421545927734371
174.753177,157.38512,17.368060422851556
178.768098,157.76799,21.00010788769532
177.737106,158.85637,18.880736981445324
177.826327,160.5191,17.307222996093742
176.656547,161.69188,14.964667727539052
176.032004,162.33636,13.69563925390625
180.433547,162.79776,17.63578699023438
178.143555,162.64151,15.502044990234367
173.404956,162.70935,10.695605414062499
170.510247,162.45973,8.05051494433593
170.678775,162.03743,8.64134519042969
170.698602,161.43515,9.263451853515619
173.56357,159.6439,13.919664360351561
174.009673,158.34488,15.664793849609367
170.698602,158.15408,12.544518748046869
171.57098,158.47841,13.092571186523429
168.329302,158.75604,9.573259519531263
164.790223,158.78801,6.00221335644531
163.085121,157.76337,5.321754300781237
161.00331,156.1712,4.832106386718749
160.220152,154.8079,5.4122448955078255
158.396089,152.85323,5.542863291992177
158.306869,151.20145,7.105422466796881
157.840939,150.06696,7.773983433593742
168.854712,149.11852,19.73619698535157
173.266169,149.30368,23.962488580078116
173.097641,150.50493,22.592712411132823
174.316988,152.74335,21.57364083203126
171.402452,155.54285,15.859605320312511
171.114964,158.59488,12.520084849609361
170.390363,159.30096,11.089398644531258
173.536917,158.9476,14.589315681640613
174.976193,158.7327,16.24349646679687
170.846961,158.43459,12.41237542871093
167.3927,158.6322,8.76049785156249
167.630925,158.57426,9.056660473632803
171.512005,158.43883,13.07317748535155
171.273781,157.69853,13.575248895507826
167.630925,156.67482,10.956105053710928
166.062611,156.34526,9.717350379882816
163.104652,156.54524,6.559409690429675
158.886086,156.32779,2.558296693359381
161.536338,154.67323,6.863104967773438
163.630732,152.78508,10.845652043945307
163.898735,151.6603,12.238441420898425
161.992935,150.92653,11.066406069335926
165.328084,150.7876,14.54048634374999
165.000525,151.80287,13.197653295898448
161.963157,152.376,9.58714991992187
158.121781,152.3582,5.763580926757811
156.275538,151.8988,4.376734289062512
161.744784,151.43533,10.309450748046885
157.34755,150.29466,7.052887524414075
153.585581,148.95532,4.630258734374991
149.50598,147.8552,1.6507859082031189
153.942919,147.0258,6.917116387695302
158.409636,146.50705,11.902586439453131
159.432018,145.00095,14.431071955078124
162.767166,144.76492,18.002242904296878
164.156812,145.88919,18.267621326171877
167.571369,148.42778,19.143588848632817
168.951088,150.55867,18.392417956054686
172.782538,152.17503,20.60750443066405
173.427731,154.1446,19.283123456054682
174.301222,155.82533,18.475889358398433
177.636371,157.55438,20.081988675781247
176.455172,158.9975,17.457674441406255
173.318544,160.36359,12.954957574218753
173.020763,160.83473,12.186030944335926
177.120217,161.05751,16.062706624023434
173.765216,161.26624,12.49898064843751
170.559106,160.65248,9.906624920898452
170.866813,159.98615,10.880667980468758
168.831975,159.79936,9.032612817382812
164.524075,159.40399,5.1200833007812605
166.419948,157.61565,8.804301637695318
169.139682,156.28761,12.852069084960931
164.067477,155.68584,8.38164020800781
163.849104,154.72256,9.126539302734386
166.161871,153.986,12.175878568359366
165.993129,154.21545,11.77767489843751
165.189119,154.05019,11.138932842773443
160.593364,153.23828,7.355082750000008
161.675302,153.18967,8.485635251953113
155.640271,153.0237,2.61657410058595
155.411972,151.78438,3.627593948242179
162.429681,150.12709,12.302590545898425
156.483984,148.81918,7.664800650390617
156.791692,148.28465,8.507039290039074
158.300449,147.38472,10.915729151367174
164.792078,147.87035,16.921731930664066
155.610493,148.91861,6.691883380859366
156.34502,148.11095,8.234073344726568
151.156051,148.45656,2.6994927724609283
153.591487,148.24188,5.349604675781251
145.629104,147.47308,-1.8439794960937377
141.712526,144.47554,-2.7630141611328156
146.235477,142.69402,3.5414614970703155
144.67481,140.4916,4.183217592773445
148.352815,139.20706,9.145753232421868
139.982869,137.48598,2.4968918271484313
136.533497,137.12013,-0.5866354462890513
136.772071,137.08832,-0.31624687109373895
142.259256,135.5791,6.6801544374999935
139.525604,134.51355,5.012054195312487
139.684653,132.46498,7.219671920898435
142.925273,132.35268,10.572596608398442
148.750437,133.33582,15.414621570312505
147.955193,134.91795,13.037239508789071
147.825966,135.62318,12.202781795898431
150.311104,137.23715,13.073951900390625
144.515762,139.18596,5.329803137695308
145.271244,140.19104,5.080203960937496
147.825966,139.71628,8.109687923828119
147.080424,139.47641,7.604014087890619
141.79205,139.25853,2.5335203369140515
136.314805,138.07045,-1.7556448291015556
131.096015,137.52039,-6.424370742187506
131.970784,135.8834,-3.9126235927734285
134.624911,133.00703,1.6178766982421848
129.286834,130.03499,-0.7481544033203136
130.777917,127.772194,3.005723091308596
135.062296,126.61363,8.448663797851566
134.545387,126.95114,7.59424564257813
137.448028,127.25113,10.196898849609369
140.817876,127.26887,13.549008507324231
140.817876,129.09068,11.727193016601575
136.622962,130.94876,5.674201013671876
138.402321,131.72163,6.680687088867188
135.907243,132.65935,3.2478954658203065
138.104105,132.72566,5.378442768554692
140.71847,131.99733,8.721140288085934
142.070386,131.4642,10.606183119140638
145.479995,132.19907,13.280928837890627
146.165893,133.00084,13.165053766601574
144.008793,134.79361,9.215183380859372
144.992908,136.19386,8.799045084960937
144.625108,137.10925,7.5158550703125115
147.587393,137.73906,9.848333551757804
149.277287,137.79626,11.481022351562501
146.195715,137.96902,8.226690341796882
150.102352,138.62311,11.479244089843746
152.130225,139.3278,12.802420434570308
154.426493,140.45802,13.968469928710931
153.173983,141.31685,11.85713424511718
152.04076,141.98137,10.059390981445318
150.698786,143.39874,7.300043324218763
155.857933,143.84607,12.011863664062503
156.414604,144.10938,12.305228999999997
161.543929,144.08295,17.46098222265624
160.549874,144.88947,15.660408667968738
159.058791,146.30069,12.758101302734389
165.142409,148.1577,16.98470941503905
164.824312,149.36673,15.457582263671867
164.595679,150.76088,13.834799483398427
164.117869,151.2089,12.908976177734388
164.167641,151.95891,12.208732918945316
168.467933,153.0949,15.3730385908203
167.721354,153.21217,14.509180538085928
171.314886,153.5565,17.758382704101564
172.399913,154.32526,18.074656652343748
172.240643,155.55103,16.689617609375006
173.753709,157.00777,16.745942276367174
173.355534,157.7914,15.564136905273443
170.737532,158.86954,11.867994646484362
166.805551,159.0793,7.726251073242196
166.467102,158.68623,7.780868479492199
166.765734,158.01013,8.755602164062509
169.254329,156.77927,12.475062642578138
162.873571,155.63681,7.236760697265623
160.64379,154.6562,5.987585776367183
158.185058,154.11015,4.0749048017578104
156.502768,153.16174,3.341024835937503
157.239392,151.6635,5.575894075195322
155.0992,149.2982,5.800997485351559
153.825039,147.99225,5.832790464843754
155.248516,146.88857,8.359950936523433
153.755359,146.24918,7.506182974609374
156.652083,145.84138,10.810698112304692
162.684438,145.38245,17.3019917109375
153.138187,145.9419,7.196292468749988
154.601481,146.52118,8.080301800781257
151.674893,146.68205,4.99284038769531
150.012512,146.86998,3.1425321416015493
153.775268,146.03793,7.737334650390636
156.184228,143.81006,12.37416940624999
153.018735,143.92052,9.098218032226555
152.043205,143.66653,8.376670576171875
149.743744,143.98949,5.754257305664055
150.082192,144.46211,5.6200795732421795
151.067676,143.9177,7.149981908203131
149.156435,142.74889,6.40754889160155
141.830011,142.11511,-0.28510130468748685
137.569536,141.05347,-3.4839307968750006
141.800148,139.71925,2.0808944599609447
145.433497,138.02513,7.408365774414051
145.732128,136.1757,9.556423043945301
144.766553,134.8958,9.8707552705078
139.450914,135.41931,4.031602476562512
139.779409,136.64459,3.134816714843737
138.345978,136.67097,1.6750032685546898
137.708898,135.53577,2.173131398437505
142.337685,134.03131,8.306373964843743
137.748715,132.90569,4.843029575195317
141.76033,132.83936,8.92097453125001
143.094217,132.89507,10.199151692382799
143.203716,133.54068,9.66303606835936
142.73586,134.53572,8.20013917480469
146.598159,134.54578,12.05238263281251
148.768214,135.97838,12.789835704101563
151.64503,136.89565,14.749384858398429
148.66867,138.0039,10.664763749999992
144.139427,139.22432,4.9151075419921995
155.029519,140.29764,14.731881060546868
152.640468,141.0646,11.575862287109373
149.96274,141.55695,8.405794199218747
144.368378,141.35175,3.016632394531257
138.246434,141.38048,-3.134043905273444
137.977666,141.65746,-3.6797894443359382
138.516096,138.78697,-0.27087604589843295
139.09441,135.96597,3.1284370996093855
134.477871,133.49814,0.9797325722656183
146.442982,131.86685,14.576130193359376
149.264754,132.3176,16.947157564453136
147.848882,133.56468,14.284199993164066
149.603765,135.12846,14.475301254882822
148.357399,137.00137,11.356025708984362
150.281788,140.14256,10.139225133789068
150.850131,140.76508,10.085055316406255
147.579667,140.88509,6.694580940429688
149.743358,141.1851,8.558253629882813
150.63077,141.13168,9.499086650390637
147.679376,141.45538,6.223992699218741
143.800686,141.18909,2.611599085937513
140.759554,140.38336,0.3761921835937585
147.599609,139.79655,7.803054434570299
147.878795,138.82814,9.050654741210934
147.380249,137.76564,9.61460874121093
146.203679,137.46982,8.733860884765619
142.494495,138.08763,4.406863774414063
140.530223,139.15207,1.3781539082031316
142.235251,138.2703,3.96495681054688
141.746676,137.1351,4.611574681640633
144.069901,135.9494,8.120499144531237
145.047052,135.11842,9.928628538085945
142.793623,135.32616,7.467466383789059
136.103132,135.97935,0.12377714160155051
134.118918,135.71352,-1.5945982353515546
131.98514,134.99522,-3.0100839990234363
131.915343,133.12639,-1.2110455498046804
135.056185,130.55707,4.499117128906249
131.845547,128.44743,3.398113528320323
131.476623,127.70338,3.773246229980458
129.651943,127.29514,2.3567998725585824
125.67354400000002,127.168495,-1.4949511782226352
129.233164,126.578865,2.6542989487304567
129.552234,125.14756,4.404673880371092
124.70636399999998,124.458786,0.24757798925779184
125.992614,123.49064,2.501975267089847
124.65651000000001,122.808784,1.8477255151367302
129.243135,122.88979,6.3533416040039015
129.771594,122.33389,7.437701177734368
130.349908,121.911156,8.438752299316405
133.101883,122.89491,10.206970280273424
133.022116,123.96833,9.05378561669923
134.368191,125.63542,8.732769247070308
135.54476,126.480675,9.064085256347653
134.816883,127.465195,7.3516882978515525
134.876708,128.43417,6.442534416015633
137.469149,128.81947,8.649675733398425
140.699729,129.457,11.242728267578116
142.1156,130.18907,11.926528344726563
141.447548,131.0501,10.397453395507824
143.541442,132.32713,11.214308821289052
145.505715,133.91417,11.591545688476572
142.584233,135.25098,7.333256437500012
143.870483,135.8425,8.027984220703132
145.007168,136.1795,8.827663605468757
150.381497,136.79832,13.583172415039058
154.050798,137.41922,16.63157802929686
151.288851,138.21214,13.076708055664056
154.200362,139.94237,14.257994446289075
151.478299,141.77452,9.703778125976555
150.431352,143.4002,7.031144480468754
150.800276,143.7209,7.079374510742184
153.636332,143.12567,10.51066061328126
152.987235,143.2946,9.69263355957031
155.114276,142.86752,12.246752806640615
153.496526,143.26973,10.226796385742176
152.338137,143.96461,8.373522131835927
148.27379,144.52557,3.748216269531241
148.703193,144.0872,4.615989020507811
149.192512,143.53838,5.654136145507806
146.506248,142.3438,4.162452223632812
147.714567,141.20485,6.509717756835926
147.205276,140.21477,6.99050854394531
145.108192,140.0639,5.0442881914062525
145.707359,139.61209,6.095267935546872
150.820248,138.94086,11.879391066406242
153.61636,139.20178,14.414577773437486
151.389457,139.6437,11.745749724609368
152.657693,140.38664,12.271050543945307
150.380859,141.84248,8.538375479492174
148.293762,143.14687,5.146896155273424
150.261026,143.08293,7.178094481445299
152.378082,142.33212,10.045959197265631
152.777526,142.20456,10.57296667382812
155.633554,141.92334,13.710214156250004
154.784735,142.48613,12.298605239257824
157.181402,143.71915,13.462255271484366
159.058791,144.81511,14.243681747070326
157.610804,145.77023,11.840570845703127
158.709277,146.76134,11.947939719726548
160.027443,147.26378,12.763664313476568
158.060179,148.1429,9.917280440429693
157.431054,148.47165,8.959404830078114
160.546721,148.30347,12.243254203124991
162.134513,148.61429,13.520224669921873
164.670985,148.91154,15.759440200195314
165.939222,149.26501,16.6742073515625
165.399972,150.41089,14.989083328124991
163.532569,151.9231,11.609473296874995
164.431319,152.76208,11.669234039062502
161.804971,153.28838,8.516595145507807
160.57668,153.07332,7.503361518554698
159.877652,152.33453,7.543118308593762
165.330069,151.47719,13.852880889648446
164.980555,151.25328,13.727274360351572
165.000527,150.99185,14.00867519335938
166.238805,151.45282,14.785985175781263
167.397194,152.39397,15.003227325195326
166.418555,153.71764,12.70091889160156
164.790819,153.92387,10.866945098632812
165.100388,154.12167,10.978714416015634
163.542555,154.26764,9.274915839843743
163.532569,153.98743,9.545142242187495
168.176111,153.32564,14.85047318261718
169.444347,153.10957,16.33477363574218
169.354472,153.53267,15.821802932617175
168.30593,154.10915,14.196783881835927
167.217444,155.11996,12.097479400390625
165.559749,156.11775,9.441996924804698
173.328945,155.94957,17.379375297851567
173.259042,155.88953,17.369515632812494
171.531444,156.13269,15.398753570312493
173.313965,156.71533,16.598632968749996
173.508695,157.74527,15.763425224609364
172.57,159.29196,13.278038330078118
172.07,159.1962,12.873802490234368
172.07,159.05931,13.010689086914056
172.69,159.25478,13.435223999023435
175.05,159.0811,15.968899536132824
175.16,159.02753,16.132473144531247
174.2,159.31215,14.887850952148426
171.56,159.75137,11.808626708984377
171.84,160.0456,11.794406738281253
172.99,160.10422,12.885782470703134
175.43,159.63945,15.79054992675782
177.3,159.2932,18.006802368164074
177.25,159.40144,17.848556518554688
180.09,160.28015,19.809848632812503
180.95,161.45016,19.499835205078114
179.58,162.67757,16.9024334716797
179.21,163.50058,15.709420166015633
177.82,163.96233,13.857673950195306
180.57,164.34656,16.223442382812493
180.96,164.23157,16.728432617187508
183.79,164.01671,19.773291625976555
183.31,164.34526,18.964739379882815
183.95,164.92506,19.024935913085926
186.01,165.97122,20.038778076171866
184.92,166.69719,18.2228106689453
185.01,167.43747,17.572530517578116
183.96,167.65283,16.307167968750008
187.0,167.92792,19.07208251953125
186.68,168.2312,18.448798828125007
185.27,168.1966,17.07340576171876
188.06,168.3597,19.70030456542969
189.25,168.66881,20.581192016601562
189.59,169.39127,20.19873413085938
193.97,169.65256,24.317442626953124
192.46,170.36826,22.091744384765633
191.33,171.5705,19.759504394531263
191.81,172.2749,19.535097656250002
190.68,172.79294,17.887061767578132
188.61,173.19284,15.417159423828139
188.08,172.51692,15.5630780029297
189.77,171.95003,17.819972534179698
190.54,171.58359,18.956412353515617
190.69,171.15456,19.535443725585935
193.99,171.00342,22.98658203125001
193.73,171.53944,22.190556030273427
195.10000000000002,172.37747,22.722528076171898
193.13,173.09898,20.031016235351558
