Actual,Predicted,Error
19.160318,19.320545,-0.16022719653320294
19.299543,19.151264,0.14827880932617177
19.630672,19.086384,0.5442881804199224
19.562941,19.177849,0.38509218408202983
19.856441,19.29294,0.5635008602294924
19.46887,19.449379,0.01949103271484276
19.073773,19.57275,-0.4989770915527352
19.175369,19.620235,-0.4448664431152345
19.09635,19.541441,-0.44509096374511614
19.265677,19.452423,-0.18674609570312484
19.156555,19.263205,-0.10664957458496005
19.510261,19.175695,0.3345655806884764
19.2431,19.233185,0.009915185546873317
18.87058,19.262894,-0.39231367675781215
19.002279,19.286358,-0.2840788796386704
19.231812,19.242472,-0.010659694946287601
19.258152,19.236677,0.02147483020019436
19.389851,19.129887,0.25996437280273454
19.799999,19.119827,0.6801717294921872
19.830101,19.276442,0.5536594259033194
19.871493,19.442799,0.42869438549804784
19.80314,19.578836,0.22430355895996001
20.023386,19.72867,0.29471587976074076
19.761369999999996,19.871029,-0.10965890014648849
19.913263,19.887941,0.02532163952636779
20.220848,19.901228,0.31962004895019547
20.524635,19.931473,0.5931622216796875
20.452486,20.03268,0.419805488525391
20.296795,20.101864,0.1949311389160151
20.122117,20.264372,-0.14225487194824282
20.372742,20.376827,-0.0040852399902355785
20.611974,20.406908,0.2050659647216797
20.58919,20.36793,0.22126054138183449
20.456283,20.366367,0.08991565991210848
20.034778,20.416132,-0.38135397326660225
20.080346,20.489077,-0.4087306143798841
20.444891,20.46292,-0.018028235229493816
20.251227,20.37066,-0.11943378186035147
20.365147,20.27429,0.09085691516113314
20.60438,20.22128,0.38310085571288965
20.10313,20.324121,-0.2209914752197264
20.486662,20.398777,0.08788499194335841
20.706908,20.377428,0.3294799451904282
20.596785,20.442846,0.15393870178222713
20.695516,20.489408,0.20610750695800917
20.41831,20.480938,-0.06262795776367014
20.281606,20.616528,-0.33492155737304685
20.323376,20.618586,-0.2952095865478519
20.038576,20.53595,-0.49737370703125094
20.008197,20.447344,-0.4391468262939462
19.879087,20.295013,-0.4159264277343766
19.765167,20.190702,-0.4255354383544905
20.201861,20.09413,0.10773143762207127
20.144901,19.995876,0.14902468774414146
20.714503,19.99256,0.7219435670166021
20.703111,20.05721,0.6459000777587889
20.562609,20.21079,0.3518183658447249
20.623366,20.428915,0.19445097619628982
20.710705,20.539139,0.1715662060546883
20.771463,20.687164,0.08429869335937568
20.574001,20.679317,-0.10531647436523528
20.722097,20.665771,0.05632551562500154
20.608177,20.700354,-0.09217662243652214
20.638556,20.71262,-0.07406378149413939
20.592988,20.695923,-0.1029348515625017
20.843612,20.653734,0.18987779284667994
20.843612,20.687521,0.1560910191650393
20.638556,20.691452,-0.052896026367186266
20.83222,20.724451,0.10776893493652295
21.052466,20.75994,0.2925268062744131
21.13221,20.83692,0.29529021545410217
21.272712,20.865992,0.40672040759277195
21.352456,20.926981,0.42547502770996104
21.200562,21.084167,0.11639451953125146
21.39043,21.197292,0.19313767211913913
21.352456,21.26543,0.08702554956054698
21.538526,21.32024,0.21828597924804782
21.454984,21.35414,0.10084467199706992
21.405619,21.372616,0.03300318579101713
21.211954,21.43992,-0.22796642541504042
21.208157000000003,21.435171,-0.22701412731933246
21.306888,21.426813,-0.11992512561035085
21.227144,21.356852,-0.12970757775878994
21.127558,21.300901,-0.17334341296386668
21.230974,21.24447,-0.013496596313476772
21.338221,21.245033,0.09318773583984452
21.204162,21.256884,-0.052721621215820136
21.230974,21.235682,-0.004707533813476772
21.357372,21.237696,0.11967630603027501
21.342051,21.2812,0.06085059106445456
21.441637,21.301666,0.13997074023437506
21.154369,21.302567,-0.1481975283203134
21.016481,21.33078,-0.31429902929687614
21.073935,21.328585,-0.25464967102050906
20.863272,21.272467,-0.40919465954589995
20.740704,21.189882,-0.4491782784423819
20.782837,21.041428,-0.25859061230468683
20.855611,20.956522,-0.10091098791503939
21.066274,20.905857,0.16041691381835932
21.215653,20.85152,0.3641324616699215
21.338221,20.88726,0.450960562988282
21.284597,20.995722,0.2888751829834
21.16586,21.116507,0.04935342346191263
21.108407,21.223103,-0.11469556958007843
21.127558,21.263039,-0.13548063525390575
21.096916,21.252272,-0.15535565222167946
21.242465,21.19474,0.047724704589843014
21.391844,21.157314,0.2345296994628896
21.587186,21.17404,0.4131461593017569
21.510581,21.241745,0.2688360048828109
21.537393,21.325401,0.2119916938476578
21.560374,21.4372,0.12317345373535105
21.717413,21.519989,0.19742398632812552
21.679111,21.57892,0.1001906356201161
21.847641,21.58957,0.2580719082031244
21.682941,21.64448,0.038461248413085514
21.954888,21.69538,0.25950874279785197
21.981699,21.763685,0.2180137735595693
21.939567,21.805035,0.1345323625488284
21.583355,21.869541,-0.28618616821288967
21.548883,21.861164,-0.3122810930175781
22.020002,21.879684,0.14031755175781413
22.196192,21.835264,0.36092779406738273
22.303439,21.812014,0.4914253739013681
22.571555,21.836266,0.7352894360351563
22.594537,22.022808,0.5717289250488271
22.640499,22.269304,0.37119472448730306
22.759236,22.41144,0.34779610437011854
23.065655,22.532639,0.5330164501953121
23.134599,22.66917,0.4654286203613296
23.130769,22.76552,0.3652489041748055
23.023522,22.88412,0.13940105883789045
23.134599,23.001642,0.1329567728271499
23.360583,23.09937,0.2612139509277327
23.490811,23.131477,0.3593336440429695
23.410376,23.172054,0.23832170922851503
23.356753,23.230661,0.12609160778808715
23.47549,23.331034,0.14445629333496157
23.456339,23.413975,0.0423642380371092
23.418036,23.436256,-0.01822040869140551
23.540604,23.418354,0.12224996557617018
23.47932,23.433517,0.0458025439453138
23.352922,23.468468,-0.11554571240234424
23.035013,23.459112,-0.42409916735839914
23.046504,23.420557,-0.3740530220947278
23.069682,23.365498,-0.2958155891113279
23.019463,23.25211,-0.2326465275878924
23.1199,23.136324,-0.016423928833006585
23.343953,23.053291,0.2906616791992178
23.355542,23.086012,0.2695301134033201
22.988559,23.136518,-0.14795947839355605
23.131489,23.16631,-0.03482035668945471
23.127626,23.210314,-0.08268779699707096
23.459842,23.221909,0.2379334306640608
23.795921,23.188717,0.6072041115722655
23.896358,23.197905,0.6984534132080071
23.946577,23.368309,0.5782679790039076
23.973618,23.5427,0.4309181861572249
24.039288,23.755348,0.28393979443359285
24.201533,23.897942,0.30359141064453254
24.356052,23.968983,0.38706930346679513
24.108822,24.042028,0.06679357287597654
24.147451,24.10406,0.04339178063964866
24.182218,24.1622,0.02001707226562388
23.652991,24.204977,-0.5519860355224608
24.035425,24.15577,-0.12034434814453121
23.965892,24.05222,-0.08632739086914043
23.826825,24.013512,-0.18668665771484427
23.907947,23.946825,-0.03887802746582025
24.162902999999996,23.862906,0.29999749768066053
24.039288,23.959503,0.0797848261718741
23.784332,23.950054,-0.16572216870117273
23.877043,23.944378,-0.06733489916992141
23.946577,23.975222,-0.02864463391113148
23.707072,23.983208,-0.2761357026367186
24.112685,23.892868,0.21981695800781154
24.047014,23.854761,0.19225287634277421
24.004521,23.905571,0.09895001611328169
23.869317,23.93642,-0.06710344067382934
23.869317,23.939466,-0.0701494764404309
23.37872,24.00962,-0.630900666503905
23.26283,23.910503,-0.6476733874511709
23.293734,23.778599,-0.48486478540039
23.579594,23.620808,-0.04121364770507796
23.641402,23.499529,0.14187311511230405
23.904084,23.384407,0.5196769565429697
23.761154,23.450703,0.3104513327636731
23.934988,23.574219,0.3607692500000006
23.761154,23.720217,0.040937248901368406
24.004521,23.78721,0.21731053552246138
24.143588999999995,23.856491,0.2870979111328076
24.220848,23.872078,0.3487700581054689
24.286519,23.956913,0.3296060056152328
24.267204,24.015785,0.2514187827148433
24.043151,24.146147,-0.10299577429199047
24.074055,24.198154,-0.12409944946288931
23.996795,24.201174,-0.20437878234863405
24.085644,24.166147,-0.08050323205566556
24.286519,24.105387,0.18113226599120935
24.30197,24.062881,0.23908853027343824
24.904594,24.102993,0.8016009885253901
24.966402,24.198381,0.7680205760498033
25.043661,24.376377,0.6672838942871095
25.012758,24.581299,0.4314591718750016
25.012758,24.762018,0.25073979626465004
25.344973,24.962713,0.3822597584228511
25.368151,25.02132,0.3468306569824229
25.375877,25.08868,0.28719673266601475
25.356411,25.154135,0.20227624963379043
25.480994,25.24343,0.2375648160400381
25.492673,25.353895,0.13877781262207023
25.874207,25.378557,0.4956497947998031
25.667867,25.435623,0.2322438310546886
25.617256,25.505821,0.11143477197265739
25.329159,25.589228,-0.2600686763916009
25.165644,25.614708,-0.4490639467773434
24.89312,25.603168,-0.7100484875488284
24.963198,25.422285,-0.45908707995605624
25.169538,25.26356,-0.09402134143066476
25.846954,25.109344,0.7376095175781252
25.928712,25.095577,0.8331347600097665
25.815809,25.189636,0.6261727695312516
25.734052,25.40867,0.3253815745849593
25.827488,25.634073,0.19341474255370983
25.924818,25.821123,0.10369487683105305
25.839168,25.821012,0.018155503051758615
25.706799,25.795238,-0.0884394948730467
25.656188,25.791952,-0.13576413317871072
25.58611,25.80103,-0.21491920532226416
25.737945,25.765606,-0.027660926513672024
25.691226,25.698343,-0.007117276977538722
25.761304,25.652029,0.10927496252441316
25.858634,25.650274,0.20835972326660013
25.862527,25.67789,0.18463622241210942
25.663974,25.73971,-0.07573585412597694
25.590003,25.748802,-0.15879918505859436
25.422596,25.757944,-0.3353481070556654
25.516032,25.719727,-0.20369456250000084
25.434275,25.636562,-0.20228734741210985
25.632828,25.53281,0.10001778881835932
25.58611,25.49245,0.09365928588867334
25.590003,25.477554,0.11244867871093689
25.543285,25.518604,0.02468072143554778
25.461528,25.532639,-0.07111054980468623
25.516032,25.564653,-0.048621396606446154
25.484887,25.53431,-0.04942238720703074
25.59779,25.512035,0.08575463012695295
26.053294,25.493828,0.5594661801757823
25.96375,25.532887,0.43086349487304787
26.15841,25.627048,0.5313615075683593
26.212915,25.745472,0.46744304565429573
26.411468,25.909792,0.5016760535888665
26.968196,26.083878,0.8843184365234364
26.578876,26.196121,0.38275478417968856
26.909798,26.361135,0.5486625172119126
26.828041,26.512608,0.3154334255371083
26.999342,26.673708,0.3256340379638658
27.197895,26.805878,0.39201731445312404
27.104458,26.803997,0.3004609602050792
27.100565,26.937147,0.16341785949706988
27.084992,26.984562,0.10043007983398411
26.93705,27.062866,-0.12581621093750073
26.987662,27.080587,-0.09292538708496068
26.691779,27.03092,-0.33914102868652307
26.894225,26.977814,-0.08358872070312628
26.683992,26.917604,-0.23361244641113288
27.186215,26.839224,0.34699113830566475
27.556069,26.830387,0.7256818845214852
27.879205,26.860565,1.018639814453124
27.766302,27.054745,0.7115572795410152
27.602788,27.240763,0.36202528942871126
27.396448,27.516685,-0.12023748583984428
27.225147,27.63934,-0.4141924470214846
27.170242,27.622978,-0.4527362104492205
28.256581,27.474419,0.7821623598632819
28.287956,27.420448,0.867507696777345
27.076119,27.475391,-0.39927238793945463
26.134886,27.545425,-1.4105394150390609
25.942718,27.549025,-1.6063065819091804
25.809377,27.453033,-1.6436564472656237
25.632896,26.913677,-1.280781215576173
25.711332,26.249372,-0.5380404822998059
25.797611,25.880928,-0.0833170395507814
25.679957,25.773613,-0.09365597607421705
25.687801,25.71025,-0.02244985449218717
25.668192,25.680294,-0.012102036865233146
25.476024,25.699621,-0.22359720056152455
25.507398,25.67706,-0.1696611735839859
25.421118,25.614145,-0.19302727893066418
25.303464,25.568483,-0.2650193526611311
24.895597,25.49735,-0.6017536927490248
25.428962,25.379877,0.04908490954589695
25.440727,25.323645,0.11708236193847554
25.366213,25.265697,0.10051552075195147
24.997564,25.23592,-0.23835595239257756
24.785787,25.215176,-0.42938862866211025
24.660289,25.281544,-0.6212547316894543
24.675976,25.145065,-0.4690893076171889
24.738725,24.96678,-0.22805470886230594
24.83677,24.787792,0.04897779418945447
25.283855,24.715937,0.5679183392333975
25.240716,24.749353,0.4913625911865225
25.123062,24.85578,0.26728235217285246
25.323073,24.976841,0.3462320270996102
25.523085,25.108643,0.41444242187499825
25.491711,25.24878,0.24293170312499868
25.213263,25.276705,-0.0634417882080065
25.252481,25.308186,-0.055704577392578614
25.311308,25.370592,-0.05928411730956995
25.326995,25.372252,-0.04525651062011704
25.699566,25.310759,0.3888074093017586
25.62113,25.286495,0.3346347912597665
25.950562,25.366888,0.583673953735353
25.887813,25.481783,0.4060300867919935
25.617209,25.61031,0.006899399169920883
25.628974,25.734818,-0.10584350488281302
25.570147,25.742489,-0.17234186108398575
25.856438,25.761007,0.09543069104003976
25.625052,25.69111,-0.0660586109619139
25.70741,25.628668,0.07874216857910099
25.9035,25.648724,0.2547763977050792
25.676036,25.685026,-0.008990168823242328
25.515242,25.736912,-0.22166977368163998
25.51132,25.684439,-0.1731187054443346
25.264246,25.685123,-0.42087744360351564
25.687801,25.628359,0.059442159057617516
26.158308,25.518274,0.6400336927490251
27.154038,25.52313,1.6309075831298827
26.990803,25.703445,1.2873575654296872
27.21117,25.979364,1.2318056048583976
27.219331,26.424595,0.7947361208496098
27.398889,26.8141,0.5847887344970708
27.627417,27.121326,0.5060905534667981
27.349919,27.17894,0.17097918066406237
27.341723,27.294298,0.04742482800293146
27.06306,27.347336,-0.2842758154296874
26.800789,27.37431,-0.5735205397949201
26.866357,27.302847,-0.4364899085693352
26.833573,27.127363,-0.29379020495605346
26.964709,27.005926,-0.04121713220214929
26.890945,26.878586,0.012359184570311044
26.882749,26.82704,0.05570928137207076
26.874553,26.853168,0.02138451245117068
27.046668,26.859707,0.186961121337891
27.317135,26.88989,0.4272443292236332
27.226979,26.913794,0.3131854361572266
27.767913,26.97973,0.7881823939208985
27.759717,27.109434,0.6502828721923812
27.456466,27.291342,0.165124218383788
27.735129,27.433714,0.3014150870361334
27.948224,27.520636,0.4275883951416013
28.185907,27.670553,0.5153537926025393
28.202299,27.70208,0.5002192270507813
28.079359,27.768845,0.3105143955078127
28.112143,27.945696,0.16644712292480435
28.243278,28.054844,0.18843409741210948
28.439982,28.117317,0.3226648002929693
28.751428,28.134058,0.6173700013427741
28.538333,28.190819,0.34751421337890775
28.292454,28.305294,-0.01284003686523505
28.079359,28.405647,-0.32628827783203107
28.317042,28.4412,-0.12415825634765554
28.087555,28.411497,-0.3239421160888689
27.91544,28.260101,-0.34466131835937475
28.079359,28.135687,-0.05632787438964826
27.694149,28.073872,-0.37972261254882866
27.538426,28.040531,-0.5021051584472644
28.120339,27.893147,0.22719248510742318
28.415394000000003,27.82868,0.5867139615478543
28.087555,27.858582,0.22897345703124827
28.218691,27.84898,0.36971105004882787
28.42359,27.975412,0.44817763122558674
28.628489,28.185896,0.4425930802001936
28.669468,28.26318,0.406288220947264
28.694056,28.28051,0.41354605126953103
28.800604,28.42197,0.37863363256835925
27.981008,28.554335,-0.5733266405029305
27.423682,28.577147,-1.1534645301513677
27.48925,28.445505,-0.9562551422119157
27.710541,28.226797,-0.5162561038818367
27.440074,27.959303,-0.5192289022216805
27.61219,27.60699,0.005199185791013861
27.702345,27.482971,0.2193738085937511
28.153123,27.53516,0.6179629353027352
28.366218,27.617342,0.7488760047607421
28.948131,27.689491,1.2586397280273438
28.939935,27.93806,1.0018742395019515
29.603808,28.21257,1.3912378095703133
29.767727,28.572937,1.1947899882812507
30.038194,28.896324,1.141869842285157
29.759531,29.248861,0.5106696871337881
29.956234,29.468653,0.4875812747802719
30.04639,29.731567,0.3148226171874988
30.407012,29.826515,0.5804968022460955
30.661087,29.918325,0.7427615758056625
30.545912,29.98385,0.5620615208740247
29.723238,30.168661,-0.44542311755371244
29.94536,30.254023,-0.3086625982666007
30.669313,30.290215,0.3790984614257802
30.340244,30.254658,0.08558625463867031
30.603499,30.142548,0.46095139257812434
30.34847,30.086836,0.26163413879394426
30.611726,30.284979,0.32674713342285244
30.044081,30.447058,-0.40297672399902495
30.0194,30.359291,-0.3398910766601553
29.99472,30.336185,-0.3414654553222647
30.216842,30.204687,0.01215488146972632
30.373151,30.145058,0.22809332177734376
30.34847,30.017683,0.33078697082519426
30.488325,30.073029,0.4152964355468747
30.27443,30.163273,0.11115714233398322
29.492889,30.265368,-0.7724785079345686
29.66565,30.235762,-0.5701116424560553
29.854865,30.113688,-0.25882251525878885
29.764371,29.976921,-0.21255008154296817
29.756145,29.774277,-0.018131733398437433
29.904226,29.619232,0.2849938222656263
30.480098,29.709015,0.7710831074218767
30.98193,29.809029,1.1729013745117172
30.29911,29.942131,0.3569789575195301
30.101668,30.119152,-0.017484069091796783
31.105331,30.29293,0.8124003969726559
31.03129,30.495197,0.5360927038574204
31.03129,30.571495,0.45979494384765474
30.833848,30.525229,0.30861949963378876
31.064197,30.69227,0.371926721069336
31.722337,30.950201,0.7721359654541011
31.03129,30.977272,0.054017966308592236
30.998383,31.019108,-0.02072481860351516
30.167482,31.050972,-0.8834899848632816
30.570592,31.065277,-0.4946850996093737
30.27443,30.977184,-0.702754295654298
29.863092,30.632874,-0.7697815351562483
30.142802,30.41711,-0.2743084431152347
30.858529,30.179075,0.6794537589111336
30.842075,30.234957,0.6071182586669934
30.29911,30.212492,0.08661801086425669
29.978267,30.268873,-0.2906062147216808
30.192162,30.418125,-0.2259631525878909
30.282656,30.473524,-0.19086809362793034
30.34847,30.30323,0.0452397143554677
30.858529,30.130037,0.728491692260743
29.789052,30.163904,-0.3748521900634749
28.93347,30.25176,-1.3182904827880861
29.270766,30.16688,-0.8961136539306658
28.768935,29.987183,-1.218247617187501
28.884109,29.690958,-0.8068490230712904
29.28722,29.169415,0.11780547973632949
29.089778,28.955086,0.13469224560546778
28.694894,28.99379,-0.29889567285156105
28.818295,28.900898,-0.08260297973632902
28.678441,28.944756,-0.26631455419921934
28.176609,28.934303,-0.7576942836914071
28.727801,28.739792,-0.011990870117188024
29.130912,28.597055,0.5338565648193345
28.57972,28.60916,-0.02943946960449395
28.57972,28.573355,0.006365278930662299
29.213179,28.570087,0.6430915671386721
29.171883,28.767601,0.40428198681640737
29.304032,28.836676,0.467356356079101
29.485736,28.816502,0.6692343825683587
29.584848,29.004673,0.5801749958496103
29.485736,29.240026,0.24570952600097584
29.626145,29.307133,0.31901227905273544
29.56833,29.408716,0.159613798217773
30.295149,29.48202,0.813129575561522
30.105185,29.566223,0.5389618554687488
30.212556,29.657156,0.5554000093994134
30.377742,29.815596,0.5621463731689467
30.344705,29.974373,0.3703321362304699
30.460335,30.179811,0.2805235223388678
30.253852,30.191956,0.06189643359374841
30.427298,30.25851,0.16878741040039102
30.352964,30.304564,0.04840047766113287
30.105185,30.301502,-0.19631722778320437
29.816109,30.286655,-0.47054642602538976
29.675701,30.193943,-0.5182420236816405
29.667441,30.116606,-0.449164758666992
29.642663,29.949018,-0.3063554783935558
29.650923,29.771324,-0.12040115771484494
29.68396,29.647697,0.03626255126953026
29.411403,29.604069,-0.19266575610351566
28.932363,29.579582,-0.64721921435547
28.882807,29.49995,-0.6171434089355472
28.808473,29.375679,-0.5672060161132819
28.668065,29.200972,-0.5329066033935561
28.61025,28.967068,-0.35681771850585875
28.635028,28.774828,-0.13979995715332194
28.775436,28.705225,0.07021100915527256
28.511138,28.651348,-0.1402101140136729
28.089913,28.601118,-0.5112050877685554
27.875171,28.544868,-0.6696974692382796
27.858652,28.449558,-0.5909062580566413
27.52828,28.29934,-0.771059294433595
27.197908,28.040728,-0.8428196153564436
27.635651,27.783249,-0.1475979013671882
27.866912,27.633255,0.23365699511718674
27.668688,27.561016,0.10767191723632763
27.916468,27.49318,0.4232886787109358
28.155988,27.548813,0.6071751337890632
28.701102,27.749762,0.9513404185791003
28.709361,27.899961,0.809399528442384
28.800214,28.041132,0.7590820267333989
28.915844,28.297144,0.6187000638427733
28.882807,28.53026,0.35254691394042936
29.44444,28.723112,0.721327893676758
29.188401,28.814564,0.3738372487792958
29.147105,28.928156,0.21894910095214826
29.006696,29.028563,-0.021866545776365598
28.378989,29.09031,-0.7113201430664056
27.809097,29.103968,-1.2948706666259753
27.800837,28.846636,-1.045798818481444
27.371353,28.578466,-1.2071134154052743
27.41265,28.220982,-0.8083315979003913
27.899949,27.83099,0.06895916235351507
27.999061,27.621368,0.3776925917968761
27.495243,27.60124,-0.10599715808105614
27.718244,27.564505,0.1537393765869126
27.668688,27.662706,0.0059816248779291925
27.263982,27.751917,-0.48793488537597796
27.396131,27.657675,-0.2615437894287105
27.899949,27.508125,0.3918236948242182
27.999473,27.536366,0.46310749096679515
28.198522,27.532423,0.6660989805908208
27.958005,27.587914,0.37009148681640625
29.774321,27.786005,1.988315979858399
30.827619,28.111992,2.71562711767578
30.927143,28.507004,2.4201392158203134
30.570515,29.055622,1.5148928991699222
30.703214,29.65714,1.0460732681884757
30.877381,30.424162,0.45321908898925756
30.860794,30.711477,0.14931672033691257
30.893968,30.702469,0.19149912792968848
30.918849,30.670815,0.24803448583984533
30.918849,30.75691,0.1619386759033219
30.636864,30.813456,-0.17659158166503985
30.313411,30.79901,-0.48559832312011864
30.653452,30.7448,-0.09134856762695165
30.670039,30.671158,-0.001118836914063337
30.985199,30.584757,0.4004421488037124
31.151073,30.521717,0.6293559284667971
31.217422,30.581102,0.6363196287841788
31.615519,30.780191,0.83532757849121
31.433058,30.943308,0.489750123413085
31.076429,31.135843,-0.059414276977538094
31.32524,31.22658,0.09866033386230555
31.316946,31.274525,0.04242131127929838
31.557463,31.304655,0.2528079249267563
31.466233,31.232538,0.23369477673339745
32.104846,31.221163,0.8836832039794942
31.665281,31.37997,0.28531044946289086
31.57405,31.48109,0.09295945434570285
31.723337,31.586292,0.13704473315429766
31.6404,31.6286,0.011800833129882449
31.57405,31.696657,-0.12260718078613309
31.781392,31.560577,0.2208146074218753
31.673575,31.561974,0.11160142822265584
31.632106,31.592558,0.03954809289550809
31.184247,31.57555,-0.39130307934570396
30.985199,31.543154,-0.5579547628173813
30.620277,31.4813,-0.8610233540039047
31.126192,31.284811,-0.1586190198974613
30.8525,31.102964,-0.25046440124511804
30.777857,30.901863,-0.12400609814453034
30.338292,30.810156,-0.4718638685302743
30.097775,30.728802,-0.6310267272949233
30.189005,30.701181,-0.5121764117431624
30.296823,30.481756,-0.1849332103271486
30.363173,30.320639,0.04253434338378881
31.615519,30.174461,1.4410576352539053
31.540876,30.265406,1.2754703450927742
31.383296,30.518927,0.864369379516603
31.880917,30.805914,1.0750030748291017
31.673575,31.145256,0.5283189575195308
31.806273999999995,31.511414,0.29486042578124483
31.822861,31.533815,0.2890456160888668
31.856036,31.593391,0.2626445815429683
31.789686,31.71653,0.07315615380859342
31.706749,31.693924,0.012825049804686017
32.04679,31.726141,0.320649024047853
32.469768,31.740849,0.7289194587402363
32.220958,31.803171,0.41778684216308903
32.511237,31.878773,0.6324642644042981
32.569292,32.016438,0.5528544694824191
32.818103,32.21852,0.5995818818359382
32.619054,32.367012,0.2520419760742172
33.00271,32.403385,0.5993248376464848
32.969349,32.554962,0.4143868417968761
32.977689,32.649044,0.32864496313476366
32.860924,32.745964,0.11495994970702839
32.627395,32.77111,-0.14371553466796883
31.751659,32.837112,-1.0854534267578124
31.217878,32.696857,-1.4789794523925792
30.508949,32.442093,-1.9331438955078113
30.27542,32.024494,-1.7490741711425777
30.333802,31.494297,-1.160495027587892
29.900105,30.92701,-1.0269045825195313
30.467248,30.51711,-0.0498628245849595
30.575672,30.246965,0.32870659167480554
29.900105,30.199476,-0.29937124206542975
30.233718,30.185781,0.04793652111816371
30.317122,30.152662,0.16445972277832155
30.567332,30.25889,0.30844184802246133
31.00937,30.221691,0.7876788684082037
30.992689,30.205402,0.7872866257324205
31.651575,30.441505,1.2100695678710949
31.910126,30.674313,1.2358134084472674
32.293781,30.977642,1.3161389406738309
32.368844,31.310308,1.0585355435791044
32.468928,31.592705,0.8762232270507795
32.327143,31.94797,0.3791735633544917
32.485609,32.139126,0.34648317602538725
32.377185,32.280666,0.09651864868163784
32.51063,32.31313,0.1975005749511709
32.735819,32.33351,0.40230764746093683
32.852584,32.349472,0.5031119541015627
33.186197,32.439537,0.7466599516601562
33.177857,32.535267,0.6425901237792999
32.802542,32.70576,0.09678104418945566
33.461428,32.837788,0.6236403718261698
33.186197,32.951424,0.2347733549804687
33.136155,33.044106,0.092049470214846
33.00271,33.038475,-0.035765036621093316
33.211218,33.021954,0.18926441723633047
33.119475,33.127052,-0.00757730712890492
33.077773,33.031746,0.046027089355469286
32.719138,33.009796,-0.29065814257812406
32.50229,32.96924,-0.4669482812499979
32.952667999999996,32.924023,0.028645325439448754
33.136155,32.815807,0.32034765747070537
32.902626,32.751194,0.1514319997558573
32.418886,32.696705,-0.2778188645019526
32.01855,32.711895,-0.6933449890136743
32.051912,32.731323,-0.6794112421874985
32.026891,32.564236,-0.5373446872558603
32.160336,32.29306,-0.13272430273437408
32.068592,32.066742,0.0018500566406274288
31.951828,31.968033,-0.016204836914063492
32.118634,31.97557,0.14306332128906263
32.085273,31.978985,0.10628816723632895
32.177017,31.992134,0.18488290576171806
32.235399,31.973686,0.2617127817382823
32.218718,31.994537,0.22418064648437763
31.835063,32.060734,-0.22567079516601396
31.376344,32.052467,-0.6761233461914067
31.384685,31.993336,-0.6086507238769521
31.076092,31.855516,-0.7794244337158212
31.059412,31.632269,-0.5728569056396502
31.663484,31.358522,0.3049615848388676
31.856452,31.21163,0.6448221324462899
32.200438,31.240532,0.9599060786132796
32.661883,31.33298,1.3289037977294953
32.477305,31.613546,0.8637586285400403
32.385016,31.963682,0.42133382531738306
32.385016,32.167694,0.21732190820312525
32.242388,32.33077,-0.08838058520507985
31.906792,32.384865,-0.4780728071289069
32.192048,32.258823,-0.06677539477539085
32.334676,32.17458,0.16009637963867362
32.502474,32.123215,0.3792592783203119
32.443745,32.092663,0.35108218872070296
32.351456,32.11989,0.23156769433593638
32.586373,32.256615,0.32975831494140806
32.368236,32.333164,0.03507178491211249
32.460525,32.364834,0.09569116821288759
32.494085,32.348152,0.14593283935546708
32.712222,32.35251,0.359713455078122
32.947139,32.406956,0.5401832810058593
33.274345,32.42783,0.8465152575683561
33.500873,32.571762,0.9291109150390611
32.921969,32.75513,0.16683823217773153
32.770951,32.932953,-0.1620018808593784
33.249176,33.029972,0.21920392358398288
33.173667,33.076115,0.09755234545898617
33.190446,33.02901,0.16143522729492332
33.265955,32.915073,0.35088160522460754
33.224006,32.98638,0.23762446923828406
33.207226,33.115826,0.0914003469238267
33.282735,33.106518,0.17621720825195553
33.224006,33.12539,0.09861690087890906
33.567992,33.13953,0.4284618181152311
33.391804,33.15859,0.23321559057617236
33.408584,33.19872,0.2098649753417945
33.349854,33.252132,0.09772158422851618
33.68545,33.28346,0.4019912902832061
33.601551,33.359512,0.2420386708984381
33.668671,33.345383,0.32328830957031585
34.004267,33.3985,0.6057684648437487
33.559602,33.48741,0.07219050097656066
33.400194,33.59088,-0.19068734765625095
33.383414,33.57319,-0.18977478173827933
33.475703,33.55852,-0.08281827075195025
33.442143,33.51317,-0.07102533496093599
33.870028,33.35308,0.516947250488279
34.398592,33.35281,1.0457820939941413
34.272743,33.473633,0.7991101874999984
34.172065,33.651917,0.5201484960937535
33.937147,33.834538,0.10260949389648744
34.146895,34.030155,0.11673981811523504
34.079776,34.10978,-0.03000335791015374
34.012657,34.02535,-0.012691663330080871
34.314693,33.96505,0.3496432563476546
34.54961,33.951706,0.5979040673828138
35.06139399999999,34.04624,1.0151522397460866
35.145293,34.151653,0.9936397102050805
34.826477,34.343727,0.48274988818359077
34.440541,34.58381,-0.14326789892577807
34.625119,34.718033,-0.09291383691406452
34.59995,34.775143,-0.1751926696777346
34.834867,34.66329,0.17157888354492457
35.273466,34.52831,0.745157131591796
34.725217,34.53162,0.19359697436523504
34.624002,34.649124,-0.02512214550781522
35.340942,34.70148,0.6394611345214827
36.041014,34.808823,1.2321913681640595
36.235009,34.94128,1.2937286350097637
36.344659,35.03218,1.3124782138671875
36.243444,35.370872,0.8725715024414029
36.175967,35.80275,0.3732173662109375
36.302486,36.054146,0.24834018701172056
36.209705,36.116352,0.09335291870117146
36.057883,36.119526,-0.06164290942383133
36.150663,36.073296,0.0773674067382828
35.526503,36.05113,-0.5246253874511737
35.450592,35.994564,-0.543972056396484
35.754237,35.847363,-0.0931255183105435
35.239727,35.71006,-0.47033311962890423
35.231293,35.566128,-0.3348347770996085
35.028862,35.35271,-0.3238487238769565
35.163816,35.282124,-0.11830756567383105
35.467461,35.216793,0.25066793969726575
35.062601,35.07067,-0.008070081542967955
35.560242,35.05813,0.5021136430664086
35.70363,35.07744,0.6261916455078094
35.475896,35.196102,0.2797938576660144
35.619284,35.28769,0.3315947910156254
35.880756,35.30535,0.5754047426757793
35.543373,35.47985,0.0635222309570338
35.695195,35.505203,0.18999175292968573
35.518069,35.492317,0.025751800292965754
35.838583,35.5375,0.3010845258789061
36.066317,35.557903,0.5084137102050761
35.931364,35.53056,0.4008044602050802
35.720499,35.6199,0.1005992502441373
35.627718,35.66034,-0.03262135546874845
35.619284,35.741634,-0.12235036889648399
36.066317,35.713417,0.3528999467773417
36.184402,35.637455,0.546947013427733
36.226575,35.629864,0.596711260986325
36.10849,35.716473,0.39201737426758143
36.125359,35.848984,0.2763752353515656
36.184402,35.998985,0.18541670947265487
35.897625,36.026142,-0.12851712036133023
35.889191,35.997116,-0.10792508886719077
36.032579,35.93552,0.09705882788085773
36.184402,35.90574,0.2786631694335924
36.589262,35.882504,0.7067584904785136
36.850734,35.885033,0.965701346191409
36.766388,36.034264,0.7321243891601554
36.606131,36.23163,0.37450258203124775
35.847018,36.40646,-0.5594418083496109
35.956668,36.483727,-0.5270585014648432
35.425288,36.39664,-0.9713527775878887
35.433723,36.1456,-0.7118763652343745
35.340942,35.849667,-0.5087245954589861
35.07947,35.542557,-0.4630867626953119
34.733652,35.405018,-0.6713658527832038
34.758955,35.16714,-0.4081859606933591
35.248162,35.04035,0.2078101323242194
35.728934,34.91911,0.8098246555175805
34.96982,34.876266,0.09355352050781107
35.543373,34.89717,0.64620197949219
35.113208,35.060925,0.05228346997070332
35.222858,35.2158,0.007056760986330346
34.697144,35.224266,-0.5271220522460922
34.815853,35.03577,-0.21991741625976857
33.925531,35.043106,-1.117575079101563
33.908572,34.78208,-0.8735096040039068
34.646268000000006,34.5673,0.07896911083985003
35.155024,34.318417,0.836607404541013
35.943595,34.27749,1.6661062915039082
35.265254,34.316185,0.949069002441405
35.977512,34.670074,1.3074375371093723
36.00295,35.13109,0.871861743164061
35.816406,35.44548,0.37092565332031313
36.036867,35.636734,0.40013299121093837
36.24037,35.618572,0.6217977648925768
36.876314,35.840084,1.0362299240722663
36.961107,35.929825,1.0312821708984359
36.706729,36.079212,0.6275168112792997
36.978065,36.319153,0.6589121679687509
37.020462,36.53999,0.4804725285644551
37.045899999999996,36.734848,0.31105197753905856
36.774563,36.759995,0.014568493164063057
37.38507,36.746494,0.6385757067871083
37.520738,36.84907,0.6716664973144546
37.50378,36.91512,0.5886608288574209
37.809033,37.000797,0.8082357282714838
37.147651,37.12907,0.018580718017581432
37.062858,37.32634,-0.263481721679689
37.054379,37.316864,-0.2624850136718777
36.825439,37.23724,-0.41180083764648145
37.122213,37.118828,0.0033851801757833755
37.147651,36.896145,0.25150613305664393
37.580093,36.869167,0.7109256721191386
37.444425,36.910423,0.5340017211914088
37.520738,36.980377,0.5403608027343765
37.741199,37.147808,0.5933909250488298
37.580093,37.266106,0.3139873481445292
38.343227,37.39156,0.9516673991699207
38.733273,37.456657,1.2766155903320282
38.572167,37.649094,0.9230733720703128
38.411061,37.877167,0.5338942519531216
38.758711,38.06832,0.6903897719726544
38.529771,38.355312,0.1744586525878873
37.622489,38.426228,-0.8037385695800765
37.698803,38.30258,-0.6037787871093769
37.045899999999996,38.164776,-1.1188758483886758
36.850877,37.973953,-1.1230762470703155
36.800001,37.57905,-0.7790471567382795
37.529218,37.168575,0.3606427131347658
38.809586,37.03636,1.7732243056640655
39.047006,37.00653,2.040475238281253
39.318342,37.30551,2.0128305253906262
38.76719,37.802437,0.9647531713867181
38.750231,38.38058,0.36965009790039005
38.87742,38.777462,0.09995799438476638
38.665439,38.8065,-0.14106048120117265
38.741752,38.74275,-0.0009962604980486844
38.173642,38.581806,-0.40816418286132716
38.07189,38.52967,-0.4577807153320279
38.08037,38.433327,-0.3529567211914042
37.647927,38.258476,-0.6105492573242159
37.953181,38.080727,-0.12754562353515553
38.733273,37.853786,0.8794865314941376
38.326268,37.84716,0.47910766064453014
38.64848,37.88928,0.7592015881347649
38.029494,37.970963,0.05853147558593719
37.748173,38.168644,-0.4204709514160143
37.466852,38.238144,-0.7712919208984346
37.927195,38.00799,-0.08079679077148683
37.697024000000006,37.87932,-0.18229423730468142
37.560626,37.623608,-0.0629816354980477
37.927195,37.522022,0.4051727526855444
37.390128,37.519573,-0.12944521166992473
37.63735,37.57577,0.06157866821288849
37.23668,37.49071,-0.25403121215820335
37.006508,37.436867,-0.4303587602539096
38.583611,37.37713,1.206482398925779
38.157367,37.297386,0.859980830566407
38.558037,37.423595,1.134441571533202
39.06953,37.54911,1.520419587402344
38.506887,37.89701,0.6098761967773427
38.916082,38.354687,0.5613952629394561
38.788208,38.38951,0.39869689160155986
37.95277,38.56747,-0.6147005505371084
38.293765,38.56827,-0.2745066369628901
38.30229,38.3854,-0.08310886474609447
38.549512,38.347637,0.20187482348632813
39.291176,38.19257,1.0986062673339845
39.563973,38.14102,1.4229512714843722
39.563973,38.427692,1.136280586669919
39.73447,38.68942,1.0450512072753924
40.476135,39.018772,1.4573628747558587
40.339737,39.386276,0.953460754882812
40.46761,39.601315,0.8662954553222662
40.407936,39.789173,0.6187628737792963
40.586958,40.011368,0.5755902021484403
40.382361,40.220566,0.16179520410156556
40.254488,40.211967,0.042520531738283296
40.143665,40.229084,-0.08541901489257953
40.075466,40.18606,-0.11059585913086067
40.442035,40.13618,0.3058541223144502
39.640697,40.042164,-0.40146684887695017
39.922018,39.95332,-0.03130154956054554
39.359376,39.882324,-0.5229482187500025
39.470199,39.784695,-0.31449567163085845
40.280063,39.668804,0.6112588312988265
39.964642,39.477413,0.4872288225097634
40.774506,39.53572,1.2387851748046899
40.143665,39.59121,0.5524555883789048
40.399411,39.833057,0.5663535964355475
40.442035,40.078358,0.36367730346679394
40.46761,40.103878,0.36373197875976615
40.46761,40.237133,0.23047697387695365
40.066941,40.134846,-0.06790473364257821
39.666271,40.19089,-0.5246202658691388
39.640697,40.115646,-0.47494936230468454
39.879393,39.976208,-0.09681473315429656
40.13514,39.806915,0.3282247167968748
39.495774,39.64337,-0.14759758203125273
39.120679,39.558884,-0.43820466699218485
39.325276,39.53729,-0.21201266577148203
39.470199,39.496162,-0.025963414550780328
39.376425,39.37198,0.004446240234372567
39.73447,39.15186,0.5826107165527361
40.066941,39.14215,0.9247901210937499
40.194814,39.299416,0.8953984116210947
39.870868,39.452957,0.41791084667968903
40.016539,39.579098,0.43744125219726726
40.127934,39.754677,0.3732571811523471
39.8623,39.845417,0.0168829772949195
39.630941,39.825466,-0.1945251560058594
39.956557,39.73382,0.22273513110351217
40.37643099999999,39.739594,0.6368374941406145
41.430399,39.73988,1.6905193918457044
41.524657,39.824192,1.700464952880857
41.404693,40.09632,1.3083718940429705
40.693478,40.519764,0.1737140534667958
40.779167,40.84869,-0.06952303295898332
40.419275,41.046547,-0.6272719360351573
39.776611,40.878136,-1.1015246811523411
40.00797,40.57466,-0.5666912548828122
40.273604,40.239895,0.03370913305663947
40.145072,40.09612,0.048953072998045855
39.879437,39.909214,-0.029777019775387714
39.845162,39.79867,0.04649027758789259
40.762029,39.86171,0.9003194052734358
40.556377,39.919586,0.6367908183593727
40.384999,39.931156,0.4538428415527349
40.299311,39.992947,0.3063643752441436
41.704603,40.138947,1.5656564667968738
41.738878,40.414837,1.3240411164550778
41.850273,40.511448,1.3388250935058608
41.995944,40.748672,1.247271514648439
42.107339,41.11531,0.9920283310546907
42.278716,41.57842,0.7002972683105497
42.013081,41.67764,0.3354419924316403
41.644621,41.773537,-0.12891568212890547
41.995944,41.808277,0.18766686987304837
42.210165,41.80075,0.4094142675781285
41.644621,41.776535,-0.13191403417968672
41.935962,41.667316,0.2686455632324254
41.935962,41.633907,0.30205468188476914
41.867411,41.71424,0.1531699721679658
41.713172,41.687546,0.02562622363281264
41.516088,41.577126,-0.06103754931640282
41.507519,41.606144,-0.09862495141601357
41.284729,41.526054,-0.24132538232422007
41.558932,41.406918,0.15201442797851428
42.038788,41.300144,0.7386438044433561
41.704603,41.27644,0.4281633332519519
41.190472,41.32037,-0.12989772045898462
41.541795,41.333347,0.20844767944335985
41.618914,41.413628,0.20528637548827788
42.792847,41.41824,1.3746074064941425
42.750003,41.374634,1.3753692109374995
42.869967,41.5078,1.3621659440917995
42.741434,41.87531,0.8661250095214825
42.415817,42.19218,0.22363636645507512
42.270147,42.49396,-0.22381433422851416
42.818553,42.42395,0.3946028046875014
41.995944,42.380665,-0.38472082543945163
42.055926,42.24736,-0.19143422949218802
42.432955,42.112434,0.3205206127929685
42.338698,42.077965,0.2607332172851571
42.62147,42.08834,0.5331292407226584
43.024206,41.95699,1.0672167116699214
42.201596,42.12545,0.07614586572265836
42.150183,42.261444,-0.1112610917968766
42.784278,42.260914,0.5233641511230473
42.809985,42.3157,0.49428446899413814
43.223275,42.310272,0.913002783203126
42.456966,42.23329,0.22367437402343882
42.853036,42.38384,0.4691973464355499
42.964968,42.572945,0.3920233588867177
43.102732,42.59409,0.5086424919433625
42.844425,42.629066,0.21535853271484484
43.894872,42.534157,1.3607152006835932
44.084296,42.75056,1.333735239501955
43.955143,42.93802,1.0171242011718746
43.645175,43.148827,0.4963484008789081
43.860431,43.334633,0.5257981264648421
43.963753,43.624477,0.3392756135253876
43.714057,43.6223,0.09175780566405933
43.645175,43.54753,0.09764387207031433
43.481581,43.491787,-0.010205956787110892
43.49019200000001,43.50317,-0.012978013427726864
43.464361,43.43121,0.03315143579101232
43.326597,43.308086,0.018510604736327707
43.145783,43.233902,-0.08811897753906095
43.619345,43.14855,0.4707968737792996
43.386869,43.127193,0.25967554907226287
43.128563,43.10021,0.028354717529296636
42.913307,43.05769,-0.14438266674804368
43.249106,43.020515,0.22859055810546636
43.378259,43.037586,0.3406727878417968
43.42992,42.923077,0.5068433703613309
42.913307,42.889133,0.024173546630862575
41.785369,42.905018,-1.1196488527832003
40.579939,42.873035,-2.2930964309082
37.626636,42.54537,-4.91873219458008
36.937819,41.76939,-4.831571106201174
37.867722,40.580643,-2.712920700195312
39.297017,39.309074,-0.012057401855471994
39.624205,38.33285,1.291353590087894
38.99566,37.75475,1.2409107019042978
37.514703,38.09093,-0.5762279387207059
38.091587,38.56905,-0.47746283520508115
38.005485,38.75015,-0.7446637731933592
37.084192,38.455326,-1.371134080322264
37.919383,37.93252,-0.013138820068355983
37.221956,37.566204,-0.34424807104492317
37.127243,37.586067,-0.45882419970703126
37.376939,37.38871,-0.011771021972656115
37.170294,37.197334,-0.02704028955078286
37.721348,37.26032,0.46102924389648337
37.764399,37.1033,0.661100812744138
38.091587,37.18386,0.9077262211914032
37.308058,37.351765,-0.04370667895507552
37.282227,37.426735,-0.14450792431640735
36.57619,37.54194,-0.9657487817382844
36.335104,37.41093,-1.0758266335449207
36.111238,37.17277,-1.0615334538574217
35.181335,36.739174,-1.5578388891601591
33.631496,36.391254,-2.7597584250488296
34.010346,35.811283,-1.8009371115722672
34.630281,35.28489,-0.6546082211914097
35.095233,34.768524,0.32670883007812535
35.629066,34.32138,1.3076853847656267
35.637676,34.219364,1.4183118337402334
34.346144,34.665295,-0.3191506472167944
34.9833,34.967457,0.015843182373046716
35.439641,35.093124,0.3465166103515642
36.068187,35.1121,0.9560883061523455
35.79266,35.041954,0.7507059594726542
35.439641,35.00328,0.4363603603515642
35.266427,35.362095,-0.09566787915039043
36.262409,35.526165,0.7362439914550762
36.565534,35.61774,0.9477933688964839
36.504909,35.59016,0.914748630126951
36.14982,35.69543,0.4543892443847639
36.548213,35.923683,0.6245298334960907
37.674106,36.251343,1.4227632265625019
37.760713,36.401894,1.3588193842773464
37.769373,36.556984,1.2123890522460954
38.003213,36.80641,1.1968012568359399
38.765355,37.24447,1.5208863110351558
39.18107,37.688274,1.4927956164550764
38.799998,37.91457,0.8854281452636741
39.345623,38.167755,1.1778678730468783
39.414909,38.501373,0.9135357089843765
39.129105,38.833168,0.29593697021484644
39.129105,38.95642,0.1726841015625027
39.518838,38.956806,0.5620318171386742
39.016516,39.10228,-0.08576366308593464
39.631427,39.0677,0.5637275676269553
39.033838,39.041805,-0.007967267333981454
38.271695,39.079845,-0.8081504284667957
38.072497999999996,39.038734,-0.9662364360351603
38.869284,38.793674,0.07560953100585976
38.774016,38.693665,0.08035144921875315
39.66607,38.402023,1.2640466845703102
39.605445,38.359726,1.2457190478515656
39.847945,38.6156,1.2323444140625028
39.354284,39.016083,0.3382012363281248
39.362945,39.198288,0.1646570361328159
39.328302,39.413593,-0.08529129223632737
39.336963,39.352947,-0.015984235107424638
38.903927,39.294434,-0.39050659374999697
39.371605,39.11429,0.2573166699218774
39.163748,39.082363,0.08138487133788885
38.237052,39.038227,-0.8011750812988296
39.233034,38.920956,0.31207834204101914
39.458213,38.81322,0.6449920222167975
39.449552,38.870407,0.5791448955078096
38.93857,38.818398,0.12017247802734232
39.241695,38.809875,0.43181951171875
38.418927,39.096317,-0.6773902912597691
38.808659000000006,39.029934,-0.22127492944335359
39.484195,38.86832,0.6158745349121091
39.882588,38.742165,1.1404233881835921
39.198391,38.83752,0.3608704006347665
37.84732,38.84709,-0.9997716748046841
38.141784,38.997177,-0.8553931240234363
38.522855,38.966145,-0.4432895617675783
39.05982,38.70023,0.35959035522461136
39.05982,38.326756,0.7330644763183614
38.999195,38.177284,0.821910759277344
39.683391,38.4652,1.2181924831542972
39.207052,38.756977,0.4500749187011692
38.895266,38.962452,-0.06718593481445367
37.180445,38.991993,-1.8115479504394543
37.171784,38.859623,-1.6878389553222632
36.859998,38.607098,-1.7470996257324245
35.976606,38.006332,-2.0297263974609407
35.223123,37.360565,-2.137442185546874
35.275088,36.606167,-1.3310788395996127
35.90732,36.22866,-0.3213405834960952
35.110534,35.817463,-0.7069289211425769
35.825297,35.41521,0.41008627612304593
35.337166,35.282795,0.05437104760742528
35.241283,35.359905,-0.11862224291991907
34.831602,35.40593,-0.5743275654296909
34.413205,35.208553,-0.7953483142089866
34.892619,35.17179,-0.27917207666015287
34.570104,34.89745,-0.3273454934082025
35.005935,34.724754,0.28118066650390716
35.27615,34.58857,0.68758035888672
31.998702,34.611866,-2.6131639973144516
32.992396,34.528996,-1.5365995139160162
33.515393,34.18502,-0.6696274467773407
33.018546,33.88534,-0.8667956442871088
33.140579,33.37723,-0.23665259790038817
33.131862,32.734898,0.3969643864746075
32.608865,33.066208,-0.45734288574218596
32.652448,33.070724,-0.4182764873046878
32.251484,32.881092,-0.6296080715332053
32.434533,32.777374,-0.34284126757812317
31.676187,32.60474,-0.9285531428222669
32.3648,32.34684,0.017960095214846206
33.114429,32.236656,0.8777728110351575
33.515393,32.176365,1.3390281013183625
33.393361,32.32872,1.0646409072265612
33.585126,32.495502,1.0896235280761744
34.134273,32.965042,1.1692308857421878
33.463094,33.330948,0.13214612402343562
34.16914,33.483593,0.6855470129394519
34.543954,33.568478,0.975476369384765
34.448071,33.761032,0.6870388955078113
33.768175,33.945423,-0.17724812622070374
34.282456,33.940514,0.3419423891601596
34.291172,34.156334,0.13483807666015935
33.837908,34.175884,-0.3379762468261731
34.151706,34.047497,0.10420920434570036
34.151706,33.941963,0.20974280419921598
34.14299,34.044243,0.09874714111327876
34.238872,33.996727,0.2421450102539069
34.020957,33.95329,0.0676679680175809
35.188984,34.03796,1.1510239475097634
35.3023,34.11913,1.1831708190917993
34.779303,34.283253,0.4960502839355456
35.023368,34.47468,0.548686145751951
35.119251,34.673046,0.44620488793945157
35.555082,34.97157,0.5835129387207019
35.528932,34.973053,0.5558790214843725
35.76428,34.969963,0.7943169262695307
35.546365,35.171066,0.37529871582031404
35.520215,35.321636,0.19857880004882844
35.633531,35.4536,0.17992916284179472
36.147812,35.465515,0.6822968632812518
36.304711,35.531815,0.772896424804685
36.46161,35.57814,0.8834697412109378
36.775408,35.744213,1.031194895751952
36.888724,35.989914,0.8988100595703159
36.644659,36.266933,0.37772555883788783
37.525037,36.41453,1.1105052922363257
37.141506,36.59811,0.5433958010253903
36.932307,36.768093,0.16421389086914218
37.02819,36.847275,0.18091521972656466
37.324555,36.89642,0.4281354748535122
38.013168,37.04595,0.9672161567382815
38.15347,37.00542,1.1480493151855455
38.065781,37.148655,0.9171260622558606
38.539302,37.40957,1.1297332133789055
38.451613,37.723763,0.7278504877929706
38.556839,38.002518,0.554321299804684
38.477919,38.11476,0.3631576474609375
38.653297,38.20086,0.45243793017578326
38.591915,38.338238,0.2536772375488283
38.477919,38.345013,0.1329063352050781
38.434075,38.37301,0.06106627197265624
35.443881,38.361084,-2.9172029843750025
34.111009,38.118668,-4.00765860253906
34.067164,37.497234,-3.4300703444824236
33.804097,36.62001,-2.8159133759765638
33.409497,35.540756,-2.1312592255859357
33.760253,34.26458,-0.50432677294922
33.295501,33.785175,-0.48967432348632656
33.30427,33.63806,-0.3337915234374975
33.409497,33.46569,-0.056193612792966974
33.330577,33.35422,-0.023644343994142503
33.321808,33.347942,-0.026134352294924668
32.971052,33.226337,-0.2552854328613279
33.54103,33.208652,0.3323775036621086
33.06751,33.21036,-0.142851480712892
33.102586,33.159866,-0.057280333007810214
32.655372,33.11836,-0.46298661206054703
32.971052,33.031647,-0.06059472851562475
32.769367,33.039562,-0.2701952253417943
33.30427,32.850426,0.45384427978515873
33.918093,32.82648,1.0916121345214833
34.10224,32.86893,1.2333091833496113
34.461765,33.129738,1.3320271459960935
34.751138,33.394913,1.356225280273435
34.637142,33.821823,0.8153188798828097
34.663449,34.15476,0.5086905466308593
34.356538,34.34435,0.01218909252929734
34.347769,34.475513,-0.12774445825195357
34.137315,34.487255,-0.3499400964355459
34.119778,34.378117,-0.258338607666019
34.084702,34.272186,-0.18748427929687494
33.672564,34.1323,-0.459737330566405
33.199043,34.033173,-0.8341296074218718
33.023665,33.85886,-0.8351950158691395
32.821981,33.671368,-0.8493866452636709
32.883363,33.413506,-0.530142554199216
32.786905,33.112362,-0.3254569079589871
33.102586,32.891098,0.2114879775390648
33.085048,32.8138,0.27124718823242233
33.970706,32.79823,1.172476782470703
34.751138,32.928265,1.8228733820800755
33.242888,33.17739,0.06549694775390691
32.401074,33.444145,-1.0430712026367175
32.935976,33.5278,-0.5918255136718784
33.821635,33.57842,0.24321626831054743
34.470533,33.39674,1.0737930402832063
34.672218,33.05225,1.6199680915527352
34.584529,33.24925,1.3352804953613315
35.803406,33.787605,2.0158007143554713
36.268157,34.33586,1.9322957939453147
36.732909,34.7792,1.95370749243164
36.934593,35.179867,1.7547262092285152
37.241505,35.649403,1.5921023815917934
37.031051,36.269485,0.7615655263671854
37.304571,36.591988,0.7125833901367216
37.145753,36.830723,0.3150301911621085
37.13693,36.950718,0.18621207397460893
36.881057,37.017395,-0.13633801953125158
37.63103,36.970898,0.6601323254394558
37.975136,37.02974,0.9453966201171866
38.089838,37.071304,1.0185336787109378
38.301595,37.22296,1.078633574218749
38.469236,37.446995,1.0222412185058616
38.530999,37.81849,0.7125099252929701
39.21921,38.020756,1.1984542321777312
39.483906,38.20832,1.2755853823242163
39.96036,38.45078,1.5095810388183608
39.766249,38.737743,1.028505622314455
39.660371,39.04149,0.6188823525390603
39.536846,39.366085,0.17076094750976267
39.93389,39.495255,0.4386354833984356
39.722133,39.57372,0.14841397534179634
39.775072,39.508778,0.2662943815917984
39.536846,39.502453,0.03439314965820017
39.748603,39.511887,0.2367164033203153
39.73978,39.563744,0.17603640869140946
39.836835,39.498474,0.33836087890625066
39.633901,39.504196,0.1297048330078141
39.422144,39.486084,-0.06393998437499704
39.139801,39.516205,-0.3764038339843765
39.033922,39.440384,-0.4064619111328156
38.97216,39.320763,-0.3486026342773414
38.733933,39.129086,-0.395152540771484
38.089838,38.94608,-0.8562412541503903
37.798671,38.736515,-0.9378440451660168
37.922196,38.51875,-0.5965532370605473
38.160423,38.27184,-0.11141614184570159
37.789848,38.0182,-0.22835192065429766
37.075167,37.792175,-0.7170082929687496
37.322218,37.674816,-0.3525981315917974
37.13693,37.60426,-0.4673294909667973
37.198692,37.45111,-0.2524188398437488
36.969289,37.192677,-0.22338754418944973
36.925173,37.002827,-0.07765369067382721
36.184022,37.000732,-0.8167104218750012
36.545774,36.84752,-0.30174492089843596
35.857563,36.714485,-0.8569221684570323
36.007558,36.480816,-0.4732578874511688
36.281078,36.26333,0.017749447753907077
36.942819,36.044407,0.8984121091308594
36.775178,36.101044,0.6741342988281218
36.686946,36.086887,0.6000586403808583
36.986935,36.30503,0.6819041772460963
37.251632,36.52724,0.7243912468261726
37.225162000000005,36.722973,0.5021891301269577
36.775178,36.75376,0.021416708496090564
37.348687,36.81894,0.5297477910156232
37.313394,36.94488,0.368512560791018
36.563421,37.004105,-0.4406836142578143
37.313394,36.935356,0.37803785986328364
37.542798,36.89225,0.6505479389648414
37.145753,37.023373,0.12238034985351476
37.710439,36.982506,0.7279332016601572
37.91337299999999,36.992447,0.9209261005859304
37.91337299999999,37.284565,0.6288080280761648
38.381004,37.39866,0.982345247558591
36.316371,37.50943,-1.1930589316406284
36.386956,37.623226,-1.2362701657714865
36.386956,37.47008,-1.0831253293457053
36.218251,37.166935,-0.9486839670410134
36.040668,36.777885,-0.7372174370117222
36.555661,36.165283,0.3903777968750006
35.525674,36.165478,-0.6398037526855447
36.173856,36.07905,0.09480784326171943
35.960755,35.989956,-0.02920090209961046
35.880842,35.935272,-0.054430216796873765
35.6855,35.917927,-0.23242678833008057
35.481278,35.71487,-0.23359245288085617
35.774292,35.78269,-0.00839614086913798
35.108352,35.65349,-0.545136159179691
34.841976,35.52797,-0.68599336035156
34.673271,35.357956,-0.6846849326171878
34.362499,35.179546,-0.8170473562011722
34.078365,34.986897,-0.9085315148925801
34.708788,34.622242,0.0865460261230453
35.392486,34.44655,0.9459375380859356
35.365848,34.41255,0.9532961201171872
35.578949,34.48611,1.0928383127441421
36.058426,34.722015,1.3364106191406222
35.641104,35.14267,0.49843432226562356
34.806459,35.41502,-0.6085609890136752
35.34809,35.429394,-0.08130376831054775
35.472399,35.441742,0.0306570566406279
35.863084,35.390854,0.47223011816406313
35.374728,35.224457,0.1502712128906225
35.303694,35.168644,0.1350500485839845
33.829747,35.35665,-1.5269043061523462
34.611117,35.25631,-0.6451925092773436
34.770942,35.068455,-0.2975127424316426
34.398016,34.733936,-0.33592030981445475
34.389137,34.496807,-0.10767009838867381
33.803109,34.249195,-0.44608609887695394
33.385787,34.385384,-0.9995966059570307
33.652163,34.210365,-0.5582022954101546
34.122761,33.93643,0.186329115234372
34.113881,33.776936,0.3369454226074211
34.167157,33.63024,0.5369156059570344
34.344741,33.680355,0.6643859279785147
34.806459,33.897247,0.9092116855468717
34.806459,34.10628,0.7001777194824186
35.01956,34.225197,0.7943631616210922
34.469049,34.40015,0.06889870092773265
34.566721,34.555374,0.01134685449218864
33.829747,34.65617,-0.8264228913574243
34.042848,34.548744,-0.5058962016601569
33.90966,34.39529,-0.485630374755857
33.954056,34.129314,-0.17525842260742053
33.998452,33.99803,0.00042038378906283924
34.113881,33.823647,0.290234454589843
34.273707,33.876484,0.3972230827636736
33.936297,33.88983,0.046465457031253266
34.01621,33.93462,0.08159009643554782
34.105002,33.96524,0.13976152148437393
34.673271,33.98761,0.6856611367187497
34.948526,34.024982,0.923543547607423
35.250419,34.077015,1.1734040769042977
36.209372,34.308857,1.9005150358886738
36.173856,34.661865,1.5119907656250007
36.662211,35.101418,1.560793458496093
36.711047,35.492928,1.2181194487304694
36.389334,35.89386,0.49547413671874807
36.577,36.242348,0.33465228271484193
36.55019,36.332706,0.217483548583985
36.42508,36.443687,-0.018607438964842515
36.103367,36.400963,-0.2975958295898451
36.156985,36.305336,-0.14835099853515743
36.049748,36.28126,-0.23151344409179586
36.022938,36.173737,-0.15079857226562154
36.022938,36.04899,-0.026050342285152794
36.603809,35.94402,0.6597896823730451
36.639555,35.97447,0.6650867687988296
36.648492,36.028656,0.6198359941406224
37.327664,36.148983,1.1786809982910142
37.828107,36.361267,1.4668399101562528
38.203439,36.68318,1.5202572373046905
38.230248,36.945282,1.2849660175781281
37.917471,37.284317,0.6331539833984365
38.328549,37.66204,0.6665082895507837
37.890662,37.89185,-0.0011875178222666705
38.015773,37.966904,0.048869313476565424
38.194502,37.92493,0.2695714274902343
38.623453,37.881912,0.7415407685546853
39.007722,37.977108,1.0306139982910167
39.320498,38.018234,1.3022637470703131
39.499228,38.2733,1.2259278291015647
39.937115,38.575687,1.361427591552733
40.223082,38.924023,1.2990593254394511
40.223082,39.240334,0.9827484428710918
40.571605,39.50978,1.0618241162109356
40.821826,39.75991,1.0619154165039077
40.625224,40.030598,0.5946263132324248
40.285638,40.206757,0.07888140820312373
40.741398,40.289318,0.4520799152831998
40.830763,40.396633,0.4341298518066381
40.437558,40.42394,0.013619248779299653
40.33032,40.358532,-0.028211951904296484
40.214146,40.32707,-0.11292232885742237
40.535859,40.37154,0.16431893041992396
40.777144,40.283993,0.49315123266601546
40.857572,40.189335,0.6682371306152319
40.687779,40.239887,0.4478917624511709
40.035416,40.336777,-0.3013607333984396
40.500113,40.426785,0.07332848461913954
40.196273,40.41941,-0.22313770556640833
40.383939,40.308865,0.07507440649413866
40.196273,40.161842,0.03443065380859167
40.035416,40.043102,-0.007686264404298981
40.044353,40.09613,-0.051777371093749025
40.008607,39.994072,0.01453503955077906
39.972861,39.96492,0.007940956054689252
39.946052,39.864254,0.0817980021972673
39.946052,39.805557,0.14049474902343917
39.919242,39.787518,0.13172445239257513
39.812005,39.760483,0.0515222119140617
39.686894,39.730618,-0.04372352319335704
39.740513,39.690765,0.04974761914062498
39.481355,39.646957,-0.16560239746093686
39.141769,39.57288,-0.43111079125976914
39.025595,39.454494,-0.4288994763183567
39.168578,39.31698,-0.14840045458984719
38.954103,39.18978,-0.23567818896484027
39.181983,39.009754,0.17222881909179932
39.092075,38.899487,0.19258845825195436
38.363818,38.884987,-0.5211688774414043
38.939231,38.845497,0.09373386865234323
39.047121,38.75967,0.2874507424316377
39.190974,38.746105,0.4448688059082002
39.541616,38.68471,0.8569045437011695
39.137029,38.695953,0.4410756308593733
39.676478,38.937595,0.7388826325683624
39.343818,39.060898,0.28292017285156135
39.379781,39.160824,0.21895717797851688
39.244919,39.22353,0.02138918432617487
39.235928,39.169495,0.06643337109375125
39.092075,39.225403,-0.13332783203124876
39.199965,39.098236,0.10172891601562384
39.307854,39.05946,0.2483943137207021
40.090055,39.013943,1.0761122814941402
40.13501,39.078323,1.0566866357421887
40.170973,39.209915,0.961057838867184
40.161982,39.441273,0.7207092644042987
40.009138,39.68403,0.32510937451171884
39.433726,39.911926,-0.47820026953124994
39.523634,39.861393,-0.33775897485351436
39.59556,39.7573,-0.16174133056640727
39.280882,39.615433,-0.3345507392578142
38.732442,39.430145,-0.6977032636718761
38.642534,39.21083,-0.5682966884765648
38.804369,39.098,-0.29363057275390503
39.316845,38.923817,0.3930283190917976
39.271891,38.743237,0.5286544582519497
39.137029,38.6722,0.46482975073242017
39.514643,38.77676,0.7378828986816401
40.197945,38.9538,1.2441447985839815
40.458679,39.174103,1.2845762167968715
41.052073,39.33153,1.720541475341797
41.447669,39.619884,1.8277845090332008
41.807302,40.077545,1.729756833984375
41.915191,40.551704,1.3634865932617188
41.68143,40.921955,0.7594748913574207
41.861247,41.263023,0.598223623535155
42.0051,41.46819,0.5369107604980456
42.517576,41.58811,0.929464122558592
42.409686,41.661175,0.7485112258300788
42.67041999999999,41.73897,0.9314482897949148
42.832255,41.938267,0.8939882458496129
43.263814,42.13883,1.124985722412113
43.344731,42.371574,0.9731565981445343
43.956107,42.512444,1.4436634575195342
43.848217,42.779587,1.0686302080078107
43.668401,43.035,0.6334011525878935
44.297758,43.274174,1.0235842634277361
44.126933,43.45303,0.6739033674316417
43.974089,43.64336,0.3307288620605462
43.758309,43.65998,0.09832822607421576
43.587483,43.69111,-0.10362570361328238
43.812254,43.74833,0.06392483740234667
43.704364,43.608982,0.09538191381835759
43.794272,43.5009,0.2933717314453119
44.05500599999999,43.43437,0.6206378664550698
43.101979,43.45499,-0.3530113869628906
43.55152,43.471813,0.07970679809569958
43.362713,43.41055,-0.04783616381835998
43.290787,43.3561,-0.06531117504882644
43.780786,43.24908,0.5317053420410147
43.464386,43.08158,0.3828048842773413
44.214707,43.195057,1.019650084716794
44.079107,43.238777,0.8403298393554692
44.061026,43.37851,0.6825164785156232
44.684787,43.57204,1.112746442138672
45.968469,43.691288,2.2771810056152333
45.959429,44.06575,1.8936788779296876
45.923269,44.34579,1.5774781369628883
45.950389,44.75996,1.1904288254394544
45.561669,45.25448,0.3071905454101582
45.299508,45.58083,-0.28132162036132513
44.847508,45.494705,-0.6471972001953148
44.458787,45.334106,-0.8753194453124991
44.431667,45.0896,-0.6579326093750026
44.503987,44.758614,-0.25462658642577907
44.440707,44.491604,-0.050896851318356084
44.531107,44.26568,0.2654285942382799
44.567267,44.161407,0.4058595292968761
44.187587,44.175396,0.01219103442382874
44.088147,44.1732,-0.08505169995117257
43.446306,44.119934,-0.6736280820312501
43.880226,44.00821,-0.1279832285156246
44.368387,43.840553,0.5278337163085922
44.133347,43.679867,0.4534802092285162
45.028308,43.63489,1.393416489990237
44.558227,43.701134,0.8570932719726585
44.061026,43.995342,0.06568374536132637
44.187587,44.14898,0.038607812988281864
44.937908,44.144978,0.7929304304199221
44.874628,44.257755,0.6168727204589857
44.639587,44.13386,0.5057254582519519
44.612467,44.151802,0.46066493701172107
45.435109,44.32564,1.109467367919919
45.335668,44.536873,0.798795136230467
45.299508,44.570408,0.7291001325683624
46.049829,44.649834,1.3999953208007838
46.26679,44.88425,1.3825393591308597
46.13119,45.21603,0.9151598791503872
46.27583,45.356197,0.9196326428222648
46.54703,45.570877,0.976152924804687
47.026151,45.853764,1.172387419677733
47.414872,45.991146,1.4237259123535182
47.234071,46.14929,1.0847828225097658
47.008071,46.401524,0.6065474099121104
46.727831,46.633404,0.09442722192383002
46.791111,46.77215,0.018962867675782036
47.080391,46.752846,0.3275452358398425
46.47471,46.620037,-0.14532707885742013
46.908631,46.493114,0.41551652856445287
46.49279,46.433666,0.05912377075195252
47.469112,46.430214,1.0388980717773464
47.559512,46.466843,1.0926693486328105
47.776472,46.47275,1.3037203825683576
47.143671,46.724766,0.41890522241210704
48.490633,46.85196,1.6386737714843775
48.237513,47.210026,1.0274872126464842
48.526793,47.34126,1.185533997314451
48.590073,47.50813,1.0819438801269499
49.123434,47.663208,1.4602259921875032
49.647755,48.093075,1.5546802014160122
49.720075,48.229946,1.490128863525392
49.412715,48.5224,0.8903150976562486
50.081676,48.76797,1.3137049611816423
49.213834,49.07271,0.14112587011718603
49.697475,49.20527,0.49220614013671593
49.642972,49.195805,0.4471674040527347
49.624805,49.165485,0.45931961791992393
50.015408,49.227295,0.7881130781250008
50.660358,49.1212,1.5391574384765647
50.869285,49.351204,1.5180810815429666
51.159967,49.525635,1.6343322343750017
50.941956,49.806076,1.13587995019531
50.30609,50.146233,0.15985739501952878
50.415095,50.35577,0.059324888916016505
50.396928,50.355778,0.04115025952148699
50.297006,50.26704,0.029965747314456337
49.315955,50.058475,-0.7425204943847632
49.261453,49.808273,-0.5468203154296845
49.052525,49.662216,-0.6096911865234347
49.388626,49.404568,-0.01594171850585724
50.387844,49.11571,1.272132787841798
49.969989,48.913776,1.05621260229492
50.106246,49.031704,1.0745420510253894
50.188,49.21141,0.9765894775390649
50.369676,49.496887,0.8727887929687483
49.779229,49.72923,0.05000002661132896
50.233419,49.641743,0.5916762937011697
49.969989,49.6863,0.2836906296386701
49.806481,49.679745,0.12673627954101363
50.45143,49.624275,0.8271547924804707
50.469598,49.54479,0.9248096394042946
50.224335,49.6715,0.5528338403320348
50.978291,49.67225,1.3060421596679674
50.687609,49.815422,0.8721869418945332
50.987375,50.040634,0.9467408447265626
51.005542,50.12061,0.8849327165527328
50.887453,50.226326,0.6611270112304695
50.487766,50.421005,0.06676075097656309
51.205386,50.367657,0.8377292922363253
50.851118,50.430496,0.4206217841796871
49.697475,50.402637,-0.7051624816894559
49.770145,50.27089,-0.5007442822265631
49.652056,50.09742,-0.4453637387695295
49.679307,49.974586,-0.2952794868164048
49.633888,49.58595,0.04793905590820202
49.906402,49.254887,0.6515153728027343
50.596771,49.266766,1.330005405517575
50.015408,49.32783,0.6875767316894539
49.715643,49.436863,0.2787800544433594
50.415095,49.523056,0.8920389697265634
51.232637,49.664246,1.5683913945312469
51.595989,49.822926,1.7730634323730499
51.795833,49.880505,1.915328391845705
51.714079,50.20994,1.5041371359863263
51.714079,50.70916,1.0049191489257794
51.777665,51.05878,0.7188843298339833
52.204604,51.19915,1.0054539145507846
52.19552,51.27902,0.9165015979003925
51.841252,51.33226,0.5089918681640597
53.403666,51.405933,1.997732619873048
53.521755,51.60165,1.9201047619628895
53.430917,51.88967,1.5412456743164071
53.585342,52.130253,1.4550891618652315
53.430917,52.44287,0.9880459062500009
53.521755,52.90277,0.6189840039062489
53.440001,52.929287,0.5107140432128929
53.803353,52.91748,0.8858725312500013
53.702957,52.958138,0.7448194877929666
53.337879,52.966747,0.37113171606445405
53.839861,53.002037,0.8378239516601553
53.912876,53.034855,0.8780211110839815
54.131923,53.1177,1.0142243305664067
54.369224,53.13028,1.2389444589843777
54.058908,53.21944,0.8394675397949243
56.331517,53.433647,2.8978698442382793
57.700559,53.693897,4.006661752685545
57.883098,54.19908,3.6840165791015593
57.782702,54.871677,2.91102460131836
56.988658,55.646713,1.3419447431640634
56.733103,56.578762,0.15434094555664046
56.751357,56.84721,-0.09585293041992315
56.304137,56.675095,-0.3709576044921903
53.60256,56.365543,-2.7629833654785187
53.72121,55.801315,-2.0801053076171883
53.547798,55.251278,-1.7034799235839841
51.357331,54.596706,-3.2393753903808573
52.178756,53.622894,-1.444138287109375
52.397803,52.598534,-0.2007306303710905
52.607723,52.279198,0.32852530712890626
53.191848,51.90348,1.288367470214844
54.305335,51.616142,2.6891927270507807
54.916841,52.121914,2.7949270900878886
53.958511,52.57125,1.3872600844726577
53.839861,53.017937,0.8219242934570303
53.839861,53.431507,0.40835388940429596
54.497001,53.681477,0.8155244069824192
55.245411,53.643394,1.6020165297851534
55.263665,53.503498,1.760166922607425
55.062872,53.71789,1.3449803068847643
53.657322,54.020943,-0.3636206879882806
54.268827,54.251522,0.01730493579101733
55.099379,54.264473,0.8349060385742177
55.564854,54.089817,1.4750369528808562
55.939059,53.97098,1.9680774020996097
56.468422,53.998566,2.469856326171872
58.047383,54.569427,3.4779555097656285
58.065637,55.199146,2.8664907292480493
57.682306,55.765896,1.9164101564941376
57.371989,56.29553,1.0764605881347649
57.125562,56.75568,0.36988191577148655
57.664052,57.05674,0.6073121928710918
56.824372,56.910507,-0.08613520214844073
57.180323,56.68926,0.4910644245605482
56.970404,56.555626,0.4147780844726583
55.610489,56.48475,-0.8742598403320301
54.305335,56.3599,-2.054566428222657
55.738265999999996,55.864285,-0.1260185153808635
55.017237,55.55524,-0.5380036311035141
54.058908,55.04794,-0.989031300537107
54.688667,54.452637,0.23603028125000236
53.127959,54.203224,-1.0752651821289092
53.848988,54.19751,-0.3485217656250015
54.268827,53.712135,0.5566916850585955
54.633905,53.42136,1.212544984130858
52.543834,53.4499,-0.90606758081055
53.137086,53.16355,-0.02646533056640976
53.976765,53.281116,0.6956485144042972
53.347006,53.217113,0.1298925051269535
53.949384,52.996033,0.953351285156252
53.637591,52.684032,0.9535585598144536
54.352881,52.99489,1.357992694335934
54.838912,53.208553,1.6303586857910162
54.582141,53.263557,1.3185835659179688
54.912275,53.553375,1.358899755859376
54.279518,53.7316,0.5479162849121124
53.958555,53.998367,-0.03981230957031556
53.472524,54.018314,-0.5457903615722657
53.784317,53.81179,-0.027473466308592265
54.5638,53.63405,0.929751538085938
54.618822,53.386555,1.2322672819824234
53.307457,53.360325,-0.0528678596191412
53.940214,53.3639,0.5763147690429662
53.050686,53.511784,-0.4610975998535167
53.124049,53.497814,-0.37376517846679747
53.866851,53.190327,0.6765243093261688
54.398733,52.868134,1.530599455078125
53.83934,52.99321,0.8461301611328125
54.472096,52.94854,1.5235562661132818
55.535861,53.23047,2.305392249999997
56.177788,53.636223,2.541565160644531
56.874737,53.986053,2.888683533203128
55.51752,54.35578,1.1617384448242163
55.728439,54.922592,0.8058468369140641
55.99438,55.336884,0.6574964550781246
56.590455,55.464355,1.1260995312499986
56.957271,55.453407,1.5038637124023424
56.297003,55.298565,0.9984380891113247
56.709671,55.54665,1.163021067138672
57.324086,55.778538,1.5455482497558606
57.195701,56.011528,1.184172984863281
56.21447,56.115635,0.09883508178710798
56.920589,56.06105,0.8595385849609372
56.425389,56.213135,0.21225423437500268
57.232383,56.217766,1.01461719189453
57.791776,56.074467,1.717309294677733
57.800947,56.038662,1.7622850432128914
58.268636,56.36159,1.9070446608886726
57.938502,56.57578,1.362723038818359
58.021036,56.983814,1.0372217604980492
57.89265,57.195007,0.6976426757812533
57.700072,57.24778,0.45229215380859245
57.434131,57.279007,0.1551240419921882
57.736754,57.13147,0.6052842734374977
57.690902,57.068382,0.6225197368164075
57.608368,56.971985,0.6363831367187487
57.16819,56.900852,0.2673377966308621
56.984782,56.844666,0.1401164726562527
56.627137,56.821037,-0.19390029248047114
56.801374,56.642338,0.15903620092773707
55.728439,56.43404,-0.7056010695800765
55.765121,56.132717,-0.36759613256835877
55.471668,55.872307,-0.40063882373046766
56.186958,55.578346,0.6086117475585908
55.930188,55.38262,0.5475662348632824
55.939358,55.117428,0.8219301740722642
55.765121,55.163742,0.6013789345703131
56.241981,55.193825,1.0481562319335964
57.003123,55.34447,1.658652022216799
57.259894,55.37127,1.888624773925784
57.599198,55.561695,2.037502901123048
57.379109,55.851776,1.5273328769531247
57.791776,56.25834,1.5334370717773425
58.086538,56.60386,1.482679052246091
56.90749,56.799206,0.10828421997070592
57.847044,56.87283,0.9742145627441374
59.64325,56.874043,2.7692074890136738
58.749753,57.104492,1.6452608124999983
58.326032,57.281147,1.0448849968261698
58.215497,57.384117,0.8313798735351554
59.320854,57.835785,1.485069087890622
60.085393,58.10122,1.9841738227539096
60.481479,57.949913,2.5315659750976565
60.113027,58.173916,1.939111136962893
60.030125,58.599907,1.4302180786132794
60.370944,59.114803,1.2561406857910171
59.670884,59.36481,0.3060730563964853
59.486658,59.361847,0.12481107617187348
60.085393,59.190407,0.8949862006835971
60.094604,59.12976,0.9648432578124968
59.634039,59.103806,0.5302334580078139
59.726152,58.950096,0.7760558696289053
59.541926,58.98758,0.5543466542968716
58.980035,59.06166,-0.08162576660156162
58.427357,58.897614,-0.47025652539062435
58.611583,58.627907,-0.016323799316403154
58.464202,58.427128,0.0370741618652346
59.099783,58.14054,0.9592419233398459
59.615616,57.914295,1.7013208034667997
59.541926,57.911003,1.6309228872070278
59.64325,58.125465,1.5177846069335956
60.490691,58.343117,2.147574239746092
60.638072,58.714497,1.923575387451173
60.886777,58.996994,1.8897829814453146
61.568414,59.214874,2.353539732421872
61.522358,59.572174,1.950183927734372
61.835542,59.990593,1.844949043457028
61.734218,60.24864,1.4855798469238266
61.568414,60.51358,1.054833677734372
61.81712,60.726437,1.0906833850097684
60.794664,60.765396,0.029267881835934872
60.638072,60.749157,-0.11108495190429579
60.988102,60.56804,0.4200630595703103
61.301286,60.381058,0.920228260742185
61.347343,60.24363,1.103713544433596
61.688161,60.04222,1.6459399306640634
63.097492,60.182022,2.91546990527344
63.023802,60.52723,2.496572690917972
62.332953,60.89532,1.437632107666019
63.01459,61.210773,1.8038165319824202
63.097492,61.58817,1.509322902099612
63.36462,61.926895,1.4377248583984397
63.604114,61.908203,1.6959108750000027
65.805618,61.95886,3.846759510009761
66.505678,62.430363,4.0753152985839876
67.095202,62.94378,4.151423008300782
67.261006,63.667038,3.5939680361328072
67.57419,64.5088,3.0653933081054703
68.27425,65.45086,2.8233909301757762
67.988699,65.91961,2.069089930175778
66.358297,66.2632,0.0950981474609307
66.155648,66.355316,-0.19966816210937566
65.934577,66.30163,-0.3670511127929643
65.805618,66.0518,-0.246185588867192
65.667449,65.494865,0.1725835825195361
63.484367,64.92397,-1.4396060834960949
62.986957,64.59682,-1.6098600166015657
64.119948,64.11957,0.0003801289062437263
63.537292,63.628643,-0.0913510358886711
65.618207,63.07726,2.540947936279295
64.952314,62.66059,2.29172287451172
63.019375,62.934425,0.08494964599609034
62.510707,63.273407,-0.7626999824218785
63.370818,63.16427,0.20654950634765612
63.417061,63.180294,0.23676696313476242
61.909553,62.551414,-0.6418614897460913
62.584695,61.953968,0.6307269519043004
61.955796,61.865776,0.09001993798828067
62.251748,61.859924,0.3918236835937492
62.889896,61.57107,1.3188243752441409
63.759256,61.28641,2.47284471459961
64.878326,61.54133,3.33699756982422
64.91532,61.784576,3.130743583984369
65.10029,62.364475,2.7358147497558605
65.627456,62.998367,2.6290886904296826
67.051727,63.587208,3.4645192058105465
67.477159,64.13057,3.346589541992188
67.319934,64.53239,2.7875472202148472
65.257515,65.046394,0.2111206518554667
64.267924,65.43779,-1.1698659169921939
64.193936,65.523315,-1.3293794296875063
65.41474,65.039276,0.3754638769531198
66.626295,64.38103,2.2452677783203114
65.239018,63.830708,1.4083104499511734
63.870238,63.852684,0.01755397900390676
63.380067,64.06304,-0.6829746870117219
62.991629,64.17768,-1.186051969238278
63.639025,63.79615,-0.15712520751953463
64.471392,62.97558,1.4958136918945257
67.356928,62.560307,4.796621450927731
67.754614,62.809856,4.944757585205082
68.485247,63.480732,5.004515035888673
68.688714,64.556274,4.1324395859375045
66.126876,65.68825,0.43862831933593327
66.16387,66.550735,-0.38686547363280965
64.693356,66.50904,-1.815684832519537
65.590462,66.137054,-0.5465924433593727
66.441325,65.43509,1.0062358886718812
67.079472,64.64308,2.436390334960933
66.755774,64.64919,2.1065811899414086
65.442486,64.70115,0.7413370131835961
64.508386,65.132256,-0.6238695541992172
64.813587,65.19197,-0.3783838251953142
63.814747,64.91362,-1.0988729951171905
63.241339,64.28347,-1.0421311538085902
62.214754,63.564606,-1.3498517128906258
60.633258,63.01591,-2.382653102294924
64.388155,62.46538,1.9227733776855445
65.322255,61.907677,3.4145783032226547
65.747686,61.802853,3.9448333693847673
66.894502,62.059544,4.834958390380862
64.277173,62.881565,1.3956079060058642
61.24366,64.190926,-2.947265598144533
62.991629,64.16131,-1.1696792885742155
63.934978,63.727577,0.20740079052734472
63.167351,63.12479,0.04256080834960585
64.221682,62.090343,2.1313385246582044
63.888735,61.840916,2.0478193200683563
64.119948,62.52795,1.5919977131347594
63.435558,62.782623,0.6529347089843753
65.479768,62.741108,2.738660059326179
64.875797,63.05855,1.8172452116699276
65.526227,63.136467,2.389760020019537
66.362495,63.407295,2.9551997729492143
66.427538,63.756756,2.6707821711425765
64.959424,64.42987,0.5295533945312485
65.842151,64.483795,1.3583558339843762
66.111615,64.73495,1.3766677954101567
64.160323,64.836075,-0.6757518291015572
64.755003,64.55939,0.1956157929687521
66.604084,64.18706,2.417026504882813
67.812026,64.33624,3.475783324218753
67.23593,64.41875,2.8171830517578087
67.366017,64.52808,2.837933198730468
67.93282,65.30969,2.6231276171875066
68.285911,66.05859,2.2273172499999987
67.589021,66.38578,1.2032406655273462
68.137241,66.36925,1.7679935634765656
68.33237,66.55469,1.7776824999999974
69.744734,66.75111,2.9936277377929628
69.112887,66.92693,2.185953711425782
68.731921,67.06283,1.669092936035156
69.921279,67.42028,2.5009985434570297
69.688983,67.72713,1.9618559248046807
70.190743,68.038055,2.1526875800781227
69.819069,68.01559,1.8034821469726552
70.738963,68.19608,2.542879931152342
71.417269,68.58228,2.8349859799804733
71.315059,68.75145,2.5636094150390676
71.761068,69.07082,2.6902443305664008
72.123451,69.34562,2.7778317983398466
73.024762,69.83122,3.193539465820308
73.052638,70.20118,2.8514584956054705
72.680963,70.48361,2.1973509394531305
72.197786,70.84499,1.3527924086913998
71.361518,71.074486,0.28703222119141003
71.20355699999999,71.11848,0.08508013232420808
72.299997,70.80947,1.490525869628911
72.699547,70.48955,2.209999270507808
73.052638,70.31434,2.7382993159179705
73.387145,70.35057,3.0365743212890663
74.204829,70.72642,3.4784114584960975
73.247767,71.300476,1.947290925781246
74.297747,71.60233,2.695413931152345
74.279164,71.88339,2.3957716660156194
74.390666,72.129684,2.2609815517578085
72.448666,72.3345,0.1141628261718779
72.690255,72.18932,0.5009315747070247
73.405728,72.23234,1.17339004833984
73.154848,71.9614,1.193445106933595
73.81457,71.65709,2.157480766601566
74.279164,71.344826,2.934338255371088
74.018991,71.66243,2.3565611904296873
73.981824,71.97234,2.0094805551757844
73.870322,72.11373,1.7565906157226578
73.052638,72.33827,0.7143659052734392
73.405728,72.31551,1.0902143891601526
72.959719,72.12481,0.8349097348632881
73.099097,71.94314,1.1559588774414067
73.377853,71.733765,1.6440883515625018
72.950427,71.55038,1.400050107910161
72.783173,71.57352,1.20965615429688
72.307345,71.46698,0.840365019531248
71.262387,71.42661,-0.16422585400390233
67.996894,71.21789,-3.2209938784179712
68.967212,70.56518,-1.5979659174804652
69.517681,69.80493,-0.28725064062500394
71.001147,68.958755,2.0423915068359406
71.607596,68.27351,3.3340822060546884
72.876473,67.987015,4.889458229492192
73.296322,68.86535,4.430973184082035
73.025753,69.70777,3.3179816987304633
74.22932,70.5471,3.682223747558595
73.464262,71.153366,2.3108959111328176
73.501582,71.65764,1.8439434501953116
73.417612,71.83721,1.5804003911132867
73.772151,71.900276,1.8718748159179626
71.756876,72.065674,-0.30879782812499457
71.113107,71.746124,-0.6330172675781256
71.299707,71.46811,-0.16840213085937705
71.327697,71.05505,0.27264328906250057
70.441349,70.56934,-0.12799456689452882
70.935837,69.83917,1.0966646367187565
71.383677,69.62549,1.7581887187500058
71.467646,69.613266,1.8543800087890645
70.879858,69.57637,1.3034877607421862
70.693258,69.50932,1.1839348798828127
70.935837,69.66938,1.2664568120117252
71.150427,69.687035,1.4633923930663997
70.562638,69.58298,0.9796607050781319
71.822186,69.41133,2.4108548232421896
70.637278,69.47474,1.1625389252929637
70.599958,69.56504,1.0349174116210946
71.393006,69.55826,1.8347479433593747
71.029137,69.522934,1.5062030400390682
70.637278,69.658875,0.9784034882812449
72.270025,69.40177,2.8682534545898477
73.417612,69.58085,3.836763306152349
74.723809,69.95494,4.768868204101565
75.330258,70.350464,4.979794132812501
75.824747,71.09646,4.728288564941408
75.684797,72.19573,3.4890648833007845
76.459186,72.99695,3.4622377578125025
76.776405,73.63065,3.1457516186523407
76.711095,74.01876,2.6923343188476565
76.552485,74.310165,2.242319594726567
77.830693,74.49732,3.3333709174804653
78.679721,74.843544,3.8361769936523444
79.24885,75.12802,4.1208287597656295
79.304829,75.485565,3.819263814453123
79.03426,75.99594,3.0383188378906283
78.595751,76.637344,1.9584066396484445
77.401514,76.93853,0.46298403173828717
78.082602,76.89898,1.1836228129882755
78.465131,76.64843,1.8167011293945308
78.829,76.365135,2.4638648071288998
79.25818,76.17911,3.079072333984371
79.901948,76.17872,3.723229433105473
79.696689,76.631836,3.0648530625000063
79.388799,76.978546,2.410252857421881
79.556739,77.24988,2.306861070312493
79.659369,77.44616,2.2132096372070293
80.023238,77.54138,2.4818561640625063
78.595751,77.48849,1.1072637563476633
78.49273,77.40861,1.0841225170898383
77.883969,77.33983,0.5441405087890558
80.319013,77.115486,3.203526854980467
82.192125,76.95485,5.237275756835942
81.93925499999999,76.915146,5.024109125976551
82.482457,77.46016,5.022297698242184
83.109949,78.23973,4.870218165039063
82.969466,79.40276,3.5667026333007783
82.416898,80.02248,2.394421803710941
82.182759,80.14218,2.0405776035156293
82.932004,80.311615,2.6203890097656313
82.70723,80.3626,2.344627766113277
81.573998,80.23842,1.3355794208984406
80.618711,80.06461,0.5540976577148484
80.375207,79.904915,0.4702921440429719
77.883969,79.68135,-1.7973817080078192
79.476113,78.94931,0.526802697265623
79.232609,78.14715,1.0854608676757778
80.131702,77.55737,2.574328953125004
81.124451,77.247185,3.8772662465820247
79.288802,77.11159,2.1772144755859415
81.377321,77.65416,3.7231614541015574
78.614482,77.89393,0.7205534721679641
78.614482,78.09606,0.5184202934570266
79.401189,77.94515,1.4560367172851585
80.131702,77.47191,2.6597934306640667
79.176416,77.54388,1.6325393520507845
79.513576,76.98837,2.5252031972656255
79.017201,77.20719,1.8100095327148438
76.73200500000002,77.41431,-0.6823016406249849
77.846506,77.20614,0.6403673891601613
78.342881,76.69696,1.6459205507812555
78.876718,76.42037,2.456345990722653
79.438651,76.07394,3.3647145375976493
79.906929,75.93997,3.96695707617188
78.726869,76.57476,2.152108562988275
78.876718,76.919205,1.9575132880859343
80.450131,77.131,3.3191342958984364
80.581249,77.30327,3.277980567382812
78.876718,77.40995,1.4667677436523405
77.930796,77.32425,0.6065467324218758
79.157684,77.449715,1.707969339355472
79.803908,77.530624,2.2732836103515695
78.923545,77.20141,1.7221366137695355
78.07128,76.78436,1.2869172070312516
78.277322,76.75807,1.5192501005859356
78.333515,76.96375,1.3697622534179743
77.949528,76.79633,1.1531946870117196
78.277322,76.37788,1.8994457182617168
77.883969,76.18005,1.7039152890624933
77.209649,76.19013,1.0195168588867176
77.603002,76.07121,1.531789231445316
77.415691,75.90412,1.5115696010742141
76.647715,75.80873,0.8389839208984426
78.361612,75.53496,2.8266541142578063
76.647715,75.43292,1.2147926367187551
74.484272,75.4558,-0.9715309174804645
75.926567,75.14992,0.7766493974609432
76.788199,74.81981,1.9683900400390684
75.898471,74.72092,1.1775542519531257
73.528985,74.08123,-0.5522451635742129
74.456175,73.702415,0.753759533691408
75.055571,73.85664,1.198927323242188
74.877625,73.59034,1.2872853393554635
75.056286,73.03858,2.017704151855469
77.087375,72.72606,4.361316040039057
76.899311,73.26607,3.633243495117185
77.463503,73.694595,3.7689076630859404
77.849034,74.10341,3.7456251865234407
76.77707,74.70727,2.069802238769526
75.733316,75.291374,0.4419417934570333
76.419749,75.218636,1.2011134409179647
76.504377,75.15727,1.3471046611328177
76.77707,74.90616,1.8709115527343698
77.726792,74.53679,3.1900030595703157
78.469645,74.54699,3.922655559082031
78.996224,74.99619,4.000031067871092
78.620096,75.41416,3.2059343178710975
77.726792,75.90291,1.8238836748046907
77.313052,76.31482,0.998232664062499
77.42589,76.40784,1.0180530859374954
78.159339,76.23636,1.9229803574218778
78.413226,75.91524,2.497988573242182
78.742337,75.72247,3.0198638554687562
78.761144,75.84201,2.9191335019531266
79.306529,76.14328,3.1632489707031226
79.193691,76.50801,2.6856801357421887
79.099659,76.72567,2.373989139160159
80.594766,76.901085,3.6936811000976633
79.231303,77.1133,2.1180064912109344
79.25951300000001,77.3209,1.9386130366211063
78.883385,77.36905,1.514335927734379
78.685918,77.407776,1.278142121093751
78.742337,77.42312,1.3192184086914125
79.447577,76.96888,2.478697300292964
80.322074,76.91072,3.411353174804688
80.322074,76.94002,3.382056299804688
80.350283,77.16038,3.1899054975585983
79.466383,77.5136,1.9527797895507746
79.325335,77.845085,1.4802498559570267
80.096397,77.94921,2.1471858793945273
80.152816,77.82331,2.32950514794922
80.378493,77.707634,2.670859027832037
78.864579,77.6128,1.251778401855475
79.513399,77.68484,1.828561658691413
79.842511,77.78434,2.0581710952148455
80.839249,77.67534,3.1639102548828077
81.196571,77.62604,3.570533402343756
81.243587,77.60554,3.638049585449224
81.864197,78.102905,3.7612917265625043
81.741956,78.547806,3.1941502138671893
82.13689,78.98383,3.1530566870117127
81.48807,79.222336,2.265734184570306
82.13689,79.3632,2.7736926733398377
82.071068,79.53387,2.537201117675778
82.071068,79.55461,2.5164567939453093
82.183906,79.62316,2.5607446840820245
81.619714,79.59878,2.020936229003908
81.67613299999998,79.728935,1.94719775830076
81.760762,79.65874,2.102024817382812
80.764024,79.590775,1.1732494638671938
81.187167,79.435974,1.7511928789062523
80.735814,79.208244,1.527569676269536
81.064926,79.075935,1.9889906362304686
81.281199,78.90768,2.373522303222657
80.265655,78.71703,1.5486216137695266
80.039978,78.740715,1.2992629731445362
80.961491,78.58049,2.3810008876953077
82.510089,78.56082,3.9492674667968686
83.35993,78.58191,4.778020820312506
84.039803,78.717125,5.3226780610351625
84.729118,79.34217,5.3869472846679685
86.740408,80.259895,6.480512675292971
85.673385,81.24557,4.427817678222652
85.361777,81.959435,3.40234249072266
84.59692,82.5126,2.0843162402343722
84.549707,82.85812,1.691583220703123
84.172,82.971306,1.2006941528320283
84.190885,82.43724,1.753644399414057
82.283465,82.117226,0.1662393530273505
82.207924,81.692055,0.5158692514648493
83.312717,81.32487,1.98784975146485
84.568592,80.93594,3.6326483964843703
84.483608,80.72836,3.755244962890629
82.97278,80.58573,2.387048493652344
83.378815,80.93986,2.4389575170898468
84.200328,81.32981,2.8705169038085927
83.841507,81.470406,2.3711014213867116
83.737637,81.2603,2.477337317382819
84.663019,81.05532,3.607698260253912
83.926491,81.34062,2.585869051757811
84.379739,81.52738,2.8523571030273445
83.529898,81.51732,2.0125792744140654
82.576188,81.56391,1.0122765620117207
79.913354,81.53426,-1.6209096108398455
76.608418,80.95026,-4.34183834765625
76.825599,80.06869,-3.243088438964847
74.776539,78.65966,-3.883121339355469
72.736921,77.01212,-4.275202107910161
77.061666,75.11299,1.94867466699219
73.643418,73.916725,-0.2733071586914093
77.514915,73.43948,4.075431357421877
76.032415,73.05937,2.973043051757813
77.184421,73.30682,3.8775972695312504
72.727479,74.29451,-1.56703088769531
76.372351,73.82705,2.545301744628901
73.737845,74.38921,-0.6513685620117258
70.574549,73.70697,-3.1324212148437454
77.099437,73.05169,4.047747852050776
69.55474,72.2515,-2.696762990722661
75.059819,72.334496,2.7253234555664108
74.842638,71.49586,3.3467807612304625
70.347925,71.48505,-1.1371213867187464
64.210186,72.1522,-7.942012791503913
59.318881,70.26498,-10.946095501464846
65.805998,69.55552,-3.749521104003904
66.806922,66.98993,-0.18300719921874986
71.584915,64.309235,7.27568038085937
70.404581,63.25118,7.153402258544915
74.918179,64.28932,10.628857100585932
74.512144,67.44856,7.063581377929694
72.302558,69.2591,3.0434561323242235
75.012606,70.937904,4.074701642089849
75.022049,71.513084,3.508964588378902
78.119246,72.590416,5.52883004541016
77.363832,72.72467,4.639161589843752
80.21552,73.15933,7.056187724609373
81.244771,74.60948,6.635289188476563
81.06536,75.681366,5.383994033203123
84.511936,77.01822,7.493717005859381
86.218482,77.92422,8.2942647758789
91.015772,79.50131,11.514459744140623
91.025253,80.99087,10.034385385253913
92.911934,82.73608,10.175857645019533
89.167014,85.08784,4.079176780761713
90.52277,86.62124,3.9015312915039004
89.062725,87.81611,1.2466162963867191
89.176495,87.62477,1.5517238818359402
90.020287,87.321945,2.6983418095703087
86.711484,86.4613,0.2501802890624987
87.488911,86.37217,1.1167415053710954
87.308775,85.78222,1.5265560668945284
85.185074,85.47408,-0.28900894677734357
85.166112,84.896965,0.2691469731445295
88.199971,83.88215,4.317822257324224
86.351213,83.86348,2.487733385742189
89.110129,83.60069,5.509436250976563
88.835186,83.565544,5.269641871582024
91.082137,84.27061,6.811530005371097
88.929994,85.28913,3.6408628354492123
87.375141,85.53821,1.8369329921874993
87.01487,86.210915,0.8039553881835957
85.222997,86.011215,-0.788218209960931
85.583268,85.627205,-0.043936895019527356
83.639702,84.41814,-0.7784345966796877
85.412613,83.49131,1.921302880371087
85.697038,82.91326,2.7837765864257875
86.720965,82.42026,4.300707431640632
84.834284,82.517235,2.317049197753903
86.047828,82.472336,3.575492184570308
87.318256,83.03067,4.28758583398438
89.991844,83.24556,6.746284307617188
88.18101,83.68144,4.499567739257813
87.811258,83.94166,3.869599979980464
86.654599,84.7849,1.869702149414067
83.668144,85.25547,-1.5873262758789082
85.194555,85.08769,0.10686273925780654
87.754373,84.011475,3.742898390625001
85.583268,83.47873,2.104538751953129
87.375141,82.963554,4.4115866176757805
83.222546,82.853584,0.3689617104492129
84.398167,83.37389,1.024273262207032
84.90065,83.399574,1.5010757202148426
85.080785,82.652504,2.4282810327148496
86.180559,82.46639,3.7141664829101586
85.592749,81.8477,3.7450469736328102
85.971981,82.417534,3.554447125488281
85.64963399999999,82.74876,2.9008775913085856
86.559791,82.967926,3.591864974609379
82.767467,83.2164,-0.44893314648437865
84.967015,82.93146,2.0355574804687535
84.104262,82.77029,1.3339754399414119
84.388686,82.41275,1.975935755859382
86.683042,82.09235,4.59069580859375
86.88213899999998,81.64936,5.2327783432617
87.441507,82.41559,5.025918621093751
88.143086,82.761185,5.381901307617184
87.659565,83.53561,4.123958615722657
87.773335,84.35092,3.422413369140628
88.806743,84.60752,4.199221942871091
88.209452,84.91645,3.2930014995117176
88.256856,85.107414,3.1494417543945303
90.238345,85.12444,5.113901945800777
92.056055,85.432205,6.623849799804688
91.742001,85.977936,5.764065208984377
94.45429,86.43115,8.02313765625
94.292504,87.395645,6.896858858398431
93.445509,88.62168,4.823827786621095
95.34887,89.44301,5.905861577148443
95.948428,89.97241,5.976015890625007
94.168786,90.77576,3.393029164062497
95.158534,90.847084,4.311449954589847
95.034815,91.00445,4.030367062988276
97.566285,91.422806,6.143479213867181
96.624122,91.52359,5.100531912109375
95.777126,91.538025,4.2391010976562455
95.815193,92.04489,3.7703016425781186
95.101433,92.29971,2.801719865234375
97.204647,92.53278,4.671863491699213
96.833491,92.16399,4.669504793945308
96.338617,92.077675,4.260942134277343
95.206118,92.229614,2.9765037421875036
94.273471,92.304985,1.968485953613282
95.786643,92.45027,3.3363713935546855
96.214899,92.01922,4.195680555175784
95.158534,91.6974,3.4611310458984406
95.843744,91.457245,4.386499126953126
96.081664,91.547195,4.534468565429691
95.624857,91.94524,3.6796207939453183
96.71929,91.94212,4.777166586914063
97.452084,91.88776,5.564327652343749
96.490886,92.23119,4.2596924575195345
97.518701,92.41958,5.099122447753899
98.203911,92.629974,5.57393663476563
105.912523,93.08314,12.829385487792962
105.436683,93.88346,11.553222001464846
104.180465,94.97649,9.20397879394531
101.401558,96.63928,4.762275773437494
104.151914,98.07177,6.080144285644536
100.430844,99.50366,0.9271818906249933
99.127041,98.70573,0.42131437646484926
97.870823,97.69792,0.17290124707031396
100.697314,96.67443,4.022883152832037
98.974772,96.34108,2.633692288085939
99.640949,95.1305,4.510448206542975
100.583112,94.85582,5.727292297851562
101.430108,95.00815,6.421959806640629
100.592629,95.64598,4.946648165039065
101.506243,95.58182,5.924425373046873
101.696579,96.06872,5.627861043457031
100.830549,96.47587,4.354680774902349
99.736117,96.63334,3.1027780717773368
97.766138,96.46854,1.297601623046873
96.043596,96.3013,-0.25770404882813125
98.451348,95.57652,2.8748251728515584
99.393512,94.69745,4.696063269531251
100.107272,94.048874,6.058398098632807
103.571389,93.778534,9.792855064453121
103.39057,94.392525,8.998045280761716
101.353974,95.78648,5.567490235351556
103.314436,96.64468,6.669759791503907
101.116054,97.43089,3.685161055664068
102.534058,97.994804,4.539253617675783
103.295402,97.66683,5.628570029785152
104.351767,97.429214,6.922552522460933
105.68412000000001,97.86577,7.81835156738282
103.133616,97.99477,5.138849764648441
102.886179,98.70288,4.1832981406249985
102.475589,99.01728,3.458308421386718
104.719511,99.0554,5.664113966308591
103.163089,98.8871,4.275988780273437
103.468644,98.30227,5.166375018066404
101.148334,98.373085,2.7752489780273493
104.538087,98.36135,6.176735986816411
102.924374,98.57188,4.352497474121094
104.079754,98.15849,5.921260958007807
103.678713,98.20561,5.473100817382814
101.616215,98.20218,3.414036044921872
100.260314,98.707924,1.5523901108398377
100.365349,98.12259,2.24275988867187
102.628367,97.78264,4.84572845019531
104.614476,97.15352,7.460957323242184
106.495551,96.788185,9.7073658803711
108.405271,97.27084,11.134427494140624
109.255096,98.532814,10.722281974121088
104.45215,100.17714,4.275010717773441
105.808051,101.19896,4.609091649414069
107.564994,101.71033,5.854666851562499
106.896592,101.809975,5.086617329589842
107.517251,101.39534,6.121911034179689
108.538951,100.76869,7.770258983398435
107.956487,101.51952,6.436963379394527
104.814997,102.01009,2.8049033110351616
105.989475,101.86967,4.1198079467773425
105.88444,101.82098,4.063463742675779
104.337567,101.5324,2.8051649614257883
102.752499,100.79163,1.960865394042969
101.606667,99.93834,1.6683277666015641
102.762047,99.64646,3.1155855131835892
103.334964,98.928314,4.406649791015624
103.592776,98.17574,5.417032896972657
103.268123,97.826065,5.44205793652344
102.67611,97.907486,4.768624038085932
103.029408,98.2866,4.742809794433597
102.341909,98.37641,3.96549756201172
101.979062,98.26059,3.718472400390624
101.520729,97.99737,3.523361141113284
101.711701,97.72312,3.9885793569335988
102.189131,97.54812,4.6410124086914095
101.969514,97.27058,4.6989375229492225
102.599721,97.15924,5.440480277343752
102.494687,97.18821,5.306477466308593
103.869685,97.37703,6.4926555810546915
104.051109,97.645355,6.405753775390622
103.210832,97.902145,5.308686614257809
103.392255,98.24973,5.1425220288085995
102.599721,98.46262,4.137097403808596
103.459095,98.663925,4.795169829101567
102.924374,98.514275,4.4100994028320315
103.439998,98.27509,5.1649049213867215
103.545033,98.26735,5.277683756835941
104.547636,98.236046,6.311590162597653
104.184789,98.51037,5.674420652832026
105.47385,98.61356,6.8602864624023425
105.254232,98.988976,6.265256475097658
106.275933,99.32188,6.954056474121089
106.571939,99.76637,6.805566319335938
105.836697,100.07127,5.765423196289063
103.926977,100.51387,3.4131067607421812
107.087564,100.508156,6.579408177246094
105.502496,100.66918,4.833314176269525
106.71054,100.5381,6.172438803710932
107.928171,100.38179,7.546380838867194
108.234976,100.55419,7.680784410644534
108.29250200000001,101.38632,6.906179978515638
108.187038,101.515976,6.671062047851564
109.989516,102.13437,7.85514710351562
109.999104,102.6224,7.376705623535159
109.577247,102.922066,6.655181265136719
115.425713,103.2039,12.221809801757814
118.493761,103.9142,14.579561170898444
117.487058,105.22927,12.257787064941411
115.281899,106.47637,8.805527234863277
115.262723,107.87535,7.3873720478515565
114.802516,109.48696,5.315554635253903
118.915618,109.601234,9.314383563964839
119.366237,109.108116,10.258120850097654
119.989435,109.031944,10.957490725097657
120.123662,109.73223,10.391430859863277
121.609747,110.647095,10.962652273437499
122.942431,111.94245,10.999979522949218
122.74109,112.46944,10.271653354492187
121.993253,113.0439,8.949353463867183
120.238713,113.534256,6.704457018554692
117.966441,113.92225,4.044192159667972
117.496646,113.71004,3.786608768554686
115.818807,112.90658,2.912228936035163
117.333656,111.812836,5.52082030664063
116.566644,110.73479,5.831857012695309
114.840867,109.94106,4.899804072753909
117.170666,109.52586,7.64480235253906
117.47747,109.25187,8.22560079833984
114.265608,109.46637,4.79923837109375
111.226323,109.14236,2.0839661274414
112.415191,108.67074,3.7444527797851492
110.861992,108.44667,2.4153214677734383
111.887871,107.358406,4.529464933105473
111.101683,106.01205,5.0896361860351504
112.674058,105.32963,7.344430009277346
111.89745800000001,105.47419,6.423268241699233
113.230142,105.32237,7.907769563476563
113.345193,105.671715,7.673478217285151
112.769934,105.855865,6.914068521484381
113.239729,106.280785,6.958944393066403
115.291486,106.35583,8.935658668457037
116.46118,106.801346,9.659834174804686
115.52159,107.12289,8.39870334228516
113.15344,107.52107,5.632367612304691
114.140968,107.99657,6.144401227539063
117.036439,108.34991,8.686532078613283
117.189841,108.341225,8.848616329589845
114.812104,108.15278,6.659325374511724
114.898393,108.14913,6.749261225097655
114.035504,108.73727,5.298237459472659
114.917568,109.01151,5.906055243652347
115.023032,108.51326,6.509772112304688
115.157259,107.925,7.232255948242184
114.840867,107.93742,6.903443293945315
115.914684,107.92939,7.985294046386713
116.048911,108.220604,7.82830705712891
117.937678,108.36205,9.575625082519537
116.921387,108.65502,8.266365332519527
119.269438,108.99433,10.275106640136713
119.663987,109.63533,10.028656799804693
119.837204,110.20522,9.631980916503906
115.477913,110.904396,4.573516942871095
117.979934,110.95348,7.026450418457031
118.846019,111.2575,7.5885193051757796
118.663179,111.009415,7.653764327148437
117.960688,110.65897,7.301714306152348
117.11385,110.218925,6.894924523925781
116.873271,110.825935,6.047335636230471
116.449852,110.75533,5.694519053222663
115.554898,110.362465,5.192433095214838
115.025624,109.86384,5.161785804199212
113.110616,109.39181,3.7188084438476494
114.044062,108.89789,5.146173816406247
114.313511,108.34056,5.972950086914068
114.467481,107.815636,6.651845318847663
114.457858,107.4865,6.971354398925783
113.928584,107.285866,6.6427182163085945
111.96546,107.55923,4.406233010253899
113.024007,107.45779,5.566220439941404
113.851599,107.22773,6.623869202636712
112.340763,106.96021,5.380550292480464
112.571719,106.59902,5.972697088378908
111.994329,106.317635,5.676694417480462
113.360818,106.47891,6.88190564648437
112.716066,106.41807,6.297998067871092
112.870037,106.126785,6.743251721679684
113.938207,106.22724,7.710965483886724
112.350386,106.357475,5.992910719238282
111.330331,106.60575,4.724579962402345
112.254154,106.39991,5.8542440268554685
101.803403,106.323616,-4.520213027832028
102.871574,105.472984,-2.6014103139648483
105.084901,103.77659,1.3083125600585959
105.171509,102.16589,3.0056154453125004
105.854753,100.59918,5.255570871093752
103.83389,98.682,5.151890793457028
104.940553,99.39866,5.541894247558588
105.999101,99.9085,6.090600328613277
105.768145,99.93453,5.83361283447266
106.316665,99.98078,6.335883444824219
106.249303,99.91705,6.332249777343748
105.912492,100.44907,5.463418208496094
107.423328,100.727806,6.695521908691404
106.172318,100.839455,5.332863349121098
107.240488,101.00847,6.232019372070312
106.778577,101.10064,5.67793765673828
106.663099,101.22879,5.4343087167968775
107.490691,101.45386,6.036833578124998
108.472253,101.33646,7.13579670117187
111.339954,101.65396,9.68599281835938
112.793051,101.9842,10.808851476074224
111.561287,102.77391,8.787376477539055
112.744936,103.795555,8.949380885253902
113.591774,104.83337,8.758407605957032
114.34238,105.8366,8.505778742675787
115.352812,106.29047,9.06234569140625
114.765799,106.55241,8.213392688964845
115.227711,107.23701,7.990703858886718
114.332757,107.73427,6.598488811523438
114.178786,108.02613,6.152655323730471
113.187601,108.10429,5.0833148061523445
112.694935,107.820145,4.8747903466796885
113.516045,107.559006,5.957039262695318
114.75254,107.13147,7.621070273437496
114.694579,106.98343,7.7111500449218795
114.936082,106.93083,8.005250090820311
114.230894,107.209236,7.021657854980475
116.694224,107.643585,9.05063879492188
115.457729,108.04936,7.408366817382813
115.737872,108.18788,7.549990530273433
116.42374,108.387,8.036738962402339
116.974367,108.60509,8.369279719726563
116.868106,109.10735,7.760752789550779
116.810145,109.0475,7.762644389648443
117.969359,109.337,8.632361014160153
117.438053,109.66928,7.7687719941406215
118.0563,109.87667,8.17962916259765
118.01766,110.01286,8.004796840820319
118.974011,110.22489,8.749119337402348
118.529646,110.55502,7.974622806640625
117.331791,110.63869,6.693103866210933
118.635907,110.807884,7.828022783691409
118.87741,110.86237,8.015036647949216
120.423029,110.969536,9.453493172363281
121.418021,110.96623,10.451788700195308
119.717841,111.248055,8.469786495605476
121.447002,111.88108,9.565921372558591
122.026609,112.334785,9.691823538574212
121.562923,112.86851,8.694415614746092
121.234479,113.08323,8.151249935058587
120.50031,113.058945,7.441365297851561
121.205499,113.4224,7.783097571777347
120.355408,113.36547,6.989937113769528
121.659524,113.09415,8.56537727148438
122.074909,112.96524,9.10966852148438
123.069901,112.97918,10.090721617675783
124.122854,113.30463,10.818227535156254
124.55756,113.631485,10.926075014648433
124.026253,114.346275,9.679977670410153
124.673481,114.84233,9.831150067382808
123.630188,115.3424,8.287788402832035
124.422318,115.5999,8.822418708007817
122.316412,115.626945,6.689466504394531
122.731797,115.42051,7.311287661621094
123.156842,115.26523,7.8916137285156225
123.108542,114.90892,8.199621711914062
122.480634,114.77973,7.700902249511714
120.625892,114.39458,6.231314973632806
120.877055,114.376144,6.500910590820311
120.413369,114.1542,6.259171307128909
121.041277,113.70227,7.339006492187494
120.142886,113.197556,6.945330458007817
116.481701,112.74972,3.7319832875976573
114.704239,112.47038,2.2338563095703137
115.399768,111.77585,3.6239196113281196
114.114972,110.94398,3.1709946440429633
113.226241,109.65764,3.568602450195314
111.603342,108.30276,3.300584736816404
111.941446,107.57911,4.362336808105468
112.530713,107.141045,5.389668383300787
113.90245,106.43989,7.4625619995117205
114.366135,106.102455,8.263679860839844
112.907457,106.08514,6.822320586425775
113.332503,106.491516,6.840986886718753
113.023379,106.85384,6.169535311035162
114.008711,107.06477,6.943937440429693
113.931134,106.968376,6.962757840332031
113.281429,106.76883,6.512599654296878
115.725096,106.92385,8.8012449868164
119.574842,107.12812,12.446721577636723
121.262136,107.79974,13.462392347656248
122.88155,108.65368,14.227871105957036
122.745791,109.98648,12.759310287109372
124.24884,111.85136,12.397483493652345
123.841562,113.46943,10.372132983886715
123.841562,114.333374,9.508187976562496
124.985819,114.88864,10.097177642578131
125.034305,115.170975,9.86333026855469
123.841562,115.5797,8.261865344726559
124.801574,115.6037,9.197875269531252
125.179761,115.76516,9.414601393066405
120.602733,115.98334,4.619395597656251
122.959127,115.66113,7.297994187499995
122.600334,115.24572,7.354614090332035
123.94823,115.04441,8.903819294433589
123.395496,114.63074,8.764758695312494
124.559147,114.10464,10.454509854003902
125.519159,114.81966,10.69950262792969
126.925237,115.12103,11.804204285156246
124.723998,115.722275,9.001723219726557
123.773683,116.01647,7.757211137207037
122.997915,116.39434,6.603574484863287
121.465775,116.37757,5.088203894042962
120.709401,115.90807,4.801327574707031
121.28153,114.83627,6.445256806640629
122.066994,114.14294,7.924057293457025
124.151869,113.636986,10.514883221191411
121.960326,113.44514,8.515188976074214
122.900944,113.62575,9.275196319335933
124.491267,114.06953,10.421740327636712
126.324018,114.53289,11.791127680175777
128.457378,115.038475,13.418902963378912
128.408893,115.33811,13.0707811225586
128.360407,116.437836,11.922571306640634
128.515561,117.523674,10.991886988769522
130.299825,118.37614,11.923688220214842
131.841663,118.98196,12.859706518066417
128.913141,119.292015,9.621125924316402
131.453779,119.59858,11.855199593261716
131.967725,120.060425,11.907300195312502
132.95682900000003,120.63011,12.32671730566409
130.891348,120.93072,9.960630531738275
131.17256399999997,120.83667,10.335894078124966
134.779882,121.45728,13.322598979980455
134.94473300000004,121.69458,13.250152921875042
137.175064,121.980675,15.194389256347648
136.215052,122.30232,13.912729612304673
136.913242,123.30028,13.61296429003906
136.728997,124.43362,12.295380361816399
136.476873,124.82251,11.654363234375012
134.828367,125.20909,9.619275813476548
131.657418,124.97232,6.685097443359382
131.065896,124.672615,6.393280948730478
131.046502,123.923225,7.123276597167973
131.453779,122.96751,8.486272591308591
131.162867,121.89478,9.268083979980474
131.589539,121.08068,10.508858152832033
129.669515,121.00041,8.669103012695302
126.178561,120.95978,5.218783167968752
124.728457,120.62269,4.105768706542975
123.18103,119.83162,3.3494107373046944
122.674953,118.706055,3.968898312500002
121.370832,117.101456,4.2693763115234304
122.460844,115.59112,6.869726141113276
120.504662,114.763565,5.741096936523434
119.969389,114.0814,5.8879909897461005
116.85507,113.60511,3.2499598315429665
117.215163,112.924866,4.290297277343754
121.993696,112.33218,9.661519791503906
124.0472,111.58528,12.461918627929691
123.794161,111.58654,12.207620777832034
126.558119,111.96272,14.595396221679692
126.626245,113.53411,13.092133977050779
126.236955,115.37527,10.861687971191401
124.621402,116.24608,8.375323508789066
125.205337,116.61204,8.593299341308594
126.99607,117.050934,9.945136162109378
124.339167,116.90437,7.434793831054691
122.129947,116.62416,5.505786233398439
119.492509,116.205376,3.2871333286132796
120.660378,115.83326,4.827118417480463
120.368411,115.10026,5.2681531264648385
117.351415,113.70063,3.6507848120117217
113.662894,112.596436,1.0664584531249943
114.363615,111.55308,2.8105373022460896
114.110577,110.85193,3.2586482890625064
115.541217,109.58784,5.953379780761722
119.132416,108.267876,10.864540328613288
117.390344,107.89869,9.491654729980468
115.005944,108.589775,6.416168914550781
117.137305,109.07393,8.063376166992185
117.730972,109.72286,8.00810975634765
118.159191,110.11212,8.047069417968757
115.677469,109.65938,6.01809094824219
113.001101,109.52476,3.4763436147460993
115.220053,109.75111,5.468946737792962
113.867271,109.37568,4.491591983886721
110.967062,108.679565,2.2874965703124985
112.426899,107.533844,4.893055005859381
114.334419,106.85834,7.476081597656247
116.280868,106.916626,9.364242023437498
117.954814,106.59303,11.361781163085936
119.171345,106.88559,12.285755400390627
118.49982,108.26974,10.230082756347656
118.626339,109.533264,9.093074839843752
113.789413,110.485435,3.3039775141601524
114.665315,110.721886,3.943429318847663
115.765059,110.357834,5.407225137695306
116.777212,109.57654,7.200673914062506
116.971857,108.9414,8.030458379394531
117.15677,108.28779,8.868981608886713
115.190856,108.94199,6.24886228662109
115.404966,109.3455,6.0594688686523455
115.696933,109.43318,6.263751237304689
116.280868,109.227455,7.053412860839842
116.728551,108.96919,7.7593584951171835
120.066711,108.693,11.373710206542967
119.949924,109.1837,10.766223438476558
116.825874,109.85668,6.96919217626953
115.220053,110.43986,4.780195517089837
116.738283,110.736946,6.001336894042964
114.989359,110.88147,4.107889273437493
113.621485,109.99523,3.626253371582038
117.22681,108.86001,8.366801760253907
119.825771,108.5637,11.262073185058597
120.539019,108.94399,11.595026385253902
116.894612,109.221405,7.67320697070312
117.256121,109.94246,7.313661893554681
114.285881,111.0488,3.2370833925781284
114.041617,111.04625,2.9953676103515647
115.302016,110.13416,5.1678530971679635
110.895507,108.87926,2.0162497978515574
110.240881,108.15802,2.0828609804687517
109.85006,107.01202,2.8380437036132804
113.045023,106.34704,6.697984730957032
110.416751,105.76562,4.651133629394536
109.693732,104.704254,4.989477849609372
104.925714,104.638916,0.28679798437499926
104.3004,104.35223,-0.051826257324222524
103.411281,103.79539,-0.3841062680664038
105.492404,102.00688,3.485522286132806
107.358575,100.70779,6.650788439941408
107.192476,99.622604,7.569871629882812
111.91164200000001,99.87353,12.038114473144546
110.152947,100.745636,9.407311013671873
109.859831,102.121284,7.7385465151367185
110.641473,103.1364,7.505074684570317
112.390398,103.82094,8.569459889648442
111.159311,104.766846,6.392465296875002
110.59262,104.54709,6.045531376953122
112.234069,104.75588,7.478186736816411
114.012306,105.14704,8.865264679199214
114.764636,105.53853,9.226107557617183
112.43925,105.67737,6.761881835937501
114.813489,106.13717,8.67632011572266
113.895059,106.91538,6.979676614746097
113.748501,107.338234,6.410267052246098
114.197946,107.31337,6.884576249023439
112.0582,107.10695,4.951251147460937
110.123635,107.37435,2.7492834985351493
107.114312,106.80079,0.31352312060546694
103.479675,106.042496,-2.562820727539062
100.577828,104.72828,-4.150451113769535
102.395146,102.59251,-0.19736040869140936
99.727792,100.565254,-0.8374622114257875
100.177236,98.54549,1.631749549804681
102.014096,97.00393,5.010166861816401
103.02046,96.37993,6.640531411132812
103.772791,96.639755,7.1330357509765605
106.938443,96.58437,10.354069525878913
106.576933,97.606865,8.970068070800778
104.515351,98.81089,5.704460802246089
106.596474,99.60523,6.991241761230469
106.1568,100.30018,5.856621472167973
107.69077300000001,100.87809,6.812683095214851
106.791885,100.75898,6.032905202636712
106.195882,100.75734,5.438542522460935
106.977525,101.2949,5.682626013183594
106.752802,101.33767,5.415132627441409
106.391293,101.50102,4.890270661132817
105.814832,101.23353,4.581303862792964
103.772791,101.12971,2.6430836635742168
103.743479,100.99488,2.7485983237304623
106.795624,100.49247,6.303154212402347
105.02911,100.11968,4.909427687988284
107.884975,99.79449,8.090488000488278
106.2166,99.79557,6.421029626464843
108.630837,100.39265,8.238190210449218
107.168555,101.22751,5.941046455078123
106.481577,101.3231,5.158479770996095
107.060601,101.86215,5.1984489003906305
107.943859,101.666336,6.277522940429691
108.306976,101.95931,6.347663561035162
106.815252,101.688736,5.1265160380859385
107.482602,101.74491,5.737690806152344
106.618973,101.999886,4.619087440917966
107.570928,102.05852,5.5124105439453075
107.678882,101.89783,5.7810548515625015
107.217625,101.649475,5.568149902343748
106.972276,101.778,5.194276122070306
105.902553,101.71434,4.18821279003906
108.21865,101.78645,6.432196752929684
108.434557,101.69214,6.742418328124998
109.40614,101.64585,7.760288864746087
109.818327,101.85817,7.960157444335934
109.945909,102.28715,7.658761478027344
108.493441,103.13861,5.354830160156254
107.914417,103.39122,4.523196907226563
108.012557,103.517715,4.4948415458984385
105.45111,103.32379,2.12731849609375
104.037899,102.775345,1.2625541513671834
103.478502,101.8835,1.5950028544921935
103.920131,101.085724,2.834407123046873
100.004357,100.257126,-0.25276885449218867
99.945473,98.99162,0.9538500751953194
100.298776,98.08082,2.2179578237304725
100.740405,97.347534,3.3928708203124955
102.889664,96.65813,6.231537168945309
100.593195,95.93031,4.662881889648432
100.799288,96.19373,4.605554784667973
102.752268,96.484886,6.267381830566407
104.999668,96.82118,8.178485749023437
106.461949,97.304535,9.15741408789063
107.256881,97.520836,9.736045123535163
103.871061,98.65374,5.217321070800779
103.812177,99.76484,4.047337827636724
103.105571,100.34652,2.759051529785154
102.065291,100.22262,1.8426728969726582
102.153616,99.50464,2.6489773281249995
100.40673,98.38909,2.0176385083007773
98.777611,97.919754,0.8578569716796807
99.189797,97.185455,2.0043416777343737
98.807052,96.4419,2.3651498393554675
97.982679,95.806816,2.1758628989257858
96.500769,94.96762,1.5331481503906303
96.88351400000002,94.36166,2.5218578110351757
96.461514,94.06108,2.4004330673828065
94.959976,93.52754,1.432433885742185
97.668632,92.89111,4.777518718750002
101.162405,92.51532,8.647085175781257
101.456824,92.8522,8.604620630859372
100.544125,93.38952,7.154606262207025
99.896403,94.22821,5.6681925507812565
99.248681,95.58306,3.665619781738286
99.857147,96.235214,3.62193276660156
98.218214,95.94706,2.271154368652347
101.02501,95.417755,5.60725487304687
99.487008,95.20367,4.283341312988284
102.060203,95.13659,6.923613949707033
103.499615,95.41731,8.082302377929693
96.726493,95.78712,0.9393759956054737
93.867387,96.33199,-2.46460610302735
93.719503,95.68432,-1.9648155424804656
96.903954,95.0335,1.87045332861328
96.568749,93.5682,3.000549842285153
97.032121,91.56668,5.465440091796879
95.563133,91.37735,4.1857831464843684
98.087032,91.95253,6.134502092773431
97.544788,92.763016,4.781772252929684
97.909571,92.807846,5.101724930664062
96.65748,93.01446,3.643022297363288
95.089901,93.06556,2.0243416127929663
96.687057,93.37631,3.310744744140621
98.096891,92.99584,5.101049020019531
98.234917,92.83241,5.402504280273433
98.057456,92.65132,5.4061345888671894
102.760191,92.8751,9.8850918178711
102.622165,93.936356,8.685809409179683
100.571496,94.90385,5.66764925927734
101.685562,95.59302,6.0925444218750044
102.148934,96.37833,5.770607583984372
101.113741,97.34007,3.773668368164067
102.405267,97.0407,5.364564180175776
102.415126,96.81044,5.604685936523438
103.391166,97.17575,6.215415267578123
104.524949,97.3669,7.158051416992194
105.451694,97.600685,7.851008880371097
103.903833,98.315605,5.588227836425787
103.519333,98.74901,4.770324821289066
106.062951,99.18157,6.8813790395507795
106.408015,99.518234,6.8897807470703185
106.565759,99.69383,6.871926602539062
103.923551,99.7343,4.189252293945316
102.395408,100.09391,2.301497782714847
103.332012,100.384224,2.9477880620117247
105.412258,99.90012,5.512134403808588
105.993938,99.35225,6.6416888544921875
107.946017,98.83396,9.112055513183591
109.957249,99.2423,10.714947059082036
109.691057,100.4269,9.264154229003907
106.989695,101.65739,5.332308220214841
105.402399,102.362015,3.04038422949219
105.086911,102.77923,2.307682789550782
104.988321,102.51568,2.4726425942382804
106.615054,101.534164,5.080889571289063
106.506605,100.56125,5.945356220703118
106.65449,100.28158,6.372911936035152
107.03899,100.46826,6.570728281249998
106.309425,100.825356,5.484069470214848
108.754453,101.23093,7.523526486328123
108.241786,101.37997,6.861819264160161
108.034747,101.6484,6.386347646972652
109.64176200000001,101.939125,7.702636938964858
109.237543,102.28281,6.954736603515627
110.745968,102.91586,7.83010496289063
110.568506,103.08035,7.488153216796874
112.244534,103.48478,8.759754642089845
111.554405,104.14982,7.4045865795898465
110.292455,104.50892,5.783536237792973
112.421844,104.96104,7.460807317871087
112.30299400000001,105.14196,7.161033855957044
110.441017,105.44299,4.998023835937502
110.728237,105.234886,5.493350830566399
111.738459,105.147156,6.591303238281256
112.917051,105.421265,7.495786351562501
111.451239,105.250465,6.200773606933595
109.935906,105.08248,4.853424615722659
110.005235,105.28797,4.717263503417968
108.895972,105.34504,3.550932632324219
108.757314,104.98702,3.77029160009765
109.49022,104.16467,5.325547148437494
110.748045,103.64476,7.103284868164067
111.173923,103.57695,7.5969729267578145
110.718333,103.59188,7.1264522016601575
109.688302,103.96003,5.728272397949212
110.916415,104.35775,6.558665061035157
109.143575,104.63118,4.512395190429686
107.033994,104.49137,2.5426228452148507
107.123131,104.00518,3.117950641113282
107.47968,103.44306,4.036618171386721
106.231759,103.02575,3.206009793457028
106.251567,102.106285,4.145281904785151
105.063071,101.50833,3.5547397011718687
105.716744,101.3065,4.410240704101568
102.656366,101.01916,1.6372085903320368
101.705569,100.37291,1.3326594541015595
101.566911,99.77334,1.7935726821289109
99.496947,98.93793,0.5590197539062558
98.813561,98.09321,0.7203526870117258
100.744868,96.76983,3.975039203613278
99.8634,96.17026,3.6931424316406236
101.646144,95.74182,5.904322710937507
103.448697,95.4279,8.020794778320308
101.764994,95.88603,5.878961895507814
99.021548,96.619156,2.402392116210933
98.447108,96.705086,1.7420222456054688
96.911967,96.849174,0.06279250048828544
96.030499,96.248276,-0.21777675683593145
97.248708,94.841675,2.4070331953124935
97.605257,93.70499,3.9002704277343696
96.862447,93.239365,3.6230823759765656
98.080655,92.86767,5.212986848144524
96.08002,92.97054,3.109477092285161
96.931776,93.24351,3.688268614746093
97.387366,93.18694,4.200422945800781
95.931458,93.04888,2.8825764692382876
96.109732,93.02321,3.0865233818359314
97.11005,92.60668,4.503368176269532
97.51612,92.75422,4.7619009448242196
96.179061,92.73816,3.4409018203125044
97.674586,92.54848,5.1261088271484425
98.130176,92.82327,5.306903294921881
100.289278,93.15535,7.133928268554683
100.616114,93.44834,7.16777263037109
101.814515,93.83573,7.978783493652344
103.210998,94.84127,8.36972755322266
103.924095,95.754005,8.170089567871088
102.705887,96.82272,5.883163611328129
102.299817,97.43043,4.869389448730473
101.576815,97.98168,3.5951331762695276
103.121861,98.16624,4.955624122558589
103.470212,98.01754,5.45267202197266
104.027573,97.7171,6.310470949218754
103.659316,97.81878,5.840537008300785
111.760966,98.08774,13.673227962890621
109.830106,99.169014,10.66109202294922
111.133934,100.2226,10.911331155761715
109.879871,101.565575,8.3142963540039
109.451897,102.97073,6.481163357421877
108.237644,104.58784,3.649806780761722
108.984111,104.03766,4.946452308593749
109.949541,103.90944,6.040101913085934
110.586526,103.455696,7.130829894042975
110.974688,103.38583,7.588854259765625
111.233463,103.52568,7.707782458007813
110.337703,104.096214,6.241488705566411
110.735819,104.50999,6.2258321225586
110.377515,104.70885,5.668667954101565
109.730577,104.72839,5.002183445312497
110.168504,104.57979,5.588715791992186
109.53152,104.33102,5.200503459472657
109.969447,104.24993,5.719515664550784
109.322509,104.04887,5.27364272802734
108.874629,103.88364,4.990992525390624
108.307315,103.818344,4.488970883789065
107.958964,103.546684,4.412279734863276
108.416796,103.33983,5.0769675087890676
107.74,102.97056,4.769441833496089
105.241825,102.68754,2.5542868530273495
103.549835,102.29466,1.2551725244140641
101.658786,101.75143,-0.09264069677733744
102.385347,100.92451,1.4608398588867146
101.230812,99.71383,1.5169829594726565
101.519446,98.39102,3.128424271484377
102.335582,97.550026,4.785556060058596
103.709081,97.12123,6.587849920898435
103.271154,97.30404,5.967114998535152
102.136525,97.373314,4.763211096191412
101.181048,97.73764,3.443407619140629
100.305194,97.95198,2.3532134091796877
101.210906,97.809395,3.401511163574213
100.922273,97.22516,3.697114308593754
101.380105,96.66704,4.713067036132813
102.763557,96.39051,6.373046440917975
104.525218,96.47568,8.04954050976562
105.699658,97.028015,8.67164286328125
106.197303,97.618904,8.578398886230474
105.749423,98.54387,7.205553981445306
107.74,99.5212,8.218797912597651
107.540942,100.387184,7.153757856933595
107.998775,100.950134,7.048640722656245
107.282167,101.336426,5.945741218750001
107.103015,101.63249,5.470522934570312
107.15278,102.059364,5.093415681152351
108.50637199999998,101.96298,6.54338982226561
106.714853,101.98843,4.726426791503911
106.864146,101.83055,5.033594852539068
106.694947,101.81837,4.876579995605468
105.848952,101.814354,4.034598057128903
106.515795,101.70646,4.809335954589841
106.993533,101.202385,5.791148051269531
106.346596,101.170586,5.1760103676757865
107.74,101.07945,6.660547485351557
107.93,101.113174,6.816825561523444
107.0,101.4594,5.5406036376953125
106.95,101.64477,5.305232238769534
107.28,101.698814,5.581185607910157
111.83,101.93644,9.893560485839842
