Actual,Predicted,Error
3.5526629999999995,3.5440588,0.008604200256347116
3.5879179999999997,3.5072305,0.08068747975158663
3.541815,3.490016,0.05179901641845719
3.5133400000000004,3.4966135,0.016726497497558945
3.5160509999999996,3.5028524,0.0131985601196285
3.3845219999999996,3.49951,-0.1149880498199467
3.210956,3.4788656,-0.2679096234741212
3.350622,3.4227898,-0.0721678120880127
3.3601139999999994,3.3727155,-0.012601473175049449
3.391301,3.3291986,0.06210240113830556
3.3384180000000003,3.2903385,0.04807948376464877
3.37503,3.2835224,0.0915076325225832
3.3194349999999995,3.321166,-0.0017310385131841244
3.257873,3.3203547,-0.06248170008850096
3.308972,3.3079221,0.001049875137328904
3.4581240000000006,3.2864156,0.1717084230651862
3.5451299999999994,3.2918408,0.25328920829772894
3.546511,3.308024,0.23848707040405293
3.5837990000000004,3.351932,0.23186695120239298
3.6017519999999994,3.422301,0.1794509459991449
3.634897,3.4874303,0.14746666590881352
3.6155630000000003,3.5229843,0.09257873371887237
3.654232,3.5396597,0.11457226145935051
3.567226,3.5604835,0.0067425443420408016
3.709473,3.5666707,0.1428023437957764
3.70533,3.5774682,0.12786184318542482
3.674947,3.5867202,0.08822677180480953
3.727427,3.6021626,0.1252644004364014
3.774382,3.613843,0.16053903582763684
3.756429,3.653985,0.10244397650146464
3.734332,3.6630437,0.07128826258850118
3.77162,3.6729732,0.09864684402465818
3.799241,3.6927898,0.1064512069854735
3.719141,3.7040153,0.015125745025634796
3.6859960000000003,3.6993272,-0.013331230453490939
3.728808,3.6921923,0.03661568394470205
3.735713,3.6892898,0.04642319172668463
3.6404210000000004,3.677793,-0.03737202597045863
3.714997,3.6517742,0.06322283198547352
3.727427,3.6466317,0.08079528231811528
3.6362780000000003,3.6519425,-0.015664491531371727
3.6680420000000002,3.6403058,0.02773624247741724
3.760572,3.6254237,0.13514833018493633
3.673566,3.6411302,0.0324357910308839
3.7426180000000002,3.6364233,0.10619465061950706
3.6859960000000003,3.6337028,0.05229324502563504
3.658375,3.650815,0.007559989929199151
3.6155630000000003,3.655226,-0.039662992202758485
3.5216519999999996,3.6298094,-0.10815737957763716
3.5119850000000006,3.6111314,-0.09914642967224063
3.484364,3.5652206,-0.08085659440612813
3.4816020000000005,3.5241163,-0.04251427769470162
3.6003710000000004,3.484526,0.11584508103942914
3.643183,3.4644897,0.17869330158996588
3.795098,3.4789603,0.31613772434997545
3.8834840000000006,3.5186675,0.36481654051208556
3.843434,3.589026,0.25440802572631815
3.87796,3.670997,0.2069630956268309
3.8669120000000006,3.7325265,0.13438545924377499
3.9829189999999994,3.786085,0.19683410963439885
3.91801,3.8144171,0.10359287620544455
4.002254,3.8235755,0.17867850332641577
3.8834840000000006,3.8510387,0.032445305618286735
3.847577,3.8645437,-0.01696667637634297
3.8586259999999997,3.8719113,-0.01328528730773959
3.9262969999999995,3.8461654,0.08013158137512155
3.927678,3.8391886,0.08848942425537087
3.908343,3.8158739,0.09246913868713369
4.016064,3.8225267,0.19353730665588387
3.988443,3.8483932,0.14004979817199725
3.9843,3.8760326,0.10826740913391131
3.9193909999999996,3.8895874,0.029803597656249625
4.000873,3.8975387,0.10333433804321324
3.9373450000000005,3.913036,0.024308891983032765
4.007778,3.899183,0.10859496510314948
3.9870619999999994,3.8963525,0.0907094704742426
4.005016,3.8961475,0.10886851045227086
3.860007,3.9139147,-0.053907680480957065
3.855864,3.9000413,-0.04417734178161625
3.8006219999999997,3.8915522,-0.09093020985412625
3.819956,3.8542907,-0.03433472380065927
3.895914,3.8163967,0.07951728674316394
3.9290590000000005,3.7793076,0.14975139616394095
3.9663469999999994,3.78513,0.18121697604370057
3.9649660000000004,3.801476,0.16348999826049848
4.011921,3.8369954,0.17492563676452644
4.108594,3.8750958,0.23349815573120125
4.07683,3.9083896,0.16844043167114275
4.10307,3.9397871,0.16328285057067848
4.067163,3.96802,0.09914303768920885
4.115499,3.9960794,0.11941955511474589
4.134834,4.0159345,0.11889953268432585
4.129309,4.0166974,0.11261159323120129
4.051971,4.0273733,0.024597686096191396
4.03678,4.025926,0.010853886871338148
4.042304,4.0266943,0.015609702209472331
4.150025,4.0118275,0.13819753112792998
4.195599,4.0003467,0.19525233938598596
4.241174,4.00147,0.23970391104125977
4.173503,4.0335016,0.14000137493896503
4.166597,4.0705657,0.09603129946899447
4.145882,4.1046515,0.041230548889160445
4.184551,4.108876,0.07567477166748038
4.141739,4.1027927,0.03894626013183622
4.272938,4.083029,0.18990920666503897
4.242555,4.0899987,0.15255627792358428
4.217696,4.1037126,0.11398344125366222
4.357181,4.12308,0.23410122323608373
4.426233,4.14609,0.28014296932983385
4.339227,4.194262,0.14496497225952165
4.433138,4.213436,0.2197018732910152
4.428995,4.2488537,0.18014131652831988
4.561575,4.2946506,0.26692444534301796
4.600244,4.3220806,0.2781633878173828
4.695536,4.3474207,0.34811530755615205
4.667915,4.4111767,0.2567383184814451
4.707827,4.461467,0.24636021075439452
4.698028,4.5203733,0.17765465557861315
4.677029,4.551093,0.12593589849853526
4.54824,4.571789,-0.023548787841797036
4.654631,4.5571404,0.09749064965820331
4.766622,4.549101,0.21752112414550773
4.772222,4.542993,0.22922893130493183
4.804419,4.548963,0.25545593008422873
4.899612,4.569986,0.32962613345336944
4.983605,4.6355524,0.3480525936889647
4.765222,4.692502,0.07271997821044884
4.768022,4.713875,0.054147183105468955
4.825418,4.725577,0.09984112240600584
4.842216,4.728018,0.1141981929931637
4.892612,4.7092266,0.18338539172363255
4.899612,4.677979,0.2216330075378421
4.975206,4.70381,0.2713957850036621
5.115195,4.7393374,0.37585755569458
5.013003,4.7809653,0.23203767178344759
4.731625,4.822491,-0.09086616897582989
4.811419,4.82766,-0.016241083770752063
4.843616,4.818756,0.02485989648437492
4.849216,4.7865577,0.06265832559204121
4.882813,4.7208395,0.16197349957275353
4.769422,4.6839523,0.08546966845703086
4.763823,4.7059565,0.057866540954590207
4.79462,4.702982,0.09163805114746104
4.79742,4.6907177,0.10670230285644511
4.905211,4.676783,0.22842791513061567
4.969606,4.665711,0.30389507394409154
4.969606,4.695123,0.2744828043518064
4.938809,4.735191,0.20361813162231446
5.031201,4.7705965,0.2606044957885745
5.021402,4.813801,0.20760118823242202
5.041001,4.8362517,0.20474926431274376
5.155792,4.8482704,0.3075215837402343
5.067599,4.8736076,0.19399136450195353
5.004604,4.906856,0.09774793997192344
5.032601,4.9125404,0.12006056420898403
5.021402,4.917709,0.10369312625122085
4.916411,4.915033,0.0013781363830567273
4.899612,4.874731,0.024880936157226863
4.881413,4.84602,0.035392778289795146
4.863215,4.824341,0.03887417968750029
4.874414,4.7899976,0.08441642233276347
4.731625,4.7562137,-0.02458866500854473
4.850616,4.733127,0.11748888284301717
4.759623,4.7152123,0.044410654876709366
4.618234,4.6949873,-0.0767532970581053
4.616834,4.661844,-0.04500977670288098
4.567838,4.614221,-0.046383096038818294
4.448848,4.5875387,-0.13869071917724618
4.430649,4.514675,-0.08402614038085954
4.441848,4.450165,-0.00831679492187476
4.391452,4.4121056,-0.020653560302734242
4.399851,4.366508,0.03334299295043941
4.29486,4.32915,-0.03429019989013682
4.28786,4.3085337,-0.02067366851806618
4.251463,4.2835784,-0.032115395843505645
4.258463,4.2472186,0.011244391143798715
4.310259,4.2181706,0.09208835714721708
4.366254,4.1900477,0.17620625906372034
4.283661,4.195099,0.08856212304687539
4.321458,4.2002525,0.12120546704101542
4.04288,4.215673,-0.17279296981811498
4.045679,4.203755,-0.15807590188598653
4.061078,4.160582,-0.0995040655822752
4.234665,4.09342,0.14124497131347624
4.229625,4.0570235,0.1726014747619633
4.205816,4.022411,0.18340513040161177
4.057359,4.059978,-0.002619008270263734
4.144192,4.0851393,0.05905272540283235
4.06156,4.1042147,-0.04265466827392572
4.153996,4.0728393,0.08115673989868188
4.155396,4.0459323,0.10946370706176722
4.21562,4.0287237,0.18689628326416052
4.380883,4.055457,0.32542588482666
4.355673,4.0830045,0.27266852536010777
4.266039,4.1425695,0.12346945806884779
4.1645,4.17884,-0.014340160369872734
4.195369,4.202076,-0.006706958251952777
4.198175,4.2031245,-0.004949523162841807
4.122406,4.16047,-0.038064008850097864
4.143453,4.115337,0.02811610501098638
4.365148,4.0885124,0.2766355793457027
4.359535,4.1049786,0.254556438598633
4.370761,4.1281314,0.24262961038207997
4.35252,4.161422,0.19109822418212907
4.275347,4.2167993,0.05854774081420899
4.264122,4.2601953,0.003926744720459396
4.21361,4.2440658,-0.030455761566162032
4.207997,4.2198796,-0.011882627227783438
4.215013,4.1865616,0.02845141552734365
4.172919,4.1548285,0.018090451568603783
4.133631,4.1364417,-0.002810707611083707
4.192563,4.1140056,0.07855743435668927
4.243075,4.104622,0.1384531127929689
4.217819,4.1026783,0.11514070104980512
4.229044,4.1017213,0.12732271322631838
4.158887,4.113563,0.045323939239501954
4.188353,4.129291,0.05906194241333029
4.084521,4.129089,-0.04456787863159217
4.272541,4.10607,0.16647095834350623
4.405839,4.0992937,0.30654529119873075
4.411451,4.111018,0.3004328191528316
4.346907,4.1554613,0.19144568865966782
4.383389,4.1970844,0.1863045731201174
4.287976,4.2666287,0.021347257781981988
4.353923,4.2830777,0.07084528317260741
4.422676,4.267727,0.15494910180664068
4.41987,4.258202,0.16166792404174846
4.358132,4.26939,0.08874189379882846
4.360939,4.2701025,0.09083649908447278
4.367954,4.2912593,0.07669471121215832
4.341295,4.2951736,0.04612135498046843
4.355326,4.279469,0.07585698678588848
4.313232,4.2639375,0.049294526702881036
4.346907,4.259025,0.08788190310668931
4.297798,4.2537427,0.0440553051452639
4.297798,4.242797,0.055001102111816635
4.168709,4.235391,-0.06668213998413108
4.25851,4.210881,0.04762876678466821
4.244479,4.194875,0.04960423651123058
4.261316,4.1696258,0.09169024087524402
4.244479,4.157684,0.08679515066528332
4.243075,4.1460896,0.09698544616699234
4.178531,4.1648126,0.013718435150146924
4.230447,4.1555805,0.07486647937011703
4.345504,4.149719,0.19578476171875003
4.230447,4.1512036,0.07924336764526352
4.244479,4.1546884,0.08979064169311535
4.376373,4.157951,0.21842212185668952
4.41987,4.1876636,0.23220644485473674
4.318845,4.2167892,0.10205575439453085
4.390404,4.2178206,0.17258335562133809
4.365148,4.2510076,0.11414044308471638
4.415661,4.28058,0.13508095620727545
4.398823,4.2830057,0.11581728558349624
4.386195,4.2770195,0.10917549926757797
4.359535,4.294693,0.06484200683593766
4.332876,4.292351,0.04052523095703098
4.30762,4.290969,0.01665110504150391
4.257107,4.2718315,-0.014724512451171456
4.41987,4.248294,0.1715761233520512
4.383389,4.237575,0.14581394583129903
4.372164,4.237964,0.1341998467102048
4.408645,4.2471538,0.16149124099731438
4.381986,4.2668552,0.11513076013183632
4.510934,4.2980514,0.21288264273071267
4.629829,4.3021197,0.3277092680969238
4.622751,4.334365,0.28838610894775396
4.649644,4.3821177,0.2675262517395023
4.632659,4.4314356,0.20122341497802765
4.788355,4.490374,0.2979809117126466
4.60152,4.533897,0.06762307693481429
4.622751,4.542622,0.08012891061401373
4.642567,4.5489826,0.09358437976074185
4.605766,4.5474854,0.05828064843750003
4.744477,4.545376,0.19910117602539046
4.755801,4.5174103,0.23839072167968745
4.792601,4.542709,0.24989212625122104
4.830818,4.572645,0.25817281262207015
4.795432,4.6074715,0.1879605339355468
4.853464,4.652872,0.20059191442871072
4.714754,4.671404,0.0433501151123048
4.726077,4.6779556,0.04812137255859383
4.781278,4.6695547,0.11172328961181677
4.826571,4.6530457,0.1735253457031254
4.82091,4.6503105,0.1705994836425777
4.794017,4.638503,0.1555139253540041
4.789771,4.659613,0.13015786752319336
4.799679,4.6769676,0.12271137915039088
4.792601,4.680986,0.11161507241821322
4.741646,4.6736054,0.06804055795288111
4.680784,4.6625605,0.0182235370483399
4.628413,4.648617,-0.020203790771484265
4.632659,4.6243086,0.008350413879394836
4.628413,4.590543,0.03787020672607433
4.607182,4.5542326,0.05294940264892567
4.82091,4.526195,0.2947149507141109
4.898758,4.5303845,0.3683734594421386
5.030392,4.567566,0.46282608203125
5.0587,4.630148,0.42855206604003904
5.034638,4.7133937,0.32124431179809587
5.050207,4.8098764,0.24033055804443393
5.103993,4.861058,0.24293476483154297
5.103993,4.9004235,0.203569473236084
5.072854,4.9131947,0.1596593436279301
5.023314,4.9191775,0.10413646780395514
5.147871,4.9254594,0.22241161508178742
5.272428,4.935118,0.3373098016052243
5.180426,4.9490914,0.23133456552124
5.278089,4.96716,0.3109287750854488
5.286582,5.003213,0.28336907122802746
5.231381,5.0574203,0.17396074624633773
5.848502,5.081377,0.7671249705810546
5.890965,5.130824,0.7601409109497066
5.89238,5.2439194,0.6484606274414064
5.937674,5.362721,0.574953033660889
5.888134,5.498687,0.3894472095336914
5.872565,5.6494646,0.22310039276123028
5.947582,5.6591926,0.2883894378967282
5.974475,5.663945,0.31052980194091795
5.87398,5.6740313,0.1999487423706059
5.944751,5.6694226,0.2753283735046388
5.929181,5.678437,0.2507437670288084
5.859826,5.690871,0.1689552381286621
5.965557,5.6803517,0.2852052658386235
5.916871,5.669004,0.24786703652954145
5.968421,5.679723,0.28869821405029317
6.001357,5.6788764,0.3224806000061031
6.042883,5.687602,0.3552809568481443
6.047179,5.719286,0.32789303503417955
5.999925,5.732659,0.2672661369323732
6.035724,5.7558374,0.27988655950927743
6.078683,5.7689743,0.3097086958007811
6.11305,5.7791567,0.33389331512451204
6.045747,5.7863097,0.25943728091430707
6.124505,5.7911534,0.3333515690612794
6.200399,5.811747,0.38865192587280273
6.261974,5.8341775,0.4277965059509281
6.340732,5.85924,0.4814919449157715
6.40517,5.891955,0.5132151011657715
6.393714,5.9547997,0.43891434790039074
6.336436,6.0083494,0.32808658135986324
6.399442,6.0443187,0.3551233240051266
6.386555,6.0700426,0.3165123898315434
6.429513,6.0790677,0.35044529293823246
6.566982,6.0781384,0.48884364855957063
6.592757,6.094708,0.4980490341491697
6.578438,6.1364284,0.44200964382934593
6.515431,6.171298,0.3441329729614262
6.486792,6.2070804,0.2797116357727054
6.488224,6.227996,0.2602281275024412
6.503975,6.2146144,0.2893606086730953
6.502544,6.1943536,0.3081904195251468
6.615669,6.177053,0.43861602529907184
6.531183,6.1835446,0.3476383642272953
6.515431,6.1963563,0.3190747034606938
6.614237,6.2070484,0.40718858386230483
6.582733,6.220786,0.3619469053344728
6.55123,6.2364163,0.31481366012573275
6.618533000000001,6.226042,0.3924912061767589
6.618533000000001,6.238619,0.3799141492919933
6.415194,6.2573767,0.15781732916259728
6.534047,6.2392488,0.294798247406006
6.271998,6.2268515,0.04514653668212887
6.343596,6.1982346,0.14536144189453104
6.233335,6.1451735,0.08816145034790068
6.336436,6.077368,0.2590682174072265
6.393714,6.053781,0.33993296743774426
6.386555,6.010785,0.37576989715576214
6.459585,6.0305614,0.429023552856445
6.585884,6.044473,0.5414108287658692
6.494973999999999,6.099563,0.39541087820434484
6.520948,6.135297,0.38565117840576146
6.500746000000001,6.1619115,0.33883451242065554
6.360775,6.189454,0.17132092132568388
6.29151,6.187703,0.10380686737060518
6.311712,6.142977,0.16873476229858397
6.096704,6.1093144,-0.012610441680908302
6.165969,6.0464425,0.11952649130248982
6.150096,5.9787235,0.171372473999023
6.137109,5.9355936,0.2015153949584958
6.072173,5.9037223,0.16845071377563503
6.038984,5.8604074,0.17857664755249036
5.900455,5.857178,0.0432767887878418
5.942303,5.821261,0.12104207089233388
5.920658,5.780701,0.13995683956909222
5.976935,5.736672,0.24026307540893566
5.923544,5.709019,0.21452481588745087
5.886025,5.686824,0.1992011550903321
5.731624,5.691012,0.040612094329834036
5.750383,5.668738,0.0816451116638186
5.803774,5.6405587,0.16321528036499
5.809546,5.5978527,0.2116932930908204
5.799445,5.5680485,0.23139652282714884
5.906227,5.547895,0.35833204531860385
5.816761,5.5728064,0.24395464166259728
5.756155,5.59248,0.1636748173522946
5.531046,5.593438,-0.06239214849853525
5.630613,5.567824,0.06278911312866242
5.584437,5.534747,0.0496898762817386
5.572893,5.468267,0.10462603604125942
5.62917,5.4165606,0.21260935012817406
5.572893,5.381662,0.1912311080627438
5.675346,5.3954186,0.2799273560485842
5.639271,5.393984,0.2452871590576171
5.584437,5.405243,0.17919408007812532
5.525274,5.4153566,0.1099173639526363
5.520945,5.404345,0.1165999644470217
5.855722,5.399248,0.4564738768310548
5.757598,5.396469,0.36112888378906227
5.754712,5.413013,0.3416990185852047
5.897569,5.4493136,0.4482553594055174
5.839849,5.514766,0.3250827837219239
5.910557,5.584766,0.3257910888977049
5.880253,5.587471,0.2927819916992185
5.981264,5.614829,0.366434936584473
6.030326,5.6523213,0.3780046613464352
6.096704,5.6685514,0.4281525549926757
6.144324,5.710666,0.4336578203430177
6.163083,5.749531,0.4135522077636722
6.127008,5.804275,0.3227329641418457
6.093818,5.8383503,0.2554677039794919
6.040427,5.858617,0.18181017108154318
5.997137,5.8566155,0.14052145663452187
5.887468,5.834799,0.05266918713378921
5.92643,5.7932177,0.13321234100341783
5.910557,5.752752,0.1578051727600096
5.922101,5.714714,0.20738694970703087
5.730181,5.687427,0.04275395608520505
5.584437,5.653164,-0.06872690991210906
5.418491,5.6185875,-0.20009649389648398
5.464667,5.543026,-0.07835897045898399
5.359328,5.453528,-0.09419992739868199
5.295836,5.342931,-0.0470947937622066
5.375201,5.2601943,0.11500669839477506
5.271304,5.208893,0.06241117773437477
5.248216,5.186349,0.06186708489990256
5.15875,5.145662,0.013088169097900781
5.112574,5.1163425,-0.0037685445556636665
5.111131,5.088502,0.022629069763183907
5.238115,5.0341187,0.20399634765624963
5.219356,5.0107465,0.2086095209655765
5.11546,4.9977584,0.11770161148071256
4.997133,4.9999824,-0.0028493570251466593
4.819643,4.997279,-0.17763616717529285
4.979817,4.9665756,0.013241377441405966
4.953843,4.9015136,0.05232942349243164
5.020221,4.837777,0.1824438622436526
5.194825,4.804641,0.3901842300415037
5.287178,4.820928,0.4662499032287597
5.317481,4.9016967,0.41578431802368154
5.343455,4.9632387,0.38021628387451134
5.197711,5.043452,0.1542592139587402
5.15875,5.101199,0.05755084991455117
5.180395,5.1080103,0.0723847079467772
5.176066,5.0874033,0.0886627025756832
5.266975,5.055934,0.21104104766845744
5.207812,5.0256004,0.1822115666503903
5.279962,5.029539,0.2504228917236331
5.241001,5.049069,0.19193207223510722
5.35067,5.064346,0.28632416336059574
5.242444,5.0902743,0.15216966604614246
5.27419,5.092411,0.1817789587402343
5.163079,5.1081576,0.05492136526489233
5.150092,5.0969653,0.05312668704223622
5.29295,5.0857058,0.20724424285888698
5.346341,5.0565543,0.28978668252563455
5.210698,5.0636063,0.14709173779296858
5.241001,5.059946,0.18105493981933574
5.241001,5.081129,0.1598719259033201
5.180395,5.1034007,0.07699429275512681
5.200597,5.0859165,0.11468048083496107
5.411276,5.0538697,0.35740627572631833
5.520945,5.0709033,0.45004169876098654
5.525274,5.104302,0.4209720705261226
5.402618,5.1546054,0.24801261135864294
5.366543,5.217666,0.14887685086059577
5.346341,5.2686124,0.07772861520385721
5.447351,5.262742,0.18460895745849637
5.411276,5.235257,0.1760188512573242
5.349227,5.207704,0.14152293276977534
5.378087,5.2039123,0.17417474185180648
5.346341,5.207506,0.13883482019042948
5.360771,5.211813,0.1489580269775388
5.271304,5.1918783,0.07942568121337867
5.165965,5.1719728,-0.0060077516174317225
5.014449,5.1509056,-0.13645660913085944
4.899009,5.098749,-0.19974016076660117
4.910553,5.026608,-0.11605499026489241
5.072169,4.9346266,0.13754242071533174
4.888908,4.8693304,0.019577593811034966
4.900452,4.8193183,0.0811337054748531
4.935084,4.799925,0.13515914953613262
5.054853,4.8069696,0.24788335736083944
5.007234,4.821808,0.1854261386718754
4.99569,4.8035707,0.19211925262451146
4.949514,4.829799,0.11971482473754858
5.070726,4.849197,0.22152908914184533
5.137105,4.8676095,0.26949549911499027
5.243887,4.8698707,0.374016337310791
5.354999,4.901551,0.4534482301940921
5.37953,4.958549,0.4209809773254394
5.346341,5.0425844,0.3037565807495115
5.353556,5.1048737,0.2486823427734377
5.388621,5.154522,0.2340990578613278
5.424981,5.1830597,0.24192130761718733
5.672233,5.1914577,0.48077525158691437
5.696958,5.220353,0.4766048734741215
5.744953,5.2776303,0.4673226708679197
5.667869,5.3507895,0.31707945303344687
5.680959,5.4189906,0.26196838796997035
5.586422,5.4790545,0.10736754901123025
5.689686,5.473622,0.2160641547546387
5.618419,5.4647465,0.1536725247802737
5.6286,5.441144,0.18745601043701132
5.59224,5.433594,0.15864577316284212
5.616965,5.4192243,0.1977407377624516
5.568969,5.4254994,0.1434695607604981
5.6286,5.403979,0.2246211753845211
5.563151,5.4010673,0.16208374307251017
5.47734,5.392167,0.08517290863037097
5.504974,5.3812075,0.12376653387451153
5.606784,5.359756,0.24702800711059592
5.686777,5.355213,0.33156383471679707
5.711502,5.349757,0.36174480548095733
5.630054,5.371094,0.25895977316284213
5.646053,5.41216,0.23389308026123068
5.772587,5.4465466,0.32604044543457
5.756589,5.4677124,0.28887659765624996
5.759498,5.476566,0.28293216213989236
5.838036,5.4843855,0.3536505095825193
5.619873,5.5200024,0.09987063488769543
5.627146,5.5382504,0.08889555368041968
5.676596,5.5179152,0.15868075112915037
5.686777,5.4984517,0.18832529025268574
5.627146,5.478216,0.14892982873535132
5.560242,5.4365587,0.12368327655029265
5.403165,5.4359555,-0.03279052444457964
5.424981,5.4133067,0.011674286895751784
5.395893,5.3669434,0.02894964062500005
5.235907,5.308276,-0.07236917645263663
5.344988,5.243683,0.10130513867187485
5.347897,5.1917925,0.15610451190185515
5.344988,5.1756406,0.16934741696166977
5.250451,5.155322,0.09512892510986326
5.366805,5.1346216,0.2321833798217776
5.301356,5.155391,0.145964783721924
5.432253,5.1487784,0.283474561431885
5.468614,5.151874,0.3167399346008297
5.577695,5.1668067,0.4108883021545413
5.519519,5.220417,0.2991019772949217
5.519519,5.253537,0.26598182196044906
5.388621,5.3040466,0.08457436914062466
5.497702,5.3131967,0.18450534091186555
5.446798,5.3145976,0.1322003933410647
5.599512,5.2877426,0.3117693852539061
5.475886,5.286186,0.18969978173828128
5.497702,5.2830706,0.21463143572998078
5.323172,5.309711,0.013461020538329649
5.308628,5.29516,0.013468183258056321
5.155914,5.2784495,-0.12253553536987294
5.228635,5.2043686,0.02426640869140595
5.206819,5.150303,0.05651611303710968
5.27954,5.085886,0.19365399841308584
5.286812,5.0661297,0.2206823155517581
5.206819,5.0550103,0.1518086812438968
5.148642,5.075332,0.07330983523559542
5.03956,5.070243,-0.030682881774902526
5.119553,5.0534925,0.06606045391845683
5.134098,5.015649,0.11844915814208967
5.264995,4.9761004,0.2888945552062987
5.17773,4.9684815,0.20924845932006875
5.17773,4.976928,0.2008017658996586
5.192274,5.0112634,0.18101062948608426
5.199546,5.0277405,0.17180552148437478
5.206819,5.0412316,0.1655873677673343
5.359533,5.025884,0.33364884854125965
5.359533,5.045588,0.3139449834899901
5.344988,5.075972,0.26901591976928696
5.294084,5.1085706,0.18551342428588846
5.192274,5.1374702,0.05480375463867215
5.075921,5.152382,-0.07646089697265612
5.272267,5.112503,0.15976394824218776
5.272267,5.0769067,0.19536031893920924
5.148642,5.049863,0.09877913836669894
5.308628,5.028631,0.27999678967285124
5.264995,5.0409684,0.22402658187866198
5.286812,5.0824122,0.204399757110596
5.270689,5.081986,0.18870304953002925
5.211717,5.0826044,0.12911259173584
5.219088,5.106074,0.1130141436462404
5.285433,5.0891385,0.1962944921569827
5.292804,5.08587,0.20693421087646513
5.160115,5.08152,0.07859491943359398
4.953711,5.0720854,-0.11837438055419902
4.90211,5.050572,-0.14846191848754842
4.924224,5.003637,-0.07941283700561552
4.813651,4.927734,-0.11408289816284167
4.835765,4.833393,0.002371903076172188
4.821022,4.762732,0.0582899710388185
4.592503,4.735387,-0.14288384844970725
4.703077,4.6965346,0.006542366363525787
4.725191,4.6464186,0.07877242852783173
4.924224,4.6211805,0.30304346563720674
5.012684,4.610148,0.4025360469665529
4.938968,4.626476,0.31249218899536135
5.064285,4.705366,0.35891886535644524
4.953711,4.773502,0.18020912698364278
5.034798,4.834555,0.2002428509216312
5.093771,4.853703,0.24006797799682644
4.953711,4.8607554,0.09295555642700215
4.968454,4.8777833,0.09067070150756873
5.138001,4.8616023,0.27639869363403324
5.167487,4.883139,0.28434786654663124
5.18223,4.897675,0.28455496261596647
5.174859,4.9089026,0.26595635488891567
5.219088,4.958107,0.2609810053710939
5.329662,5.009651,0.32001081591796865
5.307547,5.035239,0.2723077803344722
5.219088,5.0612164,0.15787164562988298
5.292804,5.0801435,0.21266054830932646
5.329662,5.1033945,0.2262674916381835
5.344405,5.120955,0.22345000961303718
5.270689,5.117989,0.1526999367370605
5.196973,5.117205,0.07976785702514633
5.152744,5.127089,0.025654976409912322
5.211717,5.108528,0.1031888627929689
5.123257,5.0790544,0.04420264437866184
5.108514,5.037966,0.07054822546386763
5.204345,5.0076995,0.19664551040649414
5.248575,4.999323,0.2492521087646482
5.241203,5.009171,0.2320319909362789
5.278061,5.011067,0.2669940863952638
5.270689,5.0402484,0.23044060598754879
5.278061,5.0758147,0.20224627603149425
5.314919,5.0912247,0.22369432958984348
5.292804,5.1007824,0.1920216055908206
5.491837,5.1128364,0.3790006390686038
5.499209,5.1346755,0.36453349722289996
5.462351,5.171897,0.2904540654907226
5.528695,5.21294,0.3157547839355468
5.587668,5.2538104,0.3338575942687987
5.571438,5.309008,0.26242987850952115
5.564009,5.3233633,0.24064569586181683
5.601152,5.338172,0.26298004107666006
5.616009,5.365211,0.250797990020752
5.638295,5.380591,0.25770408432006864
5.675438,5.386894,0.288543773925781
5.794295,5.403081,0.39121405975341794
5.77201,5.4354453,0.33656469131469713
5.72001,5.467305,0.25270481658935573
5.742295,5.495819,0.24647590820312537
5.77201,5.5198736,0.25213638092041
5.794295,5.53759,0.2567049731445312
5.868581,5.532083,0.33649796548461897
5.838867,5.5410686,0.29779844607543904
5.801724,5.5656743,0.2360496950378419
5.697724,5.58393,0.11379398443603517
5.72001,5.5844836,0.1355263764953616
5.675438,5.5734878,0.10195024136352515
5.385723,5.5377827,-0.15205966906738322
5.311437,5.4784327,-0.16699565533447291
5.378295,5.399808,-0.021512929992676177
5.437723,5.3321953,0.10552771801757821
5.504581,5.2588573,0.2457237497863769
5.408009,5.2048483,0.20316071051025375
5.452581,5.216328,0.23625285592651402
5.489723,5.247082,0.2426407665710446
5.564009,5.266511,0.297498036560059
5.526866,5.281602,0.24526409417724615
5.556581,5.2850733,0.2715077196655278
5.482295,5.3150826,0.16721244995117157
5.497152,5.3305464,0.16660562091064435
5.526866,5.3349223,0.1919436863098145
5.430295,5.323294,0.10700083724975595
5.504581,5.3125124,0.19206860223388666
5.571438,5.296494,0.27494399288940397
5.497152,5.304789,0.19236293368530255
5.281723,5.3086123,-0.026889346649169532
5.326295,5.285544,0.04075108139038086
5.34858,5.2730613,0.07551872451782238
5.229723,5.237882,-0.008159137298584085
5.266866,5.1746697,0.09219625741577175
5.29658,5.1245413,0.17203871734619103
5.214866,5.1244297,0.09043629724121072
5.222484,5.1076946,0.1147893741455075
5.333917,5.082575,0.251342155639648
5.445349,5.092631,0.35271813681030295
5.385919,5.1102204,0.2756985677185062
5.304201,5.1275644,0.17663656976318354
5.304201,5.1598024,0.14439856317138666
5.267057,5.185492,0.08156496127319368
5.200197,5.178066,0.02213122317504901
5.155624,5.134413,0.02121123449707074
5.267057,5.093743,0.17331415255737337
5.274486,5.0751214,0.19936459725952105
5.296772,5.060827,0.23594522158813458
5.229913,5.061042,0.16887116802978497
5.200197,5.074682,0.12551476428222674
5.222484,5.0932274,0.1292566135253903
5.267057,5.083867,0.1831899269409183
5.215055,5.075591,0.13946391265869185
5.229913,5.060339,0.16957402600097637
5.333917,5.0606384,0.2732785722656246
5.304201,5.0770407,0.22716032769775385
5.341345,5.0922303,0.24911468002319292
5.333917,5.1031723,0.23074469775390583
5.31163,5.129,0.18262981307983406
5.289344,5.150448,0.13889615454101545
5.222484,5.1449513,0.07753265646362273
5.215055,5.137821,0.07723380249023482
5.215055,5.1155515,0.09950352828979536
5.215055,5.0908966,0.12415839355468794
5.333917,5.0693316,0.2645853540344234
5.296772,5.06307,0.23370217959594708
5.475065,5.0766397,0.3984253477478026
5.593927,5.11076,0.4831667880554198
5.556782,5.168411,0.3883712219543458
5.497351,5.2380195,0.2593315335998536
5.579069,5.2816586,0.29741035055541953
5.400776,5.339246,0.061530203796386296
5.50478,5.3429437,0.1618363316345217
5.485285,5.3192663,0.16601868072509784
5.447817,5.302849,0.14496818408203094
5.163062,5.2962136,-0.13315162686157223
5.170555,5.2434173,-0.07286226303100563
5.155568,5.2116756,-0.05610764392089873
4.998203,5.141819,-0.14361600024414045
5.065645,5.054485,0.011160155792236282
5.043165,4.9689736,0.07419136337280285
5.110607,4.9441643,0.16644272387695302
5.20053,4.9214864,0.2790436222839352
5.193036,4.914612,0.2784241835937502
5.110607,4.9522634,0.15834364474487295
5.163062,4.9717093,0.19135274859619145
5.230504,4.997738,0.23276611547851545
5.320426,5.0145454,0.3058805593261722
5.387868,5.023638,0.3642302283935548
5.410349,5.0502186,0.36013041784667976
5.350401,5.1079946,0.2424064435729978
5.297946,5.1551237,0.14282228936767538
5.425336,5.18113,0.24420606759643526
5.425336,5.1928754,0.2324606147155759
5.492778,5.1940594,0.2987186280517582
5.440323,5.200168,0.24015486721801782
5.440323,5.2223063,0.21801674847412134
5.305439,5.256628,0.048810963500976356
5.410349,5.2490463,0.16130267431640632
5.425336,5.2412243,0.18411171105957003
5.335414,5.2200665,0.11534745260620127
5.208023,5.2052307,0.002792287109374847
5.1181,5.1752563,-0.057156252288818266
5.170555,5.156611,0.013944034271240469
5.170555,5.105146,0.06540906875610375
4.975723,5.0461807,-0.07045772509765591
5.09562,4.9895487,0.10607131683349635
5.215517,4.9608073,0.25470967654418963
5.073139,4.9634132,0.10972576147460966
5.110607,4.94973,0.16087708056640615
5.178049,4.936888,0.2411607820739743
5.140581,4.9748487,0.1657322527465821
5.080633,4.9852657,0.0953672681884763
5.155568,4.9630995,0.19246852032470674
5.073139,4.976716,0.09642295843505888
5.088126,4.976069,0.11205702645874016
4.923268,4.9574313,-0.03416331637573222
4.908281,4.931158,-0.022877065795898766
4.720942,4.9055066,-0.18456461087036136
4.810864,4.83689,-0.02602622064209026
4.915774,4.7784777,0.13729633123779283
5.110607,4.7225213,0.3880856949157714
5.133087,4.729413,0.40367396746826145
5.073139,4.760658,0.31248121267700224
5.020684,4.8429837,0.17770027731323257
4.863319,4.9015565,-0.038237491851806915
5.005697,4.9168935,0.08880351779174767
5.043165,4.886066,0.1570990400695802
4.848332,4.854428,-0.006095814483642492
4.735929,4.823689,-0.08775998391723672
4.983216,4.7857513,0.19746465722656215
4.863319,4.7925,0.0708189809265134
4.735929,4.762505,-0.026576054473877342
4.698461,4.7112207,-0.012759741271972658
4.556083,4.693001,-0.13691779345703115
4.78089,4.678252,0.10263777984619171
4.6535,4.6115046,0.041995445251465036
4.79273,4.5682006,0.22452941177368135
4.891471,4.5654483,0.3260227158508302
4.95983,4.588798,0.37103195388793964
5.073762,4.662921,0.4108410481567386
4.899066,4.7064385,0.19262745858764685
4.975021,4.7773123,0.19770872125244132
4.975021,4.8180976,0.15692340859985343
4.815516,4.8363194,-0.020803446563721018
4.87628,4.8240438,0.05223624923706094
4.853494,4.7809114,0.07258255438232464
4.769944,4.773686,-0.0037419321594240884
4.883875,4.7385683,0.14530669403076146
4.739562,4.7077312,0.03183075305175809
4.640821,4.704561,-0.06374023352050795
4.663607,4.671362,-0.007754923217773602
4.724371,4.634595,0.08977608270263637
4.883875,4.617344,0.2665310974121091
4.838303,4.5901713,0.24813166287231425
5.12693,4.606075,0.5208551899719236
5.035785,4.6771827,0.35860232559204075
4.997807,4.755934,0.2418732384033202
5.035785,4.8233995,0.2123854562377927
4.975021,4.85706,0.11796104440307609
4.731966,4.8960824,-0.16411640127563487
4.633226,4.842243,-0.2090171945800785
4.663607,4.7820044,-0.11839735638427751
4.595248,4.7145824,-0.11933444323730491
4.656012,4.6234303,0.03258174792480428
4.549676,4.5448565,0.0048194516906736595
4.587653,4.514507,0.07314618313598675
4.580057,4.5048876,0.07516941912841801
4.54208,4.4862757,0.05580432708740268
4.450935,4.479237,-0.02830207962036102
4.367385,4.446787,-0.07940188049316443
4.314217,4.4236474,-0.10943040371704083
4.435744,4.3758035,0.05994052938842742
4.557271,4.3312473,0.226023670288086
4.564867,4.3104453,0.25442169131469683
4.618035,4.324034,0.2940007859802245
4.610439,4.370863,0.2395760391845707
4.62563,4.436936,0.18869409835815443
4.587653,4.478424,0.10922892773437543
4.678798,4.489765,0.18903283276367144
4.701585,4.5059805,0.1956045083618161
4.724371,4.516639,0.2077317673645016
4.550883,4.5360246,0.014858429534911899
4.466749,4.540261,-0.07351179177856437
4.635017,4.5358486,0.09916838244628945
4.711503,4.512795,0.198708028533936
4.758645,4.495238,0.2634071726989742
4.827834,4.486515,0.34131895483398456
4.858584,4.535051,0.32353313101196246
4.897023,4.615574,0.2814491169433593
4.927773,4.666818,0.2609548580627443
4.889335,4.708806,0.18052896209716796
5.020025,4.7411175,0.2789075225830082
4.989274,4.7691298,0.22014424688720702
5.058463,4.7951713,0.2632917391662595
5.181465,4.82161,0.3598550260925295
5.089214,4.858216,0.23099819113159192
5.073838,4.9065843,0.1672537371520999
5.073838,4.923962,0.14987588375854521
5.050775,4.946581,0.10419411315917948
5.235279,4.9490104,0.286268627838135
5.058463,4.9374056,0.12105741375732393
4.996962,4.942213,0.054748941528320216
5.00465,4.940773,0.06387698974609357
4.897023,4.9322653,-0.03524228167724619
5.020025,4.9140263,0.10599873962402384
4.943148,4.8549895,0.08815847134399402
5.020025,4.8331094,0.18691562118530314
4.927773,4.830352,0.09742117047119159
4.835522,4.821361,0.014160935089111426
4.950836,4.8250237,0.12581234887695292
4.897023,4.801757,0.09526614117431631
4.927773,4.7933536,0.13441944241333026
4.943148,4.768726,0.17442212796020495
4.897023,4.7687783,0.12824467587280264
4.889335,4.7878532,0.10148175903320311
4.950836,4.7774067,0.17342930749511698
5.012337,4.7830725,0.22926452838134725
4.897023,4.79004,0.1069829838256835
4.897023,4.789293,0.1077301876525878
4.958524,4.7956195,0.16290451223754854
4.861442,4.8060284,0.055413633911133076
4.869159,4.7950673,0.07409168966674784
4.75341,4.766051,-0.0126408155822757
4.737977,4.7508335,-0.01285651135253918
4.614512,4.7248106,-0.11029860028076133
4.514196,4.6664586,-0.1522626067199706
4.421597,4.6096773,-0.18808031475830056
4.48333,4.529,-0.04566980545043986
4.413881,4.467228,-0.05334693579101568
4.298132,4.3994956,-0.10136360165405289
4.305849,4.345232,-0.03938300988769505
4.352148,4.305141,0.04700702786254851
4.43703,4.285253,0.1517769520568848
4.336715,4.259111,0.07760407241821277
4.491046,4.24751,0.2435360436401366
4.614512,4.275825,0.33868697634887734
4.583645,4.322146,0.26149906112670873
4.46018,4.368152,0.09202785842895533
4.375298,4.3890862,-0.013788246490478606
4.367581,4.419633,-0.05205191168212853
4.452464,4.401665,0.050798789276123024
4.444747,4.355048,0.08969882037353472
4.568212,4.3177385,0.2504734669799804
4.660811,4.3237658,0.3370452453002928
4.77656,4.368549,0.40801112991333
4.807426,4.438023,0.3694029096374516
4.907741,4.5051413,0.4025997417602536
4.876875,4.593298,0.28357704162597663
4.900025,4.6608872,0.2391377586364749
4.830576,4.7126083,0.11796766259765601
4.822859,4.7336054,0.08925361517334007
4.846009,4.742893,0.10311578100585894
4.876875,4.727706,0.14916904449462898
4.822859,4.722273,0.10058612707519554
4.784276,4.7090163,0.07525967691040059
4.807426,4.706613,0.10081293618774456
4.846009,4.703976,0.142032845672607
4.884592,4.698255,0.18633693789672812
4.938608,4.6913176,0.2472904417114261
4.954041,4.7065873,0.24745368539428725
4.961757,4.738643,0.22311383059692425
4.915458,4.770541,0.1449168088989259
4.884592,4.791875,0.09271711444091757
4.869159,4.7992997,0.0698592830505369
4.838292,4.788898,0.049394008819580115
4.930891,4.7686296,0.16226144906616202
4.977191,4.7513027,0.22588828088378943
5.00034,4.753322,0.2470178755187984
5.146955,4.771071,0.3758840428161623
5.015773,4.8113947,0.2043783085327151
4.969474,4.8592954,0.11017863180541987
4.930891,4.879952,0.05093904611206046
4.992624,4.880983,0.11164112417602556
5.04664,4.8754644,0.17117556060791017
4.923175,4.841512,0.0816627967834469
4.861442,4.831848,0.029593855468750263
4.799709,4.822586,-0.022877059570312497
4.75341,4.808598,-0.05518804153442414
4.676244,4.766547,-0.09030320306396522
4.521913,4.6967187,-0.1748056927795414
4.514196,4.6322036,-0.11800757894897451
4.498763,4.565896,-0.06713303424072237
4.43703,4.502966,-0.06593592712402341
4.498763,4.43959,0.05917302273559599
4.566213,4.394044,0.1721690775756839
4.535203,4.3921695,0.14303352444458017
4.511945,4.3951025,0.11684249908447253
4.58947,4.4015245,0.18794545623779335
4.62048,4.4286346,0.1918453564453122
4.612728,4.4479804,0.16474759609985323
4.674748,4.455615,0.2191329563598634
4.659243,4.4788437,0.18039931103515627
4.62048,4.5111213,0.10935872695922821
4.581718,4.523298,0.05842021328735392
4.6825,4.5226693,0.15983068466186534
4.729015,4.5288033,0.20021165145874065
4.760025,4.528829,0.231195902252197
4.705757,4.541924,0.16383300021362324
4.767777,4.5654097,0.20236733966064424
4.767777,4.6030307,0.1647463183898923
4.729015,4.6198053,0.10920966400146526
4.690253,4.623801,0.06645176861572288
4.74452,4.6154757,0.12904434539794885
4.71351,4.6208396,0.09267040420532258
4.729015,4.6098814,0.1191335989379887
4.71351,4.599549,0.11396118331909211
4.760025,4.597565,0.16245982589721653
4.721262,4.608173,0.11308910647583037
4.659243,4.605153,0.05408991619873049
4.566213,4.602834,-0.036621224700927435
4.604975,4.5833306,0.02164436874389608
4.77553,4.561285,0.2142449810791014
4.829797,4.540909,0.2888881865234376
4.814292,4.545456,0.2688360673828125
4.845302,4.5748158,0.2704862498779299
4.814292,4.6343346,0.17995743579101564
4.77553,4.6854577,0.09007229354858381
4.760025,4.6924005,0.06762454452514621
4.760025,4.681888,0.0781368965148923
4.659243,4.6716657,-0.012422668487548805
4.504193,4.643128,-0.1389349182434083
4.380153,4.6000557,-0.21990269458007816
4.310381,4.539337,-0.22895615820312543
4.310381,4.457834,-0.14745276693725629
4.341391,4.361508,-0.0201168926086428
4.333638,4.284669,0.04896907757568325
4.403411,4.2434683,0.1599427153930666
4.387906,4.238653,0.14925281701660165
4.403411,4.2541165,0.1492944648132326
4.418916,4.2731004,0.1458156238708499
4.318133,4.288144,0.029988888366699662
4.279371,4.2973843,-0.01801326208496068
4.387906,4.280523,0.10738317666625985
4.318133,4.2706966,0.047436359985352006
4.209599,4.254112,-0.04451276681518568
4.093311,4.2223024,-0.12899143682861336
4.139826,4.1951294,-0.05530339453124977
4.108816,4.167482,-0.058665899261474586
4.178589,4.1060643,0.07252468038940396
4.023539,4.0643644,-0.0408254332885738
4.108816,4.0377836,0.0710323772583008
3.969272,4.038897,-0.06962503750610338
3.891747,4.0160737,-0.12432670376586907
3.9305089999999994,3.9841917,-0.053682656112671534
4.046796,3.9286191,0.11817685365295372
4.163084,3.9174588,0.2456252273406978
4.139826,3.9041967,0.23562926080322288
4.085559,3.9361188,0.1494401588287353
3.9305089999999994,3.9880683,-0.05755934220886294
3.9460140000000004,4.014561,-0.06854717630004847
4.031291,4.0015216,0.02976941262817423
3.9460140000000004,3.96133,-0.015315936981200817
3.977024,3.9212916,0.05573241026306164
3.927223,3.894618,0.03260496563720716
3.8803769999999997,3.900741,-0.020364100311279554
3.7710710000000005,3.8950822,-0.1240112353363032
3.825724,3.853296,-0.027572041488647336
3.825724,3.8262985,-0.0005744752655028051
3.93503,3.7892637,0.1457662747192381
3.9116079999999998,3.7742481,0.13735987683105444
3.817916,3.7766683,0.04124768983459459
3.7788779999999997,3.8001378,-0.021259758255005146
3.724225,3.8016691,-0.0774441207885741
3.583688,3.7909763,-0.20728828593444826
3.7008019999999995,3.7325866,-0.0317846222381597
3.8023009999999995,3.6770637,0.12523729646301218
3.67738,3.654058,0.023322020416259637
3.7320330000000004,3.6374886,0.09454439640808143
3.825724,3.6372266,0.1884974184265138
3.849147,3.6809611,0.16818586795043933
3.974068,3.7053554,0.2687125941925048
4.059952,3.7237704,0.3361816199798584
3.997491,3.792787,0.20470392495727552
4.020914,3.8554356,0.16547839018249544
4.020914,3.9003673,0.12054674002075227
4.075567,3.9411075,0.13445948847961464
3.9818759999999997,3.9571474,0.024728640151977288
3.724225,3.947805,-0.22357992782592762
3.7398399999999996,3.925077,-0.18523696151733438
3.9116079999999998,3.8771443,0.0344636632995603
3.895992,3.8328137,0.0631782602233888
3.8725699999999996,3.7799768,0.09259315521240197
3.888185,3.7531798,0.13500521141052246
3.8413389999999996,3.7916512,0.04968775106811485
3.9037999999999995,3.8224454,0.08135460739135691
3.93503,3.8146834,0.1203465626525877
3.8803769999999997,3.8161194,0.06425756755065892
3.927223,3.8220286,0.10519436306762708
3.817916,3.8274598,-0.009543812164306775
3.8023009999999995,3.8356087,-0.03330772077941946
3.8023009999999995,3.8206217,-0.01832072889709524
3.8647619999999994,3.7928138,0.07194822207641538
4.036529,3.7810187,0.2555102660217283
3.950646,3.7777238,0.172922210784912
3.950646,3.8074179,0.1432281304321288
3.888185,3.8441708,0.044014191207885744
3.7710710000000005,3.8754132,-0.1043421793975825
3.8413389999999996,3.8750517,-0.033712736831665424
3.919415,3.8285964,0.09081864646911608
3.8647619999999994,3.808223,0.056538990890502294
3.849147,3.7882495,0.0608975073547362
3.8803769999999997,3.7825882,0.09778875651550267
3.9116079999999998,3.8066711,0.10493685742187475
4.005299,3.8174253,0.18787374899291986
4.013106,3.8212838,0.19182218270873985
4.036529,3.8476737,0.1888553454437254
3.950646,3.8857577,0.06488831529235828
3.950646,3.9125605,0.038085537048339724
3.8725699999999996,3.927615,-0.055044927291870493
3.825724,3.9094906,-0.08376658532714831
3.724225,3.8776643,-0.15343932762145984
3.755456,3.8231983,-0.06774231848144519
3.7632629999999994,3.78113,-0.017867075454712555
3.8647619999999994,3.735749,0.12901299372863706
3.8023009999999995,3.7181377,0.0841632589111323
3.8101090000000006,3.7135699,0.09653912046814028
3.755456,3.734829,0.020627051025390752
3.817916,3.7434695,0.07444652330017076
3.6695720000000005,3.7517495,-0.08217751553344677
3.6071110000000006,3.7231855,-0.11607453924560485
3.583688,3.6948526,-0.1111645905609131
3.560266,3.6523032,-0.0920372188415528
3.6929950000000002,3.6129332,0.08006184112548853
3.6071110000000006,3.566099,0.041012071548462536
3.4665740000000005,3.5543451,-0.08777113092040967
3.474382,3.543617,-0.06923501011657729
3.531016,3.5283818,0.0026341755065919514
3.609658,3.51695,0.09270810795593265
3.5939289999999997,3.4814665,0.11246246824645967
3.6725709999999996,3.4729502,0.19962077989196736
3.680435,3.5099843,0.170450745162964
3.5074239999999994,3.5528622,-0.045438167358399006
3.5074239999999994,3.569663,-0.06223904779052791
3.3580039999999998,3.5573058,-0.1993018128356936
3.4051889999999996,3.5270052,-0.1218161956176762
3.3658680000000003,3.46744,-0.10157188990783661
3.232177,3.397585,-0.16540791516113273
3.287227,3.3526542,-0.06542721867370593
3.232177,3.3019335,-0.06975652699279777
3.302955,3.2792885,0.023666469650268418
3.25577,3.2471836,0.00858643867492681
3.3265469999999997,3.2232158,0.10333118159484833
3.192856,3.2376215,-0.04476554579162606
3.247906,3.2299387,0.017967254501342733
3.169264,3.233977,-0.06471307939147941
3.051301,3.2122774,-0.16097641241455074
3.232177,3.1847758,0.04740117068481453
3.216449,3.1459324,0.07051656401062001
3.271498,3.1441426,0.12735537228393534
3.4051889999999996,3.138321,0.2668680771484371
3.460238,3.171611,0.28862692936706535
3.6725709999999996,3.2517197,0.42085128678894
3.6631730000000005,3.3194535,0.3437195221405034
3.504936,3.41117,0.09376599420165999
3.6710850000000006,3.4853218,0.1857632398223883
3.7502029999999995,3.536525,0.21367798893737744
3.6394369999999996,3.587265,0.05217198535156209
3.60779,3.585495,0.022295004882812552
3.52076,3.5818903,-0.061130344619750865
3.552407,3.6036127,-0.051205661361694244
3.512848,3.578342,-0.06549396090698245
3.552407,3.526976,0.025430891448974702
3.4970250000000003,3.502614,-0.005589021301269259
3.623614,3.4818656,0.14174835554504384
3.568231,3.4914963,0.07673467546081536
3.560319,3.4953,0.06501894544982889
3.7185560000000004,3.50876,0.2097960245666508
3.6157020000000006,3.5273864,0.08831557307434146
3.599878,3.5597754,0.04010264752197257
3.528672,3.55954,-0.030868033340454293
3.457465,3.563722,-0.1062568952178955
3.43373,3.5556016,-0.12187159683227522
3.655261,3.497587,0.15767403443908679
3.678996,3.4789517,0.2000443074188234
3.829321,3.479007,0.3503139943084719
4.019205,3.5217552,0.497449781494141
3.987557,3.6167035,0.37085348971557597
3.9559099999999994,3.7361646,0.21974543014526304
3.9559099999999994,3.809163,0.14674690643310484
4.035028,3.8779244,0.15710355770873985
3.947998,3.9168556,0.031142426345825314
3.8847040000000006,3.9066498,-0.02194582795715272
3.813497,3.895387,-0.0818899342803956
3.805586,3.8783956,-0.07280955740356454
3.995469,3.8511102,0.1443587800445556
4.027117,3.8170493,0.2100677350921627
4.066676,3.8178294,0.24884662950134295
4.074587,3.847936,0.22665108500671405
4.04294,3.904506,0.13843403190612769
4.050852,3.9640074,0.08684462237548818
4.169529,3.97803,0.1914990336456297
4.169529,3.9952006,0.17432836599731427
4.145794,4.0108457,0.13494833883667035
4.098323,4.0277867,0.07053626828002901
4.145794,4.04898,0.09681376394653363
4.035028,4.069008,-0.033979873535156635
4.027117,4.0508676,-0.023750557525635152
3.995469,4.0251718,-0.02970275674438483
3.9638219999999995,3.9973857,-0.033563740280151855
4.035028,3.973002,0.06202604306030235
4.090411,3.939532,0.15087895845031696
4.114147,3.9405363,0.1736107393951416
4.145794,3.9518888,0.19390520033264202
4.217,3.9794967,0.2375032825469967
4.224912,4.0263386,0.19857342272949197
4.137882,4.0641346,0.07374740222167997
4.256559,4.085166,0.17139302252197286
4.264471,4.1078625,0.15660852746582066
4.264471,4.128607,0.1358642037353519
4.217,4.1363435,0.0806565208435055
4.240736,4.140411,0.10032509988403326
4.288207,4.1649437,0.1232633049316405
4.311942,4.1652527,0.14668931445312516
4.375237,4.169158,0.20607901812744167
4.422708,4.183099,0.23960920697021493
4.39106,4.219447,0.17161286407470744
4.311942,4.2541275,0.057814497558593914
4.335677,4.271711,0.06396612734985307
4.232824,4.2804627,-0.04763874185180672
4.217,4.262172,-0.045172222137451534
4.209088,4.2230725,-0.013984528839110943
4.296118,4.185051,0.11106703564453113
4.30403,4.1704035,0.13362651947021487
4.351501,4.155581,0.19592000253295883
4.177441,4.1738863,0.0035547008666991786
4.209088,4.185254,0.023833903015137103
4.169529,4.192239,-0.022709807678222838
4.066676,4.170285,-0.1036092249145506
4.106235,4.1316166,-0.025381592407226705
4.12997,4.0761623,0.053807661743164203
4.035028,4.0616736,-0.02664564120483437
4.106235,4.0314846,0.07475039611816392
4.169529,4.01228,0.15724901266479474
4.209088,4.0250087,0.1840793215637211
4.232824,4.0375695,0.1952544771423339
4.161617,4.053502,0.10811491717529265
4.256559,4.09068,0.16587887762451192
4.240736,4.117208,0.12352799600219733
4.367325,4.131292,0.2360331336975099
4.383148,4.149527,0.23362092709350613
4.351501,4.1734853,0.1780157209167479
4.493914,4.2183475,0.2755664505615236
4.462267,4.255386,0.20688112429809546
4.280295,4.3026156,-0.022320642547607683
4.280295,4.3064585,-0.026163473205566667
4.201177,4.2957606,-0.09458363156127891
4.193265,4.2769494,-0.08368440567016577
4.256559,4.2137136,0.04284535406494161
4.272383,4.1586633,0.11371972714233358
4.311942,4.1504574,0.16148461779785173
4.296118,4.14932,0.1467978744201659
4.248647,4.1704082,0.07823875109863287
4.383148,4.190326,0.19282178616333034
4.311942,4.2048383,0.10710372409057634
4.327766,4.2159033,0.11186271783447221
4.446443,4.2190423,0.22740069882202185
4.620503,4.2378125,0.3826904809265139
4.675886,4.2920475,0.38383849938964865
4.675886,4.3368635,0.33902248223876974
4.596768,4.412914,0.1838542007141113
4.549297,4.484916,0.0643807898254396
4.486002,4.521357,-0.03535505947875972
4.667974,4.504564,0.16341019155883796
4.612591,4.483336,0.12925502816772472
4.639983,4.46498,0.17500287457275387
4.616106,4.4704165,0.14568945413208034
4.679777,4.48808,0.19169697528076135
4.600189,4.525819,0.0743701752319339
4.639983,4.517049,0.12293416424560544
4.647942,4.521992,0.12594979342651325
4.663859,4.5217404,0.14211856344604534
4.647942,4.5293927,0.11854928073120075
4.703653,4.522552,0.1811009866027833
4.663859,4.539586,0.12427293280029339
4.687736,4.547092,0.1406440390930177
4.679777,4.5544453,0.12533173327636682
4.671818,4.5583835,0.1134345351867676
4.600189,4.565227,0.034961968292236634
4.616106,4.551819,0.06428715234375026
4.576312,4.543925,0.03238719149780245
4.560395,4.52438,0.036014792938232176
4.663859,4.5014935,0.16236554602050823
4.799159,4.4871564,0.31200260885620157
4.85487,4.5076904,0.3471795703125
4.878747,4.5428843,0.3358626501770017
4.846912,4.6017222,0.24518975955200162
4.942417,4.6690555,0.2733615381164549
4.934458,4.7218623,0.21259568386840844
4.99017,4.7482514,0.24191856185913085
4.998129,4.769873,0.22825585775756796
4.974252,4.7920904,0.18216158404541005
4.894664,4.82286,0.07180423590087859
4.918541,4.82416,0.09438090097045926
4.85487,4.823593,0.03127686035156252
4.830994,4.8018255,0.029168476623534723
4.830994,4.770785,0.06020914511108355
4.743447,4.7409215,0.002525502655029044
4.663859,4.7191005,-0.055241475311278876
4.735488,4.677521,0.05796677120971694
4.719571,4.647923,0.07164800729370135
4.719571,4.6216626,0.09790838327026385
4.846912,4.5951443,0.2517677281494137
4.878747,4.601373,0.27737380435180636
4.974252,4.637819,0.3364331866760253
4.934458,4.674027,0.26043103390502953
4.966294,4.721072,0.2452218030395512
4.767324,4.7739797,-0.006655663848876614
4.838953,4.7817454,0.05720756619262701
4.632024,4.7763214,-0.14429741113281214
4.679777,4.726145,-0.04636779064941443
4.751406,4.6743,0.07710580621337915
4.695694,4.6160564,0.0796375577392574
4.703653,4.6016965,0.101956508758545
4.735488,4.570654,0.1648340845947267
4.807118,4.5909963,0.21612173458862305
4.846912,4.608387,0.23852500659179654
4.830994,4.6188393,0.21215473608398394
4.783241,4.647525,0.13571616632080108
4.846912,4.6724715,0.17444047671508756
4.894664,4.693224,0.20144004675292937
4.799159,4.703686,0.09547276266479532
4.846912,4.700946,0.14596614581298795
4.878747,4.7031946,0.17555238177490207
4.743447,4.719945,0.023502046081542716
4.830994,4.711739,0.11925493673706011
4.838953,4.6932993,0.14565370648193365
4.823035,4.698756,0.12427878204345699
4.85487,4.693084,0.16178623687744143
4.807118,4.6834617,0.12365633389282227
4.767324,4.7031255,0.06419852316284214
4.7912,4.6965766,0.09462340469360342
4.846912,4.686199,0.1607128117675778
4.838953,4.683571,0.1553821381835938
4.870788,4.6764164,0.19437160290527355
4.934458,4.685608,0.24885008984375023
4.958335,4.713156,0.2451787767028808
4.982211,4.7431536,0.23905742791748086
4.982211,4.7674823,0.21472871926879922
4.958335,4.7979655,0.1603694734191894
4.950376,4.820817,0.12955900628662143
4.902623,4.8272424,0.07538062557983416
4.719571,4.822299,-0.10272800360107404
4.695694,4.7909064,-0.0952124292907719
4.518853,4.7424946,-0.2236415831298828
4.454642,4.6723156,-0.21767359753417992
4.390431,4.5802417,-0.18981068014526326
4.358325,4.4791822,-0.12085724334716819
4.470695,4.406326,0.06436918289184579
4.542932,4.3418093,0.20112272723388713
4.398457,4.330124,0.06833309863281212
4.262009,4.3290586,-0.06704964715576178
4.109507,4.32621,-0.21670302197265645
4.021217,4.3030705,-0.28185354519653316
4.141613,4.225308,-0.08369494143676715
4.149639,4.1244345,0.02520452886962854
4.093455,4.058435,0.03502003677368126
4.061349,4.022711,0.03863819982910144
4.157666,4.0191565,0.13850954400634752
4.061349,4.041809,0.019539917968749876
4.149639,4.030599,0.1190398827209469
3.981085,4.022426,-0.041341128387450965
4.101481,4.015605,0.08587602716064424
4.005164,4.018354,-0.01318993905639676
4.005164,3.9912539,0.013910147155761443
3.8205580000000006,3.982442,-0.16188390216064397
3.8366100000000003,3.9325492,-0.09593923820495576
3.868716,3.9099443,-0.04122829588317867
3.892795,3.853634,0.03916088096618653
3.940953,3.8212793,0.11967371266174309
3.892795,3.7960258,0.09676924697875977
3.924901,3.815902,0.1089990052948
3.868716,3.8345325,0.03418350068664555
3.916874,3.8414202,0.07545382635498044
3.8366100000000003,3.8437498,-0.007139761581420601
3.86069,3.8281927,0.03249728912353511
3.940953,3.821905,0.11904810231018059
3.884769,3.8143709,0.07039812940978996
3.8767420000000006,3.8201013,0.05664073886108456
3.884769,3.813378,0.07139090437316886
3.874386,3.8255856,0.04880039628601063
3.9474870000000006,3.8303158,0.11717117167663638
3.971855,3.8218584,0.1499965939331056
3.9880990000000005,3.8340147,0.1540843458404546
4.020589,3.8544972,0.16609180570983906
3.9880990000000005,3.8800504,0.1080485792388921
4.118058,3.9089828,0.20907524624633833
4.150547,3.9324155,0.21813151461792035
4.19116,3.9615219,0.22963813606262207
4.134303,3.998169,0.13613405468750006
4.166792,4.028856,0.13793619937133794
4.109935,4.0696864,0.04024858718872082
4.199282,4.0749497,0.12433225863647479
4.264261,4.077297,0.18696378930664093
4.312996,4.080159,0.23283681268310552
4.337363,4.10857,0.22879290112304673
4.312996,4.1396422,0.1733537613830567
4.353608,4.187822,0.16578613491821326
4.410464,4.2194576,0.19100637365722672
4.451076,4.243522,0.20755383279418904
4.428826,4.265146,0.16368022134399407
4.469607,4.285096,0.18451083148193348
4.436982,4.3164663,0.12051566851806683
4.445138,4.338231,0.106906913269043
4.404357,4.3466163,0.05774073184204109
4.396201,4.341523,0.054677829528808175
4.469607,4.3379498,0.1316572471923827
4.445138,4.3292007,0.11593725537109378
4.477763,4.3296423,0.14812070416259804
4.453295,4.3324184,0.12087655822753884
4.396201,4.34536,0.05084119775390583
4.396201,4.3545194,0.041681632781982
4.35542,4.3419447,0.013475305480956656
4.453295,4.3283653,0.1249296740722654
4.461451,4.3119283,0.14952272775268582
4.567482,4.306608,0.26087379992675785
4.763231,4.3287115,0.43451949029541037
4.738762,4.3787374,0.36002455035400427
4.665356,4.4549103,0.21044572167968756
4.730606,4.5107365,0.2198695345458983
4.820324,4.569639,0.2506847940673831
4.795856,4.6135726,0.18228340249633757
4.6572,4.6165757,0.04062428207397417
4.681669,4.6159606,0.06570840200805694
4.640888,4.6267285,0.014159465301514018
4.689825,4.61387,0.07595485610961905
4.42067,4.57948,-0.15881017120361296
4.518544,4.5271297,-0.008585650115966459
4.453295,4.499357,-0.046062223510742406
4.388045,4.455244,-0.06719906433105471
4.404357,4.4084973,-0.004140333526611251
4.379889,4.34501,0.03487919622802771
4.453295,4.339917,0.1133778170776365
4.469607,4.3157077,0.15389931643676746
4.35542,4.312402,0.04301822845458947
4.494076,4.3178153,0.1762606961975095
4.510388,4.3267875,0.1836005282287596
4.494076,4.348223,0.14585279061889622
4.6572,4.355586,0.3016139480590816
4.559325,4.376522,0.18280293579101592
4.510388,4.426849,0.08353911160278304
4.510388,4.440267,0.07012091397094711
4.575638,4.4458156,0.12982243679809535
4.59195,4.457684,0.13426595993041968
4.624575,4.4354515,0.18912349243164073
4.706137,4.4430633,0.26307374087524416
4.72245,4.474244,0.24820588226318385
4.697981,4.514677,0.18330395227050822
4.706137,4.5431056,0.16303139773559572
4.714293,4.5695887,0.14470433880615197
4.665356,4.589462,0.07589419656372076
4.608263,4.586148,0.02211521481323242
4.640888,4.570821,0.07006719158935582
4.6572,4.5584,0.09879984588623003
4.543013,4.544137,-0.0011240010375974663
4.59195,4.518332,0.07361799545288061
4.583794,4.501923,0.08187091574096694
4.730606,4.4969378,0.23366824822998034
4.72245,4.4969654,0.22548459167480495
4.6572,4.502557,0.1546431991577144
4.583794,4.5350213,0.04877269491577163
4.600106,4.5477557,0.05235028176879908
4.649044,4.5566177,0.0924262631835937
4.714293,4.53184,0.18245315243530236
4.632731,4.516984,0.1157470140991208
4.632731,4.516495,0.11623577218627901
4.673512,4.531837,0.14167501345825162
4.706137,4.5452642,0.16087275592041017
4.779543,4.5514717,0.2280712897949222
4.763231,4.5527577,0.21047325997924826
4.844793,4.5790553,0.26573769070434583
4.82848,4.61602,0.21245979736328113
4.795856,4.6485977,0.14725828271484342
4.844793,4.673088,0.17170492626953138
4.910043,4.683811,0.2262318122558593
5.016073,4.7062716,0.30980135159301714
5.105792,4.725182,0.38060994357299816
5.162885,4.767096,0.39578895736694353
5.187354,4.834257,0.35309687414550783
5.081323,4.902766,0.1785567722778323
4.485919,4.9532228,-0.46730375161743165
4.616419,4.920652,-0.3042329126892094
4.59195,4.8354836,-0.24353355102539087
4.697981,4.714485,-0.016504168457030843
4.681669,4.586661,0.09500813803100616
4.665356,4.487402,0.17795403771972662
4.706137,4.5301256,0.17601138201904298
4.665356,4.5464616,0.11889441781616217
4.6572,4.56701,0.0901900741577144
4.616419,4.5605283,0.05589072164916953
4.624575,4.5525723,0.07200274963378916
4.665356,4.545328,0.120027859741211
4.706137,4.5306005,0.17553645220947267
4.640888,4.5313597,0.10952832745361363
4.59195,4.5325565,0.05939346618652319
4.461451,4.537169,-0.07571797964477511
4.428826,4.522688,-0.09386191198730476
4.502232,4.4831862,0.019045755035400624
4.485919,4.4312453,0.05467367300415038
4.445138,4.3932996,0.051838420379638706
4.35542,4.363747,-0.008327119903564828
4.404357,4.354615,0.04974178851318367
4.388045,4.34977,0.03827493087768552
4.42067,4.3243237,0.09634634582519563
4.428826,4.3045197,0.12430634667968743
4.436982,4.297274,0.1397078872985844
4.518412,4.313936,0.20447576647949184
4.493721,4.328228,0.16549300317382798
4.543103,4.3503985,0.19270445950317416
4.501952,4.37167,0.1302822307128908
4.518412,4.3913965,0.127015477478027
4.501952,4.4099984,0.09195358309936541
4.518412,4.4081655,0.1102465451354977
4.394958,4.412608,-0.01765014666748055
4.485491,4.394458,0.09103318292236295
4.600715,4.3864202,0.21429475006103527
4.641866,4.3861685,0.2556975200805667
4.75709,4.402806,0.354284194793701
4.740629,4.435693,0.30493621282959005
4.814701,4.5089507,0.3057502897033695
4.839392,4.57329,0.2661021287841798
4.847622,4.6200175,0.22760447146606477
4.888774,4.6630588,0.2257152422180173
4.888774,4.686231,0.20254286367797825
4.888774,4.717362,0.17141207296752903
4.872313,4.7333746,0.13893840435791027
4.872313,4.7431235,0.12918946865844738
4.888774,4.750078,0.13869579870605442
4.962846,4.748237,0.21460886697387682
4.979307,4.753921,0.22538596804809607
5.003997,4.76674,0.23725715472412112
5.028688,4.79042,0.23826794461059553
5.09453,4.8205423,0.2739876644897459
5.061609,4.856385,0.2052237689819334
5.036918,4.878196,0.15872223736572266
5.061609,4.8953505,0.16625854376220683
5.069839,4.907598,0.16224098135375975
5.036918,4.9150596,0.12185843350219727
4.979307,4.905174,0.07413322146606482
5.036918,4.8962336,0.14068444134521485
5.036918,4.8932843,0.14363367916870118
5.09453,4.8852134,0.20931662490844705
5.127451,4.8815155,0.24593549707031226
5.09453,4.8932986,0.20123137405395486
5.127451,4.920477,0.20697408654785132
5.0863,4.937906,0.14839421157836874
5.069839,4.953419,0.11641979147338866
5.176833,4.9522653,0.22456773739624047
5.135682,4.9509087,0.1847733391113282
5.143912,4.9590554,0.184856576263428
5.127451,4.9617057,0.16574531533813452
5.127451,4.9734674,0.15398364999389624
5.135682,4.9879537,0.14772833712768563
5.152142,4.9777474,0.17439455966186568
5.135682,4.978739,0.15694321520996102
5.176833,4.977699,0.1991341970520022
5.308517,4.984014,0.3245029657287599
5.316747,5.0047245,0.31202249743652377
5.292056,5.034541,0.2575148699340817
5.333208,5.0654874,0.26772061520385737
5.497813,5.1058955,0.39191748074340804
5.506043,5.154248,0.35179476239013674
5.547194,5.185265,0.3619289357604982
5.604806,5.226577,0.37822919488525386
5.514273,5.285682,0.22859079861450216
5.571885,5.3339157,0.23796928955078123
5.613037,5.347435,0.2656020024414065
5.547194,5.364158,0.18303584646606463
5.637727,5.3691106,0.26861641574096673
5.555425,5.36735,0.18807489852905235
5.464892,5.3831067,0.08178529147338853
5.423741,5.375013,0.04872812539672822
5.39905,5.3461127,0.05293727188110342
5.423741,5.3219514,0.10178961068725556
5.357899,5.2734036,0.08449535543823217
5.563655,5.236658,0.32699690368652323
5.497813,5.234944,0.2628691332702635
5.497813,5.2477655,0.2500474589233397
5.440201,5.2694736,0.17072744729614264
5.40728,5.281856,0.12542393997192391
5.547194,5.3021917,0.24500226568603534
5.588346,5.283208,0.30513810662841756
5.588346,5.289292,0.2990541413269039
5.744721,5.303042,0.4416790650329592
5.629497,5.3486376,0.2808594191284177
5.621267,5.403298,0.21796909884643512
5.613037,5.424978,0.18805922061157254
5.613037,5.434676,0.17836082965087918
5.522504,5.4417815,0.08072247915649378
5.366129,5.4042277,-0.03809873361206062
5.374359,5.372611,0.0017479541625977646
5.33008,5.3293643,0.0007157002258297851
5.201524,5.2755895,-0.07406546609497067
5.259135,5.203415,0.05572008300781217
5.226214,5.1457863,0.08042771459960907
5.209754,5.1180954,0.09165860205078147
5.176833,5.08411,0.09272321682739282
5.168603,5.0553074,0.113295611694336
5.07807,5.051954,0.02611620742797882
5.135682,5.024568,0.11111391909790047
5.036918,5.002726,0.03419192196655274
5.0863,4.975141,0.11115895156860311
5.07807,4.953427,0.12464316207885773
5.036918,4.932594,0.10432417752075196
5.036918,4.9285874,0.10833056332397462
4.987537,4.9087234,0.07881364566040006
4.979307,4.905457,0.07384998019409217
5.07807,4.885708,0.19236214477539093
5.135682,4.873897,0.2617849243469239
5.160372,4.881972,0.27840016390991185
5.226214,4.9000387,0.3261752808227536
5.267366,4.94193,0.32543618280029296
5.250905,4.996761,0.2541441548156742
5.234445,5.0337934,0.20065155059814455
5.292056,5.0584188,0.2336372492370602
5.185063,5.0820837,0.10297929791259808
5.09453,5.0838933,0.010636700897216578
5.119221,5.06301,0.056210784240722234
5.168603,5.0386567,0.12994628842163092
5.185063,5.0180726,0.16699039486694378
5.217984,4.987344,0.23064021185302774
5.110991,4.9875565,0.12343454248046903
5.226214,5.003115,0.22309882284545868
5.217984,5.018438,0.19954613760376017
5.324977,5.0254517,0.2995253398437496
5.193293,5.0406103,0.15268268658447237
5.119221,5.04504,0.0741808693847652
5.127451,5.0637913,0.0636597249755857
5.193293,5.048529,0.14476385189819307
5.179609,5.0359945,0.14361447027587904
5.213026,4.9998364,0.21318955514526383
5.229734,4.998761,0.23097282293701138
5.238088,5.019452,0.21863590496826202
5.304922,5.041636,0.2632860098571781
5.32163,5.0566998,0.2649302471923827
5.363401,5.0817847,0.28161627481079066
5.396818,5.1072774,0.2895406066589352
5.522131,5.137011,0.3851199488220214
5.555548,5.1808834,0.3746645924072265
5.547194,5.2231755,0.324018474334717
5.572257,5.2694974,0.302759605438232
5.530486,5.312451,0.2180351142272947
5.497069,5.3467946,0.1502743947448728
5.522131,5.3480473,0.17408374353027334
5.655799,5.3404894,0.315309612487793
5.572257,5.3461494,0.22610755541992145
5.63909,5.347451,0.2916387899780277
5.664153,5.3649135,0.2992395364074705
5.647445,5.39612,0.25132492858886746
5.730987,5.423532,0.30745499087524397
5.680861,5.429153,0.25170803445434586
5.605673,5.454872,0.1508008686523441
5.739341,5.458916,0.28042481271362263
5.69757,5.463955,0.23361507446289043
5.764403,5.4738326,0.2905703927307126
5.69757,5.4718213,0.22574869186401347
5.714278,5.4803205,0.23395754635620136
5.739341,5.505653,0.23368809548950153
5.824163,5.5025554,0.3216076296691899
5.656561,5.517598,0.13896284783935542
5.514099,5.509271,0.004827855133056502
5.58114,5.4968367,0.08430333770751997
5.480579,5.472226,0.008352857116698864
5.413538,5.4278407,-0.014302709686279336
5.480579,5.35022,0.13035879660034144
5.5979,5.308386,0.28951415100097666
5.58952,5.308958,0.2805619464111331
5.757122,5.301979,0.4551429350585936
5.765502,5.338513,0.4269891025085446
5.782262,5.4045663,0.37769571200561547
5.782262,5.465058,0.31720415011596703
5.706842,5.5041738,0.20266824435424802
5.715222,5.540354,0.17486822497558574
5.631421,5.5351043,0.0963167252502437
5.715222,5.5179377,0.19728433978271465
5.681701,5.4976335,0.18406754281616244
5.656561,5.4758825,0.1806784697875976
5.706842,5.468473,0.23836904238891599
5.765502,5.461975,0.3035269023437497
5.765502,5.48151,0.28399183764648406
5.924724,5.48732,0.4374040537109378
5.916344,5.518302,0.39804203619384726
5.949864,5.566062,0.3838020264282225
5.983384,5.6120296,0.37135444754028324
6.117466,5.653133,0.4643330845031741
6.100706,5.7102695,0.3904365488586423
6.192887,5.7409997,0.4518873013610838
6.033665,5.787191,0.24647408584594732
5.975004,5.820348,0.15465621405029317
6.008525,5.83517,0.1733552078247067
5.941484,5.8146915,0.12679245642089843
6.083946,5.788653,0.29529310311889656
6.016905,5.749373,0.2675320408630375
5.991765,5.7462535,0.24551150955200196
6.033665,5.7544675,0.279197512664795
5.933104,5.7572575,0.1758465384521486
5.958244,5.767121,0.19112316183471645
6.092326,5.741867,0.3504589345703124
5.958244,5.7413926,0.21685138754272426
6.016905,5.7423644,0.27454059341430703
6.042045,5.7362485,0.3057965068054198
6.000145,5.755973,0.2441721377563475
5.748742,5.768296,-0.019553764923095684
5.690081,5.727639,-0.03755819830322249
5.815783,5.6947446,0.12103841305541962
5.866063,5.644461,0.22160184506225544
5.673321,5.5924287,0.08089231576538047
5.656561,5.538382,0.11817894662475581
5.58952,5.5315666,0.05795338012695339
5.664941,5.5245442,0.14039676095581033
5.765502,5.4867363,0.2787657023925778
5.773882,5.446892,0.32699021533203165
5.706842,5.4594216,0.2474203653259277
5.656561,5.475975,0.1805859633789062
5.60628,5.5019464,0.10433355072021477
5.53924,5.501099,0.03814089035034218
5.58114,5.464709,0.11643119491577192
5.614661,5.4220138,0.1926472403869628
5.54762,5.395776,0.15184420501709006
5.505719,5.377074,0.12864523519897464
5.321357,5.363657,-0.04229999768066417
5.312977,5.3443265,-0.03134949612426752
5.304597,5.2994847,0.0051122702331545256
5.245937,5.2362204,0.009716640197753534
5.245937,5.177394,0.06854308673095666
5.061575,5.122491,-0.06091588287353478
5.111855,5.090261,0.021594017486572525
5.044814,5.0508366,-0.006022563110351875
4.986154,5.0020733,-0.015919287963867212
4.877213,4.9548764,-0.07766342288207984
4.860452,4.8908496,-0.030397590301513233
4.743131,4.856681,-0.11354987005615236
4.61743,4.792327,-0.1748969271850589
4.575529,4.7203135,-0.14478454904174765
4.62581,4.6431646,-0.017354634704589422
4.61743,4.584643,0.032787112884521186
4.65095,4.527088,0.12386183471679679
4.567149,4.5000825,0.06706650717163054
4.357647,4.4976673,-0.14002031262207026
4.407928,4.4815073,-0.07357930133056634
4.407928,4.440827,-0.032898892852783135
4.416308,4.3942924,0.022015645416259666
4.474968,4.3374324,0.13753561550903282
4.332507,4.3063555,0.026151523620605133
4.248706,4.316191,-0.06748519644165007
4.064344,4.2993417,-0.2349976786193846
4.265466,4.2544003,0.011065746704101542
4.257086,4.2067122,0.05037375405883804
4.231946,4.147009,0.08493710412597633
4.190045,4.1225038,0.06754124252319293
4.198425,4.1155915,0.08283347396850615
4.173285,4.150182,0.02310322967529288
4.218655,4.1326027,0.08605230834960942
4.227109,4.1187897,0.10831932714843706
4.134113,4.1137233,0.020389721954345852
4.074933,4.1119857,-0.037052683441162415
4.066479,4.0975375,-0.031058517547607245
4.091842,4.080371,0.011471096984863038
4.015754,4.049335,-0.033581002899169654
3.914303,4.0085397,-0.0942366766662599
3.9650279999999998,3.9756572,-0.010629224655151592
3.914303,3.951687,-0.03738409754943861
3.931211,3.922159,0.009052043472289828
3.9650279999999998,3.884089,0.08093900692749001
3.990391,3.866953,0.12343810388183574
3.931211,3.8787751,0.05243588021850565
3.9481200000000003,3.876272,0.07184803688049346
4.058025,3.8854446,0.17258035888671852
3.897395,3.9002311,-0.002836122970581112
3.981937,3.8988938,0.08304316683959945
4.066479,3.8933616,0.17311743154907244
4.159475,3.9112713,0.24820366630554158
4.227109,3.9405048,0.28660421064758257
4.10875,3.9612966,0.14745344161987273
4.10875,4.020706,0.08804382324218718
4.167929,4.0573373,0.11059171591186523
4.142567,4.07606,0.0665071817321774
4.218655,4.071916,0.14673889663696293
4.303197,4.0591044,0.2440925574035644
4.48919,4.0879984,0.4011916098022459
4.463827,4.143388,0.3204392055053713
4.438464,4.2006016,0.23786242224121068
4.345468,4.2704206,0.0750474486999515
4.362376,4.3153353,0.04704072625732447
4.303197,4.334679,-0.031482126739502014
4.387739,4.3007517,0.08698731390380843
4.337014,4.2750626,0.061951438964843675
4.26938,4.2536445,0.01573553359985347
4.311651,4.24695,0.06470085046386753
4.26938,4.2348995,0.034480479125976515
4.142567,4.2320414,-0.08947435894775424
4.134113,4.194353,-0.060240103637695164
4.235563,4.157795,0.07776804760742184
4.210201,4.139709,0.07049200418090784
4.10875,4.1126013,-0.0038512802124026635
4.151021,4.0879498,0.06307124719238288
4.10875,4.091622,0.017128124237060227
3.990391,4.0915976,-0.1012065570678713
3.9481200000000003,4.05269,-0.10457002914428681
3.8804859999999994,4.006061,-0.12557507711792049
3.939666,3.9680886,-0.028422626861572375
3.9650279999999998,3.915865,0.04916305554199196
3.897395,3.8755043,0.021890744705200138
3.973482,3.8597481,0.11373387492370624
3.872032,3.8588092,0.013222767288207926
3.931211,3.8676217,0.06358933976745584
3.6606759999999996,3.862765,-0.20208907377624552
3.719856,3.8270462,-0.10719015592956538
3.753673,3.794887,-0.041214065887451135
3.8043980000000004,3.740179,0.06421893811035195
3.770581,3.7136903,0.05689071908569332
3.7029470000000004,3.6747737,0.028173306915283636
3.770581,3.6957183,0.0748627115783691
3.7029470000000004,3.703888,-0.0009409394531245674
3.694493,3.6985743,-0.00408130458068845
3.7621269999999996,3.6767783,0.08534868350219682
3.8551229999999994,3.667116,0.1880070732574457
3.863578,3.6857886,0.17778936856079097
3.9058489999999995,3.698069,0.2077799043884272
3.956574,3.737108,0.2194660078277586
3.8043980000000004,3.7888846,0.015513360260010156
3.8297610000000004,3.816081,0.013679952941894946
3.9227570000000003,3.8160138,0.10674318698120144
3.914303,3.818971,0.09533208134460436
3.863578,3.8153384,0.048239626815795855
3.897395,3.7981536,0.09924136116027826
3.931211,3.819143,0.11206794313049295
3.939666,3.8375838,0.1020822197113036
3.872032,3.8371727,0.03485925334167472
3.88894,3.8350427,0.053897284927368005
4.04957,3.84332,0.20625010711669933
3.973482,3.8571877,0.11629425204467791
3.846669,3.8662047,-0.019535738616943465
3.770581,3.8632307,-0.09264970526123051
3.8804859999999994,3.8607624,0.019723642288207444
3.8043980000000004,3.8525789,-0.04818087840270957
3.931211,3.7993891,0.1318218760833738
3.897395,3.773714,0.12368093444824213
3.7621269999999996,3.7829363,-0.020809334609985797
3.812852,3.799826,0.013026093246459869
3.812852,3.7866411,0.026210879089355377
3.770581,3.7889774,-0.018396384567260782
3.559226,3.7557302,-0.19650415213012717
3.415504,3.707935,-0.29243109483337415
3.491592,3.6623626,-0.17077057553100605
3.4831379999999994,3.5908062,-0.1076682458038336
3.62686,3.511782,0.11507806907653828
3.6606759999999996,3.4550421,0.20563387620544393
3.7114020000000005,3.4636958,0.24770623545837456
3.770581,3.5213335,0.24924754396057125
3.7029470000000004,3.5746598,0.12828717562866254
3.745219,3.6315804,0.11363864721679695
3.694493,3.657094,0.037398998229980496
3.516955,3.6711257,-0.15417065040588396
3.5845880000000006,3.6530268,-0.06843881922912542
3.5423169999999997,3.612829,-0.07051196995544462
3.474684,3.5804956,-0.10581159593200695
3.550772,3.527052,0.02372007434082013
3.576134,3.4870417,0.08909228819274917
3.677585,3.4941254,0.1834596337890626
3.6437679999999997,3.498039,0.14572899281311003
3.533863,3.5187926,0.015070370758056839
3.601497,3.5486853,0.052811687728882006
3.5254090000000002,3.5597994,-0.034390432754516365
3.4324130000000004,3.5569243,-0.12451134310913048
3.5676799999999997,3.5154965,0.05218350761413548
3.6437679999999997,3.4861023,0.15766565739440885
3.635314,3.4945045,0.14080954824829117
3.609951,3.4947593,0.11519167878723158
3.652222,3.5166845,0.13553746783447274
3.609951,3.5654902,0.044460754180908335
3.5254090000000002,3.5794973,-0.05408833734130836
3.449321,3.5653076,-0.11598661718750014
3.398596,3.538777,-0.14018111296081548
3.398596,3.5033977,-0.10480170317077642
3.4577749999999994,3.4483464,0.009428623580931994
3.5085,3.4045684,0.1039315662384035
3.415504,3.3888,0.026704094223022334
3.423958,3.3886857,0.035272296722411944
3.390141,3.398854,-0.00871301725769058
3.358674,3.4035625,-0.04488854577636703
3.384576,3.386886,-0.0023098814239501664
3.315503,3.356248,-0.04074490191650382
3.298235,3.3411942,-0.04295915283203122
3.367308,3.3177514,0.04955659237670895
3.375942,3.3052,0.07074190005493186
3.367308,3.303772,0.06353602734374997
3.384576,3.298263,0.08631292703247073
3.6263320000000006,3.3125963,0.3137356788940435
3.660868,3.3558142,0.3050537814788816
3.8162829999999994,3.4033976,0.4128854398803705
3.755844,3.4777794,0.2780646115722658
3.7385749999999995,3.5667787,0.1717963401794429
3.7903800000000003,3.6547306,0.13564944160461456
3.885355,3.6889887,0.19636631439208996
3.997599,3.7261941,0.27140485670471204
4.032136,3.7449677,0.28716830094909707
4.08394,3.7949526,0.288987369003296
4.049404,3.8640194,0.18538460607910157
4.092574,3.925632,0.1669420000305175
4.101209,3.9698703,0.13133867109680164
3.9457939999999994,3.9908879,-0.045093880325318025
3.919892,3.9909954,-0.07110340710449226
3.868087,3.9666445,-0.09855752552795405
3.9112580000000006,3.9371455,-0.02588747157287541
4.08394,3.8929284,0.19101163810729993
4.101209,3.8621593,0.23904974783325184
4.161647,3.8830159,0.2786311289520267
4.153013,3.9256449,0.22736812542724572
4.256623,3.9891074,0.26751562962341335
4.291159,4.0554028,0.2357562442626957
4.342964,4.092004,0.2509601776733401
4.213452,4.136556,0.07689585147094746
4.33433,4.162071,0.17225877197265582
4.144379,4.1957235,-0.05134453363037128
4.256623,4.1908236,0.06579944500732449
4.299793,4.1778407,0.1219522903137209
4.196184,4.1578717,0.038312276824950864
4.273891,4.163232,0.11065915032958973
4.273891,4.143539,0.1303520481262206
4.213452,4.1713095,0.0421425288696291
4.170282,4.168051,0.002231234008789329
4.204818,4.1475453,0.057272662322998436
4.178916,4.1496,0.029315971008300856
4.18755,4.129748,0.05780213241577137
4.204818,4.109121,0.09569715420532265
4.222086,4.104498,0.11758809045410157
3.9112580000000006,4.1129494,-0.20169137133789006
3.7903800000000003,4.085946,-0.29556608306884735
3.7817459999999996,4.0332794,-0.2515334189453129
3.7817459999999996,3.955489,-0.17374292021179238
3.652234,3.8599584,-0.20772441026306154
3.678137,3.7427,-0.06456309994506837
3.660868,3.6925251,-0.031657148391723844
3.824917,3.6656122,0.15930477923583997
3.807648,3.6533363,0.15431171345520012
3.7817459999999996,3.6501286,0.13161739701843223
3.704039,3.6817894,0.022249601806640484
3.729941,3.7009394,0.029001583114624196
3.9112580000000006,3.7204964,0.19076158390808162
3.9112580000000006,3.7153409,0.1959171472625738
3.8939899999999996,3.7263417,0.16764827560424767
3.8508190000000004,3.7504811,0.10033787130737348
3.695405,3.7924056,-0.09700060531616206
3.686771,3.810417,-0.12364593687438985
3.7817459999999996,3.770687,0.011058896728515233
3.6263320000000006,3.7310836,-0.10475163151550237
3.704039,3.6831481,0.02089085432434068
3.712673,3.6453645,0.06730847706604015
3.74721,3.6464384,0.10077163978576653
3.755844,3.6539118,0.1019321710052492
3.764478,3.6431353,0.12134269078063964
3.885355,3.673525,0.2118299050140382
3.876721,3.6985493,0.17817172937011705
3.876721,3.729962,0.14675888948059068
3.93716,3.758239,0.1789209691619873
3.919892,3.7926738,0.12721817378234856
3.8421849999999997,3.8280463,0.014138678131103255
3.807648,3.8284996,-0.020851555587768633
3.868087,3.8229218,0.04516524707031255
3.8508190000000004,3.8170087,0.03381026625061079
3.74721,3.795653,-0.04844310478210456
3.764478,3.768906,-0.004428116485595712
3.824917,3.7556467,0.06927029437255872
3.885355,3.752815,0.13253999183654797
3.8421849999999997,3.7436912,0.09849379402160618
3.988965,3.7415078,0.24745723136901843
3.988965,3.7794979,0.20946713813781725
4.04077,3.8233786,0.2173914370727541
4.066672,3.8636503,0.2030216780395504
4.014867,3.8987033,0.1161636632843015
3.93716,3.9441254,-0.006965413894653327
3.9457939999999994,3.9458122,-1.8225341797517558e-05
3.928526,3.9414032,-0.012877150558471495
3.859453,3.9189153,-0.0594622717590334
3.93716,3.8807182,0.05644176879882812
3.8162829999999994,3.8564372,-0.04015420626831112
3.7817459999999996,3.841234,-0.0594879687347416
3.704039,3.8140182,-0.10997924951171889
3.686771,3.7770176,-0.09024659338378926
3.574527,3.745446,-0.17091896672058127
3.574527,3.6781282,-0.103601242492676
3.49682,3.629116,-0.13229605834960934
3.4881859999999993,3.5749297,-0.08674371420288152
3.634966,3.5303802,0.10458575097656242
3.669502,3.4992397,0.17026231684875492
3.678137,3.5067925,0.17134445468139647
3.678137,3.5238106,0.15432637492370604
3.678137,3.5652912,0.112845833694458
3.7385749999999995,3.6108031,0.12777187271118118
3.7731119999999994,3.6269684,0.14614361621093686
3.859453,3.642405,0.21704796688842753
3.868087,3.6692214,0.19886559878540044
3.885355,3.705958,0.17939711044311535
3.8508190000000004,3.7500236,0.10079539656066938
3.919892,3.780051,0.1398410070343017
3.919892,3.807348,0.1125439870758056
3.93716,3.8176022,0.11955784240722656
3.980331,3.8298666,0.15046435227966315
3.919892,3.8447394,0.07515256289672845
4.006233,3.8663502,0.13988282604980462
3.8939899999999996,3.877721,0.016268928756713485
3.928526,3.882837,0.045688942886352724
4.049404,3.8819847,0.16741928930664063
4.101209,3.8812304,0.21997864569091785
4.161647,3.9077349,0.2539121290893558
4.153013,3.9286256,0.22438741635131798
4.161647,3.985167,0.17647997348022493
4.101209,4.0382104,0.06299860800170887
4.058038,4.0585647,-0.0005266629333497974
4.066672,4.0587993,0.007872733184814074
4.032136,4.0398254,-0.0076894394531246135
3.997599,4.0168915,-0.019292479492187375
4.058038,3.9852514,0.07278657330322247
4.161647,3.9697301,0.1919168612213138
4.291159,3.976195,0.3149639030303959
4.265257,4.0018063,0.26345074084472664
4.282525,4.0481825,0.23434251251220672
4.360232,4.111207,0.24902499163818348
4.273891,4.1706586,0.10323241159057606
4.178916,4.203575,-0.024659134277343675
4.170282,4.194638,-0.02435577542114231
4.127111,4.1824656,-0.05535455328369121
4.092574,4.1556077,-0.06303370034790046
4.18755,4.1008797,0.08667033081054676
4.144379,4.070502,0.07387719564819317
4.118477,4.0626435,0.05583347201538125
4.135745,4.054678,0.08106703674316407
4.08394,4.0569158,0.027024239959716922
4.455208,4.062024,0.39318388348388655
4.524281,4.0757937,0.4484872568664553
4.662427,4.1299987,0.5324283160705567
4.593354,4.2236857,0.36966825857543917
4.550183,4.3276052,0.22257775250244105
4.567451,4.444486,0.12296485879516617
4.524281,4.472859,0.05142209420776389
4.394769,4.479359,-0.08459014993286118
4.446574,4.4377575,0.008816507934570339
4.498378,4.4065413,0.09183665249633766
4.403403,4.3871007,0.016302303436279253
4.360232,4.357329,0.002903108245849495
4.213452,4.330002,-0.1165498310546873
4.204818,4.3137856,-0.10896755297851524
4.04077,4.270479,-0.22970920227050762
4.006233,4.190619,-0.1843859918518067
4.058038,4.1144214,-0.05638336764526386
4.032136,4.0423274,-0.01019140402221641
4.023501,4.000805,0.022696098876953563
4.014867,3.9593275,0.05553954066467259
3.963063,3.955496,0.007566927230834963
3.8162829999999994,3.953696,-0.13741301249694882
3.7731119999999994,3.9212275,-0.1481154551391608
3.7731119999999994,3.877928,-0.10481601856994693
3.7903800000000003,3.8256009,-0.03522086250305145
3.868087,3.7711687,0.09691829119873052
3.919892,3.7359347,0.1839572656555175
3.8335509999999995,3.747003,0.08654792153930613
3.954428,3.7678757,0.1865523286132813
3.954428,3.7984686,0.1559594102172852
3.980331,3.831052,0.14927893510437018
3.971697,3.8511963,0.12050071093749981
3.971697,3.8622894,0.10940757128906231
4.014867,3.895317,0.11954992236328099
4.135745,3.9036582,0.2320868483734131
4.023501,3.9263983,0.0971027227172856
4.049404,3.9426835,0.10672054167175293
4.118477,3.9621823,0.15629471659851113
4.04077,3.9879608,0.052809184570312695
4.006233,4.0000753,0.006157659729003839
3.997599,3.9777732,0.01982581045532239
4.014867,3.97729,0.037577084915160874
4.006233,3.9686031,0.037629865844726496
4.08394,3.9421442,0.1417958444976808
4.04077,3.941422,0.09934801437377949
4.049404,3.950279,0.09912500257873536
3.988965,3.9624445,0.026520456161498895
4.032136,3.9651754,0.06696060975647011
3.919892,3.9696298,-0.049737764556884834
3.9112580000000006,3.9450943,-0.0338363470001215
4.101209,3.922804,0.1784048827972411
3.954428,3.9113762,0.04305176213073736
3.919892,3.9110014,0.008890556137084893
3.93716,3.8946266,0.04253338256835937
3.859453,3.9020863,-0.04263325793457051
3.928526,3.9014273,0.02709873101806659
3.93716,3.8555064,0.08165357986450195
3.902624,3.8470967,0.05552731840515124
3.902624,3.8457286,0.056895364212036004
3.876721,3.8394034,0.03731760911560045
3.902624,3.8482642,0.054359782623290887
3.954428,3.8404138,0.11401419117736822
3.963063,3.8358512,0.12721180752563477
3.988965,3.8446128,0.14435216316223132
4.08394,3.8592858,0.2246541685485841
3.824917,3.8927422,-0.06782515698242175
3.7731119999999994,3.9037368,-0.13062482975769107
3.764478,3.8842652,-0.11978718440246583
3.764478,3.8487535,-0.0842754523010254
3.721307,3.7983701,-0.07706312290954598
3.7385749999999995,3.7179012,0.0206737701416011
3.764478,3.697863,0.06661489804077148
3.7903800000000003,3.691962,0.09841799629211456
3.678137,3.6922145,-0.014077488983154307
3.678137,3.6849594,-0.00682241162109376
3.5572589999999997,3.6820922,-0.12483318978881863
3.617698,3.6590817,-0.0413836974639894
3.5658930000000004,3.624502,-0.05860894358825641
3.583161,3.5767553,0.006405714736938517
3.583161,3.5540307,0.029130343185424845
3.6263320000000006,3.5309148,0.09541721652221735
3.5658930000000004,3.5410986,0.02479440533447308
3.6263320000000006,3.534051,0.0922810585327154
3.634966,3.543146,0.09182010499572746
3.695405,3.5513992,0.1440057690429688
3.721307,3.5676403,0.15366669543457023
3.712673,3.5817075,0.13096552243042003
3.6436,3.6147099,0.02889014587402361
3.652234,3.6285467,0.023687285217285137
3.634966,3.6367674,-0.0018013873901367994
3.660868,3.6260903,0.034777711837768344
3.660868,3.6091166,0.05175144573974588
3.729941,3.595097,0.13484393502807634
3.729941,3.605219,0.12472211267089861
3.8421849999999997,3.6186635,0.22352145057678197
3.824917,3.6503208,0.17459623164367688
3.7990139999999997,3.6836197,0.1153942623748776
3.8421849999999997,3.7187402,0.1234447751617429
3.9457939999999994,3.741342,0.2044519322814935
3.954428,3.7758245,0.1786034531860352
4.032136,3.7926717,0.23946431954956093
3.988965,3.8272889,0.16167613395690905
4.04077,3.872519,0.16825098373413105
4.049404,3.9135473,0.13585672254943848
4.046757,3.934068,0.11268903544616737
4.055612,3.9546332,0.10097876406860351
4.037902,3.9586363,0.07926571612548816
4.170727,3.97227,0.19845698809814483
4.170727,3.9852188,0.18550823664855987
4.117597,4.0047474,0.11284960925292964
4.126452,4.0255785,0.10087350115966753
4.188437,4.044452,0.1439848096008305
4.135307,4.072295,0.06301181109619147
4.091032,4.0669174,0.024114580566406474
4.099887,4.0564156,0.04347144213867171
4.108742,4.0554223,0.05331969393920932
4.055612,4.050834,0.004777821075439448
4.082177,4.0261273,0.056049661590575894
4.073322,4.0132685,0.06005352923583995
4.055612,4.009828,0.045783909332275385
3.949351,4.0019884,-0.052637410949706975
3.9316410000000004,3.9806828,-0.04904184988403282
3.922786,3.9620974,-0.03931140638732922
3.9050760000000007,3.929735,-0.024658945297240553
4.011336,3.8937426,0.11759343865966798
3.9404959999999996,3.8694003,0.07109573716735795
3.9936260000000003,3.870151,0.12347495706176792
3.878511,3.8796313,-0.0011202808990478097
3.967061,3.883206,0.08385510934448259
3.781105,3.892692,-0.11158708908081039
3.781105,3.8608527,-0.07974771835327132
3.6837,3.8345675,-0.15086754684448245
3.6571349999999994,3.7791476,-0.12201262496948306
3.6217139999999994,3.738029,-0.11631500314331111
3.6040039999999998,3.6647558,-0.06075182122802758
3.4446130000000004,3.6285279,-0.18391487971496545
3.4534679999999995,3.572953,-0.11948498576355027
3.373773,3.5286212,-0.15484819674682626
3.373773,3.4756482,-0.1018751647491456
3.338353,3.4220476,-0.0836946150512694
3.285223,3.3649297,-0.07970667605590842
3.356063,3.337038,0.019024959838866984
3.214382,3.3079367,-0.09355466839599602
3.249802,3.286312,-0.03651010327148452
3.267512,3.2598028,0.007709181701660128
3.249802,3.2409723,0.008829719497680522
3.170107,3.2333026,-0.06319559323120139
3.196672,3.200286,-0.003613911560058636
3.161252,3.198502,-0.03725006375122053
2.87789,3.1824841,-0.3045941499328615
2.84247,3.13136,-0.28889005401611323
2.931021,3.0592208,-0.12819979086303723
2.904456,2.9985666,-0.09411062750244126
3.010716,2.9264672,0.08424881974792475
2.931021,2.8732665,0.05775454148864734
2.948731,2.890415,0.05831604676818847
2.727355,2.9170392,-0.1896841559600828
2.762775,2.9002473,-0.13747233543395998
2.523688,2.8768663,-0.3531783406372071
2.311167,2.7960885,-0.48492145710754375
2.337732,2.6930823,-0.35535033261108406
1.868415,2.560975,-0.6925600747680665
2.036661,2.4235404,-0.38687935377502436
1.87727,2.2540014,-0.37673137901306153
2.072081,2.1174562,-0.04537519773864762
2.125211,2.038085,0.08712601617431659
1.992386,1.9657323,0.026653663955688467
1.992386,2.0078003,-0.01541434065246583
2.098646,2.004445,0.09420092401123048
2.337732,2.047342,0.29038993800353996
2.222617,2.0701184,0.15249857272338874
2.196052,2.0903008,0.1057512015838622
2.036661,2.14649,-0.10982909704589838
1.992386,2.1857338,-0.19334779516601563
2.045516,2.1794994,-0.13398338774108876
1.9304,2.1067817,-0.1763817211151124
1.9746759999999999,2.0491617,-0.07448567259216321
2.098646,1.9946859,0.10396011170959474
2.134066,1.9911538,0.14291216374969462
2.125211,2.0109596,0.11425137475585956
2.089791,2.0256503,0.06414073716735835
2.089791,2.0698457,0.019945323577880814
2.027806,2.1013942,-0.0735881764831543
1.9481100000000002,2.0941288,-0.14601884712219215
1.965821,2.0646534,-0.09883239660644527
1.9835309999999997,2.0301044,-0.04657339872741728
1.9746759999999999,2.0021431,-0.02746714460754407
1.921545,1.9732113,-0.05166628845214838
1.87727,1.9547338,-0.07746384857177735
1.771009,1.9479632,-0.17695423776245112
1.84185,1.9202758,-0.07842580738067628
1.8861249999999998,1.8838507,0.0022743062973020756
1.939255,1.852838,0.08641696060180659
1.903835,1.8442816,0.05955344577789301
1.8507049999999998,1.8505526,0.00015244110107404119
1.903835,1.8795065,0.02432853122711176
1.903835,1.8918607,0.011974276504516546
1.85956,1.893925,-0.034364951553344625
1.771009,1.8793769,-0.10836788827514643
1.903835,1.862653,0.04118198295593256
1.8507049999999998,1.8639952,-0.013290194435119806
1.78872,1.8512838,-0.06256378868103019
1.717879,1.8324805,-0.11460154981231696
1.80643,1.8133712,-0.006941181488037129
1.78872,1.8163874,-0.02766741493225089
1.8861249999999998,1.7857568,0.100368173599243
1.8507049999999998,1.7790229,0.07168206794738752
1.921545,1.7924861,0.12905892841339117
1.8861249999999998,1.8327832,0.0533417778015135
1.89498,1.8531935,0.04178647850036632
2.080936,1.8793051,0.20163087571716298
2.293457,1.8999667,0.39349028323364266
2.107501,1.964226,0.14327499253845222
2.045516,2.0169604,0.02855561753845226
2.098646,2.0733273,0.025318697067260754
2.222617,2.1252906,0.09732636775207526
2.355443,2.1406164,0.21482658306884783
2.337732,2.1252887,0.21244327510070793
2.497123,2.171296,0.3258271187286379
2.656514,2.2567203,0.3997936955108643
2.585674,2.359192,0.22648210546875003
2.497123,2.4432392,0.05388378796386739
2.337732,2.4916513,-0.15391929661560066
2.399718,2.5235486,-0.12383060305786131
2.311167,2.5052557,-0.19408869915771465
2.266892,2.4331694,-0.1662773649291993
2.337732,2.3663945,-0.028662519805908282
2.293457,2.3217869,-0.028329880493163984
2.302312,2.3137202,-0.01140822628784166
2.399718,2.2897048,0.11001320034790041
2.408573,2.2973619,0.11121114926147468
2.293457,2.3237715,-0.03031447674560539
2.373153,2.3264856,0.04666736614990219
2.258037,2.3424265,-0.08438953846740738
2.373153,2.345895,0.027257948043823088
2.337732,2.3290899,0.008642120010375898
2.417428,2.3109074,0.10652063610839857
2.355443,2.3297176,0.025725363891601738
2.382008,2.3289618,0.05304615078735342
2.399718,2.358413,0.04130501896667482
2.488268,2.3617277,0.12654028546142593
2.461703,2.384033,0.07767003529357908
2.505978,2.3915808,0.11439717991638165
2.311167,2.4217021,-0.11053514653015117
2.320022,2.4302542,-0.11023222096252461
2.382008,2.4229088,-0.04090078295898447
2.346588,2.391992,-0.04540409213256824
2.311167,2.3646653,-0.05349826985168438
2.355443,2.3224022,0.03304076115417498
2.532544,2.330206,0.2023380826416017
2.567964,2.3542745,0.21368948866271964
2.470558,2.3804827,0.0900753263549805
2.541399,2.4177992,0.1235997656097414
2.647659,2.4698784,0.1777805648651123
2.594529,2.5236702,0.07085880346679696
2.567964,2.5372803,0.030683678878784093
2.514833,2.541871,-0.027038070861816532
2.373153,2.5638323,-0.19067928302001969
2.284602,2.5484457,-0.26384370159912107
2.240327,2.4842122,-0.24388516011047345
2.204907,2.414103,-0.20919603115844732
2.204907,2.3358684,-0.1309613586120606
2.178342,2.263191,-0.08484898472595237
2.151776,2.2199123,-0.0681362905731202
2.196052,2.1930227,0.0030292720336912993
2.204907,2.1781359,0.02677112811279292
2.187197,2.1743064,0.012890607330322101
2.169487,2.1707175,-0.0012304777984617488
2.089791,2.172058,-0.08226710546875005
2.116356,2.170433,-0.054077044433593624
2.072081,2.153288,-0.08120688757324235
2.072081,2.1271877,-0.0551067288818361
2.063226,2.1014843,-0.038258298706054905
2.063226,2.0774467,-0.014220699142456272
2.054371,2.0717144,-0.01734340124511702
2.027806,2.057826,-0.03002004217529297
2.027806,2.051498,-0.0236919362487793
2.107501,2.04274,0.06476089341735847
1.992386,2.0425985,-0.05021248594665528
2.080936,2.0362616,0.04467444146728505
2.107501,2.036078,0.07142302377319343
2.134066,2.0481274,0.08593858720397929
2.098646,2.0666099,0.03203614053344728
2.054371,2.0664797,-0.012108682922363112
2.063226,2.090451,-0.027225002120971897
2.063226,2.089002,-0.0257758939971926
2.027806,2.078733,-0.05092696737670899
2.116356,2.0574968,0.058859213882446415
2.160632,2.0512471,0.10938488009643565
2.142921,2.0653296,0.07759144830322251
2.249182,2.08209,0.1670920990295408
2.116356,2.1121259,0.004230126434326298
2.089791,2.1463568,-0.05656582106018071
2.089791,2.1509337,-0.061142742523193405
1.9835309999999997,2.1386476,-0.15511655630493193
2.045516,2.1163187,-0.0708027026977538
2.063226,2.0644317,-0.001205667327881077
1.9746759999999999,2.046818,-0.07214201795959485
1.939255,2.02877,-0.0895149699401856
2.001241,2.0024834,-0.0012423679199220494
2.001241,2.002778,-0.0015370532836915807
1.9835309999999997,1.9884088,-0.004877803939819625
2.054371,1.9695201,0.08485090798950212
2.142921,1.9798102,0.16311076211547837
2.151776,2.0124216,0.1393543920288085
2.178342,2.0399086,0.13843335246276833
2.187197,2.0765238,0.11067321917724593
2.231472,2.1232884,0.10818360697937024
2.204907,2.1593027,0.045604288513183544
2.222617,2.174967,0.0476499494476319
2.142921,2.1906703,-0.04774925184631362
2.080936,2.1930277,-0.11209173475646983
2.098646,2.1816065,-0.08296053114318847
2.142921,2.1528158,-0.00989481878662124
2.134066,2.131526,0.0025400066528318277
2.169487,2.1071467,0.06234026004028337
2.222617,2.107741,0.11487588252258307
2.266892,2.1324065,0.13448552684020987
2.160632,2.1626341,-0.002002134292602431
2.063226,2.177921,-0.11469505674743674
2.001241,2.181532,-0.18029090612792986
1.89498,2.1592708,-0.2642907633972167
1.9304,2.101661,-0.17126096687316905
1.992386,2.022743,-0.030356986679077158
1.992386,1.9720043,0.020381705604553213
2.151776,1.9490025,0.20277349565124503
2.196052,1.9605976,0.23545436568450917
2.355443,2.016606,0.33883690754699725
2.532544,2.090682,0.44186197027587903
2.470558,2.1844175,0.28614051380920413
2.399718,2.2943823,0.10533566624450685
2.479413,2.3654952,0.11391779507446298
2.541399,2.4302866,0.11111235411071796
2.576819,2.4634247,0.11339431738281247
2.452848,2.4623892,-0.009541230728149497
2.479413,2.4716506,0.00776239956665048
2.382008,2.4955924,-0.11358435572814951
2.426283,2.4874163,-0.06113326739501934
2.461703,2.459533,0.0021700238494872792
2.443993,2.4249558,0.01903715512084947
2.417428,2.4218976,-0.004469649765014516
2.355443,2.4105892,-0.05514621813964826
2.532544,2.4156604,0.11688361868286146
2.550254,2.421107,0.12914694624328593
2.559109,2.4288056,0.13030341032409654
2.576819,2.4498527,0.12696629499816892
2.612239,2.484667,0.12757193724060079
2.621094,2.5413299,0.07976413931274395
2.647659,2.5586743,0.08898466452026366
2.78934,2.5770285,0.21231148704528824
2.77163,2.610374,0.1612560261535645
2.674224,2.649564,0.024659972213745274
2.745065,2.6765273,0.06853773826599108
2.798195,2.7038286,0.0943664267730715
2.82476,2.7305987,0.09416131187438959
2.844031,2.7297595,0.11427154527282735
2.762254,2.7408247,0.02142930059814452
2.753168,2.7722213,-0.01905332682800287
2.744081,2.7811165,-0.03703548559570313
2.77134,2.7720964,-0.0007563954925537963
2.753168,2.756229,-0.0030609237976073622
2.834945,2.7347393,0.10020569641113264
2.77134,2.7411318,0.030208217468261633
2.780427,2.7492468,0.031180164291381818
2.716822,2.7594292,-0.042607216384887625
2.780427,2.7561958,0.024231216384887677
2.789513,2.7583573,0.03115571354675284
2.716822,2.7427406,-0.025918631103515555
2.789513,2.7378967,0.05161631916809073
2.689563,2.7342644,-0.04470137377929673
2.89855,2.7389555,0.15959450225830096
2.7986,2.7428422,0.055757802581787086
2.902975,2.746571,0.15640393600463876
2.7843,2.7790036,0.005296379852294919
2.802558,2.7892778,0.013280208023071172
2.775172,2.8209374,-0.04576539509582522
2.683883,2.7961295,-0.11224646510314962
2.556079,2.7835944,-0.22751536988830567
2.601723,2.724696,-0.12297292094421408
2.647368,2.6853404,-0.03797240451049788
2.610852,2.6408558,-0.030003789184570362
2.647368,2.6014802,0.045887754409790205
2.54695,2.588214,-0.041263920593261894
2.647368,2.5990045,0.04836349293518083
2.665625,2.6020951,0.06352987289428702
2.702141,2.5989447,0.10319633599853528
2.656496,2.6122699,0.04422612161254902
2.665625,2.617518,0.048107051849365146
2.583466,2.6478462,-0.06438022192382808
2.565208,2.644757,-0.07954903239440902
2.583466,2.628889,-0.04542308386230465
2.583466,2.600535,-0.017068915924072225
2.54695,2.5820048,-0.0350547855377199
2.62911,2.5576322,0.07147779212951644
2.619981,2.5593517,0.06062931733703625
2.519564,2.5690618,-0.04949775613403329
2.565208,2.5667424,-0.0015344201965330484
2.46479,2.5629272,-0.09813724609375019
2.519564,2.557071,-0.037506970535278406
2.492177,2.5285926,-0.03641558651733412
2.39176,2.499506,-0.10774599670410145
2.327858,2.4838514,-0.15599343280029299
2.282213,2.4427376,-0.16052457934570308
2.300471,2.4122014,-0.11173040457153327
2.327858,2.3608847,-0.03302666644287111
2.428275,2.3161552,0.11211980476379413
2.473919,2.3077478,0.16617115911865232
2.336987,2.3286307,0.008356314193725733
2.410017,2.3562493,0.05376766757202134
2.473919,2.3811882,0.09273084577941892
2.510435,2.4060538,0.10438121849060078
2.510435,2.4146466,0.09578837448120137
2.501306,2.4186866,0.08261937165832522
2.473919,2.459466,0.014453019470214823
2.54695,2.4799411,0.06700887031555158
2.519564,2.4894826,0.03008135877990714
2.619981,2.491099,0.12888188081359875
2.62911,2.5033367,0.12577333198547347
2.528692,2.526397,0.0022950101776122445
2.437404,2.5515137,-0.1141096718750001
2.446533,2.544939,-0.09840604113769524
2.446533,2.5353374,-0.08880444812011712
2.46479,2.4948015,-0.030011521301269717
2.501306,2.4514885,0.049817505126953154
2.501306,2.4377706,0.06353539491271976
2.437404,2.450304,-0.012900031372070409
2.483048,2.4564595,0.02658847775268569
2.519564,2.4633944,0.05616959654235831
2.483048,2.46988,0.013167895935058738
2.565208,2.4670153,0.09819273358154312
2.528692,2.4720647,0.056627266494750916
2.501306,2.4947681,0.006537857299804717
2.528692,2.5039847,0.024707310287475526
2.574337,2.5048943,0.069442743408203
2.601723,2.5195804,0.08214263577270486
2.62911,2.5203784,0.10873164878845198
2.610852,2.537605,0.0732469527740478
2.592594,2.5643554,0.028238626617431706
2.647368,2.5833728,0.06399516865539567
2.693012,2.5950556,0.0979564198608398
2.665625,2.6072648,0.05836024284362784
2.619981,2.6154013,0.004579731994629022
2.574337,2.6249685,-0.05063152874755872
2.601723,2.6313255,-0.02960248332214377
2.638239,2.6208978,0.017341230072021485
2.537821,2.6013513,-0.06353026113891591
2.510435,2.581361,-0.07092605537414531
2.483048,2.564806,-0.08175798449707017
2.54695,2.5511217,-0.004171711730957206
2.848202,2.5313878,0.3168141940612794
2.848202,2.534374,0.31382800135803235
2.930362,2.586478,0.3438840050811769
2.985135,2.6689959,0.31613914276123056
2.939491,2.7770095,0.16248151284790024
2.939491,2.873966,0.06552502137756333
3.021651,2.897897,0.12375399491882311
3.049037,2.9294007,0.1196363175506594
3.039908,2.948487,0.09142095661926275
3.058166,2.9588268,0.09933921968078607
3.058166,2.984746,0.07342002069091791
3.012522,3.0126166,-9.463436889634025e-05
3.039908,3.0166574,0.02325064755249029
3.012522,3.0137343,-0.0012123406677244652
3.003393,3.010318,-0.006925040847778341
3.076424,2.9997475,0.07667648527526838
3.158583,2.994751,0.16383202343750014
3.3411599999999995,3.0132728,0.3278872377014155
3.478093,3.051783,0.4263099151306151
3.459836,3.1289172,0.33091878274536146
3.532866,3.2270725,0.3057935226593016
3.560253,3.3240805,0.2361725327758788
3.560253,3.4120781,0.1481748578338622
3.459836,3.461196,-0.0013599457397459602
3.468964,3.4703104,-0.001346449600219568
3.414191,3.4786189,-0.06442786024475078
3.496351,3.4600785,0.03627252214050314
3.4872220000000005,3.43691,0.050312085983276855
3.459836,3.4158468,0.04398917535400404
3.4324490000000005,3.418457,0.013991968750000527
3.368547,3.415508,-0.046961031845092815
3.3959340000000005,3.4167085,-0.02077446939086869
3.3411599999999995,3.3940446,-0.05288463768005425
3.277258,3.3664975,-0.0892395166320803
3.322903,3.3351302,-0.012227214691161947
3.140326,3.3080125,-0.16768648550415044
3.222485,3.2779458,-0.055460756912231624
3.18597,3.2363496,-0.05037958267211895
3.140326,3.2026815,-0.06235554144287114
3.085553,3.1772811,-0.09172814128112794
3.131197,3.131415,-0.0002178902893068546
3.067295,3.1281054,-0.06081040199279775
3.076424,3.0979211,-0.02149713304138201
3.030779,3.0735397,-0.04276073388671886
3.067295,3.0543737,0.012921258850097761
3.112939,3.0480213,0.06491768347167959
3.140326,3.0352871,0.10503885820007319
3.167712,3.044845,0.12286689578247056
3.10381,3.0595741,0.044235872802734555
3.094681,3.0838208,0.010860180145263687
2.930362,3.095796,-0.16543410824584948
2.921233,3.0777848,-0.1565517766876221
2.976006,3.0384977,-0.06249168638610847
2.930362,2.9888556,-0.05849360035705553
2.912104,2.9499626,-0.03785861596679707
2.966877,2.909711,0.05716611590576193
2.957749,2.9129937,0.04475533049011249
3.030779,2.919925,0.11085402555847157
3.039908,2.921742,0.11816603756713873
2.893847,2.9417436,-0.04789661228942865
2.94862,2.9561641,-0.007544121627807598
2.966877,2.9540236,0.01285340037536642
2.884718,2.9535916,-0.06887358515930186
2.893847,2.9276505,-0.03380345166015619
2.939491,2.8958123,0.04367872697448716
2.930362,2.9018624,0.028499617111206188
2.921233,2.8954053,0.02582770748901364
2.875589,2.88485,-0.00926102517700178
2.848202,2.890115,-0.041913022659301635
2.848202,2.8867407,-0.03853868450927722
2.793429,2.8677306,-0.0743016175231932
2.793429,2.8431833,-0.049754279037475424
2.756914,2.8160079,-0.0590938525543212
2.839073,2.7937806,0.04529243473815914
2.912104,2.782358,0.12974606886291484
2.902975,2.7820344,0.12094060287475594
2.985135,2.8026297,0.18250529075622568
3.030779,2.835798,0.1949809748687743
2.930362,2.8900735,0.04028846217346205
2.94862,2.9216309,0.02698914062500002
2.985135,2.9337947,0.05134026313781748
2.976006,2.9498668,0.026139228302001882
2.994264,2.9461834,0.04808055693054181
2.875589,2.9340353,-0.05844630120849592
2.86646,2.936878,-0.07041796592712402
2.921233,2.9265816,-0.005348621170043977
2.775172,2.906785,-0.13161301129150393
2.7843,2.8757687,-0.09146866149902344
2.747785,2.832286,-0.08450088104248055
2.802558,2.8094978,-0.006939833251953242
2.811687,2.788852,0.022835023605346727
2.766043,2.7573044,0.008738569992065237
2.766043,2.7597485,0.00629454113769512
2.702141,2.7581823,-0.0560412872161864
2.647368,2.757722,-0.11035390093994124
2.665625,2.7326877,-0.06706271171569833
2.665625,2.6999335,-0.03430852890014657
2.693012,2.6756432,0.017368794357299766
2.665625,2.653245,0.012380027770996005
2.62911,2.6461182,-0.017008164062500164
2.54695,2.648352,-0.10140190773010271
2.556079,2.6347177,-0.0786387028656006
2.519564,2.6137311,-0.09416714585876473
2.537821,2.57813,-0.04030900679016103
2.501306,2.5466833,-0.045377311462402314
2.492177,2.520091,-0.027914056823730604
2.473919,2.5103257,-0.03640667024230959
2.446533,2.4943552,-0.04782220172119134
2.501306,2.482189,0.019117059951782256
2.46479,2.4675992,-0.0028091535186769434
2.46479,2.4607022,0.004087819137573057
2.519564,2.4552453,0.06431874357604972
2.528692,2.4591532,0.06953882464599603
2.54695,2.4741611,0.07278885192871076
2.54695,2.4804552,0.06649483985900861
2.437404,2.4988947,-0.06149069146728525
2.492177,2.507928,-0.01575089459228529
2.400889,2.5012314,-0.10034243196105974
2.39176,2.4821982,-0.09043823837280263
2.483048,2.4510047,0.03204325642395034
2.46479,2.424538,0.04025210289001446
2.446533,2.4278045,0.01872852993774421
2.683883,2.4179924,0.26589064656066874
2.702141,2.454139,0.24800200578308118
2.7843,2.5108433,0.27345672302246093
2.738656,2.5649846,0.17367143998718282
2.86646,2.6315897,0.23487034889221192
2.86646,2.7173104,0.14914957138061524
2.939491,2.7535386,0.18595239144897446
2.875589,2.7977192,0.07786975981140154
2.921233,2.8235145,0.09771853848266598
2.902975,2.864444,0.03853098258972176
2.912104,2.874157,0.03794704809570293
2.86646,2.884425,-0.01796492485046386
2.86646,2.8728354,-0.006375397720336906
2.848202,2.8738933,-0.025691260955810424
2.857331,2.8599083,-0.002577342361450352
2.839073,2.848935,-0.009861888839721722
2.793429,2.8334954,-0.04006637849426253
2.775172,2.8235111,-0.04833912365722659
2.7843,2.8076932,-0.0233932430267334
2.766043,2.793393,-0.027349896652221872
2.693012,2.7736642,-0.08065223606872562
2.647368,2.749725,-0.10235710337829573
2.574337,2.7265298,-0.1521928366546632
2.510435,2.6935163,-0.18308125442504863
2.565208,2.642628,-0.07741995448303207
2.574337,2.5919905,-0.017653470886230593
2.574337,2.559275,0.015062088119506711
2.610852,2.5392082,0.0716438262481689
2.619981,2.5422504,0.07773060517883312
2.537821,2.5651848,-0.02736383161926259
2.565208,2.5689278,-0.0037197648925779703
2.556079,2.5684063,-0.012327343460083018
2.583466,2.5655005,0.017965502182006876
2.556079,2.5549355,0.001143544677734365
2.54695,2.5412307,0.005719321441650216
2.565208,2.5462036,0.019004386718750155
2.526599,2.5448294,-0.018230368591308554
2.526599,2.542308,-0.01570909211730953
2.593089,2.5306835,0.06240548254394529
2.602587,2.5309381,0.07164885150146505
2.602587,2.5384111,0.06417585955810567
2.593089,2.5450106,0.048078433288574196
2.574092,2.562293,0.011798947326659981
2.621584,2.5775754,0.044008554824829016
2.659578,2.5792603,0.08031765072631858
2.58359,2.5846596,-0.0010695764160155719
2.574092,2.5871236,-0.013031632431030449
2.498104,2.5883062,-0.09020218858337392
2.469608,2.5835977,-0.11398966006469724
2.46011,2.556691,-0.09658093132019063
2.469608,2.5131176,-0.04350955180358884
2.517101,2.4853675,0.031733463455200006
2.555095,2.4638045,0.09129051658630383
2.58359,2.4683857,0.11520430358886724
2.612086,2.4880533,0.12403267816162122
2.479107,2.5179462,-0.03883924328613286
2.517101,2.5370014,-0.01990037138366718
2.517101,2.5405197,-0.02341871435546894
2.536098,2.531925,0.00417303700256344
2.555095,2.5168736,0.03822140190124523
2.65008,2.49825,0.15182999237060546
2.612086,2.5244124,0.08767360643005384
2.688074,2.5457199,0.14235413801574692
2.631083,2.5767512,0.05433176785278304
2.688074,2.6036034,0.08447063696289048
2.678575,2.630331,0.04824396057128899
2.621584,2.6357176,-0.014133630386352625
2.574092,2.6459343,-0.07184234333801287
2.574092,2.6291766,-0.05508461666870135
2.58359,2.6204135,-0.03682354179382319
2.574092,2.5948055,-0.020713479049682793
2.640581,2.5698667,0.07071434274291999
2.669077,2.5650768,0.10400017199707046
2.707071,2.5794811,0.12758987512207032
2.754563,2.6026556,0.15190735081481943
2.802056,2.6337945,0.16826145387268054
2.792557,2.6781907,0.11436629183959957
2.716569,2.7119553,0.004613691085815219
2.735566,2.7341173,0.0014487304840087312
2.745065,2.7441547,0.0009103083038328741
2.811554,2.7412043,0.07034973822021495
2.735566,2.732745,0.002821067825317325
2.811554,2.7245536,0.08700041494750987
2.783059,2.740493,0.042565940841674976
2.678575,2.7525365,-0.0739615352630616
2.707071,2.752047,-0.04497606192016601
2.678575,2.7304265,-0.051851549911499095
2.593089,2.7216127,-0.12852369187927248
2.488605,2.68227,-0.19366505004882795
2.507602,2.6322753,-0.1246733429412843
2.631083,2.5977473,0.03333567410278304
2.536098,2.56249,-0.02639198641967777
2.469608,2.5319214,-0.062313386718749975
2.488605,2.5148425,-0.026237510223388494
2.488605,2.5192332,-0.03062822677612287
2.564593,2.5154843,0.04910866696166982
2.631083,2.487398,0.14368509083557113
2.697572,2.4950817,0.2024903368682862
2.716569,2.534341,0.18222790312194803
2.754563,2.5805657,0.1739973090057374
2.77356,2.6369853,0.13657469802856426
2.77356,2.6820238,0.09153623634338359
2.849548,2.7145712,0.13497676243591306
2.906539,2.74002,0.1665189633026123
3.020521,2.7725089,0.2480121403656006
2.982527,2.8145523,0.1679746928710939
3.068013,2.86095,0.20706300686645518
3.125004,2.919989,0.20501489096069347
3.115506,2.9732435,0.14226252503967274
3.039518,3.0193286,0.020189405792236492
2.982527,3.0338748,-0.05134775013732895
2.982527,3.0480733,-0.0655462917785643
2.96353,3.0336957,-0.07016569778442383
3.077512,2.9989347,0.0785772542114258
3.049016,2.974438,0.07457804795837397
2.982527,2.9728787,0.009648305465698392
2.944533,2.9816918,-0.03715883731079117
2.954031,2.9832976,-0.029266586441039966
2.973028,2.9845254,-0.011497442123413304
3.020521,2.9567657,0.06375534829711915
2.954031,2.9411852,0.012845764022827222
2.868545,2.9398348,-0.07128983314514148
2.906539,2.9374275,-0.03088852075195314
2.77356,2.9283078,-0.15474777168273945
2.77356,2.8989303,-0.12537031120300313
2.802056,2.8475971,-0.04554112219238293
2.764062,2.809586,-0.045524048126220684
2.678575,2.7879863,-0.10941127853393562
2.688074,2.7465477,-0.05847369897460952
2.745065,2.7315142,0.013550784530639515
2.574092,2.7179368,-0.14384475422668475
2.488605,2.6829257,-0.19432070114135724
2.479107,2.6389358,-0.15982880436706548
2.507602,2.6022215,-0.09461948895263683
2.526599,2.5573525,-0.030753542877197226
2.640581,2.498883,0.1416979910430909
2.716569,2.496064,0.22050505232238748
2.745065,2.5317805,0.2132845186614989
2.792557,2.5841725,0.20838451274108882
2.659578,2.6426253,0.01695266812133811
2.678575,2.69051,-0.011935034561157298
2.678575,2.7056916,-0.027116576004028392
2.754563,2.6984847,0.056078340805053806
2.745065,2.6896167,0.055448319854736194
2.726068,2.673393,0.05267498890686051
2.792557,2.691175,0.10138201602172847
2.811554,2.7107565,0.1007974597015382
2.811554,2.736286,0.07526807508850109
2.783059,2.747065,0.035993932708740406
2.783059,2.7597976,0.023261426910400562
2.745065,2.775936,-0.030870888290405407
2.735566,2.770709,-0.03514303778076178
2.65008,2.7564194,-0.10633942024230958
2.640581,2.7311323,-0.09055126890563958
2.574092,2.7043571,-0.13026514721679705
2.536098,2.665898,-0.12980008464050297
2.422116,2.6256797,-0.20356373136901862
2.384122,2.5700088,-0.18588675473022453
2.412617,2.5199528,-0.10733577404785155
2.327131,2.4655647,-0.13843372778320306
2.365125,2.4165635,-0.05143851089477547
2.384122,2.3742983,0.009823665878295973
2.403119,2.3614366,0.04168239454650857
2.39362,2.3611724,0.03244756233215318
2.441113,2.3556736,0.08543944844055185
2.46011,2.376959,0.08315091453552226
2.384122,2.3942516,-0.010129585006713793
2.450611,2.4028583,0.0477527427062987
2.384122,2.4097168,-0.025594844558715746
2.431614,2.4143507,0.017263251937866375
2.431614,2.4084105,0.023203450836181805
2.46011,2.3992937,0.060816338882446086
2.498104,2.4128463,0.08525767317199717
2.545596,2.4165208,0.12907516603088398
2.441113,2.4457524,-0.0046393822784422944
2.384122,2.4588804,-0.07475842449951164
2.526599,2.4620636,0.06453544905090336
2.555095,2.464386,0.09070901367187512
2.517101,2.46553,0.051571081329345514
2.507602,2.4581041,0.049497866394042855
2.517101,2.477391,0.03970999543762188
2.46011,2.5106404,-0.050530382766723836
2.479107,2.5024264,-0.023319385879516652
2.479107,2.48487,-0.005762956970214894
2.555095,2.4756012,0.07949380371093762
2.58359,2.4757342,0.10785576614379888
2.688074,2.4820435,0.20603049528503403
2.735566,2.518534,0.21703205491638178
2.678575,2.5657673,0.11280771179199212
2.631083,2.6168535,0.014229524429321128
2.593089,2.645193,-0.05210409997558596
2.58359,2.658262,-0.07467201438903803
2.640581,2.6384153,0.0021656633911133483
2.621584,2.6084723,0.01311165274047843
2.707071,2.5933142,0.11375682916259766
2.678575,2.599187,0.0793881027221679
2.802056,2.6183305,0.183725521331787
2.754563,2.6537106,0.10085239628601084
2.811554,2.67994,0.13161401472473155
2.849548,2.7185488,0.1309992252807617
2.821053,2.744465,0.0765878873138428
2.830551,2.7795513,0.05099973237609845
2.878043,2.7859426,0.09210044552612295
2.84005,2.809228,0.03082205657959003
2.792557,2.8181546,-0.025597573440551802
2.830551,2.8126433,0.017907710433959778
2.887542,2.813814,0.07372807521057112
2.887542,2.8180568,0.06948517817687971
2.878043,2.815188,0.06285506893920889
2.887542,2.824113,0.06342910784912092
2.802056,2.846535,-0.04447896742248547
2.754563,2.8517838,-0.09722075244140616
2.735566,2.8323774,-0.09681143377685553
2.783059,2.8038077,-0.020748735443115063
2.783059,2.7765796,0.006479381546020679
2.830551,2.7479687,0.08258232629394513
2.77356,2.7466366,0.026923370895385546
2.849548,2.755953,0.09359492649841306
2.878043,2.7757204,0.10232264210510245
2.792557,2.7905219,0.002035139877319292
2.77356,2.8014991,-0.027939128341675
2.726068,2.79558,-0.06951191027832015
2.688074,2.7947307,-0.1066566632995607
2.811554,2.7651713,0.04638271055603038
2.849548,2.7347372,0.1148108421783447
2.802056,2.7350624,0.06699363923645008
2.84005,2.7428753,0.09717466239929218
2.735566,2.7672331,-0.0316671333160401
2.659578,2.7927997,-0.13322171122741677
2.688074,2.7737374,-0.08566343057250991
2.754563,2.7382896,0.01627340534973154
2.716569,2.7172174,-0.0006484453735353668
2.688074,2.6868575,0.0012165380706785633
2.954031,2.680195,0.27383590684509285
2.944533,2.7162032,0.22832978726196274
2.916037,2.7616448,0.1543921597595217
2.89704,2.7988482,0.09819184783935553
2.745065,2.8472466,-0.10218164688110365
2.745065,2.8861935,-0.1411285138702394
2.659578,2.8470197,-0.1874416723937986
2.65008,2.794032,-0.14395209686279298
2.688074,2.7371242,-0.049050204635620265
2.602587,2.6830554,-0.08046840084838847
2.65008,2.658402,-0.008321966094970712
2.659578,2.6332932,0.02628484814453147
2.621584,2.6305404,-0.008956370941162195
2.688074,2.6274905,0.06058347952270493
2.792557,2.6199439,0.1726131428070068
2.688074,2.647304,0.04076994192504868
2.631083,2.6625724,-0.031489383880615396
2.659578,2.6686416,-0.00906356723022439
2.745065,2.6806457,0.06441929573059069
2.783059,2.6819859,0.10107314489746111
2.887542,2.6668925,0.22064947146606428
2.906539,2.6950562,0.21148279997253416
2.821053,2.7507255,0.07032749226379398
2.925536,2.7986112,0.12692483590698256
3.077512,2.8329744,0.24453756610107424
2.973028,2.877308,0.09572010815429666
3.039518,2.8996942,0.13982379566955583
2.992025,2.9255257,0.06649933471679681
2.783059,2.971796,-0.1887370357666014
2.84005,2.9700055,-0.12995551223754864
2.821053,2.9201238,-0.09907081553649899
2.849548,2.887542,-0.037994009353637725
2.688074,2.8373885,-0.14931451547241226
2.678575,2.7845874,-0.10601238327026374
2.726068,2.7718139,-0.0457458694763182
2.77356,2.7418897,0.031670284805297655
2.726068,2.7205558,0.005512217681884923
2.77356,2.6921747,0.08138532691955547
2.764062,2.708213,0.055848909103393574
2.783059,2.728257,0.05480205915832537
2.77356,2.7390795,0.03448052459716777
2.89704,2.7390802,0.15795980934143072
2.925536,2.7630918,0.16244419740295424
2.944533,2.787092,0.15744102955627426
2.859046,2.8230352,0.036010759826660355
2.849548,2.8515685,-0.0020204604644775692
2.878043,2.8775055,0.0005374591522215866
2.821053,2.871707,-0.050653962585449186
2.77356,2.852996,-0.07943611091613789
2.726068,2.8215034,-0.09543540080261215
2.707071,2.8009274,-0.09385640058898925
2.707071,2.7739131,-0.06684214506530761
2.659578,2.734794,-0.07521590144348123
2.621584,2.7027912,-0.0812072139892579
2.707071,2.674629,0.03244202699279786
2.76,2.661457,0.09854293823242166
2.75,2.6614552,0.08854484558105469
2.76,2.6672196,0.0927803611755369
2.81,2.689338,0.12066203117370611
2.72,2.7276793,-0.007679252624511523
2.75,2.740232,0.009768009185791016
2.75,2.7386553,0.011344671249389648
2.72,2.7387307,-0.01873066902160625
2.59,2.7329123,-0.14291230201721206
2.61,2.7001014,-0.09010137557983411
2.64,2.6807375,-0.04073749542236316
2.71,2.6514742,0.05852576255798336
2.72,2.6289084,0.09109160423278828
2.76,2.6210856,0.13891435623168924
2.72,2.654207,0.06579300880432148
2.74,2.6836696,0.056330432891845916
2.71,2.7072334,0.0027665710449218395
2.72,2.7111423,0.008857698440551953
2.65,2.7115626,-0.061562633514404386
2.6,2.6948378,-0.0948378086090087
2.6,2.6778507,-0.07785072326660147
2.57,2.649045,-0.07904499053955094
2.63,2.620704,0.009296064376830948
2.68,2.592008,0.08799188613891618
2.68,2.588244,0.09175603866577164
2.65,2.6026287,0.047371292114257724
2.62,2.6177278,0.002272243499755966
2.66,2.6366205,0.023379478454589986
2.59,2.6412334,-0.05123344421386733
2.58,2.627393,-0.04739300727844231
2.51,2.608481,-0.09848093032836935
2.5,2.5868866,-0.08688664436340332
2.49,2.564663,-0.07466293334960916
2.5,2.5268886,-0.026888608932495117
2.45,2.504488,-0.054487991333007635
2.44,2.4793065,-0.039306459426879936
2.51,2.4670253,0.04297472000122049
2.49,2.46119,0.02881001472473166
2.52,2.4593675,0.06063248634338381
2.5,2.4593785,0.04062151908874512
2.52,2.4727151,0.04728486061096193
2.52,2.4903245,0.029675502777099627
2.54,2.491705,0.0482950592041016
2.58,2.5006287,0.07937129020690925
2.55,2.5078855,0.042114543914794744
2.57,2.5211284,0.04887158393859847
2.55,2.53156,0.01844005584716779
2.58,2.541129,0.03887088775634773
2.52,2.5476518,-0.027651767730712873
2.52,2.5399466,-0.019946556091308576
2.61,2.5363314,0.07366858482360827
2.57,2.534372,0.03562790870666488
2.63,2.538729,0.09127104759216298
2.62,2.5425816,0.07741844177246104
2.58,2.5649724,0.015027599334716868
2.56,2.5850334,-0.02503341674804682
2.65,2.5786903,0.0713097095489501
2.65,2.587788,0.06221189498901358
2.71,2.5866401,0.12335988044738766
2.69,2.5974312,0.09256881713867182
2.68,2.622601,0.05739896774292008
2.63,2.6535597,-0.023559684753418075
2.63,2.6571224,-0.027122373580932724
2.59,2.6563902,-0.06639019012451186
2.63,2.6341908,-0.004190797805786239
2.66,2.6166809,0.04331913948059096
2.78,2.6053538,0.17464616775512676
2.86,2.6212835,0.23871646881103503
2.87,2.655971,0.21402894973754893
2.82,2.713916,0.10608393669128402
2.81,2.7645745,0.04542547225952154
2.82,2.8061745,0.013825483322143395
2.82,2.816712,0.003288097381591637
2.84,2.8066354,0.03336462020874009
2.82,2.796021,0.023979015350341637
2.91,2.797423,0.11257711410522475
2.97,2.8096194,0.16038057327270527
2.93,2.831272,0.09872811317443864
2.94,2.8572276,0.08277243614196772
2.95,2.8812034,0.06879658699035662
2.92,2.911799,0.008201045989990163
2.85,2.9178672,-0.06786718368530265
2.88,2.9006894,-0.020689363479614364
2.83,2.8900816,-0.06008164405822747
2.82,2.8703432,-0.05034320831298844
2.79,2.8431115,-0.05311151504516598
2.77,2.8176076,-0.047607641220092756
2.8,2.803698,-0.0036980628967286933
2.8,2.781953,0.018046903610229315
2.79,2.772999,0.01700095176696781
2.8,2.7663162,0.03368382453918439
2.88,2.7679036,0.11209643363952626
2.91,2.7826486,0.12735143661499038
2.89,2.7989628,0.09103716850280774
2.87,2.8194587,0.0505412769317628
2.86,2.842391,0.017608985900878782
2.88,2.8606083,0.01939166069030751
2.9,2.8590803,0.04091968536376944
2.91,2.8525124,0.05748764038085952
2.96,2.853895,0.10610505104064938
2.94,2.8671744,0.07282561302185053
2.91,2.885637,0.02436295509338393
2.9,2.8974957,0.002504253387451083
2.88,2.9015925,-0.021592493057251083
2.89,2.8989193,-0.008919343948364133
2.88,2.8821757,-0.002175683975219833
2.94,2.8687634,0.07123655319213862
2.91,2.8678014,0.04219857215881362
2.91,2.8703918,0.03960815429687514
2.83,2.878368,-0.0483679008483886
2.79,2.876057,-0.08605690956115719
2.82,2.8660936,-0.04609363555908219
2.9,2.8374538,0.06254615783691397
2.88,2.8223715,0.0576285171508788
2.98,2.811184,0.1688160705566406
2.99,2.8323088,0.157691230773926
3.0,2.8726282,0.12737178802490234
3.1,2.9118667,0.18813333511352548
3.08,2.9446251,0.13537486076354988
3.1,2.9887755,0.11122450828552255
3.14,3.0138283,0.1261717224121095
3.13,3.0432472,0.08675277709960927
3.09,3.073081,0.016918983459472514
3.11,3.0760446,0.03395544052124011
3.19,3.083558,0.10644191741943354
3.22,3.0934644,0.12653562545776387
3.2,3.1021693,0.0978307247161867
3.19,3.1175597,0.07244032859802241
3.19,3.143746,0.046254100799560494
3.1,3.1644995,-0.06449952125549308
3.1,3.156176,-0.05617609024047843
3.18,3.1336968,0.046303205490112465
3.18,3.1195915,0.060408525466919105
3.13,3.1115353,0.018464689254760636
3.0,3.101911,-0.10191106796264648
3.03,3.1000316,-0.07003161430358906
3.05,3.0897691,-0.03976912498474139
3.0,3.0567102,-0.056710243225097656
3.02,3.0182447,0.001755256652832049
3.06,2.9913452,0.06865483283996587
3.04,2.999975,0.0400250339508057
3.04,3.0020287,0.03797129631042484
3.02,2.9998283,0.020171661376953143
3.02,3.0080788,0.011921186447143572
3.09,3.0097022,0.08029779434204087
