Actual,Predicted,Error
32.435355,32.281822,0.15353279541015752
32.47171133333334,32.217632,0.2540790396321668
32.44094866666667,32.384537,0.056411923502608374
32.55561066666666,32.254177,0.3014335731608
32.717815333333334,32.29572,0.4220961866048185
32.977902,32.32948,0.6484227824707034
33.24078566666666,32.501778,0.7390080177408791
33.23239566666666,32.7215,0.5108952699381462
33.064597666666664,33.025433,0.039165079996742236
32.98069866666666,33.274265,-0.2935666226399789
33.064598000000004,32.8964,0.16819754833984746
33.20442966666667,32.702415,0.5020142003580759
33.210022666666674,33.016,0.194023826334643
33.22680233333334,33.017822,0.20898006770833888
33.23239566666667,33.032158,0.20023776871745014
33.237989,33.09714,0.14084773413085827
33.237989000000006,33.080933,0.157056382812506
33.35824433333334,33.065784,0.2924598789876356
33.39460066666667,33.120403,0.27419737687174717
33.45612666666667,33.087196,0.36893031656901343
33.383414,33.34184,0.041575163330080045
33.481296,33.264603,0.2166933388671879
33.54561833333334,33.264816,0.2808020491536496
33.65189066666667,33.221542,0.4303483082682291
33.758163,33.466225,0.291938329589847
33.74418,33.45592,0.28825882690429694
33.65468766666667,33.508553,0.14613511539713642
33.44773666666667,33.779354,-0.33161742879231326
33.41977033333333,33.50138,-0.081610587076824
33.433753333333335,33.322136,0.11161740804036668
33.595958,33.265663,0.33029485302734685
33.90358766666667,33.314404,0.5891841327311198
34.18045433333334,33.29506,0.8853951292317745
34.28113333333334,33.617794,0.6633392964681022
34.127318333333335,34.0967,0.03061957234700685
34.085369,34.116264,-0.030895343261718722
34.05460600000001,34.05933,-0.004723986572258809
34.079776,33.87409,0.2056877126464869
34.135708666666666,33.98836,0.1473473080240879
34.29232,33.954185,0.33813451416015283
34.641899,33.892082,0.7498167856445335
34.918765666666665,34.10815,0.8106151844889311
35.011054666666666,34.334457,0.6765972692057289
34.80410366666667,34.78024,0.023864561442060506
34.630712333333335,34.95316,-0.32244699894205553
34.55520333333333,34.761456,-0.2062522025553406
34.68664533333334,34.432884,0.25376111702474446
34.902761,34.494736,0.40802528222656065
34.944516666666665,34.47558,0.46893835856119637
34.874228333333335,34.64393,0.23029980550130347
34.896720333333334,35.01593,-0.11920984244791555
35.33531933333333,34.684826,0.650493436116534
35.87232166666666,34.546265,1.3260570182291573
36.206894,35.06068,1.1462136105957015
36.27437066666667,35.702026,0.5723442994791696
36.25469,36.00013,0.2545603002929653
36.24063233333333,36.17186,0.06877259212239295
36.229386,36.149155,0.08023133691406059
36.190024666666666,36.098434,0.09159021842447856
36.139416999999995,36.180683,-0.04126613598633355
35.911683000000004,36.1213,-0.20961674365234018
35.709252666666664,35.9885,-0.2792460210774763
35.57711066666667,36.02663,-0.44951973494465847
35.481518666666666,35.55352,-0.07200153597005254
35.408419,35.39021,0.01820980200195521
35.16662733333333,35.57514,-0.40851457340495045
35.141323666666665,35.213272,-0.07194842805989765
35.220046333333336,35.12989,0.09015589143880476
35.23129266666667,34.953697,0.2775954620768246
35.36343466666666,35.012894,0.3505409899088505
35.44215766666667,35.254425,0.18773261783854167
35.57992266666666,35.00012,0.5798044110514269
35.599603333333334,35.33206,0.2675415657552094
35.65864533333333,35.514927,0.1437184229329418
35.68113766666667,35.38626,0.29487668033854675
35.70644133333333,35.47653,0.22991316560872121
35.58554566666666,35.695168,-0.10962187483724506
35.683949,35.48463,0.1993184152832015
35.80765633333333,35.558464,0.24919228304035812
35.94542133333333,35.436954,0.5084668350423129
35.90606,35.65225,0.25381161743163716
35.75986033333333,35.87061,-0.11074895011393693
35.655833666666666,35.81946,-0.16362815584309942
35.771106333333336,35.656067,0.11503943880208567
35.95666766666666,35.55095,0.4057185699869734
36.159098,35.515545,0.6435531086425783
36.173155666666666,35.842403,0.3307522548014319
36.15347466666667,36.001617,0.15185723502604276
36.139416999999995,36.076782,0.06263477343749457
36.069128666666664,36.01284,0.056288395670570424
35.99040599999999,36.016567,-0.02616123022461636
35.939798333333336,36.0611,-0.12130167277017989
36.035390666666665,35.849133,0.1862581288248677
36.26874766666666,35.795063,0.4736846478678345
36.541466,35.88679,0.6546747707519529
36.73546133333333,36.017906,0.7175551443684896
36.74108433333333,36.357674,0.383410688313802
36.40651233333334,36.637917,-0.23140423160806733
36.13660566666666,36.646557,-0.509951187581386
35.742991333333336,36.53863,-0.7956401058756484
35.605226333333334,35.938755,-0.3335287020670563
35.399984333333336,35.884773,-0.4847889210611953
35.28471166666667,35.44696,-0.16224878255208353
35.05135466666667,35.34361,-0.29225418953450344
34.857359,35.238632,-0.3812732021484351
34.91358966666667,35.009735,-0.09614544075520826
35.245350333333334,34.694855,0.5504955970052094
35.315638666666665,34.64166,0.6739798837076805
35.414042333333335,34.996437,0.41760526057942826
35.208800333333336,35.44037,-0.23156831901041386
35.29314633333334,34.968678,0.3244688125813866
35.01107,35.320545,-0.30947519653320654
34.91195166666667,35.06781,-0.15585839192708306
34.47950933333333,35.095783,-0.6162739003092454
34.216651999999996,34.697624,-0.48097220654297246
34.160123666666664,34.69512,-0.5349980984700551
34.56995466666667,34.0041,0.5658538671061208
35.248295666666664,33.830402,1.4178932923990857
35.45462433333333,34.34047,1.1141549729817655
35.728787,34.834393,0.8943944523925751
35.748571999999996,35.55809,0.1904817900390583
35.93228933333332,35.224133,0.7081567954915258
35.95207433333333,35.720974,0.2311003648274692
36.03121433333333,35.853607,0.177607155598956
36.384516999999995,35.742634,0.6418831804199172
36.69259699999999,35.89102,0.8015752714843671
36.84804999999999,36.07318,0.7748688476562435
36.881966999999996,36.59564,0.2863287248535116
36.901751999999995,36.779537,0.1222147990722604
37.01480900000001,36.640697,0.37411152075195986
36.946975,36.82939,0.1175835205078144
37.06851100000001,36.89935,0.1691617873535236
37.226790333333334,36.9333,0.2934903150227868
37.469862666666664,36.734886,0.7349764972330703
37.61118366666667,37.156204,0.4549794430338565
37.48682133333333,37.345776,0.14104572908528468
37.33984733333333,37.38078,-0.04093193302409048
37.088296,37.633007,-0.5447110495605472
36.980892000000004,37.18678,-0.20588702221679256
37.000676999999996,37.030945,-0.030267824218753958
37.03176766666667,36.980255,0.05151253971354208
37.283319,36.781017,0.5023016965332019
37.390723,36.958046,0.432677040527345
37.51508533333334,37.010674,0.50441181038412
37.56878733333334,37.35574,0.2130477398274806
37.61400999999999,37.333942,0.28006758666991516
37.888172999999995,37.399612,0.48856057324218227
38.21886433333333,37.587856,0.6310080406087195
38.54955566666667,37.50596,1.0435971095377639
38.57216699999999,38.073593,0.4985738603515557
38.58064633333333,38.493454,0.08719235384113944
38.56651433333333,38.473248,0.09326680525715858
38.303657,38.366432,-0.06277518994140507
37.95035433333334,38.61339,-0.6630375428873663
37.45573066666667,38.485428,-1.0296971897786449
37.198526666666666,37.766468,-0.567941381429037
36.898926,37.666813,-0.7678868967285126
37.060032,37.12299,-0.06295765454101598
37.712934999999995,36.839706,0.873228579101557
38.46193666666667,36.723743,1.7381932279459704
39.05831133333334,37.24214,1.8161696097005304
39.04417933333334,38.32855,0.715630901936855
38.94525433333333,38.761787,0.18346691878254973
38.79828033333334,39.106174,-0.3078941356608027
38.764363333333336,38.793232,-0.02886863077799262
38.761537000000004,38.729057,0.03247968798828538
38.52694433333333,38.802002,-0.2750576197916672
38.32909466666666,38.63993,-0.3108360584309935
38.10863400000001,38.65708,-0.548447604003897
37.93339566666667,38.220337,-0.2869412473958306
37.893826000000004,38.0465,-0.15267515966796452
38.11146033333334,38.004604,0.10685599373373122
38.337574,37.6548,0.682773584960934
38.569340333333336,37.809208,0.7601324170735708
38.33474733333334,38.429176,-0.09442899723306653
38.142049,38.253326,-0.11127741601562491
37.74817300000001,38.48466,-0.7364881022949135
37.71407333333333,38.070213,-0.3561399845377622
37.69702366666667,37.771305,-0.07428141756184914
37.72828166666667,37.481266,0.24701564493815198
37.72828166666667,37.75167,-0.023389170735676146
37.625983,37.620422,0.005560636718747958
37.65155766666666,37.491165,0.16039250553384932
37.421386000000005,37.7463,-0.3249137436523384
37.29351266666667,37.390068,-0.09655538753254689
37.608933,37.507786,0.10114720288085977
37.91582866666666,37.22369,0.6921386337076783
38.433004999999994,36.984108,1.448897028808588
38.594978000000005,38.125763,0.46921506054687967
38.711484666666664,38.039143,0.6723420580240855
38.830833000000005,38.35594,0.474891227539068
38.737059,38.832558,-0.09549867822265412
38.55235333333333,38.513607,0.03874630818684466
38.344914333333335,38.773567,-0.42865286637369593
38.18294166666667,38.72683,-0.5438878621419221
38.38185566666667,38.07722,0.3046347499186197
38.714326,38.19521,0.5191164968261717
39.134887,38.20567,0.9292175969238272
39.47304066666666,38.38851,1.0845290089518187
39.62080533333334,38.995075,0.6257301075032586
39.92485933333334,39.34154,0.5833180430501343
40.18344733333333,39.438778,0.7446694097493491
40.42782733333334,39.611073,0.8167547930501371
40.40509433333334,40.220966,0.18412799422200976
40.48750133333334,40.249054,0.23844737825521634
40.45908500000001,40.36928,0.08980323120118072
40.40793566666667,40.35715,0.05078463517252629
40.260171333333325,40.491528,-0.23135622403972178
40.157872999999995,40.361103,-0.20323005786133308
40.220388666666665,40.237537,-0.017148717366538335
40.05273266666667,40.122982,-0.0702493584798134
40.001583333333336,40.03879,-0.03720832316080447
39.640697,40.293137,-0.6524395966796845
39.58386433333333,39.731186,-0.14732157975260662
39.70321266666666,39.83466,-0.13144690974935713
39.904968000000004,39.41606,0.48890659863281627
40.339737,39.4061,0.9336357731933589
40.294271,40.010098,0.2841734963378926
40.439194,39.891624,0.5475695493164068
40.32837033333334,40.50367,-0.17529940543619205
40.436352,40.16145,0.27490256762695253
40.459084999999995,40.30421,0.15487433715819776
40.33405366666667,40.366295,-0.03224119417317439
40.066940666666675,40.394726,-0.32778513289387234
39.791303,40.40189,-0.6105868010253914
39.728787000000004,40.097763,-0.36897606152343343
39.88507666666666,39.727985,0.15709128458658483
39.836769000000004,39.62043,0.21633900732422262
39.58386433333334,39.76169,-0.17782389908853702
39.313909666666675,39.977177,-0.6632669995930911
39.30538466666667,39.538315,-0.23293015266926886
39.390633333333334,39.17242,0.21821283162434923
39.52703133333333,39.2432,0.2838329385579428
39.725945333333335,39.3513,0.37464604744466357
39.99874166666666,39.2984,0.7003407877604104
40.044207666666665,39.565594,0.4786139471842432
40.027407000000004,39.87841,0.14899666064453498
40.00511366666667,40.051083,-0.045968944417317914
40.00225766666667,39.8562,0.14605649479167226
39.87372499999999,39.93776,-0.0640343994140693
39.81659933333333,40.035,-0.21840051407878036
39.98797633333333,39.84879,0.13918711824543806
40.587795666666665,39.635113,0.952682904215493
41.11049566666666,39.83261,1.277884582682283
41.453249666666665,40.1837,1.269549105143227
41.20760933333333,41.062218,0.14539162093098668
40.95911266666666,41.333717,-0.37460467952474374
40.63063999999999,41.33579,-0.7051487268066481
40.32501766666666,40.819904,-0.4948866607259177
40.067952,40.780792,-0.7128402363281268
40.019394999999996,40.47575,-0.45635496948242604
40.14221533333333,39.9046,0.23761709724934832
40.099371000000005,39.945053,0.15431789941406748
39.956557000000004,40.132637,-0.1760800239257776
40.16220933333334,40.067005,0.09520417586263363
40.387856,39.861843,0.5260128908691399
40.56780166666667,39.798943,0.7688591007486991
40.41356233333333,40.479076,-0.06551405216471551
40.79630433333333,40.460823,0.3354812742513005
41.24759733333333,40.34798,0.8996168340657533
41.764584666666664,40.271606,1.4929782213541642
41.86169833333333,41.31995,0.5417482295735638
41.984518666666666,41.559727,0.4247919515787757
42.127333,41.726,0.401331260498047
42.133045333333335,41.89858,0.2344666895345071
41.978806,42.028374,-0.04956771826172002
41.88454866666667,42.190136,-0.30558728914387956
41.95024333333333,42.024773,-0.07452931070963587
41.95024333333333,41.71391,0.236334184163411
41.930249333333336,41.91013,0.0201197862141953
41.83884833333334,42.09704,-0.25818993570963045
41.91311166666667,41.704243,0.20886896036784464
41.83884833333334,41.855267,-0.016418237711583572
41.69889033333333,41.87822,-0.17932927115885633
41.578926333333335,41.82887,-0.24994253263346167
41.436111999999994,41.704674,-0.26856176708984947
41.45039333333333,41.528767,-0.07837329874674737
41.62748299999999,41.480526,0.14695702954100653
41.767441,41.291935,0.4755060329589824
41.644620999999994,41.456882,0.18773852319335305
41.47895666666666,41.850266,-0.3713088362630259
41.45039366666667,41.679787,-0.2293930154622359
41.984518666666666,41.271652,0.7128664449869788
42.387254666666664,41.45764,0.9296130651041636
42.80427233333333,41.53863,1.2656408941243456
42.78713466666667,42.444725,0.342409630045573
42.67573933333333,42.60463,0.07110981673177008
42.47579933333333,42.763535,-0.28773521256511003
42.50150566666666,42.722485,-0.22097892195638735
42.361548,42.475304,-0.11375564990234466
42.290141000000006,42.311935,-0.021794424804681967
42.161608333333334,42.68072,-0.5191129496256508
42.27585966666666,42.11386,0.16199858268228695
42.46437433333333,42.0516,0.4127729234212225
42.661458,42.31314,0.3483171308593782
42.615757333333335,42.284306,0.331451760823569
42.458661666666664,42.501774,-0.04311216756185132
42.37868566666666,42.85924,-0.48055581892904087
42.581482,42.31415,0.26733023608398554
42.939179333333335,42.181473,0.7577065550130229
42.830075333333326,42.62376,0.2063151099446543
42.84442566666667,42.718056,0.12636994156901693
42.75832333333334,43.061653,-0.30332980387369446
42.97357866666666,42.560215,0.41336367032877064
42.97070833333333,42.77571,0.1949972737630148
43.28067633333334,42.89381,0.3868660611165424
43.60786433333333,43.01943,0.5884360801595037
43.97810366666667,42.85493,1.1231727889811225
43.894871333333334,43.625687,0.26918468782552196
43.82024966666667,43.923393,-0.10314358284504976
43.82311966666667,43.910236,-0.08711669197590766
43.84608033333333,43.69873,0.1473498645833331
43.77432833333334,43.825706,-0.051378148600257134
43.613604333333335,43.917885,-0.3042804933268215
43.53898266666667,43.742695,-0.20371218806965885
43.47871133333333,43.658184,-0.17947271818034238
43.42705,43.510937,-0.08388673706054561
43.312247,43.479973,-0.16772583935546947
43.363908333333335,43.447132,-0.08322377726236851
43.383998999999996,43.332157,0.051841864990230135
43.378259,43.17005,0.20820742529296865
43.142913,43.493073,-0.35015950976562493
43.096992,43.37473,-0.27773715649414044
43.180224,43.164093,0.016130982421877604
43.352428333333336,42.96064,0.39178837972005454
43.240495333333335,43.165504,0.07499087776692903
42.709532,43.29336,-0.5838296638183564
41.75953833333333,43.3618,-1.6022628141276058
39.997314666666675,42.992096,-2.99478128059895
38.381464666666666,42.064663,-3.6831982666829433
37.477392333333334,40.944485,-3.467092377360025
38.03418599999999,38.41526,-0.3810743149414151
38.929648,37.2955,1.6341462910156253
39.30562733333333,37.662334,1.6432928911946547
38.71152266666667,38.765602,-0.05407944514973906
38.20065,39.256203,-1.0555526977539031
37.87059166666667,38.94004,-1.0694489217122367
37.72708800000001,37.797623,-0.07053468066405344
37.669686666666664,38.000294,-0.33060706502278947
37.40851033333333,37.94203,-0.5335215270182303
37.422860666666665,37.206898,0.21596293107096187
37.242046,37.67975,-0.437702535156248
37.22482533333333,37.2319,-0.0070739281412812716
37.42286033333333,37.068157,0.35470313728841063
37.55201366666667,37.223858,0.3281557870279954
37.85911133333333,37.094185,0.7649264578450499
37.721348,37.48919,0.23215885205078024
37.560624000000004,37.608376,-0.04775154931640202
37.05549166666666,37.894867,-0.8393752766927136
36.73117366666666,37.369312,-0.6381386197102898
36.340844,37.24566,-0.9048148745117217
35.87589233333333,36.66925,-0.7933581549479172
34.97468966666666,36.344707,-1.370017822347009
34.27439233333333,36.08295,-1.8085582587076843
34.09070766666667,35.298428,-1.2077199151204425
34.578619999999994,33.931324,0.6472959948730406
35.11819333333334,33.89461,1.2235819746907595
35.45399166666667,34.325287,1.128704801432292
35.204295333333334,34.764828,0.43946760506185
34.989039999999996,35.288876,-0.2998355798339887
34.92302833333333,35.43999,-0.5169626639811256
35.49704266666667,34.512203,0.9848394501139381
35.766829333333334,34.80425,0.9625805235188807
35.766829333333334,35.19813,0.5686977720540369
35.499576000000005,35.753204,-0.2536283457031203
35.656159,35.674416,-0.01825658837890387
36.031456666666664,35.407917,0.6235396439615855
36.444283999999996,35.223553,1.2207312961425743
36.406754333333325,35.93234,0.4744156187337154
36.40098066666667,36.310635,0.09034605362955972
36.790713000000004,36.359573,0.4311396357421913
37.32767733333333,36.117924,1.209753596761061
37.734730666666664,36.375473,1.3592576442057265
37.844433,37.282932,0.5615007185058616
38.179313666666665,37.54724,0.6320724557291655
38.64987933333333,37.6362,1.013679382161456
38.915474333333336,37.85357,1.061905302571617
39.108897,38.485004,0.6238925749511708
39.186843333333336,38.941013,0.24582999715169507
39.296545666666674,38.7641,0.5324465455729239
39.224373,39.16161,0.06276335034179681
39.259015999999995,39.297394,-0.03837779882812953
39.22148633333334,39.111595,0.10989117952474459
39.38892700000001,39.078613,0.31031371875000957
39.227260333333334,39.36182,-0.134559887613932
38.978986666666664,39.030964,-0.05197723103841412
38.45934366666667,39.43427,-0.9749252847493466
38.40449233333334,39.059494,-0.6550016852213503
38.571932666666676,38.405724,0.16620909488933222
39.103123333333336,38.108177,0.9949461482747424
39.34851033333334,38.625816,0.7226939881184933
39.70648666666667,38.64493,1.0615548734537796
39.602558,39.339504,0.26305375805664255
39.52172466666667,39.45545,0.06627651603190543
39.34851033333334,39.690735,-0.34222452994791297
39.34273666666667,39.38058,-0.03784423543294224
39.18973066666667,39.330624,-0.140892960042315
39.204164999999996,39.283794,-0.07962940307617572
39.14642666666666,39.26819,-0.12176180989583685
38.924135,38.92821,-0.004076212158203418
38.87794466666666,39.21016,-0.33221463509115523
38.97609966666667,39.102097,-0.12599689095051758
39.38026633333333,38.376293,1.0039731509602845
39.282111666666665,38.981396,0.30071594523111855
39.209939000000006,39.2638,-0.0538625747070256
38.86639733333333,39.32244,-0.45604376774088706
38.823093666666665,38.96536,-0.14226506746419432
38.903927,39.12983,-0.22590240673827822
39.391814,38.527473,0.8643405502929653
39.52172466666667,38.692207,0.8295173302408898
38.97609966666667,39.226795,-0.2506955298665332
38.395831666666666,39.639015,-1.2431835310872401
38.170653,39.222466,-1.0518125151367173
38.57481966666667,38.12941,0.44540987662760756
38.880831666666666,38.114765,0.7660664994303374
39.039611666666666,38.362347,0.6772650174967438
39.24746866666667,38.802467,0.44500132047526364
39.296546000000006,38.903744,0.39280225610352204
39.261903000000004,38.900364,0.36153907788086315
38.42758766666667,39.436043,-1.0084551189778637
37.749165000000005,39.19123,-1.4420657739257763
37.070742333333335,38.91772,-1.8469784613443991
36.66946266666667,37.548836,-0.8793730877278634
36.019909,37.230824,-1.2109145168457047
35.491605666666665,36.877243,-1.3856373753255227
35.468510333333334,36.093525,-0.6250145995279937
35.43098066666666,35.334846,0.09613417008463188
35.61438366666667,35.188328,0.42605587736002803
35.42433233333334,35.616875,-0.19254236149087944
35.46791533333333,35.09812,0.3697936902669241
35.13668366666667,35.546425,-0.40974119905598627
34.828696666666666,35.277573,-0.44887596516927175
34.71247533333333,35.15291,-0.44043299186198226
34.625309333333334,34.81532,-0.19000972794596294
34.822886,34.415504,0.40738154443359065
34.95072966666667,34.680943,0.26978713126627696
34.093595666666666,34.48067,-0.3870752622884126
33.422416,34.770466,-1.3480498508300798
32.835497000000004,35.04536,-2.209863565185543
33.175445,32.600483,0.5749620593261753
33.224839333333335,32.82132,0.4035197532552104
33.096995666666665,33.23145,-0.13445346053060092
32.96043533333333,32.916428,0.04400772102864181
32.797725,32.952545,-0.1548201660156252
32.50426566666667,32.963,-0.4587355845540344
32.446155,32.570118,-0.12396295043945571
32.120734666666664,32.518124,-0.3973889600423206
32.15850666666667,32.195816,-0.037309373372394816
32.38513866666666,32.25729,0.12784878019205337
32.99820733333334,31.683025,1.3151819732259185
33.341061,32.07597,1.2650913039550815
33.49796,32.734272,0.763687996826171
33.704253333333334,33.19429,0.5099631722005213
33.727497666666665,33.22653,0.5009694989420552
33.922169,33.400875,0.5212939084472623
34.05872933333333,33.864887,0.19384209578450395
34.387055,33.45624,0.930813392333981
34.2534,33.908573,0.34482684936523356
34.166234,34.291206,-0.12497235986327837
34.11393433333334,34.30254,-0.1886054921061131
34.137178666666664,33.797085,0.3400938583170543
34.09359533333333,34.079605,0.01399023079427053
34.04710666666667,34.13761,-0.09050472249348473
34.148800666666666,33.79984,0.34896164689127573
34.177856,33.96665,0.21120789819335783
34.134273,33.999058,0.13521523022460968
34.482937666666665,33.997753,0.48518452335611784
34.83741366666667,34.074493,0.762920258463545
35.090195666666666,33.927334,1.162861834879557
35.03499033333333,34.786346,0.248643897786458
34.973974,35.064114,-0.09013961694336103
35.232566999999996,34.743603,0.4889642473144491
35.401088333333334,34.876785,0.5243030550130214
35.616097999999994,34.97467,0.6414275898437438
35.61319233333333,35.323223,0.2899692193196586
35.61028666666666,35.38097,0.22931666544595686
35.56670366666666,35.580845,-0.014141212483728793
35.767185999999995,35.46376,0.30342562402343276
36.02868466666666,35.421375,0.6073093920084602
36.304711,35.497215,0.8074957290039038
36.51390966666666,35.901512,0.6123975206705694
36.70858066666666,36.109413,0.5991675196940065
36.76959699999999,36.285027,0.48457044970702157
37.01947333333333,36.57404,0.4454338741048147
37.103734,36.731037,0.37269686010742475
37.19961666666667,36.586746,0.6128704508463585
37.034001,37.231483,-0.19748245947265275
37.09501733333333,37.075176,0.01984109431965919
37.45530433333334,36.892994,0.5623104063313846
37.83039766666666,36.929398,0.9010000836588503
38.077473,37.15442,0.9230540546874977
38.252851,37.72356,0.5292906667480466
38.35223200000001,37.959255,0.3929767814941485
38.51591799999999,37.96256,0.5533592536621015
38.495457,38.339935,0.1555216972656268
38.562684999999995,38.356644,0.20604132324218227
38.574377,38.448345,0.12603181567382649
38.574377,38.41037,0.16400712695312336
38.501303,38.53503,-0.03372736499023432
37.45195833333334,38.51185,-1.059890116373694
35.99632166666667,38.4206,-2.4242792244466145
34.540684666666664,38.36797,-3.8272848462727893
33.99409,36.06423,-2.070141872558594
33.760252666666666,34.546013,-0.7857602117513025
33.657948999999995,34.108616,-0.4506668752441456
33.488417,33.740616,-0.2521988447265642
33.453341333333334,33.329247,0.12409481233724051
33.33642266666667,33.50439,-0.1679680498860634
33.34811466666666,33.19474,0.1533743712565041
33.35396066666667,33.145996,0.2079645729166728
33.20781233333333,33.224277,-0.016465163004561134
33.27796333333333,33.185444,0.0925194551595041
33.19319733333334,33.17271,0.020486914632165565
33.237042,32.903484,0.33355765551758054
32.94182266666667,33.277767,-0.33594451472981746
32.90967,32.99672,-0.08704936035156408
32.798597,32.964104,-0.16550669873046786
33.01489633333334,32.61556,0.3993377090657617
33.33057666666667,32.772858,0.5577190006510477
33.77486766666667,32.647846,1.1270214447428444
34.16069933333333,33.027035,1.1336645738118492
34.438381,33.58388,0.8544996218261716
34.616681666666665,33.858772,0.7579093888346335
34.68390966666666,34.2126,0.47130895865884526
34.55237633333333,34.527214,0.025162283040359057
34.45591866666666,34.51916,-0.06324255769857245
34.28054066666666,34.544437,-0.26389674178060574
34.20162066666667,34.313828,-0.11220684798176705
34.113931666666666,34.250126,-0.13619421834309975
33.95901466666667,34.06504,-0.1060259217122379
33.652103000000004,34.00254,-0.3504375883789024
33.298424000000004,33.95611,-0.6576840932617145
33.01489633333334,33.62766,-0.6127625106608008
32.909669666666666,33.191696,-0.28202650032552157
32.83074966666666,32.95333,-0.12258132698568147
32.92428466666667,32.73339,0.19089385856120344
32.991513000000005,32.721664,0.26984857128906725
33.386113333333334,32.641212,0.744900869954428
33.93563066666667,32.865425,1.070205556803387
33.988244,32.906307,1.0819367795410173
33.46503333333333,33.598755,-0.13372154947916925
32.859979333333335,34.359135,-1.4991553407389304
33.05289499999999,33.390854,-0.33795888183594514
33.742714666666664,32.557407,1.1853072875162738
34.321462,32.760593,1.5608685856933562
34.57576,33.449623,1.1261368920898462
35.020051,34.090553,0.929497716308596
35.552030666666674,34.40698,1.1450520594889397
36.268157333333335,34.438828,1.8293298186848972
36.64521966666667,35.392586,1.2526339122721382
36.969669,35.96491,1.0047604001464876
37.069049666666665,36.463722,0.6053274376627584
37.19237566666666,36.747852,0.44452334122721027
37.16045833333334,37.057785,0.10267329915365053
37.19575133333334,36.971634,0.22411742220052844
37.05458,37.16599,-0.11140892211913922
37.216339,37.082317,0.13402164770507596
37.495741,37.054214,0.44152652246093993
37.89866800000001,36.8479,1.0507676093750078
38.122189666666664,37.369892,0.7522975463053356
38.28688966666667,37.739456,0.5474334899088547
38.43394333333333,37.91728,0.5166650435384099
38.739815,38.13624,0.6035769018554689
39.07803833333333,38.322964,0.7550746187337225
39.554491999999996,38.41713,1.1373624833984337
39.73683833333333,38.967297,0.7695417329915344
39.795660000000005,39.289112,0.506547908935552
39.65448866666667,39.73457,-0.08008088289387416
39.71036899999999,39.696594,0.013774761718742923
39.73095633333333,39.625103,0.10585333650715967
39.810365,39.518684,0.2916806127929661
39.678017000000004,39.7908,-0.11278118725585529
39.686840333333336,39.677547,0.009292878499351787
39.67507633333334,39.697155,-0.022078665445960155
39.77507266666667,39.51952,0.2555528607584634
39.73683866666667,39.642044,0.09479459928385836
39.63096,39.655922,-0.02496193603515451
39.39861533333333,39.73375,-0.3351340563151055
39.19862233333333,39.598045,-0.39942301578776096
39.04862766666667,39.410995,-0.3623678167317692
38.91333833333334,39.153137,-0.2397988736979073
38.59864366666666,39.00951,-0.41086637361654255
38.20748066666667,38.920147,-0.712666275472003
37.93690166666667,38.71092,-0.7740167598470009
37.96043,38.170753,-0.2103234790039039
37.957488999999995,37.82741,0.13007734838866725
37.675146,37.830666,-0.15551958837890822
37.39574433333333,37.99699,-0.6012458705240888
37.178105,37.747337,-0.5692323413085916
37.21928,37.15723,0.062049622802732074
37.101637,37.21726,-0.11562145336914398
37.03105133333334,37.07234,-0.041286770914709336
36.692828000000006,37.081493,-0.3886653776855411
36.551656333333334,36.90759,-0.3559326254069006
36.19578633333333,36.83688,-0.6410933968912786
36.136965,36.253517,-0.1165521508789098
36.048733,36.399097,-0.35036444262695454
36.410484999999994,35.89199,0.5184943383789005
36.66635833333333,35.891006,0.7753518636067653
36.80164766666667,36.090782,0.7108655011393239
36.816353,36.63566,0.1806947358398432
36.975171,36.63538,0.3397912087402375
37.15457633333333,36.589108,0.5654688199055968
37.083990666666665,36.818386,0.2656045887858056
37.11634233333333,37.069157,0.047185686604812815
37.14575299999999,37.10549,0.04026136181639828
37.07516733333334,36.77795,0.29721704646810565
37.063403,37.14567,-0.08226884448242089
37.13987100000001,37.18932,-0.04944861059569661
37.333981666666666,36.62852,0.7054607010904945
37.46632999999999,37.083572,0.38275761230467964
37.589855,37.345207,0.24464778564453127
37.845728333333334,37.100796,0.7449325874837243
38.06925,37.49236,0.5768908386230436
37.536916,37.732143,-0.19522740209961142
37.02811033333333,37.79001,-0.7618982115885444
36.36342766666667,38.169968,-1.806539984700521
36.330721,36.677803,-0.3470820395507843
36.215291666666666,36.419365,-0.2040732625325532
36.27152666666667,36.32557,-0.05404248616536478
36.04066766666667,36.14407,-0.10340200496418817
36.08506366666667,35.96143,0.12363407071940458
35.88676166666667,36.312687,-0.4259252534993436
36.005151000000005,35.60255,0.40260049340820814
35.84236566666666,35.952293,-0.10992772932943495
35.68254,35.86063,-0.1780900354003876
35.64702333333334,35.78065,-0.13362775919596004
35.45464066666666,35.616203,-0.16156264143880605
35.24154,35.422535,-0.1809949426269526
34.87453300000001,35.59862,-0.7240883684081965
34.62591533333333,35.122578,-0.4966623339029965
34.37137833333333,34.816113,-0.4447341849772144
34.383217333333334,34.612175,-0.22895765445963434
34.72654633333333,34.315968,0.4105787735188784
35.15570733333333,34.02551,1.1301984527180977
35.445761000000005,34.43443,1.0113318312988326
35.667741,35.04253,0.6252109401855463
35.75949299999999,35.16699,0.5925046271972576
35.50199633333333,35.38149,0.1205075332845027
35.26521766666666,35.810215,-0.5449973296712329
35.208982666666664,35.59218,-0.3831956780598986
35.561191,34.916454,0.644736684814454
35.57007033333333,35.175053,0.39501769051106095
35.51383533333333,35.3048,0.20903720711262963
34.83605633333333,35.623383,-0.7873262350260433
34.58151933333333,35.327644,-0.7461250148111986
34.40393533333333,35.220566,-0.816630462565108
34.593358333333335,34.068665,0.5246937825520845
34.51936499999999,34.3988,0.12056510375975904
34.196754,34.569687,-0.37293288964843896
33.85934433333333,34.313904,-0.4545594752604174
33.61368633333333,34.260334,-0.6466476815592515
33.720237000000004,33.803444,-0.08320690869140179
33.962935,33.38081,0.5821252160644548
34.13459966666667,33.479828,0.6547717858072915
34.208593,33.84849,0.3601013312988286
34.439452333333335,33.92371,0.5157424639485697
34.652553,33.99288,0.6596712250976537
34.87749266666667,34.155495,0.7219979767252624
34.76502266666667,34.549416,0.2156070782877606
34.68511,34.641735,0.04337492309570479
34.28850566666667,34.834606,-0.5461005039876241
34.14643866666666,34.462265,-0.3158263479817762
33.92741833333333,34.455845,-0.5284265458170623
33.96885466666667,33.88235,0.08650374503581304
33.95405600000001,33.907745,0.04631063867188345
34.022129666666665,33.797653,0.2244764684244771
34.12868,33.799572,0.3291080090332059
34.10796166666667,33.834,0.27396203287760557
34.07540466666667,33.932537,0.14286758780924913
34.01916966666666,34.080784,-0.06161417732747765
34.26482766666667,33.861595,0.40323251285807515
34.57559966666667,33.8785,0.6970977745768252
34.95740533333334,33.947754,1.009651427083341
35.469439,34.392956,1.0764832199707044
35.87788233333334,34.704643,1.1732390838216205
36.34847966666667,35.015564,1.3329157018229196
36.51570466666667,35.829693,0.6860118260904997
36.587530666666666,35.994003,0.5935273707682285
36.559127000000004,36.42406,0.13506617846680058
36.505508,36.56827,-0.06276363696289167
36.51742333333333,36.361572,0.15585106770833335
36.35954566666667,36.462154,-0.10260872176106517
36.22847733333333,36.454117,-0.22563948795573197
36.10336666666667,36.350597,-0.2472307149251236
36.076557,36.07969,-0.0031320258789051536
36.03187466666667,36.056515,-0.024640073323567435
36.21656166666667,35.96128,0.2552808439127645
36.422100666666665,35.915047,0.5070539747721341
36.63061866666667,35.903496,0.7271228780924517
36.87190366666667,36.343224,0.5286800948893244
37.268087666666666,36.468082,0.8000052386881507
37.78640333333333,36.5149,1.2715031258138012
38.08726466666667,37.054066,1.0331989623209665
38.11705266666666,37.557167,0.5598856134440027
38.158756,37.96523,0.19352696557616866
38.045560666666674,38.09371,-0.04815118636066984
38.078328000000006,37.899555,0.17877279370117805
38.033645666666665,38.17652,-0.14287563460286634
38.27790933333333,37.893116,0.38479333601887333
38.608559,37.926655,0.6819041843261715
38.983891,38.06254,0.9213528530273436
39.275816,38.41281,0.863004720703124
39.58561366666667,38.784706,0.8009075509440109
39.886475,39.115913,0.770561608886716
40.12775966666667,39.34045,0.7873093798014352
40.33925633333333,39.737534,0.6017227639973939
40.53883766666667,40.049576,0.4892618610026105
40.672885,40.12808,0.5448065393066415
40.577562666666665,40.4221,0.15546259952799346
40.55075333333333,40.678307,-0.127553246256511
40.61926633333333,40.588295,0.03097135042317234
40.66990633333334,40.320396,0.3495099099934933
40.53288033333334,40.609585,-0.07670447501627109
40.32734133333334,40.725296,-0.3979546871744759
40.36010833333334,40.45101,-0.09090332438150028
40.50904966666667,40.319912,0.18913770987956013
40.72352500000001,40.197464,0.5260610107421968
40.774165,40.406757,0.3674076452636754
40.52692233333334,40.627937,-0.10101498356119265
40.40776933333333,40.74085,-0.3330792079264384
40.243933999999996,40.647213,-0.4032789821777385
40.36010833333333,40.139206,0.22090240071614176
40.258828333333334,40.385498,-0.12666971354166634
40.205209333333336,40.18717,0.018041211995445394
40.092014,40.28504,-0.19302780908203232
40.02945866666667,40.16008,-0.1306212893880172
40.008607,40.01226,-0.003653437011720939
39.975840000000005,39.987,-0.011159511718744852
39.95498833333334,39.949135,0.005853506673183517
39.93711533333334,39.911243,0.02587189461263506
39.892433,39.88176,0.010673356445309423
39.806047,39.87414,-0.06809469311523486
39.74647066666667,39.851818,-0.1053474180501297
39.636254,39.765285,-0.1290314919433584
39.45454566666667,39.651688,-0.19714195540364443
39.21623966666666,39.665764,-0.44952418831380925
39.11198066666666,39.466293,-0.354312668294277
39.04942533333333,39.16387,-0.11444643180338687
39.10155466666667,39.005642,0.09591272941081286
39.07605366666667,39.069035,0.007019090250651061
38.87929200000001,38.909866,-0.030574333007805876
38.79837466666667,39.05034,-0.25196407845051993
38.78339,39.010838,-0.22744755493164348
39.05910866666666,38.450684,0.6084250729166598
39.25990366666666,38.771664,0.48824000089517483
39.289873,38.90804,0.3818339069824219
39.45170766666667,39.046722,0.40498525455729606
39.385775,39.353466,0.032308966064455547
39.46669233333334,39.118748,0.34794462215170086
39.322839333333334,39.492256,-0.16941683121744688
39.286876,39.315983,-0.02910681860351616
39.190974000000004,39.312126,-0.12115215966796455
39.17598933333334,39.20733,-0.03133946305337787
39.19996466666666,39.17287,0.027094030680331116
39.53262466666666,39.051163,0.4814619469401009
39.844306333333336,39.10404,0.740268094807945
40.13201266666667,39.19352,0.9384930743815119
40.155988333333326,39.8087,0.34728777180988857
40.114031000000004,39.977886,0.13614480004883234
39.868282,40.063152,-0.1948703132324212
39.65549933333333,40.09096,-0.4354621229654967
39.51764,39.98539,-0.46774970947265615
39.466692,39.523388,-0.05669590893554499
39.202961333333334,39.48738,-0.28441964811197806
38.885285999999994,39.515194,-0.6299079392089908
38.72644833333334,39.269833,-0.543384277750647
38.92124933333333,38.799686,0.12156290144856285
39.131035000000004,38.626694,0.5043412744140667
39.24192166666667,38.697132,0.5447895560709668
39.307854333333324,39.091496,0.21635881941730872
39.616539,39.143085,0.47345352026367493
40.057089,39.067844,0.9892446091308571
40.56956566666666,39.350735,1.2188309559733028
40.98614033333333,39.93207,1.0540686475423158
41.43568133333334,40.26054,1.1751413247884201
41.723387333333335,40.803036,0.9203515972493506
41.80130766666667,41.237347,0.5639610174967515
41.81928933333334,41.62283,0.19645989607747794
41.849258999999996,41.805527,0.04373226660155893
42.127974333333334,41.68226,0.44571572737630305
42.31078733333333,41.801407,0.5093804729817677
42.53256066666667,41.92836,0.6042006813151062
42.637453666666666,42.340443,0.29701100919596257
42.922163,42.345787,0.5763759516601539
43.14693333333333,42.560432,0.5865008992512983
43.52155066666667,42.73523,0.7863211744791698
43.71635166666667,43.106216,0.6101352360026056
43.82424166666667,43.25195,0.5722923563639384
43.93812533333333,43.761505,0.17662020638020692
44.031030666666666,43.792988,0.23804284318033808
44.13292666666666,43.682564,0.4503628849283814
43.953110333333335,44.14737,-0.19425905143229016
43.77329366666666,44.105335,-0.3320415689290428
43.71934866666666,43.992073,-0.2727243924153697
43.701367,43.81032,-0.1089548078613305
43.77029666666667,43.63711,0.13318500284830748
43.851214,43.761433,0.08978135229492068
43.650419,43.69252,-0.042101141601563086
43.56950166666666,43.74809,-0.17858717000326152
43.33873733333333,43.958275,-0.6195375079752665
43.401673333333335,43.276646,0.12502767293294426
43.478095333333336,43.491558,-0.013462741617836116
43.51198633333333,43.371643,0.14034326692708277
43.81995966666666,43.286396,0.5335636400553341
43.9194,43.640293,0.2791068786621125
44.11828,43.467266,0.6510139172363267
44.27497333333332,44.015453,0.2595199947102742
44.90476066666667,44.0255,0.879259415445965
45.53756166666666,44.03261,1.5049498197428335
45.950389,44.51954,1.43085012060547
45.94436233333334,45.59197,0.3523937969563846
45.81177566666666,45.81452,-0.0027461228841190177
45.60385533333333,45.883038,-0.27918223380534357
45.23622833333333,45.949177,-0.7129484549967486
44.868601,45.67259,-0.8039873483886737
44.57932066666667,45.41655,-0.8372290159505198
44.46481366666667,45.006252,-0.5414386221516878
44.45878700000001,44.60739,-0.14860435742186695
44.49193366666667,44.481182,0.01075156827799617
44.513027,44.486065,0.026962089111329135
44.42865366666667,44.428017,0.0006370040690129031
44.28100033333333,44.486168,-0.20516757438151245
43.90734666666667,44.527657,-0.6203098885091123
43.804893,44.25198,-0.4470868278808595
43.89830633333334,44.12622,-0.22791436979166235
44.12732,43.60369,0.5236288989257787
44.510014,43.81703,0.6929821396484357
44.573294000000004,44.208668,0.36462624487305106
44.54918700000001,44.106133,0.4430544926757918
44.268946666666665,44.786602,-0.5176553535970072
44.395507,44.57322,-0.1777122993164042
44.66670766666667,44.18006,0.4866463263346361
44.81737433333334,44.203106,0.6142684068196687
44.708894,44.75714,-0.0482471132812492
44.895721,44.8085,0.08722261743164239
45.12774799999999,44.65935,0.46839665112303663
45.35676166666667,44.62398,0.7327801908365927
45.56166833333334,45.23854,0.3231276839192745
45.87204233333333,45.279545,0.5924975030110673
46.14926966666667,45.283306,0.865963544840497
46.224603333333334,45.867893,0.35671011433919375
46.318016666666665,46.149,0.16901840616861818
46.616337,46.12275,0.4935876713867202
46.99601766666667,46.251114,0.7449037750651044
47.225031333333334,46.48636,0.7386726907552088
47.21900466666667,46.897392,0.32161239371745154
46.989991,47.281494,-0.2915031406249966
46.84233766666667,47.23964,-0.39730161555988985
46.86644433333333,47.08487,-0.2184250514322983
46.78207066666667,46.847652,-0.06558176863606491
46.82124400000001,46.83975,-0.018504382568352185
46.62537699999999,47.040123,-0.41474598583985056
46.95684433333333,46.60934,0.3475036656087198
47.17380466666667,46.8624,0.3114046117350284
47.601698666666664,46.583138,1.0185611544596327
47.49321833333334,47.271973,0.22124567708333842
47.803592,47.469543,0.33404854296875186
47.957272333333336,47.697384,0.25988845271810135
48.418313000000005,47.28547,1.1328439448242236
48.45145966666667,48.24256,0.20889832633464067
48.746766666666666,48.221523,0.5252433817545565
49.12042066666667,48.468246,0.6521742067057303
49.497088,48.581955,0.9151330439453105
49.593515,49.019135,0.5743804785156215
49.73815533333333,49.507263,0.2308921497395815
49.56940833333333,49.675137,-0.10572823282878119
49.66432833333334,49.505447,0.15888094563802468
49.518093666666665,49.99902,-0.48092595613606903
49.655084,49.425873,0.22921119726562722
49.76106166666667,49.702255,0.05880641764323258
50.10019033333334,49.694492,0.40569799324544675
50.515017,49.676483,0.8385338457031253
50.89653666666667,49.972363,0.9241741483561228
50.99040266666667,50.516342,0.4740605035807306
50.802671000000004,50.790062,0.012609049316409937
50.554380333333334,51.09542,-0.5410405040690094
50.37270433333334,51.014988,-0.6422836122233022
50.36967633333333,50.5415,-0.17182375821940354
50.00329633333333,50.537567,-0.5342708053385437
49.62480466666668,50.494236,-0.869431325764964
49.209977666666674,50.393166,-1.183187921712232
49.23420133333334,49.62413,-0.38992891569009913
49.60966500000001,49.434242,0.17542275146485053
49.91548633333333,49.202152,0.7133340811360611
50.154693,49.38572,0.7689737006835955
50.08807833333333,50.161865,-0.07378690104167163
50.221307333333336,49.995457,0.2258506377766949
50.11230166666667,50.114323,-0.002020995686848437
50.12744133333333,50.214966,-0.08752448697917004
49.99421233333333,50.376156,-0.38194351993815445
50.00329633333333,49.963642,0.03965421297200322
50.075966666666666,50.2385,-0.16253202107747455
50.242503,50.07203,0.170473886230468
50.38178766666667,49.91806,0.46372736393229275
50.557407999999995,50.37481,0.1825987348632765
50.63007833333334,50.463913,0.16616536946614957
50.884425,50.31254,0.571886853027344
50.89350866666666,50.871853,0.02165579191080269
50.960123333333335,50.752117,0.20800617635091356
50.793587,50.9807,-0.18711444653320086
50.86020166666666,51.04359,-0.18338887898763545
50.84809,50.974464,-0.12637441650390713
50.58465966666666,50.66551,-0.08084860359701196
50.106246,51.148083,-1.0418367331542981
49.706558666666666,50.95043,-1.2438731570638026
49.700502666666665,50.05392,-0.3534180791829442
49.65508366666667,49.94463,-0.2895460025227834
49.73986566666667,49.787792,-0.04792653914388012
50.045686999999994,49.74903,0.29665593310546257
50.17286033333334,49.6953,0.4775592774251365
50.109274,49.888874,0.22039994604492108
50.04871533333333,50.44781,-0.3990957933756576
50.454458333333335,50.12159,0.3328686726888037
51.081240333333334,49.87061,1.210631049886068
51.54148633333334,50.353344,1.1881423697102917
51.70196700000001,51.04214,0.6598260393066511
51.74133033333334,51.457832,0.28349799690755617
51.73527433333333,51.730618,0.004656810139969991
51.89878266666667,51.759556,0.13922685001627855
52.059262999999994,51.7908,0.2684648127441349
52.080458666666665,51.851433,0.22902586637369637
52.480146000000005,52.18415,0.2959953041992236
52.92222433333333,52.236202,0.686022093343098
53.452112666666665,51.992477,1.459635249674477
53.51267133333334,53.13811,0.3745602188313839
53.482392000000004,53.424717,0.05767505053711375
53.51267133333334,53.46068,0.05199323274739953
53.464224333333334,53.630924,-0.1666998915201816
53.588369666666665,53.55706,0.031309424967446375
53.64877033333333,53.619965,0.02880573372395645
53.61472966666667,53.565495,0.049235129313153436
53.626899,53.828323,-0.20142436425781085
53.69687199999999,53.79435,-0.09747767041016431
53.961553333333335,53.523678,0.4378755074056002
54.138007666666674,53.861053,0.27695419986979886
54.186685,53.961594,0.2250913720703096
54.919883000000006,54.154755,0.7651283613281308
56.03032800000001,54.382298,1.6480304841308708
57.305057999999995,54.20252,3.1025395368652298
57.788786333333334,55.899796,1.8889908011067718
57.551486000000004,57.227577,0.3239087905273479
57.168154333333334,57.680008,-0.5118536012369788
56.82437266666666,57.812126,-0.987753493001307
56.596199000000006,57.310482,-0.7142830251464787
55.55268466666667,57.056316,-1.5036317090657505
54.54263566666666,56.99167,-2.449033034505213
53.62385599999999,56.601273,-2.977416583007823
52.87544633333333,54.467655,-1.5922088485514365
52.361295,54.15902,-1.7977244702148454
51.977963333333335,53.84224,-1.8642760465494774
52.39476066666667,52.045383,0.34937721329752947
52.732458,52.314186,0.4182719038085949
53.368302,52.435722,0.9325796489257812
54.138008,52.588043,1.5499647871093742
54.39356233333333,53.07551,1.318054215657547
54.23840433333333,54.028336,0.2100687620442656
53.879411,54.697716,-0.8183047592773462
54.05890766666667,54.158173,-0.09926494075520509
54.527424333333336,54.044174,0.48325013899739844
55.002025666666675,54.013397,0.9886284498698004
55.190649333333326,54.475735,0.7149146226399665
54.661286333333344,55.108273,-0.44698621915689074
54.32967366666667,55.252556,-0.922882180501297
54.34184266666667,55.175236,-0.8333930816243438
54.97768666666666,54.128857,0.8488300077311166
55.534430666666665,54.40959,1.1248389918619779
55.990778333333324,55.024265,0.9665130440266836
56.81828800000001,55.462463,1.3558246210937597
57.527147333333325,55.857952,1.6691952154134029
57.931775333333334,56.372097,1.559678317952475
57.706644000000004,57.690308,0.01633638281250427
57.393285666666664,57.97108,-0.5777951133626331
57.387201000000005,57.826138,-0.4389365427246048
57.204662,57.626343,-0.421680773437501
57.222915666666665,57.405308,-0.18239210310872522
56.99169966666666,57.749104,-0.7574038794759161
56.587072000000006,57.144962,-0.5578903107910094
55.62874266666667,57.321053,-1.6923098846028637
55.21802999999999,57.164444,-1.9464139697265708
55.02027933333333,56.10486,-1.0845790651041725
54.938137000000005,54.936424,0.0017127446289109116
54.58827066666667,55.744335,-1.1560645078938734
53.958511333333334,55.242275,-1.2837639047037754
53.888538,54.441204,-0.5526660710449249
53.74859133333334,54.771923,-1.0233317318522097
54.25057333333332,53.598083,0.6524898372395711
53.815522,53.934536,-0.11901398022460796
53.438275,54.259727,-0.8214524780273464
53.21922833333333,54.581814,-1.362585478922533
53.486952333333335,53.079502,0.40745022762044414
53.75771833333334,53.296875,0.4608433333333366
53.644660333333334,53.905006,-0.26034607535807197
53.979952,53.504787,0.4751645549316379
54.27646133333333,53.92377,0.3526904287923145
54.591311333333344,53.761948,0.8293637014974067
54.777775999999996,54.28863,0.48914456079101143
54.591311333333344,54.75246,-0.16114914640298394
54.38344933333333,54.666294,-0.2828447645670593
53.90353233333333,54.941597,-1.0380646515299503
53.73846533333333,54.519257,-0.7807912584635446
53.94021366666667,54.21609,-0.2758774893391873
54.322313,53.776417,0.5458962214355481
54.163359666666665,53.901936,0.26142408927408667
53.955497666666666,54.475998,-0.5205002581380214
53.43278566666667,54.611015,-1.1782296531575511
53.37164966666667,53.679127,-0.30747707283528314
53.34719533333334,54.02235,-0.675154977945958
53.79654433333334,53.36746,0.4290859898274775
54.034974666666656,53.299355,0.7356201134439999
54.236723,53.817448,0.41927533764648217
54.61576566666667,54.290203,0.32556257218424633
55.395248333333335,53.9749,1.4203490413411473
56.196128666666674,54.44244,1.7536886337076893
56.190014999999995,55.329994,0.8600207983398391
56.040232,55.98742,0.052812871582034404
55.74677966666666,56.68686,-0.9400794641927135
56.10442466666666,55.844734,0.25969047477212825
56.51403533333334,55.92463,0.5894061219075581
56.61490966666666,56.108658,0.5062518297525997
56.65464833333334,56.564297,0.0903516109212319
56.77692,56.9221,-0.14518006713867493
57.076486,56.513557,0.5629285659179715
56.911418999999995,56.79237,0.11904915747069822
56.776920000000004,57.29248,-0.515560468749996
56.52014933333333,57.28458,-0.7644308973795617
56.85945366666667,56.578957,0.28049706266276075
57.14984933333333,57.005367,0.14448205428059424
57.608368666666664,56.662216,0.9461524801432262
57.953786333333326,57.213123,0.7406630118001232
58.002694999999996,57.717747,0.28494826538085505
58.076058,57.833694,0.2423635419921908
57.950729333333335,58.253334,-0.30260471207682116
57.87125266666668,58.10144,-0.23018776302082244
57.67561766666667,58.171024,-0.49540665584309806
57.62365233333333,58.087776,-0.4641238507486989
57.62059566666666,57.925762,-0.30516650984701243
57.678674666666666,57.691174,-0.012498886800131004
57.489153333333334,57.864277,-0.3751235526529939
57.253780000000006,57.83774,-0.5839618518066345
56.926703,57.773907,-0.8472037077636685
56.80443100000001,57.435677,-0.6312455747070231
56.38564999999999,57.238613,-0.8529631286621182
56.09831133333334,56.913425,-0.8151141122232985
55.655076,56.966732,-1.3116560251464833
55.80791566666666,56.138058,-0.3301420420735752
55.86293799999999,56.01837,-0.15543358203125734
56.018834666666656,55.729126,0.2897086901041561
55.87822233333333,56.18818,-0.3099566827799478
55.982153333333336,56.052135,-0.06998213419596055
56.33674166666666,56.05765,0.27909014689127076
56.834999333333336,55.936188,0.8988115891927109
57.28740499999999,56.27578,1.0116252758788988
57.41273366666667,56.90148,0.5112520382486991
57.59002766666666,57.217594,0.37243351993814144
57.75247433333333,57.57369,0.1787858262532538
57.595268000000004,57.507774,0.0874936469726606
57.61369066666667,57.841145,-0.22745389510090774
58.13259466666668,58.125404,0.0071903087565203805
58.74668233333333,57.298386,1.4482967132161448
58.906345,57.891376,1.0149685046386736
58.43042733333333,59.299255,-0.8688280377604229
58.620794333333336,58.86351,-0.2427157985026014
59.20724799999999,58.58312,0.6241295612792896
59.96257533333333,58.476418,1.4861577918294202
60.226633,59.262295,0.9643382307128903
60.208210333333334,59.94469,0.2635196289876305
60.17136533333334,60.394543,-0.22317736075845573
60.023984333333345,60.258892,-0.2349077259928265
59.842828666666676,60.231396,-0.38856705476887043
59.747645000000006,60.492027,-0.7443822827148381
59.88888499999999,60.00001,-0.11112644409180916
59.93801199999999,59.79349,0.14452063647460278
59.818265000000004,60.180893,-0.3626279443359337
59.634039,60.21838,-0.584340974365233
59.416037666666675,59.89382,-0.4777840496419188
58.983106000000014,59.927677,-0.944571154541002
58.67299166666667,59.778446,-1.1054545308430974
58.50104733333334,59.323162,-0.8221147455240825
58.72518933333335,58.823116,-0.09792696915688737
59.05986700000001,58.844963,0.21490392626954247
59.419108333333334,58.68916,0.729948940022787
59.600264,59.1246,0.4756645432128934
59.89195566666667,59.57581,0.3161461879069023
60.25733766666668,59.62004,0.6372967731119914
60.67184666666666,59.75049,0.92135838541666
61.03108766666667,60.43086,0.6002290546061246
61.32584966666667,60.66339,0.6624585533854201
61.642104666666654,60.93471,0.707393210367826
61.69737266666666,61.526306,0.1710665143229093
61.71272466666667,61.611973,0.10075185782877583
61.70658399999999,61.908424,-0.20184037744141392
61.393399333333335,61.904194,-0.5107945448404934
61.083285333333336,61.802486,-0.7192010863443983
60.80694599999999,61.979744,-1.172797957519542
60.97582,61.2293,-0.25348145263671995
61.212243666666666,61.000626,0.21161805631510333
61.44559666666665,61.179108,0.26648900065102765
62.044332000000004,61.400303,0.6440291130371136
62.603151666666676,61.470177,1.1329749698893323
62.818082333333344,61.75934,1.0587439544270936
62.79044833333333,62.877228,-0.08677944986979469
62.81501166666666,63.02104,-0.20603020345052414
63.15890066666666,62.616283,0.5426172499186137
63.35540866666668,63.117035,0.23837375455730836
64.25811733333333,63.236626,1.0214916619466123
65.30513666666667,63.471367,1.8337697843424507
66.46883266666667,63.706886,2.761946375162765
66.953962,65.40668,1.5472847539062542
67.31013266666666,66.210266,1.0998665533854108
67.70314866666666,66.90342,0.7997291720377575
67.945713,67.257034,0.6886786982421853
67.54041533333333,67.635155,-0.09473939078776539
66.83421466666665,68.26514,-1.4309220520833463
66.14950733333335,68.18089,-2.031385611002591
65.96528099999999,67.01126,-1.0459799863281347
65.802548,66.708694,-0.9061464580078109
64.98581133333334,66.40178,-1.4159678414713426
64.04625766666666,66.184715,-2.1384576043294317
63.530424,66.00376,-2.47333729150391
63.54806566666666,64.31013,-0.7620615916341222
64.425149,63.668266,0.7568827036132859
64.70260433333334,64.28655,0.41605190413412174
64.52996533333332,63.835903,0.6940621656087131
63.49413200000001,65.3351,-1.840966266601555
62.96696666666667,65.05464,-2.087675056966141
63.09952866666667,63.67289,-0.5733610428059848
62.899144,63.12669,-0.22754591088867215
62.637102999999996,63.58475,-0.9476481291503944
62.150014666666664,63.594536,-1.444521160970055
62.26407966666667,62.46294,-0.19886054939778575
62.365813333333335,62.809853,-0.44403926676432093
62.96696666666667,62.31973,0.647237815348312
63.84249266666667,62.45318,1.3893142609049534
64.51763399999999,62.929115,1.5885187045898306
64.96464533333332,63.6498,1.3148459864094946
65.21435533333333,64.63452,0.5798338489583301
65.926491,64.88225,1.0442430751953111
66.71878066666666,65.16347,1.5553132594400978
67.28294,65.6593,1.6236382421874964
66.68486933333332,66.82686,-0.14198918717448805
65.61512433333333,67.35764,-1.7425187941080793
64.57312499999999,67.42093,-2.8478039550781347
64.62553333333334,65.97398,-1.3484504313151007
65.41165699999999,65.05809,0.35356679003905356
65.76001766666667,64.75385,1.0061648224283886
65.24518366666666,65.48666,-0.2414725222981815
64.16310766666665,66.4284,-2.2652904656575714
63.41397799999999,65.56149,-2.147514919921882
63.336907000000004,64.52252,-1.1856149726562464
63.700682000000015,63.984528,-0.2838455878906103
65.15578166666666,63.510635,1.6451462906900929
66.52764466666666,63.835865,2.691779645914707
67.86559633333334,64.444214,3.421382466145843
68.309525,66.689285,1.620239721679681
67.76694566666666,67.3754,0.39154893815103264
66.99315333333334,68.2249,-1.2317459586588484
65.66136733333333,68.651,-2.989633643229169
65.48256266666667,66.90257,-1.420009965169271
65.57504766666666,66.75358,-1.1785305193684934
66.37041966666668,65.50475,0.8656665538737087
66.75885699999999,65.89719,0.8616707207031169
66.42591066666667,66.47071,-0.04480008772786448
65.568882,67.007416,-1.438533771484373
64.92148633333333,66.90079,-1.979301020182291
64.37890666666667,65.98063,-1.6017223006184906
63.95655766666666,65.17511,-1.2185521966145885
63.09028,65.212555,-2.122274931640625
62.029783666666674,64.36809,-2.3383041018880135
62.41205566666666,63.774677,-1.362621609944668
63.447889333333336,62.847107,0.600782399739586
65.15269866666667,61.445305,3.707393796061197
65.98814766666666,63.931286,2.056861808512366
65.639787,64.90481,0.7349789555664046
64.138445,65.4941,-1.3556574780273394
62.83748733333333,66.604935,-3.767447359049484
62.723422333333325,64.90382,-2.1803938898112065
63.36465266666667,62.508896,0.8557567926432341
63.77467033333333,63.349934,0.4247367090657548
63.759256,63.95788,-0.19862211279296815
64.07678833333334,63.41952,0.6572670015462307
63.81474699999999,64.18576,-0.3710134980468851
64.34509133333334,64.05095,0.2941422366536557
64.59704100000002,64.253494,0.3435467373047061
65.29393066666667,63.7942,1.4997297694498712
65.588173,65.26564,0.3225327412109351
66.10542,65.005516,1.0999039477539014
65.91648566666666,65.54372,0.3727692360025969
65.74303766666667,66.28289,-0.5398526531575527
65.63772999999999,66.47767,-0.8399387622070407
65.371363,65.4816,-0.11023490039062267
65.00898033333333,66.04005,-1.0310663585612048
65.17313666666668,66.25817,-1.08503441487629
66.390371,64.8251,1.5652672402343768
67.21734666666667,65.08878,2.128563402506515
67.47132433333334,66.41311,1.0582155076497486
67.511589,67.47433,0.03726191259765699
67.86158266666668,67.29807,0.5635098517252715
67.93591733333334,67.51532,0.42059750911458593
68.00405766666667,68.00939,-0.005334118001300681
68.019544,68.35736,-0.33781683984375377
68.738115,67.928734,0.8093811743163997
69.06333033333333,68.3207,0.7426287342122322
69.196514,68.498604,0.6979101791992122
69.25536233333334,69.5848,-0.32943838688150606
69.44739433333334,69.2899,0.15749259993489773
69.93366833333333,69.0679,0.8657667220052048
69.89959833333334,69.94258,-0.04298284342446834
70.24959166666667,69.86526,0.3843344034830807
70.65843366666668,70.28699,0.37144636197918146
71.15709700000001,70.09434,1.0627595366211011
71.49779866666667,70.78671,0.711086020182293
71.73319266666667,71.38412,0.34907554020182374
72.30309366666668,71.43843,0.8646628805338707
72.733617,71.85648,0.877133540527339
72.91945433333333,72.214455,0.704999682454428
72.64379566666668,72.96925,-0.3254578733723861
72.08008900000002,73.13486,-1.0547681777343598
71.58762033333333,72.96425,-1.3766283238932289
71.62169066666667,72.63402,-1.0123272776692716
72.06770033333333,71.965866,0.10183424446614708
72.68406066666667,71.72208,0.9619842506510423
73.04644333333333,72.42213,0.6243165633137977
73.54820400000001,72.75332,0.7948852133789188
73.613247,73.10232,0.5109291899414075
73.91678099999999,73.45721,0.45957427392576733
73.94155933333333,74.16294,-0.22138164567057572
74.32252566666666,73.59489,0.7276388868815076
73.70616533333333,74.38285,-0.6766853136393252
73.17652899999999,74.45115,-1.2746199868164183
72.84821633333333,74.588356,-1.7401396847330801
73.08361033333333,73.200066,-0.11645527945964318
73.458382,73.22501,0.23336826708984404
73.74952733333333,73.63835,0.11117589290364549
74.03757499999999,73.44053,0.5970461303710834
74.09332633333334,73.93003,0.16329551057943092
73.95704566666667,74.338425,-0.3813790159505146
73.63492799999999,74.23831,-0.603383767578137
73.442896,74.26144,-0.8185404624023391
73.13936166666666,74.19786,-1.0584990511067787
73.154848,73.584175,-0.42932710986328004
73.14555633333333,73.75899,-0.6134310934244809
73.142459,73.3898,-0.24734202539062267
73.03715100000001,73.431076,-0.3939250498046789
72.68031500000001,73.612236,-0.9319210229492114
72.117635,73.30756,-1.1899287817382742
70.52220866666666,73.16338,-2.6411748172200618
69.408831,72.77574,-3.366910577148431
68.82726233333332,71.92677,-3.0995107379557396
69.82868,69.339806,0.4888743969726619
70.70880799999999,69.61322,1.0955877851562406
71.82840533333334,69.80993,2.0184764392903674
72.59346366666668,70.84189,1.751575238932304
73.06618266666666,71.445854,1.620328479654944
73.51713166666667,72.57283,0.9443014664713587
73.57311166666666,73.14084,0.43227304361978725
73.73172133333334,73.15419,0.5775312698567774
73.46115200000001,74.15375,-0.6925955585937373
73.56378166666669,73.74327,-0.17948920735675244
72.982213,73.808136,-0.8259229863281234
72.21404466666667,73.75559,-1.54154767952474
71.38989666666666,73.99874,-2.6088444832356856
71.246837,72.522804,-1.275967260253907
71.02291766666666,71.878525,-0.85560711360678
70.90162766666666,71.809845,-0.9082173040364694
70.92028766666667,71.69859,-0.7783054729817707
71.26238666666667,70.97875,0.2836345304362027
71.243727,71.23494,0.00878742480469441
71.01358733333333,71.53983,-0.5262457355143226
70.83631766666666,71.636795,-0.8004773772786535
70.92650733333333,71.250916,-0.32440819401041665
70.88296733333334,71.08961,-0.20663990543619093
71.178417,71.22267,-0.04425450878906645
71.00736733333333,71.36891,-0.3615444098307279
71.01980733333333,70.951935,0.06787251888020762
70.87674733333333,71.84586,-0.9691160089518291
71.007367,71.05475,-0.04738153515624788
71.019807,70.9872,0.03260912402343763
71.31214666666666,71.53618,-0.22403192220052404
72.108305,71.304085,0.8042202221679702
73.47048200000002,71.02116,2.449325688964862
74.49055966666667,72.19458,2.2959795885416696
75.29293800000002,73.17184,2.121101146972677
75.61326733333334,74.35002,1.2632459710286525
75.98957666666666,75.08448,0.9050963810221333
76.306796,75.70223,0.6045636391601619
76.64889533333333,75.80406,0.844833443684891
76.679995,76.48527,0.19472736083984898
77.03142433333333,76.8394,0.19202308821614622
77.68763299999999,76.89848,0.7891497236328036
78.58642133333332,76.84901,1.7374146805012884
79.0778,77.805016,1.2727844360351526
79.19597966666667,78.53936,0.6566196202799546
78.97828,79.128815,-0.15053469726562696
78.34384166666668,79.35514,-1.0112990193684794
78.02662233333334,79.28595,-1.2593273736979143
77.98308233333333,79.015015,-1.0319323151041715
78.458911,78.11313,0.3457823378906255
78.85077033333332,78.47517,0.37560401253253417
79.32970933333331,78.68939,0.6403172434895623
79.618939,78.96331,0.6556287583007787
79.66247866666667,79.34033,0.3221466354166722
79.547409,79.89842,-0.3510132412109357
79.534969,79.867355,-0.3323863466796837
79.74644866666667,79.72009,0.026355893229165872
79.42611933333333,79.85683,-0.4307074488932301
79.03723966666666,79.93316,-0.8959192078450542
78.32414999999999,80.2102,-1.88604744873048
78.89857066666666,79.201164,-0.30259357893881145
80.13170233333334,79.04769,1.084010988118493
81.48346433333334,78.49582,2.9876452415364696
82.20461233333333,80.145386,2.05922659114583
82.51055366666667,81.6343,0.8762534347330728
82.85395733333333,81.74112,1.1128379485677016
82.83210433333333,82.393394,0.4387098631184898
82.523041,83.0305,-0.5074613193359312
82.51055366666667,83.0843,-0.5737435135091147
82.607331,82.78889,-0.1815560239257792
82.40441066666666,82.62778,-0.2233664329427114
81.63331300000002,83.125786,-1.4924728276367034
80.85597200000001,82.97289,-2.1169207612304604
79.62596233333333,82.16744,-2.54147998844401
79.24509633333332,81.394905,-2.149808756998709
78.86423033333334,81.04474,-2.1805084361979112
79.61347466666666,79.04839,0.5650814171549428
80.16292066666666,79.902275,0.26064558121744597
80.18165166666665,79.5991,0.5825534611002467
80.596858,80.204346,0.39251229687499745
79.76020166666666,80.99954,-1.239340569661465
79.53542833333333,79.79443,-0.2590052604166715
78.87671766666666,81.30853,-2.4318150481770857
79.38245766666667,79.36958,0.01287453678385475
79.56976900000001,79.27324,0.29652986425782046
79.60723133333333,79.70918,-0.10195140592448126
79.235731,80.19155,-0.9558202084960925
78.42092733333334,79.56161,-1.1406800275065052
77.86523733333334,79.81147,-1.9462326984049412
77.64046400000001,79.44499,-1.804528065429679
78.35536833333333,77.72117,0.6341998152669248
78.88608333333333,78.31166,0.5744225667317693
79.40743266666666,78.56246,0.8449708136393212
79.357483,78.94726,0.41022500439453324
79.170172,79.44307,-0.2728974580078187
79.35123933333333,79.902054,-0.5508144996744875
79.969366,79.1629,0.8064631679687437
79.969366,79.27225,0.6971186855468687
79.12958766666665,80.39063,-1.2610449627278797
78.655066,80.58358,-1.9285140170898387
78.96412933333335,79.46128,-0.49715148942055976
79.29504566666667,78.72504,0.5700090455729168
78.93291099999999,79.44416,-0.5112494614257912
78.42404900000001,79.87056,-1.4465106923828017
78.22737233333334,79.29112,-1.0637501031901024
78.18678833333334,78.67604,-0.48925231608072295
78.18678833333334,78.72875,-0.5419638028971292
78.03693966666665,78.69169,-0.6547488709310016
77.79031333333333,78.37498,-0.5846637784830762
77.56554,78.572716,-1.0071757592773452
77.40944733333333,78.2728,-0.8633492975260424
77.222136,77.747406,-0.5252700058593689
77.475006,77.955765,-0.4807587705078191
77.21901399999999,77.77913,-0.5601150283203253
76.49786633333332,77.18498,-0.6871159664713673
75.68618466666666,78.36036,-2.674174525227869
75.73301266666665,77.16827,-1.4352536297200658
76.20441233333332,75.52819,0.6762217205403545
75.40521833333334,76.32604,-0.9208238419596313
74.627877,76.86162,-2.2337410419921895
74.34691033333334,76.25093,-1.9040204527994717
74.796457,74.50568,0.29078073046875375
74.996494,74.951775,0.04471940283202969
75.67376199999998,75.27182,0.4019419316406072
76.34765733333332,75.13314,1.2145167693684726
77.150063,75.287094,1.8629688837890654
77.40394933333333,76.80718,0.596767021321611
77.36320233333333,76.86512,0.4980823992513024
76.78647333333333,77.44471,-0.6582364444986979
76.310045,77.881584,-1.5715391674804664
76.21914733333334,77.21224,-0.9930947931315046
76.56706533333335,76.43641,0.13065633675131494
77.00274633333333,76.804276,0.1984708206380219
77.65783566666667,76.801994,0.855841342936202
78.39755366666667,76.987656,1.4098980270182295
78.69532166666669,77.716965,0.9783569449869987
78.447704,78.3709,0.0768009848632829
77.88664666666668,78.91619,-1.0295444344075406
77.48857800000002,78.80748,-1.3189018583984193
77.63276033333334,78.23506,-0.6023013121744754
77.999485,77.8872,0.11228559814453831
78.43830066666666,77.86753,0.5707698439127569
78.63890233333333,78.333855,0.3050476580403654
78.93667,78.54442,0.39225166503906905
79.08712133333333,78.85028,0.23684057161457872
79.19995966666666,78.94534,0.25461664908853265
79.629372,79.40513,0.22424352099609735
79.64190933333333,79.403336,0.23857376204426828
79.695194,79.38803,0.30716299414062576
79.12473366666666,80.50195,-1.377219458333343
78.94293866666669,79.620834,-0.677895683919246
78.77054666666669,79.661194,-0.8906471809895606
78.95861066666666,79.35742,-0.39881120833334194
79.503996,79.14505,0.3589459511718758
80.030575,79.12398,0.9065973388671864
80.33147699999999,79.598976,0.7325008647460862
80.04624666666668,80.276726,-0.2304791023762931
79.71400033333333,80.39627,-0.6822704186197939
79.62937166666667,80.52738,-0.8980102303059851
79.85818266666666,79.94852,-0.09033417903646068
80.20923533333333,79.80941,0.39982523811848125
79.79862933333332,80.30523,-0.5065998536783951
79.58549033333335,80.353836,-0.7683457262369586
79.40682966666668,80.55908,-1.152252364583319
80.065053,79.49753,0.567524923828131
80.62611033333333,79.88634,0.739773053059892
81.09313566666667,80.077866,1.0152700660807312
81.434785,80.81331,0.6214762841796926
81.61658,81.1843,0.43227671630859277
81.91434766666667,81.34741,0.5669355572916714
81.788972,81.90019,-0.11122026074218638
81.92061666666667,81.91451,0.006104032389330882
81.898676,82.27522,-0.3765467783203178
82.09300866666666,81.868484,0.22452416959635002
82.10868066666667,82.33988,-0.2312012303059845
81.95822933333334,82.31514,-0.3569104371744771
81.82658433333333,82.34088,-0.5142970143229206
81.68553633333333,82.4437,-0.7581663644205747
81.40030633333333,82.04644,-0.6461337911783858
81.23731766666667,82.058586,-0.8212684539387993
80.89566833333333,82.08481,-1.189140016276042
80.995969,81.337616,-0.3416469667968727
81.02731299999999,81.566826,-0.5395128666992264
80.87059333333333,81.18429,-0.31369469156901175
80.528944,81.36859,-0.8396473085937544
80.42237466666667,81.51292,-1.0905418982747364
81.17051933333335,80.78569,0.38482902571615796
82.27717,80.56761,1.7095583056640606
83.30327399999999,81.15248,2.150792920898425
84.04295033333332,82.288124,1.7548262488606667
85.16977633333333,83.06965,2.10012759065755
85.71430366666667,83.79488,1.9194199386393223
85.92518999999999,84.5236,1.4015922827148302
85.210694,86.18836,-0.9776681215820275
84.83613466666668,85.69652,-0.860383277669257
84.43954233333332,85.663826,-1.22428365543621
84.30419733333332,85.14772,-0.8435230035807422
83.54878333333333,85.041145,-1.4923619913736985
82.89409133333334,84.68387,-1.7897770748697894
82.60136866666667,84.61244,-2.0110733499348896
83.36307766666667,83.15664,0.20643856754557532
84.121639,82.9262,1.195438133300783
84.00832666666666,83.54332,0.4650069645182242
83.61173433333332,84.416145,-0.8044109913737145
83.51730766666667,84.48173,-0.9644199334309889
83.80688333333333,83.51862,0.28825998128255037
83.92649066666665,83.78776,0.13873279313149567
84.080721,84.32559,-0.24487104101562807
84.10904900000001,84.09291,0.016138233398450552
84.323083,84.05659,0.26649578076171565
83.945376,84.72952,-0.784146705078129
83.49527499999999,84.24679,-0.7515130249023514
82.00648,84.60127,-2.5947925830078162
79.69932,84.00264,-4.303319770507812
77.78245700000001,83.26757,-5.485113495605461
76.07018533333334,81.19201,-5.121823638834627
74.77968633333334,78.437416,-3.6577297433268114
74.85837533333333,78.01263,-3.154251314615891
74.48066833333333,76.05577,-1.5751025406901107
76.07333299999999,74.114555,1.9587776411132722
75.73024933333333,76.80064,-1.0703869581705732
76.91058366666667,74.33091,2.5796739376627613
75.31477166666666,77.04696,-1.7321872566731855
75.42808366666667,76.204025,-0.7759416018880216
74.27922500000001,77.138145,-2.858920446777333
73.56158166666667,73.97809,-0.41650671223958113
73.80394366666667,76.33923,-2.535289731770831
72.40957533333332,74.4452,-2.035622725748709
73.90466533333333,71.95971,1.944956165852858
73.15239899999997,76.29625,-3.1438503896484633
73.416794,70.89555,2.5212404111328084
69.80024966666667,74.590675,-4.790425687337233
64.625664,74.7057,-10.080039735351562
63.11168833333334,71.49937,-8.387678426920566
63.97726699999999,66.68067,-2.7034046918945407
68.065945,62.087402,5.978542656249999
69.598806,65.610275,3.9885307314453087
72.30255833333332,66.42578,5.876777083333323
73.27830133333332,70.13786,3.14043817415363
73.91096033333334,69.96228,3.9486800598958354
73.942436,73.66625,0.27618386376953197
74.11240433333333,74.03615,0.07625626204426794
76.05130033333334,72.80518,3.246116922688813
76.83504233333333,74.83414,2.000905370442709
78.56619933333334,75.01819,3.548010856770844
79.608041,77.42049,2.1875545498046876
80.84188366666667,77.237946,3.60393811002605
82.27402233333332,79.555046,2.7189762517903517
83.93192599999999,80.68087,3.2510559438476463
87.24873,80.9086,6.34013014648437
89.41983566666667,83.66861,5.751226047526046
91.65098633333335,85.297966,6.353020329915381
91.03473366666667,89.21555,1.8191803829752615
90.86723933333333,89.89637,0.9708693992512991
89.58416966666667,91.887596,-2.303426463704426
89.58733,89.66265,-0.0753210620117244
89.41983566666667,90.789635,-1.3697990379231726
88.63608866666667,89.69158,-1.055493059407553
88.07356066666667,89.68568,-1.6121159080403658
87.16972333333334,90.18854,-3.0188142643229128
86.66092,87.755104,-1.0941840649414019
85.88665366666667,88.1559,-2.269245381184888
86.18371900000001,87.813866,-1.6301466616210831
86.57243200000002,86.14878,0.42365117724611423
87.88710433333334,85.9418,1.9453013548177154
88.09884266666667,87.90484,0.194004104654951
89.67581733333333,86.618355,3.0574625359700462
89.61577233333333,88.696014,0.9197579290364502
89.12909066666666,88.66832,0.4607709645182183
87.77333499999999,90.47521,-2.70187709716798
86.53766933333334,89.18312,-2.645451394205722
85.94037833333333,88.2056,-2.265218590494797
84.81532233333333,87.813866,-2.9985433282877665
84.87852766666666,86.29605,-1.4175233587239688
84.916451,86.289696,-1.3732447397460987
85.94353866666668,84.65693,1.2866096505534017
85.75076233333334,85.68388,0.0668786663411538
85.86769233333334,85.80216,0.06553016292318148
86.06678933333333,86.581604,-0.5148146705729175
87.785976,85.344604,2.441371507812505
88.49703666666666,86.22278,2.2742583463541592
88.66137066666667,87.146545,1.51482525651042
87.54895566666667,89.19419,-1.6452353123372347
86.04466699999999,88.199104,-2.1544373090820415
85.17243266666667,88.16404,-2.9916069451497407
85.539024,87.34218,-1.8031543447265648
86.17739866666666,85.05279,1.1246108859049428
86.90426066666667,85.82114,1.0831241920572978
85.39365166666666,87.44248,-2.04883032796225
84.998618,85.94089,-0.9422694511718817
84.17378766666666,87.31212,-3.1383308636067824
84.79320066666668,84.343216,0.4499847242838655
85.38733133333334,85.024315,0.36301645296224194
85.618031,85.20865,0.409382318359377
85.91509633333334,85.27341,0.641689350911463
85.73812133333334,86.10371,-0.36558502652994207
86.06046866666667,85.77707,0.28339957486979017
84.99229733333334,86.128494,-1.1361969293619723
84.76475766666667,85.94486,-1.1801046990559882
83.94624800000001,86.61895,-2.6727018901367074
84.48665433333333,83.90184,0.5848141233723965
85.05866333333334,85.30057,-0.2419042936197826
85.98462233333333,84.561646,1.4229768255208342
87.00222933333333,84.704,2.2982269529622386
87.48891066666667,86.34953,1.1393775856119817
87.74805266666667,86.63961,1.1084423761393225
87.858662,87.264946,0.5937160161132766
88.07988100000001,87.96458,0.11530427880860827
88.26317666666667,87.78705,0.4761283268229164
88.42435033333334,87.97615,0.448199820638024
88.90155099999998,88.762,0.1395499624023273
90.18375199999998,88.41188,1.7718715068359217
91.34546700000001,88.51342,2.8320468950195448
92.750782,89.95095,2.799831377441407
93.49626500000001,91.37979,2.116473740234383
94.06410100000001,91.44001,2.6240909291992267
94.36229433333332,93.6454,0.7168933323567614
94.914269,93.81611,1.0981602963867232
95.15536133333335,93.526,1.629360356770846
95.09191600000001,95.02182,0.07009593164063688
94.78737833333334,95.55572,-0.7683391349283824
95.919878,94.48917,1.430711740234372
96.40840733333334,95.2777,1.1307050017903748
96.65584433333333,95.159485,1.4963594700520844
96.07214699999999,96.975945,-0.9037975190429819
95.564584,96.44926,-0.8846728969726598
96.04042433333333,96.0597,-0.01927567887369719
96.379857,96.11427,0.2655839287109387
96.79225166666664,95.54409,1.2481613956705502
96.12607533333333,96.96528,-0.8392032921549486
95.27273533333334,96.7194,-1.4466631652018123
95.088744,96.5025,-1.4137584414062445
95.42500433333333,95.74026,-0.31525292985026
95.72002533333333,94.99745,0.7225735511067626
95.73905900000001,95.89995,-0.16088912011717582
95.69464733333335,96.117645,-0.42299793033852495
95.85008833333333,95.43514,0.41494581624348825
96.14193700000001,95.95553,0.1864087407226691
96.59874366666668,96.10157,0.49717353727214686
96.88742,95.81507,1.0723488940429746
97.15389033333334,96.61937,0.5345208264973991
97.40449933333335,97.1738,0.23070172591147298
100.54504499999999,96.61451,3.9305354174804563
103.18437233333333,97.43223,5.7521442449544224
105.176557,97.947685,7.228871758300784
103.67290200000001,103.41009,0.2628144145507889
103.24464566666666,103.502716,-0.2580703977864687
101.99477200000001,103.49449,-1.4997195771484257
101.23659966666666,101.98253,-0.7459290198567743
99.14290266666667,103.88926,-4.746356671712235
99.23172600000001,101.144165,-1.912439039062491
99.18096966666668,100.26348,-1.082511473470035
99.77101166666668,99.03893,0.7320788663737119
99.73294433333334,100.62661,-0.8936654689127579
100.55138966666668,99.230835,1.3205547057291795
100.86861633333335,99.744,1.1246130374349121
101.17632666666667,100.353264,0.8230628116861993
101.26515033333334,100.98295,0.2822020301106818
101.34445699999999,100.54249,0.8019689018554601
100.754415,101.30285,-0.5484338159179742
99.444268,101.477356,-2.033087957031256
97.848617,100.96186,-3.113243656738277
97.42036066666665,100.23875,-2.818385976399753
97.96281866666665,98.75132,-0.7885012185872569
99.31737733333333,97.30259,2.0147879168294196
101.02405766666665,98.62876,2.3952963751627436
102.35641033333332,99.07655,3.2798569886067526
102.77197766666666,99.66276,3.1092197931315013
102.68632666666667,102.25921,0.42711798746745444
101.92815466666666,102.41125,-0.4830925867513116
102.321516,101.42553,0.8959865200195338
102.31517133333334,102.96852,-0.6533497848307235
103.39374233333332,101.41109,1.982655297200509
104.44376299999998,102.47626,1.9675056757812257
104.38983433333333,102.944405,1.4454297312825446
103.901305,103.75311,0.14819220703124358
102.83179466666667,104.84325,-2.0114517932942704
103.36042633333334,103.264946,0.09548034944661765
103.45272966666667,103.261826,0.19090410514323253
103.78374799999999,102.84015,0.9435990742187386
102.59335566666665,104.27199,-1.6786322483724092
103.05168833333332,103.16238,-0.11068807047527685
102.870265,103.50156,-0.6312913964843716
103.847405,101.828514,2.018890900878901
103.56094700000001,104.07622,-0.5152706513671745
103.12489399999998,102.84357,0.2813271054687334
101.85174733333334,103.80586,-1.9541150934244769
100.74729266666665,103.54841,-2.801115841634129
101.08467666666667,102.16863,-1.083955840657552
102.536064,101.17343,1.362632603515621
104.57946466666667,100.98168,3.5977828429361978
106.50509933333333,102.30554,4.199557341145834
108.05197266666667,103.64484,4.407136240885421
107.370839,105.178764,2.192074656738285
106.505099,106.8654,-0.3603032216796862
105.94173166666668,107.876976,-1.9352443465169102
106.75654566666667,104.95552,1.8010250367838552
107.32627900000001,106.09932,1.2269595419922013
107.65093133333333,107.05267,0.5982579934895824
108.00422966666665,106.573616,1.4306136388346147
107.10347833333334,107.166985,-0.06350622477212653
106.253653,107.90308,-1.6494308012695313
105.56297066666666,107.59314,-2.030168981770842
105.40382733333334,105.552704,-0.1488765240885357
104.32483533333333,106.2964,-1.971566644205737
102.898911,105.94368,-3.0447688095703143
102.37373766666666,104.79702,-2.4232822918294374
102.56789266666668,103.612045,-1.0441526214192578
103.22992899999998,102.55869,0.671236067871078
103.39862099999999,103.042496,0.35612527246092895
103.179003,103.21316,-0.03415465380859928
102.99121366666667,103.37649,-0.38527406526692687
102.68247566666666,103.20796,-0.5254863694661509
102.45012633333333,102.83662,-0.3864901827799514
101.94723333333333,103.063446,-1.1162127115885454
101.737164,102.53381,-0.796649476562493
101.807187,102.25796,-0.45077045849609476
101.956782,101.85636,0.10042061083984777
102.25278866666666,101.89071,0.3620797433268166
102.35464066666667,102.14123,0.21341294449869963
102.988031,101.970695,1.0173355043945378
103.471827,102.43718,1.0346474345703172
103.71054199999999,102.38513,1.3254101640624896
103.55139866666667,103.40286,0.14853611783854603
103.06760266666667,103.60953,-0.5419249212239521
103.15035700000001,103.183975,-0.03361821972654866
102.99439666666667,103.398544,-0.4041476448567636
103.27448900000002,102.82155,0.45294053808595436
103.303135,103.39317,-0.09003821777344001
103.84422233333333,102.97139,0.872832562825522
104.09248600000001,103.34993,0.7425561904296956
104.735425,103.41531,1.3201112792968814
104.97095699999998,104.14726,0.8236944267577968
105.668005,103.96311,1.7048931225585875
106.03403466666667,104.9689,1.0651320787760454
106.22818966666667,104.89544,1.3327505187174467
105.44520433333332,105.74772,-0.30251447770183404
105.61707933333332,106.056885,-0.4398054322916778
105.50567900000001,105.69344,-0.18776429833982888
106.43353333333333,104.460335,1.9731985555012983
106.71373566666666,106.55655,0.15718659440103977
107.62456233333334,105.34275,2.281811784016938
108.15188300000001,106.349434,1.802449101074231
108.23817199999999,107.20355,1.0346197539062416
108.82301866666667,107.53398,1.2890373434244822
109.39188600000001,107.78433,1.6075537246093887
109.85528899999998,107.85317,2.002116697753891
111.66735466666667,109.17341,2.493946158365887
114.49890700000002,109.26316,5.235746294433611
117.13551066666665,109.19148,7.944028122721335
117.08757266666669,113.25742,3.8301492657877816
116.01056,115.493904,0.5166558862304669
115.11571266666664,115.50177,-0.3860573528646114
116.32695233333335,114.74935,1.5776008318685086
117.69479033333333,114.98323,2.7115597425130176
119.42376333333334,114.58916,4.834606228841153
119.82644466666665,117.29042,2.5360241344400833
120.57428133333332,117.57805,2.99623262727863
121.55861333333333,118.42329,3.1353268953450453
122.43108933333332,118.80362,3.6274699485676933
122.55892466666664,120.00789,2.5510358727213287
121.65768533333335,121.05568,0.6020060120442849
120.06613566666668,121.18742,-1.1212880393880056
118.56726666666665,121.00092,-2.433656490071627
117.09396466666668,119.97089,-2.876921563802071
116.88303633333332,118.43759,-1.5545552194010526
116.57303566666667,117.89452,-1.3214879539387994
116.24705566666667,116.376274,-0.12921844222005063
116.19272566666668,117.09917,-0.9064412034505125
116.49633433333332,116.25482,0.24151255598957277
116.30458133333335,115.052986,1.2515951883138143
114.32313366666666,116.485245,-2.162111084309899
112.63570733333333,116.468704,-3.8329968902994835
111.50116866666669,114.42501,-2.9238420144856576
111.72168466666666,112.44248,-0.720797327962245
111.28384866666667,112.86988,-1.5860320096028602
111.88787066666666,111.325554,0.5623167726236886
111.89106633333333,111.84674,0.04432561067707752
112.60055266666667,111.076454,1.5240985040690163
112.82426433333333,112.08531,0.7389524436848944
113.11508966666666,111.4893,1.625786077799475
113.11828533333333,112.49348,0.6248084656575514
113.76704966666667,112.59003,1.177022811197915
114.99746499999999,112.33667,2.660795078124991
115.75808533333334,112.74946,3.0086270203450596
115.04540333333333,114.132805,0.9125984627278569
114.27199933333334,115.007645,-0.7356453199869719
114.776949,114.64535,0.13160140478515814
116.122416,113.30536,2.817057113281251
116.346128,113.97726,2.3688712250976494
115.633446,115.71282,-0.07937596044921236
114.58200033333334,115.83551,-1.2535099205729097
114.61715499999998,114.55359,0.06356613281248258
114.65870133333333,114.77041,-0.11170729703776772
115.03261966666668,114.015884,1.0167352672526135
115.00705266666665,114.52197,0.4850800104166524
115.30427,114.47472,0.829553813476565
115.60148733333335,114.58187,1.0196163006185088
116.63375766666665,114.39439,2.2393713751627473
116.96932533333333,115.13538,1.833941727376299
118.04283433333335,115.22183,2.821002057942721
118.61827066666667,116.60414,2.014129431315112
119.59020966666668,116.02035,3.569862071451837
118.326368,117.83937,0.4869972724609397
117.76501699999999,118.16601,-0.4009909956054827
117.434622,118.5725,-1.1378801362304642
118.49637733333333,115.83803,2.6583493792317654
118.489962,117.58936,0.9005989018554743
117.91257233333333,117.8056,0.10696930598957977
117.31593633333334,117.74326,-0.427326911295566
116.81232433333334,117.41687,-0.6045457838541637
116.29267366666666,116.871346,-0.5786718533528727
115.67679133333333,116.64699,-0.9701965817057356
114.56371266666666,116.2318,-1.6680835979817772
114.06010066666666,115.526474,-1.4663733323567811
113.82272966666667,115.05446,-1.231728951497388
114.27501800000002,113.58209,0.6929257148437671
114.41295000000001,114.02739,0.38556047363282175
114.28464100000001,113.92774,0.35689899560547644
113.45063400000001,113.96937,-0.5187339809570233
112.97268366666667,113.96601,-0.9933273806966127
112.947022,113.61525,-0.6682276337890585
113.072123,112.277534,0.7945885151367236
112.92136033333333,112.905975,0.015384991536450343
112.30227033333333,113.24567,-0.9433961705729246
112.64228866666666,112.20391,0.43837783902993976
112.69040433333332,112.42556,0.26484433577472544
112.98230699999999,111.90608,1.076224846679679
113.17477000000001,112.77639,0.39837992431641567
113.05287666666665,112.28067,0.7722065006510235
112.53964133333335,112.47686,0.0627812869466311
111.97829033333333,113.196785,-1.2184946398111975
108.46262933333333,112.13253,-3.6699008790690186
105.64304366666667,111.545815,-5.9027708474934855
103.25329266666668,112.04605,-8.792758358723944
104.37599466666666,104.51781,-0.14181234016928101
105.37038766666666,105.02086,0.3495289020182213
104.953384,105.54558,-0.5921940029296877
104.87639866666666,105.11552,-0.23911799593099659
104.92451466666665,105.575294,-0.6507798279622534
105.56926633333333,104.15928,1.4099874637044252
106.02797033333333,104.92737,1.1006021692708288
106.11137099999999,105.54356,0.567814786621085
106.15948666666667,105.43376,0.7257250699869786
106.52837433333333,105.947784,0.580589909505207
106.50271266666667,105.968285,0.5344280597330737
106.94537800000002,105.81651,1.1288649384765819
106.730461,106.89534,-0.16487896582030714
106.89405466666668,106.054375,0.8396799718424575
106.97745566666666,106.912544,0.0649114161783757
107.54201433333333,106.58467,0.9573433128255147
109.100966,106.57125,2.529715084472656
110.86841933333332,107.148285,3.720134421223946
111.89809733333334,107.83146,4.066638287923183
112.36642466666666,109.90676,2.459663497233066
112.63266566666667,111.12559,1.5070782032877617
113.55969666666665,110.70502,2.854679576822903
114.42898866666668,111.882576,2.546412677897152
114.82033033333333,112.565,2.255327891927081
115.11544066666666,113.26668,1.848762810221345
114.77542233333334,114.168045,0.607377289388026
114.57975133333333,113.9716,0.6081479397786467
113.89971466666667,114.497826,-0.5981109558919258
113.35377399999999,113.95196,-0.5981837026367316
113.13286033333334,113.91676,-0.783902972330722
113.65450666666668,113.18799,0.466518385416677
114.32105466666667,112.78441,1.5366460973307312
114.79440033333334,113.19376,1.6006366004231865
114.62051833333334,113.90899,0.7115293806966179
115.28706666666666,113.9049,1.382167069498692
115.46094900000001,114.21657,1.244381006835951
115.96327500000002,113.8157,2.1475782836914306
115.87311366666667,115.53125,0.34186366666666856
116.37865966666666,114.69278,1.685880125651039
116.75540433333333,115.13488,1.6205242674153624
116.88420599999999,115.612305,1.2719013124999918
117.21587,116.018616,1.1972542773437453
117.40585233333333,116.06095,1.3449011004231721
117.82123733333333,116.13611,1.685128934895829
117.83733766666668,116.96576,0.8715783893229343
118.34932366666666,116.642815,1.7065090304361945
118.50710566666666,117.2029,1.304201919108067
118.27848266666666,117.20367,1.074815979654943
118.16578133333333,117.92372,0.2420600198567655
118.28170266666666,117.68015,0.6015497736002544
119.31211533333332,117.00533,2.3067823865559802
120.23948666666668,117.88771,2.351776095377616
120.51963033333334,117.93698,2.582649132161464
120.86095466666667,119.05544,1.805511856608078
121.06381733333333,119.80686,1.2569554558919265
121.67884466666666,118.887375,2.7914697887369755
121.60800366666668,120.26644,1.341562321451832
121.09923733333333,120.598076,0.501161466634116
120.980096,120.46724,0.5128566201171907
120.68707233333335,120.42079,0.2662807073567848
121.07347700000001,119.95737,1.1161100566406361
121.36328033333334,120.40507,0.9582128894856794
122.26811133333334,119.747215,2.5208960623372434
123.08922133333334,120.636444,2.4527772415364666
123.91677166666666,120.83612,3.080651061197912
124.23555566666666,121.59954,2.636014956217437
124.41909799999999,122.407585,2.0115128559570223
124.109974,122.86749,1.242481324218744
124.24199566666667,122.74599,1.4960087281901053
123.456306,123.34801,0.10829879785156038
123.15684233333333,122.69614,0.460705858723955
122.735017,123.32276,-0.5877445356445321
122.99906033333333,121.85865,1.1404101258138013
122.91533933333334,122.190674,0.7246655052083355
122.07168933333334,122.25371,-0.18201855240884868
121.32786033333333,122.146774,-0.8189139586588539
120.638772,121.747635,-1.1088628876953095
120.77723366666667,120.50218,0.2750516598307371
120.53251066666667,120.58182,-0.04930696028645798
119.22195466666668,120.01326,-0.7913052210286367
117.10960866666666,120.31676,-3.207148535481778
115.52856933333334,119.60469,-4.0761212184244755
114.73965966666665,117.14154,-2.401880860677096
114.24699366666665,115.81348,-1.5664828958333459
112.98151833333331,115.76413,-2.7826113053385626
112.25700966666668,114.43378,-2.1767671888020743
112.02516700000001,113.63615,-1.6109795454101459
112.79153633333334,112.25809,0.5334491751302153
113.599766,112.204384,1.3953821499023462
113.72534733333332,112.29907,1.4262750677083176
113.53536499999998,113.10126,0.43410767578123455
113.08777966666668,113.43585,-0.3480723841145732
113.45486433333333,112.59673,0.8581312400716143
113.65440799999999,113.00317,0.6512418012695207
113.74042466666667,112.715546,1.0248790123697944
114.31255300000001,113.382225,0.9303279633789145
116.193789,113.32165,2.8721413559570266
118.85402466666666,112.967705,5.886319893717442
121.23950933333333,114.64919,6.590316523274737
122.29649233333333,117.22746,5.069029564778646
123.29206033333332,118.6475,4.6445612488606685
123.61206433333334,120.3245,3.28756329573568
123.97732133333334,120.75449,3.2228276199544297
124.22298100000002,122.225784,1.997196698242206
124.62056200000002,122.219475,2.401087207519552
124.62056200000002,122.553535,2.0670265385742397
124.559147,123.44311,1.116039395019527
124.60763233333334,123.54763,1.0600020232747482
123.52802266666666,122.94697,0.5810545880533766
122.91387366666665,123.671585,-0.7577114163411665
122.05406466666666,123.82851,-1.7744418030599007
123.16923033333333,120.85066,2.318568101888019
123.31468666666665,122.46722,0.8474701749674267
123.96762433333333,121.751045,2.216579106282552
124.49126733333334,122.65591,1.8353606560872464
125.66784766666666,122.26474,3.4031076764322847
125.722798,123.148796,2.5740019184570286
125.14097266666666,123.79517,1.3457990216471245
123.83186533333334,124.85689,-1.0250224840494724
122.745791,123.60317,-0.8573813022460968
121.72436366666666,123.27381,-1.5494476736653695
121.15223533333335,122.64817,-1.495935137858055
121.35264166666667,121.465775,-0.11313286946614198
122.50013100000001,120.785,1.7151273378906353
122.72639633333333,120.866005,1.8603913894856703
123.00437966666667,121.13737,1.8670124181315089
123.11751233333332,122.43935,0.6781660198567607
124.5720763333333,121.02434,3.547738564778612
126.424221,121.9202,4.504024466796878
127.73009633333334,122.86341,4.866685383626304
128.40889266666665,124.1271,4.2817945831705515
128.428287,125.7571,2.671184033691418
129.05859766666669,126.05337,3.0052300519205914
130.21901633333334,126.47523,3.7437889773763118
130.35154300000002,126.81268,3.538859894531271
130.73619433333334,128.0975,2.6386906712239693
130.77821500000002,129.18759,1.5906234472656422
132.126111,127.54751,4.578602760253915
131.938634,129.5363,2.40233334082032
131.67358033333335,129.67198,2.0015985218099104
132.28126466666666,130.54456,1.736709002604158
133.632393,129.39284,4.239555475585945
135.6332263333333,129.81097,5.822252212239562
136.11161633333333,131.966,4.14561291536458
136.767786,132.00822,4.7595615126953135
136.61909699999998,133.8683,2.7507956083984197
136.70637066666666,133.45355,3.2528184205729076
136.0114123333333,134.33957,1.6718432415364362
134.320886,134.32031,0.0005735000000015589
132.517227,134.33069,-1.8134614765625088
131.25660533333334,133.37091,-2.11430531119791
131.18872566666667,131.38306,-0.19433097395832988
131.22104933333333,130.83646,0.3845930345052011
131.40206166666667,130.31569,1.0863725797526058
130.80730699999998,130.23602,0.5712840507812302
129.14587166666666,129.84326,-0.6973900520833354
126.85884433333334,130.03777,-3.17892116959635
124.69601600000001,128.70354,-4.007520987304673
123.52814666666669,126.46427,-2.9361248787434704
122.40893833333334,125.297295,-2.88835628336588
122.16887633333334,123.729004,-1.560127572916656
121.44544600000002,122.93103,-1.4855842734374818
120.97829833333334,121.61375,-0.6354483097330643
119.10970699999999,121.99872,-2.889011261718764
118.01320733333334,120.35697,-2.3437644073893154
118.68797633333334,119.93528,-1.2473035128580676
121.085353,117.568695,3.516657931640623
123.27835233333332,117.57007,5.708283973958316
124.79982666666665,120.276955,4.5228720157877405
125.65950833333333,121.46593,4.193581209309897
126.47377299999998,121.7508,4.722971913574199
125.82820066666666,124.03333,1.7948678419596291
125.35456466666668,124.30186,1.0527076720377693
125.607603,124.53716,1.0704402192382787
125.51352466666665,123.756714,1.7568107994791546
124.48839466666668,124.24785,0.24054615592449125
121.98720766666666,125.29873,-3.311521276204431
120.76094466666666,123.541855,-2.7809101917317776
120.173766,122.32692,-2.153153555664062
119.46006799999999,120.34198,-0.8819119804687574
117.12757333333333,120.71379,-3.586217560221357
115.12597466666668,120.021835,-4.895860660481759
114.04569533333333,117.84322,-3.7975282384440163
114.671803,115.21108,-0.5392794584960967
116.26140333333335,115.182465,1.078938733723973
117.354659,114.369835,2.9848241000976543
117.17623466666666,115.045044,2.1311907213541588
116.51119766666667,117.29418,-0.7829841570637939
116.62474033333334,116.19412,0.43061801888021023
117.67582266666666,115.041115,2.6347078595377553
117.18921066666668,116.47799,0.7112214698893382
115.61258700000003,116.67278,-1.0601958979491855
114.63287433333332,117.098526,-2.465651667643243
114.02947499999999,115.564545,-1.5350696777343842
113.351462,113.84363,-0.49216592968750206
112.42041066666668,115.06831,-2.6479029319661294
112.57612666666665,113.764,-1.1878732722981908
114.34739533333334,111.79175,2.5556472864583384
116.19003366666666,112.57824,3.611794225748696
117.80234233333333,113.49521,4.307133593098953
118.54199300000002,114.780174,3.7618187446289255
118.76583466666668,116.12475,2.6410864366862086
116.97185733333336,117.276825,-0.3049676178385141
115.693689,117.20906,-1.5153716689453063
114.73992900000002,117.64502,-2.905090531249982
115.73586200000001,114.47574,1.2601234746093866
116.50470933333331,115.10223,1.4024830760090907
116.96861299999999,115.375435,1.5931781245117094
116.43982766666667,115.883575,0.5562522272135482
115.91753066666666,116.06245,-0.14491592757161698
115.43091833333332,116.298775,-0.8678563859049575
115.79425566666666,115.05545,0.7388052272135326
116.23545066666668,115.248886,0.9865645582682419
117.69204333333332,115.271965,2.4200783064778477
118.915062,115.594986,3.3200760380859435
118.947503,115.90458,3.0429238374023413
117.33195033333332,118.194466,-0.8625153038737068
116.26140333333333,118.23202,-1.9706141837565099
115.64923166666667,116.56764,-0.9184105452473972
115.11637566666664,115.69492,-0.5785477342122647
115.279218,116.44988,-1.1706645073242186
116.89135533333334,114.98345,1.907903490071618
119.19720000000001,114.052864,5.144335925292978
119.08646733333333,116.23678,2.8496890740559877
118.2299173333333,117.77006,0.4598596551106482
116.14553799999999,118.53195,-2.3864139042968873
115.19453966666667,116.524994,-1.330454229817704
114.54317133333332,117.0659,-2.5227313766276183
113.41304666666667,114.82413,-1.4110805305989516
112.14613466666667,114.553085,-2.406950660481769
110.328816,115.03006,-4.701243814453122
111.04532133333333,111.7633,-0.717976701334635
111.10394466666668,111.26948,-0.16553317757160357
111.05183533333333,110.485535,0.5663006653645795
108.34539899999997,112.28173,-3.9363316518554967
106.30661533333333,110.3088,-4.002184410319018
104.212465,109.99971,-5.787245083007818
104.40136166666666,106.5089,-2.1075418367513095
105.42075333333332,105.77338,-0.3526231315104269
106.68115166666665,104.54268,2.138472833658838
108.82089766666667,105.52641,3.2944847027994797
109.75235500000001,106.58202,3.17033137939454
110.64147333333334,106.54702,4.094453374837244
110.21808366666669,110.00023,0.21785478483074883
110.96390066666666,109.01137,1.9525328688150978
111.39706066666666,109.37971,2.01735333024088
111.38077633333332,110.06684,1.3139352078450344
111.32866666666666,111.31599,0.012680033365882082
112.279665,110.62912,1.6505451269531193
113.67033699999999,110.47883,3.191508569824208
113.73873066666667,111.5897,2.1490318751627626
114.00579166666665,112.76917,1.2366189982096216
113.71593266666666,113.46272,0.2532098883463476
114.15234966666667,112.165886,1.9864637413736972
113.94716866666668,113.969406,-0.02223746126300341
113.33488233333334,113.26596,0.06892163997396494
112.12659366666668,113.35633,-1.2297372049153523
109.76538233333333,113.678955,-3.913572744791665
106.905874,112.19843,-5.292558922363284
103.72393833333334,110.89454,-7.170600546061195
102.150883,108.55985,-6.408969600097663
100.90025533333333,105.62092,-4.720662940592447
100.76672466666666,102.96149,-2.1947621497395886
100.639708,103.415184,-2.775476020996095
101.737264,100.907364,0.8299001083984336
102.93578233333334,100.91474,2.0210408172200545
104.57723133333333,101.855515,2.7217168069661426
105.76272233333333,102.45096,3.311764081380204
106.01024233333332,103.12959,2.880649437825511
105.89625266666665,105.53044,0.3658113824869673
105.75620833333333,105.558685,0.19752303059895837
106.81468233333332,104.559135,2.2555468963216043
106.87981933333333,106.15581,0.7240118382161427
106.89284666666666,105.81458,1.0782638419596253
106.65509733333332,107.02182,-0.3667227350260589
106.64206966666667,106.49812,0.14394649772135892
106.70720666666668,106.23973,0.46747583170574103
106.31964233333333,106.77772,-0.458075256998697
105.32630533333332,106.57737,-1.251064356608083
104.44370066666666,106.37162,-1.9279195115559986
104.77063133333331,105.96704,-1.1964096822916872
105.18940433333334,104.485176,0.7042282469075616
106.569903,104.3159,2.254000290039059
106.37689499999999,106.163315,0.21358018066405293
107.57747066666666,104.862495,2.714975244303375
107.33866400000001,107.025444,0.31321996923828976
107.42698966666667,105.913414,1.5135756652018273
106.90357766666666,107.79813,-0.8945485540364615
107.16201233333334,106.85633,0.3056814617513055
107.77047866666668,106.5885,1.1819776901041763
107.68869566666667,106.97035,0.7183434938151123
107.53494333333333,107.50334,0.031601658528643384
106.97227566666668,107.79677,-0.8244925218098871
107.22416766666667,106.873985,0.3501823761393297
107.28959433333334,107.39149,-0.10189278824869064
107.489145,106.704735,0.7844101977538998
107.28959433333334,107.34556,-0.055963833170565636
106.69748466666667,107.36949,-0.6720069104817696
107.03115966666667,107.099915,-0.06875488411458264
107.51858666666666,106.96584,0.5527434659830703
108.68644899999998,106.18727,2.4991778818359194
109.21967466666665,107.70746,1.5122161705728985
109.72345866666667,107.7919,1.931558031901048
109.41922566666665,108.635086,0.7841396070963356
108.78458900000001,109.07472,-0.2901332900390514
108.14013833333333,109.339516,-1.1993773527018305
107.126028,108.48951,-1.3634815825195261
105.83385533333333,108.15258,-2.3187249278971365
104.32250366666666,108.10156,-3.7790588333333375
103.81217733333332,106.19602,-2.3838447003580825
102.46766333333333,105.089165,-2.6215014005533845
101.289987,104.34092,-3.05093249462891
100.08286866666667,104.29185,-4.208978562337236
100.32821799999999,101.30118,-0.9729599785156324
101.30961499999998,101.03019,0.2794254858398233
101.40775466666666,100.830605,0.5771501134440058
101.42738233333333,100.874725,0.5526569915364519
101.38158366666667,102.298454,-0.9168706180012975
102.850408,100.74166,2.108746928222658
104.73796166666666,101.030914,3.7070473600260385
106.23949933333334,102.31265,3.9268467454427167
105.86329699999999,103.90584,1.9574589873046762
104.98003966666667,105.187805,-0.20776550911458003
103.59626966666667,106.127686,-2.5314158802083284
102.99434633333334,104.12749,-1.1331408492838477
102.44149266666666,104.27548,-1.8339895110677134
101.541879,103.58675,-2.044867215820318
100.44598566666667,102.69959,-2.253606923665359
99.458046,102.58625,-3.1282043051757853
98.92482,101.15919,-2.2343673168945344
98.65984266666666,99.8408,-1.1809547576497437
97.7635,99.82549,-2.0619928588867253
97.12232066666667,99.26772,-2.145402416829427
96.61526566666667,98.538155,-1.9228889353841083
96.101668,97.35063,-1.2489637138671839
96.363374,97.40893,-1.0455539174804755
97.93033766666667,96.90216,1.0281770221354236
100.09595366666667,95.72046,4.375494682291674
101.05445133333333,97.47313,3.5813220608723952
100.63245066666667,99.88208,0.7503705885416707
99.896403,100.38046,-0.4840596464843685
99.66741033333334,100.21726,-0.5498519347330699
99.108014,100.02671,-0.9186965102539091
99.70012366666666,99.61071,0.08941352262368696
99.576744,99.98186,-0.40511329980468247
100.857407,98.76065,2.09675636523437
101.68227533333334,100.65985,1.0224242591145867
100.76210366666668,99.53621,1.225894560221363
98.03116500000002,101.45804,-3.4268733300781093
94.77112766666666,102.55595,-7.7848186834309985
94.83028133333333,97.9872,-3.1569165426432306
95.73073533333333,96.04661,-0.31587263785807806
96.83494133333333,95.274216,1.5607256350911456
96.38800100000002,96.90605,-0.5180506357421706
96.89409533333333,96.47988,0.4142140467122317
97.06498433333333,96.912865,0.15211964827473423
97.84713033333333,95.9465,1.9006276477864503
97.370613,97.724945,-0.35433206835936915
96.55231733333333,97.377365,-0.8250477789713528
96.14481266666668,97.80055,-1.6557397014973816
96.62461633333332,97.00575,-0.38113623014324105
97.672955,95.895355,1.7775997753906267
98.12975466666667,96.86519,1.264566068033858
99.684188,97.735916,1.9482718623046935
101.146604,97.92767,3.2189306601562464
101.98461733333333,97.98285,4.001768212239583
101.62640766666665,101.3738,0.2526054816080574
101.468664,101.51779,-0.049127748046871034
101.64941233333332,100.57911,1.0703031414387851
101.889314,101.579575,0.3097394150390613
101.97804466666666,101.8868,0.09124199332681826
102.73718633333333,101.24735,1.4898337332356704
103.44374700000002,102.21091,1.232840017578141
104.45593633333333,102.20833,2.247608086263014
104.62682533333333,102.98097,1.6458530432942666
104.29162000000001,103.8728,0.41881726562500887
104.49537233333332,104.684265,-0.18889280338542846
105.33009966666667,103.82797,1.5021272545572941
106.345575,103.72437,2.6212021362304654
105.63244166666667,105.4305,0.20194545084635251
104.294906,105.68111,-1.386200567382815
103.21699033333334,106.03335,-2.8163577501627515
103.71322599999999,104.365845,-0.6526187265625083
104.91273599999998,103.32812,1.5846186293945124
106.45073766666665,103.70889,2.7418448444010295
107.96573466666669,104.89917,3.066564744791691
109.19810766666666,105.30703,3.8910779425455644
108.87933366666668,106.860916,2.0184175289713693
107.36105033333332,108.4754,-1.1143524986979259
105.82633499999999,108.639046,-2.812710715332045
105.15921033333333,107.16498,-2.005767694010416
105.56342866666667,106.19797,-0.6345388626302082
106.03666000000001,105.74532,0.29133681884766816
106.59204966666667,105.38719,1.2048578942057304
106.73336166666667,106.31692,0.4164442472330734
106.66763499999999,106.167496,0.5001392724609275
107.36762266666668,106.36736,1.0002596905924577
107.76855466666667,106.69114,1.0774154454752676
108.34366200000001,106.236046,2.1076161625976653
108.63943166666667,107.969124,0.6703078263346356
108.97135066666667,107.64887,1.3224782911783848
109.87509100000001,107.73625,2.1388391689453243
110.18400566666665,108.92677,1.2572325953775874
111.186336,108.702934,2.4834017348632784
111.45581499999997,109.91946,1.536358518066379
111.363798,109.90008,1.463720180175784
111.42290133333333,111.23482,0.18808382845051597
111.672431,110.895805,0.7766256411132844
111.72195166666668,110.25338,1.4685718448893397
111.157416,111.73578,-0.5783628085937522
110.96923766666666,111.58989,-0.6206518597005299
111.79458233333331,110.48995,1.3046302459309658
112.035583,110.73898,1.2965998457031276
111.43473200000003,111.27028,0.1644530693359627
110.46412666666667,112.036026,-1.5718993343098902
109.61237099999998,111.13615,-1.5237755454101745
109.219507,110.248665,-1.0291578559570382
109.04783533333332,110.19617,-1.1483316588541754
109.665193,109.22733,0.4378599311523459
110.47072933333334,109.00233,1.468402368001307
110.88010033333333,109.32246,1.55764397347005
110.52685266666668,110.07976,0.4470949762369969
110.44101666666667,110.4154,0.02561902262370097
109.91609733333334,110.25841,-0.3423102594400973
109.031328,109.67355,-0.642225466796873
107.7669,110.51365,-2.7467489868163995
107.21226833333334,109.22186,-2.0095944596354087
106.94485666666668,107.81431,-0.8694514998372256
106.65433533333334,107.673035,-1.0186993346354143
105.848799,107.60008,-1.7512833974609379
105.67712733333332,106.57372,-0.8965955060221518
104.478727,106.49859,-2.0198615620117124
103.35955966666667,105.50486,-2.145300257649737
101.976282,105.825584,-3.849302411621096
100.92314233333335,103.529785,-2.6066428229166547
99.95913966666666,102.7402,-2.7810565613606855
99.68512533333333,102.27825,-2.593126314615887
99.80727633333333,100.51105,-0.7037710299479158
100.75147066666668,99.77714,0.9743329103190206
101.652747,100.79078,0.8619678862304738
102.28661166666666,99.99643,2.2901822233072835
101.41174633333333,101.27421,0.13753826448566997
99.74454999999999,102.576004,-2.831454028320323
98.12687433333333,101.59862,-3.471743220377604
97.129858,99.90788,-2.778024690429689
96.73039133333333,99.38489,-2.65449636197917
96.96148799999999,97.97711,-1.0156238164062614
97.238804,97.05122,0.1875802451171893
97.51611966666667,97.58801,-0.07189302864583169
97.00770733333334,97.642006,-0.6342985870768132
97.030817,97.10833,-0.07751277294921977
96.79972066666666,97.97337,-1.173652746419279
96.7502,96.55246,0.19774028320313164
96.47618533333333,97.15727,-0.681087005533854
96.38374666666667,97.39432,-1.0105709602864579
96.91196733333334,96.36676,0.5452070794270867
96.935077,96.483536,0.4515412333984443
97.12325566666668,97.087105,0.03615086930339828
97.327941,97.36436,-0.03641599462891065
98.69801333333332,96.50681,2.191200284016915
99.67852266666665,97.58862,2.0898996197916517
100.90663566666667,97.90227,3.004368210611986
101.88054233333332,99.533966,2.3465762688801988
102.98320266666667,99.97237,3.010836333658858
103.28032666666667,101.100365,2.1799619816080735
102.97659966666666,102.32732,0.6492833824869706
102.194173,103.102066,-0.9078930400390561
102.332831,102.55031,-0.21747722753906373
102.72296266666666,102.45676,0.2662060748697854
103.539882,101.93522,1.6046631889648495
103.71903366666668,102.93311,0.785920568522144
106.48261833333333,103.13388,3.3487377180989597
108.41679599999999,103.628365,4.78843143701171
110.90833533333334,103.48891,7.419428472981778
110.28130366666669,109.109436,1.1718676315104375
110.15523400000002,108.028854,2.126379629882834
109.18980400000002,109.808105,-0.6183014687499764
108.89121733333333,109.29892,-0.407702344401045
109.05709866666666,109.269966,-0.21286745882161995
109.84005933333331,108.48362,1.3564396433919086
110.503585,108.93095,1.5726386499023448
110.93155900000001,109.468895,1.4626640415039134
110.848618,109.914665,0.9339527778320331
110.76899499999999,110.29715,0.47184534179686466
110.48367900000001,110.60272,-0.1190431679687407
110.28130366666669,110.10595,0.17535426481121874
110.09219866666666,110.45405,-0.36184949007162004
109.81020033333331,110.17361,-0.36340653922528077
109.88982366666667,109.73856,0.15126012906901565
109.60782533333332,109.99776,-0.38993162467448883
109.38886166666667,109.47694,-0.08807467366536059
108.83481766666665,109.75931,-0.9244901946614732
108.38030266666667,109.25443,-0.8741300115559909
108.22769166666666,108.93553,-0.7078399495442795
108.03858666666666,108.47055,-0.4319638704427149
107.13287366666667,108.12645,-0.993575918294269
105.51055333333333,108.32375,-2.8132000236002597
103.483482,107.766716,-4.283234003417974
102.53132266666667,106.00846,-3.4771383318684883
101.758315,104.68747,-2.929154482421879
101.71186833333334,102.99566,-1.2837905411783765
101.69528000000001,103.0707,-1.3754215991210827
102.52136966666667,101.89044,0.6309277721354221
103.10527233333333,101.89323,1.2120457097981756
103.03892,102.28205,0.7568689135742233
102.19624233333334,103.18325,-0.987008093912749
101.207589,102.97234,-1.76475444482422
100.89904933333332,102.33849,-1.4394440138346454
100.81279099999999,101.689125,-0.8763340610351662
101.17109466666666,100.948845,0.22224975699869276
101.688645,101.39896,0.28968870117186896
102.88962666666667,101.05622,1.8334056583658906
104.32947766666668,101.35529,2.974184392740895
105.47405966666666,102.31441,3.1596523180338494
105.88212800000001,103.62201,2.2601187226562587
106.562242,104.66521,1.8970350908203102
107.01012166666666,105.32982,1.6803029410807255
107.75990566666665,105.31935,2.4405544703775917
107.60729466666668,106.89442,0.712877857584644
107.461319,106.8882,0.5731201474609406
107.17932066666667,107.450294,-0.2709738279622371
107.587389,107.093475,0.4939136582031267
107.45800166666666,107.05845,0.3995528751627546
107.36179033333335,107.07728,0.2845121961263146
106.757982,107.97828,-1.2202971137695329
106.46934833333333,106.7573,-0.2879529972330772
106.35323133333333,106.95419,-0.6009617819010487
106.45276,106.731224,-0.2784640600585959
106.61864133333334,106.07998,0.5386623904622496
107.02670966666668,106.47752,0.5491858629557385
107.33886533333333,106.710304,0.6285610730794247
107.55666666666666,106.27691,1.279757792154939
107.29333333333332,107.278595,0.014738362630197344
107.07666666666665,107.4134,-0.33673207600912747
108.68666666666665,106.90022,1.7864438883463407
111.13333333333333,106.94323,4.190103658040357
75.87111066666667,107.12075,-31.249639760579427
39.08518433333334,110.20547,-71.12028289078776
1.479258,112.03134,-110.55208355273437
1.4955543333333334,14.086668,-12.591113681193034
1.4999986666666667,5.416838,-3.916839502431234
1.5185170000000001,2.1531634,-0.634646433074951
1.499628,0.6164843,0.88314371559906
1.4881466666666667,0.08634397,1.4018027002422015
1.446295,0.32329488,1.1230001219940187
1.4255543333333334,0.68770707,0.7378472667973837
1.4140726666666668,1.1092359,0.3048367839075725
1.4051836666666666,1.3738031,0.03138052793375645
1.4029613333333333,1.2152257,0.18773563676961258
1.4029613333333333,1.2129511,0.19001026922353104
1.416665,1.181763,0.2349019470596314
1.3981466666666666,1.2043903,0.19375637926737466
1.3725913333333335,1.2129011,0.15969021791585303
1.3448136666666668,1.2153403,0.1294734099756878
1.335554333333333,1.1738939,0.16166040480550103
1.3681466666666668,1.145279,0.2228676167933148
1.3866653333333334,1.1328188,0.2538465152409872
1.4281466666666667,1.1302367,0.2979099217859904
1.4270356666666666,1.2098557,0.21717999096933993
1.4177763333333333,1.1975496,0.22022675180562334
1.376295,1.2441529,0.13214209644317632
1.3425913333333332,1.2405595,0.10203187460072827
1.319258,1.1818196,0.13743844185638432
1.3099986666666668,1.1422482,0.16775051298014332
1.2914803333333333,1.1314814,0.15999892426045736
1.2825913333333334,1.0974811,0.18511020177968351
1.2870359999999998,1.0991778,0.18785816262817367
1.2870359999999998,1.0804337,0.20660227368926987
1.295925,1.0656449,0.23028013973236083
1.2822213333333332,1.1038158,0.17840553934224435
1.309999,1.0853131,0.2246859182586669
1.324073,1.0892295,0.23484353546905523
1.3285173333333333,1.0809093,0.24760808116658528
1.342221,1.1416953,0.2005257389984132
1.3677766666666666,1.1392568,0.22851983168284096
1.4144433333333333,1.1045123,0.3099309994633992
1.4285173333333332,1.1780629,0.25045441753133124
1.4259246666666665,1.206861,0.21906364753214502
1.3748136666666666,1.2291154,0.14569829973093662
1.317036,1.2444758,0.0725601584777833
1.3125916666666666,1.2154348,0.09715687700907383
1.345184,1.1106178,0.23456624315643304
1.405184,1.0738424,0.3313415937271118
1.442221,1.1553073,0.28691370706176755
1.4885173333333332,1.1718624,0.31665496951802563
1.5096283333333333,1.2329333,0.2766950504811605
1.537406,1.288543,0.24886301408386236
1.583332,1.3142843,0.26904767535400387
1.6525910000000001,1.319397,0.33319402734375014
1.7129613333333331,1.3711089,0.34185244375356016
1.7362943333333332,1.4375104,0.29878396212514224
1.7407389999999998,1.5078864,0.23285259024047833
1.7266646666666667,1.5578072,0.1688574595591228
1.724442666666667,1.5370743,0.18736833919779494
1.7062943333333336,1.5374198,0.16887453734334334
1.6992573333333332,1.5260355,0.17322178607686345
1.6877756666666666,1.5161526,0.1716230463511148
1.668887,1.4864868,0.18240020743560792
1.624813,1.4926778,0.1321351921920777
1.5851836666666665,1.4802756,0.10490803571573881
1.5529613333333334,1.4336199,0.1193414764989218
1.5485170000000001,1.378023,0.17049397162628188
1.5648129999999998,1.3580465,0.2067664683227537
1.60185,1.3282298,0.27362021503448486
1.620368333333333,1.3421106,0.2782576994832353
1.620368333333333,1.3906536,0.22971472310384078
1.5996276666666667,1.4271957,0.17243199844614665
1.5844426666666667,1.416277,0.1681656156946818
1.5774056666666667,1.4118433,0.16556236680094405
1.5911093333333333,1.3840994,0.20700996905263258
1.618887,1.3668817,0.2520052718276977
1.6166649999999998,1.380769,0.2358959856414793
1.5959243333333333,1.4067315,0.18919284701283767
1.5740726666666667,1.4381045,0.13596815635935466
1.5996279999999998,1.3971335,0.20249453041839582
1.5996279999999998,1.3625828,0.23704519722747786
1.608887,1.3741171,0.23476986399841304
1.6203686666666666,1.4368566,0.18351203920237213
1.652591,1.3763434,0.27624763051605217
1.6711096666666665,1.3986155,0.2724941871973672
1.6618503333333334,1.4702781,0.19157218945058196
1.6618503333333334,1.4592118,0.20263850700887054
1.659628,1.4645126,0.19511541340637217
1.6574056666666668,1.4658258,0.19157987053934744
1.6633313333333335,1.4544399,0.20889145486958838
1.6633313333333335,1.4562997,0.20703167074330664
1.660739,1.4568477,0.20389133230590817
1.652591,1.464552,0.18803895513153068
1.6525910000000001,1.459136,0.19345499078369155
1.6551833333333332,1.4513549,0.20382847207387278
1.6574056666666668,1.4441243,0.2132813256556194
1.6574056666666668,1.4531121,0.20429354126993826
1.6618503333333334,1.456118,0.20573234570058196
1.666665,1.4509755,0.2156894626998902
1.6688873333333334,1.4552785,0.21360881751759853
1.6851833333333333,1.4668695,0.21831385987599683
1.7037016666666667,1.4651663,0.23853533632914226
1.7266646666666667,1.4642656,0.262399081720988
1.7407389999999998,1.5061477,0.23459125772857647
1.76148,1.5186976,0.24278238056182855
1.7892576666666666,1.5311981,0.2580595227076212
1.795924333333333,1.5561081,0.23981621622975635
1.8144426666666664,1.5779041,0.23653856148020402
1.8007390000000005,1.6092875,0.1914514996185308
1.7985166666666668,1.5912005,0.20731619574228932
1.796294333333333,1.6262928,0.17000150858815477
1.7940720000000001,1.5892681,0.20480391165924083
1.7799980000000002,1.5764754,0.2035226181488039
1.7429610000000004,1.6154268,0.12753422120666547
1.7311093333333334,1.580131,0.15097827940877284
1.7277760000000002,1.5413556,0.18642039010620137
1.7418503333333333,1.5205016,0.22134871971638992
1.7651836666666665,1.5257127,0.23947093816630027
1.7640723333333337,1.5208648,0.2432074890111291
1.7455536666666664,1.5494474,0.19610624940745014
1.7040719999999998,1.5900979,0.11397409579467754
1.6996276666666665,1.5384562,0.1611714651133218
1.7051833333333333,1.5114379,0.1937454404195149
1.7329613333333331,1.4833664,0.2495949631322223
1.733331666666667,1.4967879,0.23654376097361274
1.729998333333333,1.5146804,0.21531794774373347
1.7088869999999996,1.5498639,0.15902306548309286
1.712961,1.5189971,0.193963926826477
1.7337016666666663,1.5129344,0.22076722033182739
1.7592573333333332,1.5007713,0.2584860492299397
1.7662946666666666,1.5132831,0.25301153315989167
1.738517,1.559633,0.17888398341369638
1.7270356666666669,1.5734122,0.15362348671976744
1.70148,1.5499705,0.15150949237823497
1.7062946666666667,1.5049306,0.20136405124155687
1.6948129999999997,1.5286855,0.16612754944610564
1.713331333333333,1.4787396,0.23459171407826718
1.7040719999999998,1.4952583,0.20881366870117168
1.6948126666666665,1.5020192,0.1927934997202554
1.6855536666666666,1.5142622,0.17129146726481115
1.6855536666666666,1.4868468,0.19870686204783117
1.6948129999999997,1.4784241,0.21638892773437468
1.6970350000000003,1.4868492,0.21018581119537383
1.6944426666666665,1.4796566,0.21478608955637601
1.689628,1.498508,0.19112002346801749
1.673332,1.4987276,0.17460443995666508
1.6711096666666665,1.4771657,0.19394396766153954
1.666665,1.4866668,0.1799982014083863
1.6855536666666666,1.4580035,0.22755014570109044
1.6855536666666666,1.4601474,0.2254062858378092
1.680739,1.4726932,0.20804579512023924
1.6714796666666667,1.497834,0.1736456994578044
1.682961,1.4731928,0.20976818898773186
1.682961,1.4650396,0.217921389137268
1.6781463333333333,1.474146,0.20400032484181718
1.666665,1.4923242,0.17434076694488532
1.666665,1.4713758,0.195289176979065
1.6618503333333334,1.4645586,0.1972917319539389
1.645554,1.4629894,0.18256455049896236
1.645554,1.4627626,0.1827914057769775
1.650368666666667,1.4518634,0.19850525857798296
1.6992576666666672,1.4225819,0.2766757555796311
1.7222206666666664,1.4513477,0.270872957964579
1.7451836666666665,1.4611386,0.2840450605951943
1.733331666666667,1.537934,0.19539772101084418
1.7311093333333334,1.5389663,0.19214303523000087
1.7288869999999996,1.5367668,0.19212023249816856
1.7288869999999996,1.530157,0.19873002997589073
1.7059239999999998,1.5273875,0.17853650019073464
1.682961,1.5260775,0.15688349107360833
1.6714796666666667,1.5254116,0.14606806083170576
1.6966649999999996,1.4726924,0.22397262958526576
1.7314799999999997,1.4568307,0.2746492600250241
1.7451836666666665,1.4798785,0.2653051218592324
1.7522206666666666,1.5191852,0.23303548123423257
1.749628,1.552894,0.19673400376129146
1.7544426666666666,1.5402135,0.2142292009760538
1.7544426666666666,1.5511885,0.20325419773356113
1.749998333333333,1.5542718,0.19572651612599667
1.7522206666666666,1.5492674,0.20295325543467202
1.749998333333333,1.5523047,0.19769358861287412
1.7474056666666662,1.5428762,0.2045294230753576
1.7403686666666667,1.5499067,0.1904619360148112
1.735554,1.5471631,0.1883908711471558
1.735554,1.53518,0.20037402735137944
1.7174056666666666,1.5316712,0.1857345002466837
1.7037019999999998,1.5309802,0.17272177062225325
1.695183333333333,1.5310109,0.1641724671681719
1.7088869999999996,1.4897962,0.21909083834838827
1.7296276666666668,1.4876354,0.24199229259745292
1.7451833333333333,1.500224,0.2449593390782674
1.7451833333333333,1.5138054,0.23137794392903643
1.7337016666666663,1.5441419,0.18955977804819701
1.7314793333333334,1.5531087,0.17837064116414392
1.7314793333333334,1.5286484,0.20283095686848962
1.712961,1.5206163,0.19234470704650874
1.6803686666666666,1.5396097,0.14075899602762854
1.6570356666666666,1.5243276,0.1327080309015909
1.6662949999999999,1.4768735,0.18942148296356187
1.6711096666666665,1.4520136,0.21909605487314843
1.6711096666666665,1.446097,0.2250126503321328
1.6618503333333334,1.4777017,0.18414866936238616
1.6618503333333334,1.4670672,0.19478309166463226
1.666665,1.4525931,0.21407191184997565
1.6714796666666667,1.4597518,0.21172782226053877
1.680739,1.4624865,0.21825249449157713
1.680739,1.4632686,0.21747036234283446
1.6851836666666664,1.4744859,0.21069779249064102
1.7085169999999996,1.4879849,0.22053210429382286
1.727035333333333,1.470568,0.2564673916676836
1.727035333333333,1.4858677,0.24116759460957815
1.701479666666667,1.5440475,0.15743219180552193
1.7037019999999998,1.5289301,0.17477193198394758
1.7037019999999998,1.5012475,0.2024544747848509
1.7151833333333337,1.4876766,0.2275067128499353
1.7222203333333332,1.5152235,0.20699683022054027
1.7270349999999999,1.4976426,0.22939236370086658
1.7177759999999997,1.5127633,0.2050127382049558
1.6948129999999997,1.5390084,0.15580462101745574
1.6855536666666666,1.5152583,0.17029535444132482
1.6762943333333333,1.4962083,0.18008602320607503
1.6762943333333333,1.4808205,0.19547379671986898
1.680739,1.4766604,0.2040786291732788
1.6992573333333332,1.465034,0.23422332530721013
1.712961,1.4729595,0.24000148156738277
1.7244423333333339,1.4862665,0.2381758395360316
1.7203683333333335,1.5115042,0.2088641600545249
1.715924,1.5189155,0.1970084659805298
1.7092573333333336,1.5254488,0.18380853420003285
1.7088870000000005,1.5124897,0.1963973235244756
1.713331333333333,1.5071293,0.20620202177174862
1.7270349999999999,1.5055206,0.2215144178009032
1.7407386666666667,1.5050501,0.2356886035334269
1.7548129999999997,1.5150758,0.23973719719696018
1.749998333333333,1.539307,0.21069133508046445
1.7548133333333336,1.5463737,0.2084396083958946
1.7477763333333334,1.5587008,0.18907553339131677
1.7477763333333334,1.5399365,0.20783979082234705
1.7337020000000003,1.5555116,0.17819040618133575
1.7337020000000003,1.544317,0.18938499293518096
1.736294666666667,1.5343906,0.20190409793345165
1.7433319999999999,1.5214267,0.22190532229614246
1.7477763333333334,1.5338634,0.2139129080785116
1.7522206666666666,1.5381204,0.21410027768198647
1.7544426666666666,1.5392755,0.21516713966623935
1.738516666666667,1.5497235,0.18879316069285101
1.7155536666666669,1.5528722,0.16268148572794616
1.7107390000000002,1.5483432,0.1623958183898928
1.7151833333333337,1.5154899,0.19969339745839476
1.7311093333333334,1.4895056,0.24160368472035731
1.7266646666666667,1.5189382,0.20772648288218187
1.724442666666667,1.5187396,0.20570308555857375
1.7199980000000004,1.5284337,0.19156431946563757
1.7199980000000004,1.5214533,0.1985447386245731
1.72222,1.5140749,0.2081450783920289
1.7337016666666663,1.5170493,0.21665235407511352
1.7292573333333336,1.5181261,0.2111312032292687
1.7248130000000002,1.5184005,0.2064124501113893
1.7155536666666669,1.5446569,0.17089679391733825
1.724442666666667,1.5162293,0.2082133947779341
1.7288869999999996,1.5068791,0.22200790873718224
1.7222203333333332,1.5198987,0.20232168030293773
1.7270349999999999,1.5292214,0.19781358448028552
1.7199980000000004,1.5216138,0.1983841637115482
1.712961,1.5089397,0.20402125695800777
1.6944426666666665,1.5365529,0.1578897606302896
1.6922206666666666,1.5080818,0.18413887288157138
1.6944429999999997,1.4885669,0.20587612454223603
1.6596279999999999,1.488558,0.17106994602966297
1.6525910000000001,1.4892538,0.16333724061584487
1.6525910000000001,1.4897527,0.16283834973907485
1.6922206666666668,1.4107859,0.2814347531992596
1.6922206666666666,1.4505421,0.24167857434336337
1.673702,1.4812499,0.19245207152557375
1.659628,1.5010053,0.15862270806121836
1.6388870000000002,1.4794096,0.1594774245376589
1.6344426666666667,1.4460478,0.1883948837687175
1.6251833333333334,1.457399,0.16778432267506926
1.6344426666666667,1.4194436,0.21499905933634444
1.638887,1.4188124,0.2200746058578491
1.6366649999999998,1.4302056,0.20645941642761212
1.6366649999999998,1.4340832,0.2025817766571043
1.64148,1.4353988,0.20608118293762212
1.6507390000000002,1.430865,0.21987395063781756
1.657776,1.4346192,0.2231568116912841
1.6599979999999999,1.4468468,0.21315115723419176
1.6577760000000001,1.4554472,0.20232880303955092
1.6555540000000002,1.4576734,0.19788056955719013
1.648517,1.4578986,0.19061838320922853
1.64148,1.4526262,0.18885377166748052
1.6366649999999998,1.4508319,0.18583310989379864
1.6366649999999998,1.4393152,0.19734980014801007
1.6366649999999998,1.4307786,0.2058863773727415
1.6229613333333335,1.4336385,0.18932287984975193
1.6322206666666668,1.4349097,0.1973109653193157
1.6251833333333334,1.4303565,0.19482683080037444
1.6296276666666667,1.4029161,0.2267115928675334
1.6111090000000001,1.4472456,0.16386340216064466
1.6111090000000001,1.4193484,0.19176064089202893
1.6225906666666665,1.4098383,0.21275234784189845
1.6366650000000003,1.4077454,0.22891963867187526
1.6437023333333334,1.4075065,0.23619586742146814
1.646295,1.4338281,0.21246688453674323
1.6807393333333331,1.4478873,0.23285203188832582
1.6944429999999997,1.4354029,0.25904012982177704
1.7222206666666664,1.4471124,0.27510822560373915
1.715554,1.5292287,0.18632531271362307
1.7088873333333336,1.4901392,0.21874808734639517
1.6785169999999998,1.5236342,0.15488280467224103
1.6551836666666668,1.5340734,0.12111031385294613
1.6759243333333331,1.4722904,0.20363393664296447
1.6992576666666663,1.4467444,0.25251322468058235
1.6948133333333337,1.4565086,0.23830469685872435
1.6622206666666668,1.4976047,0.16461593892161064
1.6459243333333335,1.5102167,0.1357076203816734
1.666665,1.4658581,0.20080689815521247
1.6944426666666665,1.4251261,0.26931659092203764
1.7177759999999997,1.4510014,0.26677459428405736
1.7199980000000004,1.4973682,0.22262978348541296
1.7318499999999997,1.5001054,0.23174461898803678
1.7270349999999999,1.5267708,0.20026416984558093
1.7292573333333336,1.5235293,0.20572804218037954
1.7244423333333339,1.5323137,0.19212862884267223
1.7266646666666667,1.5235043,0.2031604094645183
1.7266646666666667,1.525188,0.20147669745890306
1.7288869999999996,1.5204678,0.20841924182128868
1.7337020000000003,1.5238345,0.2098675330657962
1.770739,1.5249135,0.2458254505767823
1.8633316666666668,1.5251808,0.3381508500162762
1.8862943333333337,1.5361768,0.3501175326054895
1.8677759999999999,1.6129965,0.2547795409927367
1.7937020000000001,1.762478,0.031224006034851204
1.784443,1.6570653,0.1273777276687622
1.7822206666666662,1.5987394,0.18348128106180783
1.7799983333333333,1.582291,0.1977073262914022
1.7777760000000005,1.5780679,0.1997081012496953
1.7662946666666666,1.5721474,0.19414729728190094
1.7662946666666666,1.5710262,0.19526846065012604
1.7588873333333332,1.571529,0.18735830253346752
1.7725909999999998,1.5460452,0.2265458158645628
1.7725909999999998,1.5648893,0.2077016882095335
1.7799983333333333,1.5548877,0.2251106809361776
1.773331666666667,1.5734509,0.19988074370066355
1.7688873333333335,1.5743912,0.1944960874913535
1.764443,1.5742403,0.1902026731185913
1.7688873333333335,1.5639522,0.20493512576802586
1.7596280000000002,1.5607381,0.19888991329956074
1.7548129999999997,1.5599777,0.19483534935760471
1.7455536666666664,1.5700196,0.17553406389109272
1.7592573333333332,1.541852,0.21740533595784495
1.7685166666666665,1.5433186,0.22519803740183497
1.764072333333333,1.544602,0.21947029685719777
1.7318499999999997,1.5663003,0.1655497270584103
1.7088869999999996,1.5729908,0.1358962248916622
1.727405333333333,1.5432266,0.18417873364003468
1.7618500000000001,1.4916939,0.2701561456680299
1.7803686666666665,1.4980011,0.282367568033854
1.7433316666666667,1.564949,0.17838263102213547
1.7133316666666663,1.5796516,0.13368007250467895
1.6992573333333332,1.5672963,0.13196106677754704
1.6944426666666665,1.4995977,0.19484499801890043
1.7107390000000002,1.4892199,0.22151909605407738
1.7166650000000003,1.5089567,0.20770832923889193
1.744442666666667,1.4733664,0.271076286928813
1.7466646666666668,1.5208818,0.22578289462534595
1.744442666666667,1.5341637,0.21027895321146683
1.7233316666666667,1.5448062,0.17852542467753096
1.7207389999999998,1.5476304,0.1731085707321165
1.7355536666666669,1.5352082,0.20034544141642274
1.7437016666666667,1.4954956,0.24820610888163253
1.7374056666666666,1.5257078,0.211697825747172
1.7207389999999998,1.5629634,0.1577756334915159
1.7337020000000003,1.5229255,0.2107765038986209
1.7425906666666664,1.5190108,0.2235798844248451
1.7566646666666663,1.5222476,0.23441711379496222
1.7603683333333335,1.5402312,0.22013710545857768
1.7640719999999999,1.5456359,0.21843606135559068
1.7659240000000003,1.5620093,0.2039146654357913
1.7577759999999998,1.5599487,0.1978273172149656
1.7559243333333332,1.5585829,0.19734143137868232
1.7474056666666662,1.5689195,0.17848612721506707
1.7574056666666666,1.5423056,0.21510007794443764
1.738887,1.5480914,0.1907955884094239
1.7181463333333329,1.546272,0.17187429391988074
1.7181463333333329,1.5583093,0.15983701669820105
1.7403686666666667,1.511413,0.22895568849436443
1.764813,1.4877096,0.27710335854339596
1.7629610000000002,1.5419948,0.2209661898956301
1.775924,1.5594789,0.2164451210250855
1.790739,1.5593796,0.23135942236328133
1.810739,1.5588703,0.2518686844482423
1.810739,1.5922062,0.21853276029968272
1.8125906666666667,1.6019318,0.21065885628763836
1.8237020000000004,1.6153429,0.20835914454650917
1.8296279999999998,1.6068078,0.22282017205047588
1.8296279999999998,1.607506,0.22212196324157696
1.8299983333333336,1.6403682,0.189630110143026
1.8403686666666665,1.62633,0.21403864862314848
1.8570353333333334,1.6115896,0.2454457823613485
1.858887,1.6409808,0.21790616027069087
1.8618496666666668,1.6492188,0.21263086898295103
1.8674053333333334,1.6558578,0.21154753189595543
1.869998,1.6573881,0.21260990891265874
1.8729609999999999,1.6590889,0.21387214997863757
1.871109,1.67021,0.20089899614715567
1.8314793333333332,1.666476,0.16500332205708812
1.7999980000000002,1.6673874,0.13261063370513937
1.7833313333333334,1.6675407,0.11579066389211023
1.8037016666666665,1.574451,0.22925069697062161
1.8055536666666663,1.5674529,0.23810075910441042
1.7925909999999998,1.6020093,0.1905817035827635
1.775924333333333,1.605028,0.17089630007680223
1.7592576666666664,1.5846406,0.17461704452768934
1.747035333333333,1.57888,0.16815538090260795
1.752591,1.5610819,0.1915091137084961
1.7951833333333336,1.5349523,0.26023105042775496
1.8296276666666667,1.5379654,0.2916622497584025
1.8574053333333334,1.5637463,0.29365900021107993
1.8333313333333339,1.635229,0.19810234182484998
1.7999980000000002,1.6479467,0.15205128464508078
1.8037016666666665,1.6580912,0.14561047918955472
1.8314793333333332,1.6051265,0.22635283320363353
1.87222,1.5583723,0.31384774085998535
1.87222,1.6379968,0.23422320720672607
1.8718496666666666,1.6633571,0.2084925280329386
1.8718496666666664,1.6690122,0.20283747775522842
1.869998,1.6698492,0.20014884266662603
1.874072,1.6686312,0.20544080397796627
1.8740719999999997,1.6685585,0.20551352164459202
1.8918496666666667,1.6638422,0.2280074654337565
1.8977756666666667,1.6748221,0.22295357461039234
1.9033313333333337,1.669624,0.2337073623479211
1.9225906666666666,1.7039253,0.21866541470591216
1.9522203333333332,1.7000484,0.2521718866780598
1.975924,1.6884786,0.28744541094207765
1.9766646666666665,1.752352,0.2243126673838296
1.968887,1.7809532,0.1879338311309815
1.9474056666666666,1.764608,0.1827976411158243
1.9129613333333333,1.7733892,0.13957211309560136
1.8814796666666664,1.7655549,0.1159247617289223
1.8740720000000004,1.708259,0.1658130135269169
1.872960666666667,1.6763936,0.19656703854624458
1.873331,1.6650473,0.20828371205902108
1.872960666666667,1.6639076,0.2090530195337934
1.8833313333333332,1.6646736,0.21865776651509594
1.9181463333333335,1.6658529,0.2522934290135703
1.9533316666666667,1.6660192,0.28731246538798016
1.9425906666666666,1.6909146,0.251676035776774
1.9074053333333332,1.7544047,0.15300066929372136
1.894072,1.7728637,0.12120825431060789
1.9014796666666667,1.6959441,0.20553559585062664
1.9107390000000004,1.6714166,0.23932235971832316
1.896665,1.7153379,0.18132712749481206
1.899627666666667,1.6962919,0.20333574314371772
1.9181463333333335,1.6938083,0.22433801614888527
1.9285166666666667,1.6904142,0.23810247637430826
1.9455536666666666,1.6955687,0.249984985903422
1.938146,1.7370385,0.20110750684356682
1.9437013333333333,1.7275631,0.21613819055684402
1.9337016666666664,1.7446202,0.18908146269480364
1.920739,1.7335604,0.18717855707550046
1.9044430000000003,1.7369715,0.16747150246429476
1.903702,1.723646,0.18005595526885987
1.9277760000000002,1.6964824,0.2312935800323488
1.95185,1.6885908,0.26325923500061044
1.986665,1.7082363,0.27842866329193106
2.0029613333333334,1.7485148,0.25444656187184655
2.022961333333333,1.7604891,0.26247222715504925
2.0585166666666668,1.8085849,0.24993173815409353
2.057035,1.8139541,0.24308088508605952
2.038886666666667,1.8219838,0.216902852427165
1.9796276666666668,1.904448,0.0751796342875164
1.9462943333333333,1.8352311,0.11106326758321128
1.8825906666666665,1.7815803,0.10101033772532131
1.8325906666666667,1.7537,0.07889064873758955
1.7974056666666665,1.7127775,0.08462817128245015
1.8296280000000005,1.6028285,0.22679949734497118
1.8499983333333336,1.5903457,0.2596525930150353
1.8685166666666666,1.5912377,0.2772790024439493
1.8537016666666668,1.648737,0.20496471293131524
1.8444423333333337,1.6593359,0.18510648166402222
1.8370350000000002,1.6579863,0.17904871669769307
1.8370350000000002,1.6363752,0.20065981117248555
1.8537016666666661,1.633952,0.21974964506785022
1.8703683333333334,1.633601,0.23676738309224454
1.8722203333333332,1.6293294,0.24289089035542788
1.8611093333333333,1.6702762,0.19083316832478836
1.8518500000000002,1.6829059,0.16894408760070823
1.8462943333333335,1.6475182,0.1987761753743491
1.848146,1.648925,0.19922105321502692
1.859257333333333,1.6542482,0.20500909572346981
1.872590666666667,1.6261613,0.24642932976786325
1.8725906666666665,1.6471008,0.22548986043039942
1.8707386666666668,1.679695,0.19104365648142507
1.8796276666666665,1.6646438,0.21498390217081687
1.9051833333333335,1.6582946,0.246888774808248
2.1737016666666666,1.6777384,0.4959632385508219
2.4329606666666668,1.6836234,0.7493372335535686
2.6499973333333338,1.721821,0.9281763828252161
2.6222193333333337,2.307998,0.3142213913625085
2.5962933333333336,2.461785,0.1345082552846275
2.6037006666666667,2.4301028,0.17359784150187174
2.614441666666667,2.4272754,0.1871662474314375
2.6329603333333336,2.4033954,0.22956491898091658
2.643331,2.4071672,0.23616380372619616
2.643331,2.4294603,0.21387071290588366
2.622960666666667,2.434845,0.18811569596354216
2.610368,2.433138,0.177230106323242
2.5811086666666667,2.4324195,0.1486891281687419
2.590367666666667,2.3867273,0.2036403335978192
2.583330666666667,2.3887832,0.19454745019022646
2.583330666666667,2.3532994,0.230031287317912
2.5666643333333337,2.385143,0.18152129172261589
2.587034666666667,2.374937,0.21209760917154963
2.6137013333333337,2.3504114,0.263289918233236
2.62259,2.3478632,0.27472680267334004
2.6151826666666667,2.4114122,0.20377042759195962
2.594071666666667,2.4240596,0.1700120372263596
2.6055533333333334,2.3899004,0.21565288739522304
2.6037013333333334,2.405121,0.19858024530537932
2.627775333333333,2.372197,0.2555784205678302
2.6333306666666667,2.3996058,0.23372491562906905
2.6370343333333333,2.4044535,0.23258081732686353
2.631478666666667,2.4263859,0.20509278715006563
2.629627,2.428571,0.20105601420593278
2.627775333333333,2.4200084,0.20776691238911926
2.6499976666666667,2.4171367,0.23286099750773115
2.6407383333333336,2.4204564,0.22028192387898793
2.6440716666666666,2.4128497,0.23122200197855625
2.6237013333333334,2.465388,0.15831327371724457
2.6348123333333335,2.413653,0.22115943645223002
2.6359233333333334,2.4169614,0.2189619018300375
2.6533306666666663,2.4199464,0.23338423455301882
2.664442,2.4250064,0.23943561038208028
2.667405,2.4239604,0.24344455268859866
2.6518493333333333,2.461613,0.19023639349873855
2.6592566666666664,2.462807,0.19644972658793103
2.6803676666666667,2.4409091,0.23945851940409346
2.6988863333333333,2.4297073,0.26917904459126785
2.7211083333333335,2.4689882,0.252120153172811
2.766664,2.491032,0.2756321148529053
2.816664,2.4864156,0.33024837538146956
2.8499973333333335,2.534894,0.3151033437703452
2.883701,2.6125362,0.27116480805969223
2.938515666666667,2.6339002,0.30461550110880564
2.9796266666666664,2.6499758,0.32965088999430314
2.9970339999999998,2.717106,0.279927896102905
3.012589666666667,2.783498,0.2290916178843183
3.052589666666667,2.7814696,0.27112008315531444
3.062589666666667,2.7876275,0.2749622080942795
3.0570340000000007,2.8317842,0.22524975164794991
3.0499970000000007,2.8805315,0.16946545054626538
3.022219,2.8344004,0.18781858457946798
2.9744413333333335,2.826675,0.1477663951314292
2.898886,2.8583555,0.040530477844238355
2.8544416666666668,2.7617416,0.09270002848307302
2.8485156666666667,2.6945782,0.15393749589029948
2.8592563333333336,2.6475673,0.21168906114705432
2.8851823333333333,2.6014247,0.283757639272054
2.888886,2.6409662,0.2479198230133055
2.8703676666666667,2.6642885,0.20607914585367837
2.851849333333333,2.6719112,0.17993809370930958
2.833331,2.6744628,0.15886820474243146
2.8340716666666665,2.6330826,0.20098903841654447
2.869997333333333,2.6206555,0.24934179668172174
2.925552666666666,2.6178966,0.307656109812418
2.9503673333333333,2.6192937,0.33107364360555014
2.9296266666666666,2.7004535,0.2291731468454996
2.8970340000000006,2.7698367,0.12719733580017145
2.875552666666667,2.7200177,0.15553499508158408
2.9018490000000003,2.678916,0.222933022521973
2.8974046666666666,2.6846178,0.21278690886942542
2.9340713333333337,2.6436572,0.29041412584432
2.948145333333333,2.7164185,0.23172682861836735
2.985182333333334,2.6871352,0.2980471137593592
2.9925896666666665,2.7275066,0.2650830290934243
2.9888859999999995,2.7741268,0.21475923188781687
2.9714786666666666,2.786897,0.1845817226206461
2.975182333333333,2.772096,0.20308641467793764
2.958886,2.7749202,0.1839657748565675
2.9485156666666668,2.744047,0.20446874016825367
2.929997,2.7655032,0.16449383189392108
2.946293333333333,2.7352118,0.21108148412068672
2.955923,2.7079933,0.24792973103332505
2.96296,2.713378,0.24958204742431622
2.961108,2.7583556,0.2027523824768065
2.971848666666667,2.7391758,0.23267287015787774
2.9970339999999998,2.739283,0.257750915130615
2.991478666666667,2.7617555,0.22972320020548542
3.0155526666666663,2.764189,0.25136366176859504
3.005552666666667,2.8038297,0.2017229967142744
3.021849,2.7672353,0.25461372091674805
3.0140713333333333,2.8182642,0.19580708734639485
3.024071333333333,2.7960026,0.22806870691426573
3.015182333333333,2.7994816,0.2157007030080158
2.9840709999999997,2.809208,0.17486308374023407
2.953700666666667,2.8142834,0.1394172956949875
2.9351819999999997,2.7840486,0.1511334427185056
2.9174043333333333,2.7324681,0.18493620512898756
2.867774666666667,2.7219806,0.14579409491984086
2.858886,2.7163265,0.14255952485656742
2.852589666666667,2.6749074,0.17768222075907403
2.8785156666666665,2.5950458,0.2834698616892495
2.8540713333333336,2.661754,0.19231744043477406
2.8533306666666665,2.6502857,0.20304494584147115
2.8881453333333336,2.6512809,0.23686445335896833
2.958515333333333,2.6263766,0.33213870445760074
3.0296263333333333,2.6387384,0.390887939549764
3.0714783333333333,2.7294865,0.34199186787923175
3.0629600000000003,2.8114614,0.25149855133056676
3.053700666666667,2.8545287,0.1991720011240643
3.054441333333333,2.8837352,0.17070615343221007
3.1074043333333328,2.829563,0.27784143088277125
3.1518490000000003,2.830267,0.3215820474853519
3.1870339999999997,2.8725655,0.31446849211120576
3.197774666666667,2.943543,0.2542317093607589
3.2225893333333335,2.963107,0.2594822242635093
3.228145,2.9875715,0.2405735221099854
3.221848666666667,2.9967828,0.2250658869730633
3.2044413333333335,3.0298686,0.17457273058064793
3.20296,3.0154905,0.1874694680786133
3.2114783333333334,2.9856794,0.2257989452870688
3.2059226666666665,2.9829803,0.22294241535441062
3.175922666666667,2.995999,0.17992356884257044
3.183330333333333,2.9990292,0.1843011737874347
3.2337006666666666,2.9743702,0.2593304255015054
3.3225893333333336,2.9247158,0.3978735759633385
3.3503670000000003,2.9951532,0.355213811294556
3.303700333333333,3.0904787,0.21322167465718556
3.2355523333333336,3.163102,0.07245042178853378
3.2192559999999997,3.1269999,0.09225614495849577
3.227774666666667,3.0159628,0.21181182754008
3.260737666666667,2.978833,0.2819047065378828
3.3085153333333333,3.03312,0.2753954164174397
3.372219,3.0099049,0.36231413854980454
3.3888856666666674,3.0546994,0.3341862457377123
3.3796266666666663,3.166442,0.21318474924723274
3.3722193333333332,3.194725,0.17749429671223949
3.3766636666666665,3.1448584,0.23180530637613916
3.3488856666666664,3.1661181,0.18276752167765276
3.302219,3.1723917,0.12982734693908693
3.2996263333333338,3.1447356,0.15489075861104373
3.2977746666666667,3.100147,0.19762765777079272
3.3218486666666664,3.0442724,0.2775762438761391
3.2866636666666666,3.1015384,0.1851252469431559
3.2781450000000003,3.0868964,0.19124858047485382
3.271108,3.0980144,0.17309364529418936
3.2988856666666666,3.0396903,0.2591954105478922
3.2992560000000006,3.049276,0.2499798864898688
3.2937003333333337,3.0733466,0.2203537184956872
3.269626333333333,3.0976002,0.17202611169942195
3.251478333333333,3.069,0.18247832761128713
3.235182,3.0658157,0.16936631282043457
3.2225893333333335,3.0400405,0.18254884032185892
3.2222190000000004,3.010503,0.21171594633483926
3.2303673333333336,3.0125735,0.2177938527272545
3.24296,2.997502,0.24545791145324714
3.272219,2.9993489,0.2728701211395266
3.2822189999999996,3.0304554,0.25176364912414506
3.27333,3.0334177,0.23991229827880867
3.2507376666666667,3.0777342,0.1730034347178142
3.2474043333333333,3.0764065,0.1709978544514974
3.232219333333333,3.0246737,0.2075456330006915
3.1788860000000003,3.0213804,0.1575055755004886
3.0951823333333333,3.0509372,0.044245157582600836
3.039626666666667,2.9829326,0.056694099070231374
3.055552666666667,2.8876274,0.16792530346171075
3.094441333333334,2.8214889,0.27295247606404693
3.0862933333333333,2.792418,0.29387533025105794
3.0366636666666666,2.8757231,0.1609405431162516
2.993701,2.9160662,0.07763483026123064
3.016664,2.8074903,0.20917365118408204
3.072960333333334,2.7686744,0.304285959706625
3.0359233333333333,2.788002,0.24792131917317706
2.9929603333333334,2.8258452,0.16711509178670259
2.8833306666666667,2.9075377,-0.02420703207906083
2.8251823333333337,2.7463143,0.07886804614766474
2.797404333333333,2.7128952,0.08450917838033023
2.7466636666666666,2.6248858,0.12177786916605626
2.7255526666666667,2.5324912,0.193061459543864
2.6666640000000004,2.5947149,0.07194912001037634
2.6814786666666666,2.4834268,0.19805185735575348
2.685923,2.4506824,0.23524059834289535
2.72296,2.4457393,0.27722073074340825
2.756663666666667,2.480881,0.27578269094340024
2.8229599999999997,2.4697187,0.35324130531311004
2.915552666666667,2.5408542,0.3746984510447189
2.9670343333333338,2.5893843,0.3776500159352625
3.0051823333333334,2.6527662,0.35241610561116543
2.989997,2.8040493,0.18594774653625468
3.0140710000000004,2.7788923,0.23517872132873574
2.9848120000000002,2.785553,0.19925902148437524
2.955923,2.7983975,0.15752545895385728
2.944071,2.8218973,0.12217373170471202
2.9788856666666663,2.7255588,0.2533269088846839
3.0096266666666667,2.708509,0.3011176983133952
3.0025896666666667,2.766369,0.23622056228129074
3.022219333333333,2.789483,0.232736262959798
3.053700666666667,2.799497,0.25420377755228696
3.081849,2.7768009,0.3050481291046143
3.084071,2.8353455,0.24872549333190896
3.0696266666666667,2.8843412,0.1852854267374675
3.0877746666666663,2.8640234,0.22375121962992317
3.0996266666666665,2.8627787,0.23684800303141262
3.1125893333333337,2.8552115,0.25737783698018424
3.109626333333333,2.8936834,0.2159428998006181
3.1103669999999997,2.8973746,0.21299237002563443
3.1148116666666663,2.892944,0.2218675691477454
3.1122190000000005,2.8962455,0.21597352041626028
3.1040710000000002,2.8977783,0.20629272737121607
3.1018486666666667,2.9021208,0.19972783803812666
3.0951820000000003,2.892225,0.20295697291564974
3.088885666666666,2.8771365,0.2117491977793371
3.049997,2.8905637,0.15943327357482895
3.0218489999999996,2.8738458,0.14800318434143023
3.0133303333333337,2.857666,0.15566431770833367
3.048145,2.7967534,0.2513915934753417
3.0555523333333334,2.7825828,0.2729695734761557
3.0514783333333337,2.8142445,0.2372338245900476
3.0440709999999997,2.8671615,0.17690948762512182
3.0662933333333333,2.823724,0.24256930188496906
3.088886,2.8172698,0.27161619790649416
3.0925896666666666,2.8510199,0.24156980735270173
3.0925896666666666,2.8696914,0.22289829474894196
3.1074043333333328,2.8827174,0.2246869623463943
3.0999969999999997,2.8774498,0.22254724909973111
3.0777746666666665,2.8750887,0.20268597495524077
3.037034,2.9163284,0.12070556982421854
3.053700666666667,2.86919,0.18451068902079282
3.08296,2.8199682,0.2629917764282226
3.1088860000000005,2.8061569,0.30272912629699755
3.1070339999999996,2.8753035,0.23173049314880334
3.0574043333333334,2.8918238,0.16558056471761073
3.0074043333333336,2.887822,0.11958242056783064
2.9555526666666667,2.8946545,0.06089815426127121
2.95296,2.7823422,0.17061780448913577
2.9674043333333335,2.7397213,0.2276830351155601
2.974811666666666,2.734231,0.24058067148844353
2.98296,2.732825,0.2501349591827391
2.979626666666667,2.7642012,0.2154255024210614
2.972219333333333,2.7629879,0.20923148123677526
2.9737006666666668,2.7627022,0.21099844002787282
2.9903673333333334,2.7671876,0.22317973796590174
2.9774043333333333,2.7474265,0.22997782347615559
2.9737006666666668,2.7616658,0.21203484559122732
2.957775,2.80518,0.152594927215576
2.9970339999999998,2.7290652,0.26796882017517065
3.017774666666667,2.746479,0.2712956322428388
3.0333300000000003,2.7645555,0.2687745457458499
3.044441333333333,2.8068914,0.23754989198811804
3.070737666666667,2.8183217,0.2524159618021651
3.0951820000000003,2.8196816,0.27550035556030306
3.1077743333333334,2.8464127,0.26136167464192717
3.1077743333333334,2.8875756,0.2201987069600424
3.109626333333333,2.8934784,0.21614793977864544
3.1055523333333332,2.8935294,0.212022918202718
3.09333,2.8975353,0.19579467590332023
3.092219,2.897177,0.19504201902771
3.097774666666667,2.8828433,0.2149314106699629
3.0862933333333333,2.8646924,0.22160088376363118
3.0640709999999998,2.8839717,0.18009930886840797
3.084071,2.8919263,0.19214471139526346
3.1448116666666666,2.8415308,0.3032808668009439
3.2144413333333333,2.8263674,0.38807395509847
3.2744413333333333,2.92132,0.35312137178548175
3.3603673333333335,2.991014,0.3693533295796714
3.420367333333333,3.029783,0.390584322850545
3.4407376666666663,3.1150625,0.3256751914621985
3.3999970000000004,3.2379987,0.16199827601623573
3.371478333333333,3.231699,0.13977934346516907
3.358145,3.2099345,0.1482105269622802
3.349626333333334,3.161276,0.188350231267294
3.3422190000000005,3.13414,0.208078985351563
3.3388856666666666,3.1462684,0.19261729889933266
3.375922666666667,3.1216426,0.25428007709757505
3.429626333333333,3.1058447,0.32378159723409006
3.5185150000000003,3.1318016,0.3867133947753909
3.5851816666666667,3.2039,0.38128156786600753
3.6311073333333335,3.2548153,0.3762919932912192
3.6218480000000004,3.3779252,0.24392284245300333
3.6166626666666666,3.4252102,0.19145242916361482
3.618514666666667,3.4168262,0.20168841849772168
3.6007370000000005,3.3948238,0.2059132104034429
3.544070333333334,3.4082575,0.13581284889729872
3.4937000000000005,3.409365,0.08433506126403856
3.4455519999999997,3.3474014,0.0981506194610593
3.4166633333333336,3.2615793,0.15508405820210802
3.385922666666666,3.2502525,0.13567018139139764
3.3814783333333334,3.1938581,0.1876201866658529
3.3899966666666668,3.155818,0.2341786811319988
3.404441,3.1558802,0.24856078721618635
3.4192556666666674,3.1627378,0.25651782029215564
3.4159223333333335,3.1730123,0.24291007671101905
3.388144666666667,3.199041,0.18910377692667657
3.3981446666666666,3.2123196,0.18582505416361483
3.4181446666666666,3.1811411,0.23700352858988438
3.456663,3.1374662,0.3191968077545164
3.4440703333333333,3.216358,0.22771238693745932
3.4211076666666673,3.2291934,0.19191421764628158
3.378515333333333,3.2395535,0.13896188179524716
3.3588856666666667,3.216767,0.14211859398905435
3.3511076666666666,3.1737936,0.17731411236063632
3.3633296666666666,3.124755,0.23857476096598296
3.3844410000000003,3.138199,0.24624190904235865
3.4214780000000005,3.1354654,0.2860126164703374
3.465922666666667,3.1443458,0.32157690632120817
3.471848333333333,3.1950343,0.2768140678151445
3.464811333333333,3.2383993,0.22641206613667775
3.448885333333333,3.2762625,0.17262281158955872
3.4662926666666665,3.245373,0.2209196560312905
3.4855519999999998,3.232586,0.2529660930175779
3.500737,3.2344747,0.26626234103393553
3.4799963333333337,3.2701693,0.2098270752156579
3.4581443333333333,3.2830331,0.17511120078023268
3.428144333333333,3.2823873,0.14575707671101856
3.4125890000000005,3.2350526,0.1775364143981939
3.396663333333333,3.2206213,0.17604198590596498
3.382219,3.1953483,0.18687073721313485
3.374811666666667,3.174876,0.19993569201151562
3.366663333333334,3.1690047,0.1976586546071375
3.337404333333333,3.1498685,0.18753584502156562
3.3162930000000004,3.147571,0.16872191311645546
3.2992559999999997,3.1455564,0.15369955010986303
3.301848333333333,3.0788305,0.22301785275777153
3.298144666666667,3.0806282,0.21751651000467964
3.297033666666666,3.090167,0.20686662107340448
3.3099966666666663,3.0717492,0.23824745630900024
3.2814783333333333,3.0734427,0.20803563580830886
3.225922666666667,3.087653,0.1382697449900312
3.1892560000000003,3.1024249,0.08683113999938996
3.155552333333333,3.018741,0.13681144092305475
3.14296,2.944414,0.19854609962463377
3.1474046666666666,2.9778242,0.16958045554606116
3.2192563333333335,2.9092498,0.31000655077107764
3.3414783333333333,2.888211,0.45326732144673665
3.448144666666667,2.9770525,0.47109221648661315
3.519996333333333,3.0781047,0.44189159891255647
3.548885,3.22087,0.32801498199462875
3.5511073333333334,3.3172336,0.23387377086385097
3.564070333333333,3.3339918,0.23007856735738086
3.5796259999999998,3.3497622,0.22986379869079565
3.6025890000000005,3.3465264,0.2560626156463628
3.595181666666667,3.3601546,0.23502703791300483
3.6059223333333335,3.3840756,0.22184669170125337
3.6118479999999997,3.402105,0.2097429069976804
3.6370329999999997,3.3543866,0.28264643193054173
3.6314776666666666,3.4023852,0.22909243183390293
3.6399963333333334,3.419142,0.2208543255055746
3.6518483333333327,3.4150407,0.23680760190327899
3.6685149999999997,3.4062324,0.26228264297485326
3.669626,3.437149,0.23247695214843755
3.674811333333333,3.4462104,0.2286009489644365
3.678515,3.452055,0.2264600225830078
3.689626333333333,3.451528,0.23809826097615527
3.710737333333334,3.4601872,0.25055013660176684
3.7403666666666666,3.4631689,0.2771978071848551
3.7836999999999996,3.4788103,0.3048896896362301
3.813737,3.515269,0.2984679589385988
3.824848333333333,3.5457437,0.2791046294911701
3.7818853333333333,3.5999675,0.18191785362752277
3.737774333333333,3.6164837,0.12129064497884068
3.726663,3.5961819,0.1304811304931639
3.7599963333333326,3.5116417,0.2483545925343824
3.7974036666666673,3.4851577,0.31224593847147686
3.8148113333333336,3.5314198,0.28339157930501324
3.8385149999999997,3.5707335,0.2677814527893063
3.849996333333333,3.5903502,0.2596461822713212
3.8636999999999997,3.6023107,0.261389342498779
3.8495886666666665,3.6440783,0.20551041196695952
3.8440333333333325,3.6362245,0.20780882504781006
3.8821813333333326,3.643929,0.23825232866414314
3.9188850000000004,3.6210175,0.2978675439453129
3.9266626666666666,3.613368,0.31329463230387367
3.8799960000000002,3.722827,0.1571690422973635
3.8570333333333333,3.7275295,0.12950380757649738
3.889588666666667,3.659973,0.22961576055399613
3.8966256666666674,3.6264086,0.2702170897013354
3.929218,3.6436586,0.2855593619995118
3.9366256666666666,3.7102869,0.22633881096903474
3.966625666666666,3.658884,0.3077416182047519
3.9647740000000002,3.7267103,0.23806368048095727
3.9636996666666673,3.7513418,0.2123578469034837
3.9581443333333333,3.7372632,0.22088113066609694
3.927774,3.7438254,0.18394856436157214
3.936663,3.7505386,0.18612441242980937
3.9348109999999994,3.7221313,0.21267974771118103
3.99407,3.6682594,0.325810617752075
4.0311069999999996,3.7474716,0.2836354290313716
4.086292,3.718508,0.36778399485778834
4.091107,3.8028293,0.2882777344055176
4.068514333333334,3.872729,0.19578527029927617
4.001477333333334,3.8784423,0.12303504588826542
3.9677736666666665,3.8571742,0.11059950857035306
3.9614773333333333,3.8308275,0.13064985873921708
4.014440333333334,3.7081456,0.30629471489461313
4.033329,3.727453,0.30587600660705583
4.032588333333333,3.7802868,0.2523015443929033
4.052218,3.8176925,0.23452548176574695
4.082958666666666,3.8062785,0.2766801994883217
4.123699333333333,3.8015556,0.32214369978841084
4.1433290000000005,3.8679442,0.2753847594299321
4.158921666666666,3.8907564,0.2681652980295812
4.157810666666666,3.9173372,0.24047348748270636
4.1133663333333335,3.9434054,0.16996094354756686
4.079255333333333,3.9435837,0.13567160645039866
4.048885,3.925852,0.12303293968200713
4.058884999999999,3.840168,0.21871700073242106
4.0477739999999995,3.8323224,0.21545164091491653
4.0533296666666665,3.8243968,0.22893281798807763
4.025181333333333,3.8354437,0.1897375982106526
3.970736666666667,3.809361,0.16137568567911798
3.8907366666666667,3.8325636,0.05817302797953294
3.8414776666666666,3.7763963,0.06508139210001618
3.8144406666666666,3.6690907,0.14534991883341464
3.790737,3.6110814,0.17965563822937014
3.7740703333333334,3.6033075,0.17076284775288908
3.772589,3.5641189,0.20847013784790036
3.807774,3.5342586,0.2735153959503176
3.8307366666666662,3.5501604,0.2805762586466467
3.857033,3.5522277,0.30480526448059075
3.8640699999999994,3.6170874,0.2469826358032221
3.8725886666666667,3.6312814,0.2413072907816569
3.898885,3.636658,0.26222704673767083
3.917033333333333,3.6569364,0.2600969262440995
3.9425889999999995,3.6596494,0.2829396278991694
3.9325890000000006,3.7024107,0.23017830206298884
3.9236999999999997,3.7152195,0.20848050231933568
3.919255333333333,3.7316735,0.1875818542531329
3.931847666666666,3.6974957,0.23435196773783318
3.9351809999999996,3.689555,0.24562607026672323
3.891477333333333,3.712066,0.17941139819844532
3.8666626666666675,3.7195508,0.14711181865946532
3.845181333333334,3.703389,0.14179240396626858
3.8611073333333334,3.6154892,0.24561808887227388
3.827033333333333,3.6336668,0.19336657956441217
3.790366666666667,3.6314259,0.15894080912272157
3.7651816666666673,3.6334746,0.13170707827250228
3.7788853333333337,3.5646758,0.2142095253804528
3.7992556666666664,3.5286705,0.27058511727396617
3.7937000000000003,3.549003,0.24469711418151885
3.794811,3.5754128,0.21939824975585953
3.7111073333333335,3.582816,0.1282914477895103
3.6114776666666657,3.5545878,0.05688982563273015
3.5585150000000003,3.5799668,-0.021451783523559254
3.6192556666666666,3.3937695,0.22548616402689614
3.713329666666666,3.27102,0.44230973105875604
3.7540703333333325,3.38006,0.37401037582906005
3.779255666666667,3.482554,0.2967017077738445
3.792218666666667,3.5216932,0.2705254369913739
3.796663,3.5506344,0.24602861584472668
3.8059220000000002,3.587805,0.2181169672698977
3.813329333333334,3.5784824,0.23484694388326055
3.848847666666667,3.5724285,0.2764192017771405
3.8706996666666664,3.6102273,0.26047232024637834
3.895514666666667,3.5976605,0.2978541251322433
3.888144333333334,3.6554804,0.2326639485066737
3.8696256666666664,3.68194,0.18768558793131485
3.837403333333333,3.671794,0.1656093956502276
3.8166626666666668,3.6572013,0.15946137653605152
3.814440666666667,3.636244,0.17819660805765825
3.8170333333333333,3.5824463,0.23458699658711746
3.8062926666666668,3.582783,0.22350968288675954
3.7714776666666663,3.6106567,0.16082092838541628
3.775922,3.583227,0.19269508082580566
3.7944406666666666,3.5605173,0.23392335557047517
3.8070333333333335,3.5261772,0.28085616544087744
3.8133296666666667,3.5702105,0.2431192098185222
3.810366666666666,3.6024091,0.20795754229227637
3.8218480000000006,3.5690668,0.25278123707580624
3.8040703333333328,3.5973983,0.20667205223592067
3.771811,3.603125,0.16868590463256838
3.7207000000000003,3.5946271,0.1260728580474857
3.7018110000000006,3.5638282,0.13798277009582582
3.6996256666666665,3.5182,0.1814257460123696
3.7325886666666666,3.4530325,0.27955617307535796
3.741107333333333,3.4807312,0.2603760844777421
3.737033333333333,3.4931858,0.24384757474263496
3.7148110000000005,3.525203,0.18960801042175346
3.670366666666667,3.5250278,0.1453389147440598
3.6522186666666667,3.4975293,0.15468939840189622
3.644070666666667,3.4757576,0.16831306778971378
3.658885333333333,3.4089475,0.24993786552937802
3.6655520000000004,3.4226396,0.24291239161682165
3.6811076666666662,3.4381742,0.242933418924967
3.7014780000000003,3.43473,0.2667479470520022
3.7151816666666666,3.448439,0.2667427838389078
3.7255520000000004,3.4826403,0.2429117335815434
3.7303666666666664,3.495199,0.23516770159403455
3.750737,3.497074,0.25366311122131346
3.779255333333333,3.5188706,0.2603847412160234
3.800366666666666,3.514663,0.2857036856333406
3.8304036666666663,3.5469246,0.2834790756022132
3.8618853333333334,3.596746,0.26513936546834316
3.8848480000000003,3.583226,0.30162203450012237
3.8840703333333337,3.6323357,0.25173467049153686
3.8785146666666668,3.6903734,0.18814124595133475
3.8962926666666666,3.6590562,0.23723647999064124
3.946292333333333,3.6481183,0.29817407581075006
3.962218333333333,3.6775684,0.28464989766438764
3.9885146666666667,3.6926205,0.2958941508433024
3.9666630000000005,3.770235,0.19642793835449268
3.9596260000000005,3.7476554,0.2119706083068853
3.9414776666666675,3.7688873,0.17259038524882087
3.9751813333333335,3.73929,0.23589133432515474
4.006662666666667,3.7181754,0.2884872554423019
4.044810666666667,3.717156,0.3276547332865398
4.081477333333332,3.8000042,0.28147308948262406
4.163699333333333,3.808624,0.35507530417378685
4.264069666666667,3.8294246,0.43464504699198425
4.321884333333333,3.914387,0.407497345647176
4.340366000000001,4.026376,0.3139902294311536
4.319625333333334,4.118024,0.20160146095784537
4.307736333333334,4.123097,0.18463939043172228
4.282958333333333,4.1181417,0.16481668217976875
4.254810333333334,4.0861053,0.16870498665364675
4.227403,4.0769787,0.1504243165283201
4.179218,4.042361,0.13685721737670864
4.161440333333333,3.9961255,0.16531487366231268
4.154403333333334,3.9874647,0.16693866696675652
4.145551333333334,3.9078143,0.23773706903584824
4.119995666666666,3.9192033,0.20079238526407828
4.077403333333334,3.9544384,0.1229648853810632
4.079255333333333,3.8828986,0.19635676422627757
4.104069999999999,3.857551,0.24651890213012617
4.117403333333334,3.8423312,0.27507216229756715
4.144810666666666,3.8578336,0.286977042780558
4.1814773333333335,3.911829,0.26964833858235693
4.232218,3.8918219,0.34039613873290975
4.252218,3.935718,0.31649994046020513
4.245551333333333,4.0184155,0.22713588228352855
4.272588333333333,4.037261,0.23532732411702462
4.310366,4.0206375,0.2897284877929689
4.339995666666667,4.022452,0.31754378907267267
4.336292,4.0949244,0.24136755007934596
4.339255,4.120455,0.21880021179199183
4.3351809999999995,4.1152825,0.219898464447021
4.324810333333334,4.108897,0.21591312416585318
4.292958666666666,4.1264143,0.1665443676554359
4.2962180000000005,4.104749,0.19146879727172905
4.311773666666667,4.079655,0.23211849622599345
4.3484403333333335,4.043682,0.3047582349446616
4.359255000000001,4.087554,0.2717010220336924
4.367403333333334,4.1120133,0.25538999333699586
4.367033,4.1381125,0.22892045498657243
4.378551333333333,4.140312,0.2382391385091145
4.403365999999999,4.144321,0.2590450351867668
4.423365666666666,4.1449475,0.278418137827555
4.453698999999999,4.166607,0.28709209692382753
4.4577729999999995,4.2071424,0.2506306469421382
4.464810333333333,4.207239,0.25757118233235676
4.448884666666666,4.251436,0.19744843314615856
4.457403333333333,4.238579,0.21882453694661397
4.499995666666666,4.2287693,0.271226364298502
4.560366,4.218694,0.3416717899475099
4.6225879999999995,4.245848,0.3767398211364741
4.6648103333333335,4.3274226,0.3373877144673667
4.716662,4.384555,0.33210713702392614
4.756291666666667,4.4337306,0.3225610644022625
4.799254666666666,4.4738774,0.325377236704508
4.824439666666667,4.5388794,0.2855602721354167
4.841847,4.5621805,0.27966648089599566
4.845921000000001,4.6011457,0.24477525567627012
4.87481,4.6254616,0.24934842163085946
4.914439666666667,4.618955,0.29548453132120844
4.968143333333334,4.619969,0.34817444218953497
4.969624666666667,4.6911063,0.278518347239177
4.941106,4.72468,0.21642605310058638
4.8955503333333334,4.7693367,0.12621363289388032
4.865920999999999,4.733366,0.1325549874267571
4.835921000000001,4.665628,0.17029304360961994
4.807402666666667,4.6436834,0.16371923313395254
4.788143333333334,4.6272526,0.16089075459798252
4.805180666666666,4.567235,0.23794567368570885
4.832588,4.552252,0.2803361842041019
4.844069333333334,4.560344,0.2837251141255699
4.830365333333334,4.5913444,0.2390209767964686
4.776995,4.626693,0.15030222808837923
4.749587666666667,4.6108828,0.13870490757242848
4.704402666666667,4.5750475,0.1293551736857097
4.680699,4.499349,0.181349882720947
4.6225510000000005,4.5107546,0.11179641473388724
4.592551,4.4451413,0.1474096845397952
4.582587999999999,4.4100337,0.17255429714965764
4.609254666666667,4.3566594,0.2525952542826335
4.642588,4.336225,0.30636296719360345
4.678143666666667,4.3624935,0.3156501516520187
4.705921333333333,4.4103327,0.29558865358479824
4.727773,4.4335065,0.2942665111999512
4.748884,4.474549,0.2743351833190921
4.763328333333333,4.506313,0.25701548619588177
4.778884,4.5091434,0.26974064749145477
4.784439333333333,4.541234,0.24320531691487624
4.781847,4.554716,0.22713088977050777
4.758143333333333,4.554389,0.2037543333943681
4.724069333333333,4.5632267,0.160842633504231
4.693699,4.5515738,0.14212524664306603
4.6885140000000005,4.4966187,0.19189525228881887
4.690366,4.466759,0.22360679513549808
4.681847333333334,4.454178,0.2276694768880212
4.695180333333333,4.458388,0.23679248161824518
4.685550666666667,4.4631696,0.22238109192911804
4.619254333333333,4.4365187,0.18273566420491516
4.499254666666667,4.485797,0.013457738260905572
4.427032666666666,4.4514675,-0.024434847371419544
4.452588333333334,4.2821817,0.1704065935262049
4.525921666666667,4.167124,0.358797872111003
4.585551000000001,4.1969194,0.38863155877685607
4.624440000000001,4.2753515,0.34908847564697343
4.652958333333334,4.3432894,0.3096689580281584
4.674810333333334,4.391308,0.2835025025227873
4.694439666666667,4.4223676,0.27207209388224296
4.726291666666667,4.4492993,0.27699233118693023
4.736291666666667,4.468048,0.26824357096354223
4.740366000000001,4.4841957,0.2561702907714851
4.737773333333333,4.5343933,0.20338002278645817
4.752958333333333,4.510325,0.2426333783467607
4.769995333333333,4.5001597,0.2698355928853351
4.768513666666667,4.528993,0.2395205369364426
4.744069333333334,4.54052,0.20354914214070696
4.724810000000001,4.5462074,0.178602572021485
4.702588000000001,4.5371084,0.16547957867431773
4.692958333333334,4.484871,0.20808742268880298
4.657773000000001,4.4845877,0.173185330627442
4.624069333333334,4.4687696,0.15529978300984748
4.595921333333333,4.4441586,0.15176277925618464
4.566291999999999,4.3945684,0.17172355670165906
4.557032666666666,4.3675613,0.18947132633463504
4.534810333333333,4.3539376,0.18087270744832296
4.5359213333333335,4.3049827,0.23093867113240574
4.501477,4.3248754,0.1766016452331547
4.465180666666666,4.2958093,0.16937139771525
4.427032666666666,4.2944574,0.13257523105875624
4.375921666666667,4.247385,0.12853664164225265
4.362218,4.19274,0.16947803646850623
4.310366,4.1809044,0.12946161157226577
4.274810333333333,4.1017504,0.1730599594930009
4.218514333333334,4.1236763,0.09483803328450602
4.197403333333334,4.048832,0.1485713936360682
4.186292333333333,3.986873,0.1994194218800862
4.171107,3.9683452,0.20276183474731457
4.166292333333335,3.9616086,0.2046836850331637
4.182959,3.9439325,0.23902646673584016
4.218514666666667,3.9276397,0.29087494384256996
4.211477666666666,3.9438937,0.26758399563089963
4.192218333333334,3.981423,0.21079543217976937
4.144811,4.023168,0.12164291299438457
4.164810666666667,3.9571612,0.20764947854105653
4.204440333333333,3.9397151,0.2647251863149007
4.262958666666667,3.9019356,0.3610230892740889
4.281847666666667,3.9672112,0.3146364201761882
4.266292,4.0360384,0.2302536012573242
4.259625333333333,4.064534,0.19509114601643862
4.291477333333333,4.0567904,0.23468698146565714
4.325181,4.0226536,0.30252742028808566
4.380366,4.041345,0.33902088052368207
4.387032333333334,4.1205688,0.2664635810445155
4.405180333333334,4.116831,0.28834950752766986
4.387402666666667,4.1920376,0.19536508426920562
4.378143666666666,4.1764174,0.20172631589762346
4.378143666666666,4.1690674,0.20907628385416643
4.386662333333334,4.162791,0.2238715580342614
4.3892549999999995,4.1424446,0.24681038940429634
4.406292333333333,4.157126,0.2491663834737139
4.417403333333334,4.177788,0.23961555257161482
4.4314773333333335,4.1522565,0.27922084453328466
4.427403000000001,4.198419,0.2289839059143075
4.424069666666666,4.215117,0.20895268897501573
4.419254666666666,4.194351,0.22490347037760383
4.428514,4.200102,0.22841214758300765
4.428884333333333,4.2061467,0.22273761626180022
4.440366,4.1795774,0.26078864938354496
4.436662333333333,4.2161703,0.2204920223592115
4.424440000000001,4.2115226,0.21291742080688536
4.428884333333334,4.2067537,0.22213060255940853
4.424069666666666,4.215443,0.2086265323588048
4.437032666666667,4.1825447,0.25448795841471394
4.448514,4.208025,0.240489021362305
4.474069333333333,4.2053237,0.26874563719685796
4.488514,4.2090673,0.279446655334473
4.497032666666667,4.2424364,0.25459625767008465
4.4725883333333325,4.273297,0.19929150029500242
4.452217666666667,4.2611947,0.19102296070353209
4.421477,4.2750573,0.1464196841735843
4.361477000000001,4.224769,0.13670788455200267
4.295551333333333,4.1981,0.09745124330647759
4.189625333333333,4.186042,0.0035835013631180246
4.127032666666667,4.062375,0.06465759800211579
4.071106666666666,4.0020623,0.06904434595743769
4.076662333333333,3.8917975,0.18486479076131168
4.097033,3.8403118,0.25672123432922334
4.129625666666667,3.8207548,0.30887090020243324
4.185181333333333,3.862885,0.3222963350118002
4.23407,3.8903875,0.34368246490478516
4.278514333333334,3.918091,0.36042327460225465
4.276292,4.023117,0.25317493457031226
4.261847666666666,4.050451,0.21139686481730102
4.244440333333333,4.063696,0.18074442574055993
4.220736666666666,4.0555234,0.16521327112833628
4.220366333333333,4.019886,0.20048031648762965
4.213329333333333,4.0098844,0.20344497588094068
4.222588666666667,3.9824424,0.24014628766886403
4.2051810000000005,3.9963796,0.20880138612365773
4.20407,3.9878778,0.2161921542358396
4.186662333333333,3.9980805,0.18858184131367928
4.191107000000001,3.9628549,0.22825213778686582
4.182218,3.9760957,0.20612232357788063
4.186662666666667,3.956563,0.23009967075602233
4.181847666666666,3.9616942,0.22015342609659783
4.160736666666667,3.9571369,0.20359979723612476
4.121106999999999,3.9618685,0.1592384754486078
4.074811,3.9534094,0.12140156663513224
4.040366333333333,3.9069958,0.13337056001790337
4.018514333333332,3.8571792,0.16133516844685758
4.028514333333333,3.818465,0.21004933890279087
4.065181,3.7918584,0.2733225653228759
4.168514333333333,3.7783422,0.3901720863240561
4.245921666666668,3.8235533,0.42236834292094017
4.299995666666667,3.8825338,0.4174618779856365
4.285921666666667,4.0443764,0.24154529337565123
4.271476999999999,4.0792055,0.1922714869995108
4.284810333333333,4.0753326,0.20947769173177022
4.328514,4.0603495,0.2681645355834963
4.384810333333333,4.041058,0.3437522698262532
4.422958666666666,4.087973,0.3349855488382971
4.434810333333332,4.159591,0.2752191353658029
4.441106666666666,4.1950855,0.246021141153971
4.4311066666666665,4.2158875,0.2152191201273599
4.423329,4.218425,0.20490420294189438
4.386291999999999,4.2209196,0.16537239093017497
4.3425883333333335,4.1958065,0.14678183003743506
4.288884666666666,4.190717,0.09816744636026975
4.239625333333334,4.125795,0.11383044579060897
4.209995666666667,4.0667486,0.14324704758707707
4.180736666666667,4.031682,0.14905465220133518
4.2281439999999995,3.9703245,0.25781948370361274
4.258884666666667,3.9593477,0.2995369417521161
4.278884333333334,3.9405675,0.33831683989461325
4.2233290000000006,4.0586777,0.1646513266601568
4.1899956666666665,4.0625987,0.1273969613749184
4.1870330000000004,4.018497,0.16853600979614303
4.227403333333333,3.9545298,0.2728735710652668
4.242218333333334,3.9539518,0.2882664977010094
4.2325886666666666,3.9814117,0.2511769711863199
4.197032999999999,4.038174,0.15885884762573177
4.12407,4.0141897,0.10988027984619109
4.077773666666667,3.9763217,0.10145196943155987
4.036292333333334,3.954415,0.08187725040181526
4.021477333333333,3.8227777,0.1986995852254232
3.997033,3.815703,0.18133008480834967
3.9870330000000003,3.8176496,0.16938339710998562
3.997033,3.7547004,0.24233257771301275
3.9696256666666665,3.7468653,0.22276039414469384
3.962588666666667,3.780579,0.18200957654825878
4.003329666666667,3.7727365,0.23059311728922527
4.099625666666666,3.6943994,0.4052263098246254
4.158144,3.7513645,0.4067795304718018
4.171477333333333,3.860444,0.3110332644246414
4.154810666666667,3.9424675,0.21234321557108604
4.1796256666666665,3.9572587,0.22236696534220357
4.212588333333333,3.9451456,0.2674427263387038
4.255551333333333,3.9216838,0.3338675450337725
4.265551333333334,4.001263,0.2642881917012536
4.272218,4.0293283,0.24288965374755822
4.294069666666666,4.0399394,0.2541302631327307
4.296291666666666,4.054084,0.2422078425089511
4.292587999999999,4.0545506,0.2380373522644037
4.271106666666666,4.0931897,0.17791695032755506
4.254440000000001,4.071717,0.18272321456909246
4.2570326666666665,4.0476494,0.2093832831217446
4.259995666666667,4.039604,0.22039147965494799
4.283328999999999,4.0162935,0.2670354743041985
4.301847333333333,4.03757,0.2642773336385087
4.328884333333333,4.0447054,0.2841789424031571
4.338514,4.0719976,0.26651635748291014
4.349625333333334,4.0970235,0.25260184624226945
4.351477333333333,4.1231356,0.22834176662190764
4.349255,4.115582,0.23367301071167024
4.3585139999999996,4.1323986,0.22611539465331987
4.356662,4.135188,0.22147389727783207
4.360366,4.1113405,0.24902547723388668
4.3611070000000005,4.150206,0.21090091098022512
4.358144,4.134961,0.22318287176513696
4.339255,4.1183105,0.22094454849243128
4.297773333333334,4.1533318,0.1444415767415368
4.271847333333334,4.1285,0.1433473485921235
4.285180666666667,4.0728917,0.2122889544779465
4.293329,4.045107,0.24822211218261714
4.311847666666666,4.038437,0.2734107770182286
4.297403333333333,4.0799804,0.21742295995076422
4.320366333333333,4.0694904,0.2508759005940755
4.323699666666666,4.089761,0.23393888633219362
4.338884666666667,4.063315,0.2755697519632978
4.317032666666666,4.116717,0.20031580494181256
4.315180666666666,4.111978,0.2032026126200348
4.292587999999999,4.1031694,0.18941855877685487
4.296291666666667,4.0774717,0.21881993357340512
4.2785139999999995,4.094297,0.1842170677795405
4.285180666666667,4.0464444,0.23873625062052461
4.283329,4.0691805,0.21414851141357438
4.2699956666666665,4.0527306,0.21726510636393215
4.237033,4.050228,0.1868048811035159
4.188144,4.0678835,0.12026050848388703
4.159625666666667,4.022787,0.13683857255045595
4.16407,3.9668713,0.19719873840332003
4.183699666666667,3.9329953,0.2507043473002115
4.1956956666666665,3.9205432,0.2751524728495278
4.191251333333334,3.9515853,0.23966604051717155
4.174955,3.9781716,0.1967834130096433
4.160366333333333,3.9645984,0.19576791605122867
4.170366333333333,3.9557939,0.21457247575887006
4.189625666666666,3.9425669,0.24705879502359984
4.198514666666667,3.9210815,0.27743312369791706
4.186292333333333,3.966609,0.2196833321736653
4.16407,3.990941,0.17312895233154268
4.154070000000001,3.9557526,0.1983173888397225
4.136662666666666,3.9480193,0.18864340053812612
4.118144333333334,3.9337177,0.18442660567220148
4.098884999999999,3.9160595,0.18282550598144454
4.086292333333333,3.8977084,0.18858391734822533
4.088514333333333,3.8777869,0.2107274585622152
4.108514333333334,3.857564,0.2509503608601893
4.160366000000001,3.854267,0.30609911805725165
4.236292,3.8730803,0.3632117463989255
4.324440000000001,3.9047842,0.41965579742431736
4.378884666666667,3.98856,0.39032470534769725
4.407403,4.0863094,0.32109356701660197
4.425180666666667,4.1659985,0.2591822078043622
4.454439666666667,4.183372,0.27106764594523103
4.497032333333333,4.1989236,0.29810874553426103
4.544439666666667,4.2294927,0.3149470023295091
4.583328666666667,4.2596436,0.3236851119791666
4.5814770000000005,4.310854,0.27062304187011765
4.5814770000000005,4.3635845,0.21789248156738328
4.529995666666667,4.3808193,0.14917634598795626
4.511477,4.3350506,0.176426417114258
4.4840696666666675,4.3636765,0.12039311866251712
4.522217666666666,4.258735,0.2634824867655432
4.563328666666667,4.2533636,0.3099650573527022
4.586662,4.277862,0.3087999280090328
4.599625,4.322156,0.27746904754638635
4.577773333333333,4.3691807,0.20859265401204397
4.593699333333333,4.365523,0.22817647185262047
4.613329,4.37585,0.23747879934692406
4.642217666666667,4.3327074,0.3095102615763352
4.632588,4.38826,0.24432811230468765
4.609995333333333,4.426458,0.18353745140584277
4.582958333333333,4.411449,0.17150937779744435
4.560736,4.3871007,0.17363530343627964
4.547772999999999,4.3712974,0.17647564053344666
4.536291666666666,4.332125,0.20416647974650015
4.528514,4.3132343,0.21527967077636756
4.489624999999999,4.3215175,0.16810753250122001
4.464810333333333,4.293748,0.17106243141682942
4.425551,4.2867675,0.1387835172424312
4.415180666666666,4.2276936,0.18748710892740839
4.404069333333332,4.2118664,0.1922029545491526
4.402587999999999,4.177122,0.22546588391113165
4.4203660000000005,4.175686,0.2446801174316411
4.439995666666667,4.1762576,0.2637380563456224
4.458514,4.167279,0.29123523336792
4.456662,4.2170033,0.23965865451049773
4.461106333333333,4.2359324,0.225173983174642
4.476662,4.227843,0.24881919223022475
4.502217666666666,4.229931,0.2722867889811189
4.535180666666667,4.24805,0.28713045380655977
4.553699333333332,4.2656584,0.2880409547322582
4.547402999999999,4.297945,0.24945797741699138
4.54444,4.34139,0.20304986709594708
4.555180666666666,4.332663,0.22251760743204674
4.552665666666667,4.299533,0.2531327763468427
4.522665666666668,4.331463,0.1912028065592457
4.478221333333333,4.3520875,0.1261338356221513
4.456662333333333,4.297987,0.15867534908040337
4.447032999999999,4.2607346,0.1862984418945306
4.454069999999999,4.228901,0.22516909057617074
4.472218,4.213815,0.25840278775024395
4.488884333333334,4.2174916,0.27139270659383197
4.5085136666666665,4.2359233,0.272590376413981
4.499624666666667,4.2607403,0.23888438651529942
4.481106333333334,4.2715435,0.20956283052571667
4.452217666666667,4.297198,0.15501984791056334
4.4603660000000005,4.2578692,0.20249675637817433
4.483329,4.2265673,0.2567617316284183
4.497773333333333,4.2170177,0.2807556827290849
4.488884333333333,4.2529345,0.235949877461751
4.476662,4.2792706,0.1973913510437013
4.468143666666667,4.2662177,0.2019259580790207
4.470365999999999,4.2465787,0.22378730661010682
4.502218000000001,4.2485423,0.2536756911926279
4.559625333333333,4.2375617,0.3220636306050615
4.613143666666666,4.2435718,0.3695719083964022
4.643514000000001,4.3209543,0.3225596771850592
4.665736,4.3903303,0.2754056853637694
4.707402666666666,4.4092164,0.2981862627054843
4.762587666666667,4.434847,0.32774078861490885
4.819995,4.468675,0.3513198634338375
4.851476333333333,4.5214343,0.3300420262349446
4.858883666666666,4.588067,0.2708166119181312
4.848513333333334,4.638092,0.2104212923177089
4.8544393333333336,4.6353536,0.2190857681172691
4.85518,4.6299343,0.2252456890869139
4.89518,4.61914,0.27603985183715807
4.8870320000000005,4.637607,0.24942490237426806
4.87481,4.6288686,0.24594142013549813
4.8259213333333335,4.707428,0.11849335481770851
4.808884333333333,4.6433597,0.1655246722310384
4.791476999999999,4.599454,0.19202307391357287
4.807032333333333,4.5859203,0.22111199947102822
4.820735999999999,4.568521,0.2522149772033684
4.833291333333333,4.5403047,0.29298667253621424
4.8103283333333335,4.6066136,0.20371469731648784
4.822921,4.6089654,0.2139556031188965
4.833328666666667,4.582359,0.25096982953898106
4.8496250000000005,4.5669937,0.28263128662109427
4.828513666666666,4.6257353,0.2027783837687167
4.821476333333334,4.61199,0.20948635835774798
4.811106,4.6123915,0.1987145281372067
4.816661666666667,4.589823,0.22683889750162756
4.821476666666666,4.583786,0.2376906559244789
4.844069333333334,4.5806403,0.2634290173238121
4.884069333333333,4.593536,0.2905334332173659
4.941847,4.596741,0.3451058005065919
4.987032,4.636448,0.3505840935058595
5.006291333333333,4.7013984,0.30489296068318694
5.018884,4.75928,0.2596037952270507
5.027402666666666,4.784344,0.24305847034708616
5.029995,4.7834015,0.24659351074218794
5.005179999999999,4.8056445,0.19953548782348562
4.971846666666666,4.8116484,0.16019829783121686
4.980735666666667,4.792244,0.18849170914713564
4.995921,4.7474327,0.24848829125976568
5.023698666666667,4.715483,0.3082154780375168
5.014995,4.7839537,0.23104133331298815
5.024254333333333,4.781528,0.24272633727010096
5.026847,4.789803,0.2370439718933106
5.020365333333333,4.7861176,0.23424777962239585
4.977402333333333,4.802045,0.17535746486409476
4.932587666666667,4.801503,0.13108448520914706
4.888143333333334,4.7736354,0.11450794591267943
4.894069333333333,4.699206,0.19486345793660487
4.934810000000001,4.6685023,0.2663076692199713
4.995180333333333,4.6352034,0.3599769718221024
5.082217,4.6760635,0.40615346240234373
5.113328,4.760218,0.35310985653686533
5.094439333333334,4.8037233,0.2907159980672205
5.051476666666667,4.924923,0.12655372355143246
5.035920999999999,4.901587,0.13433399057006756
5.070735666666668,4.7949724,0.2757632469278981
5.071846666666667,4.8173156,0.25453108820597325
5.069254333333333,4.830072,0.23918240721638995
5.077032000000001,4.8522553,0.22477665560913174
5.091846666666667,4.836479,0.2553674796549483
5.077031666666667,4.8280716,0.24896007242838536
5.064439,4.8691583,0.19528073202514662
5.062587333333333,4.8754306,0.18715674937947568
5.092587333333333,4.805258,0.2873295360921224
5.109253999999999,4.8324327,0.27682125311279204
5.119994666666666,4.860443,0.25955155143229103
5.119254,4.8698807,0.2493733237304685
5.128513333333333,4.8898644,0.23864888860066724
5.136290999999999,4.9005737,0.23571726953124905
5.1529576666666665,4.8784056,0.27455209568277983
5.152587333333333,4.9117723,0.24081508220418257
5.1329579999999995,4.923449,0.20950896054077095
5.096291333333333,4.9215894,0.17470195879109696
5.03481,4.9220314,0.1127785974121096
4.945180333333333,4.8795986,0.06558171577962213
4.904069333333333,4.823675,0.08039417769368473
4.886291666666667,4.7531214,0.13317029062906904
4.9048099999999994,4.627419,0.277391005096435
4.9088840000000005,4.6606526,0.24823136251831102
4.8829579999999995,4.6733623,0.20959574490356392
4.883328666666666,4.654719,0.22860979078165666
4.899254666666665,4.685376,0.2138784993693017
4.966662,4.62584,0.34082181292724645
5.002217333333333,4.6446095,0.357607882039388
5.025550666666667,4.7221165,0.30343419632975266
5.049624666666667,4.79221,0.2574145645853685
5.151846666666667,4.7746744,0.3771722510782878
5.282216666666667,4.8094873,0.4727293238321941
5.332957333333333,4.8682766,0.46468073726399695
5.297031666666667,5.025762,0.271269585520427
5.2633280000000005,5.1760573,0.08727066128540084
5.282587333333334,5.082059,0.20052842677815796
5.325179666666667,4.9925933,0.33258637824503623
5.341846333333334,5.0772586,0.2645877464497888
5.374809333333333,5.090389,0.28442055846150716
5.438883333333333,5.0887904,0.3500929166158038
5.438142666666667,5.139939,0.2982038353373211
5.423327666666667,5.1800156,0.24331210270182346
5.369994666666668,5.258551,0.11144354590861116
5.332216999999999,5.1843266,0.1478903512878409
5.305550333333334,5.1530447,0.152505632710775
5.267772333333334,5.1248174,0.14295496196492596
5.251846333333334,5.0563536,0.19549276430257212
5.210365,5.0555844,0.15478056930542028
5.192587333333334,5.012725,0.1798624569295253
5.195550333333334,4.990988,0.20456255562337322
5.211476333333334,4.94701,0.2644662930501305
5.223328333333334,4.9450464,0.27828190846761114
5.233698666666666,4.9839807,0.24971801099650026
5.231106,4.9863176,0.24478836541748006
5.268513333333333,4.9868984,0.281614911092122
5.337031666666667,5.021242,0.31578952494303447
5.400735333333333,4.9915247,0.4092106369832358
5.412587,5.073203,0.3393839131469729
5.371105666666667,5.2025146,0.16859101822916678
5.367031666666667,5.1873913,0.17964038553873696
5.411476,5.1518874,0.2595885831604008
5.488142666666667,5.1233735,0.3647691582132975
5.648512666666666,5.1490617,0.4994509868265782
5.731846,5.240098,0.4917480004272461
5.796660666666666,5.3225594,0.4741013099772129
5.747031333333333,5.570269,0.17676222551472964
5.735179666666666,5.547651,0.18752885261026986
5.727031666666666,5.5478196,0.17921205225626569
5.763327666666666,5.509914,0.253413745310465
5.895549666666668,5.489755,0.4057945130106617
6.065919666666668,5.505222,0.5606978229471853
6.160734333333334,5.575017,0.585717357930502
6.1277713333333335,5.807947,0.3198241745198569
6.045178999999999,5.9843154,0.06086360464477458
6.021475333333332,5.9227095,0.09876586830647671
6.044068,5.8198886,0.2241794082336428
6.059253,5.784223,0.2750299203186035
6.081475333333334,5.8010573,0.28041799461873396
6.081845666666667,5.832343,0.2495025651652023
6.058512333333333,5.8206205,0.23789179652913361
5.981845666666667,5.860815,0.12103061844889318
5.897771666666667,5.8501143,0.04765732111613019
5.866290333333334,5.771691,0.09459948784383165
5.865179333333335,5.6710615,0.19411781752522916
5.851475666666667,5.603447,0.24802870621744866
5.835920000000001,5.6320786,0.20384135238647527
5.821105333333333,5.634868,0.18623718834431902
5.848512666666667,5.5682616,0.2802510432840988
5.894438666666666,5.591757,0.302681845987955
5.953697666666667,5.594479,0.3592185826517742
6.006290333333333,5.6236076,0.3826826978352864
6.039623666666666,5.716489,0.32313482847086483
6.019253333333333,5.7669544,0.25229891133626303
6.018512666666666,5.7919865,0.22652620121256462
5.964809000000001,5.836971,0.12783819387817452
5.941475666666667,5.749183,0.19229248871866922
5.910734666666667,5.7785897,0.1321449411722826
5.951845666666667,5.706587,0.24525882889811257
6.014438333333333,5.654702,0.35973614674886
6.064068,5.6817217,0.38234631268310526
6.0829569999999995,5.774302,0.30865499423217724
6.092586666666667,5.8211403,0.27144637736002597
6.092957,5.844314,0.24864290164184588
6.099994000000001,5.862501,0.2374928555908209
6.118142,5.8647914,0.25335060671997045
6.110734666666667,5.853562,0.25717278846232094
6.128512333333333,5.8771577,0.251354645192464
6.117031,5.907127,0.20990409646606434
6.148512333333334,5.8462076,0.3023047146199547
6.149623333333333,5.912807,0.23681634557088227
6.152956666666667,5.890203,0.26275366755167706
6.131475333333333,5.911538,0.21993720924886073
6.070364333333333,5.9341397,0.13622460478719045
5.994808666666667,5.901938,0.09287070508829753
5.960734666666667,5.864633,0.09610158332316132
5.957401333333334,5.7796507,0.1777506451619475
5.9799940000000005,5.6845193,0.2954747090759282
5.968142,5.726827,0.24131485537719755
5.957401333333334,5.73817,0.21923118639119554
5.997771666666665,5.7303824,0.26738922419229993
6.045178999999999,5.718179,0.32699977407836833
6.101475333333333,5.7139897,0.38748559868367494
6.084438333333333,5.8184686,0.26596976262410443
6.089623666666667,5.854416,0.2352077731119797
6.071475333333334,5.88116,0.1903155509236658
6.045919666666666,5.8248944,0.22102523841349253
6.0099936666666665,5.86257,0.14742385770670552
5.967401333333334,5.839138,0.12826330232747463
5.942401333333334,5.751186,0.19121543932088247
5.915364333333333,5.7578087,0.1575556480305984
5.9198086666666665,5.711877,0.20793179746500634
5.919253333333333,5.6594563,0.259797080281575
5.978883000000001,5.673651,0.305231781585694
6.068512666666667,5.7020826,0.3664300326944989
6.168882666666666,5.660454,0.5084288702799471
6.2081420000000005,5.8134127,0.3947293336791997
6.222586333333334,5.950258,0.2723285551656094
6.275919666666667,5.9604783,0.3154413608500164
6.287030666666667,5.984695,0.302335708933513
6.307030666666666,6.023496,0.283534515696207
6.299623333333334,6.094597,0.20502647054036505
6.310364,6.0412297,0.26913427511596666
6.310364,6.076527,0.23383688131713853
6.278512333333333,6.0865765,0.1919358715413404
6.252216000000001,6.057867,0.19434894982910222
6.223697666666667,6.078264,0.14543343021647193
6.220734666666667,6.0116696,0.2090650308939619
6.191105333333334,5.9745765,0.2165288600972497
6.131846,5.9897857,0.1420603287658695
6.106290333333333,5.9810505,0.12523984200032512
6.1518456666666665,5.90105,0.2507955758768716
6.241104666666667,5.8353233,0.40578133292643237
6.295178666666668,5.8813,0.4138786941324879
6.318141666666667,5.9818463,0.3362953341166186
6.302956666666667,6.067975,0.23498162241617848
6.297030666666667,6.0738473,0.22318337281290734
6.288141666666666,6.086853,0.2012886393229163
6.268141666666667,6.058833,0.20930854441324875
6.231104666666666,6.0523267,0.17877798743692974
6.201475,6.0566506,0.14482436141967803
6.199993666666667,6.0014524,0.19854122068278013
6.227401333333333,5.949399,0.2780023388875321
6.253697666666667,5.9592633,0.29443434192911777
6.285179,5.9723244,0.31285462866210967
6.337771333333333,6.007241,0.33053056108601897
6.392956666666667,6.0390263,0.35393040629069006
6.435549333333333,6.068279,0.36727054381306967
6.459623333333334,6.15471,0.30491351735433003
6.458141666666666,6.2058334,0.2523082316080725
6.459252666666667,6.2094736,0.24977905674235057
6.446660333333333,6.244445,0.2022154862263994
6.442586333333334,6.2216363,0.22095003801473023
6.437771333333334,6.2102356,0.22753573763020896
6.459252666666667,6.2113175,0.24793512745157908
6.488511999999999,6.199317,0.2891950215454093
6.515178666666667,6.191241,0.3239378791605638
6.538882333333334,6.2542553,0.28462703853352966
6.557400666666667,6.27887,0.2785305609232589
6.582586,6.2745485,0.30803746942138677
6.5766599999999995,6.330845,0.24581512084960888
6.578511999999999,6.3408933,0.23761873141479395
6.609623,6.346919,0.26270394024658206
6.634437999999999,6.3349404,0.2994975664978021
6.689993333333333,6.3423924,0.3476008887227371
6.757030333333334,6.4161053,0.3409250629475915
6.8392523333333335,6.4098206,0.4294317766927085
6.867030333333333,6.4881687,0.37886161690266906
6.821845333333333,6.6087275,0.21311787819417294
6.738512000000001,6.64876,0.08975215808105563
6.661475,6.6142206,0.0472543807983401
6.591104666666667,6.5329432,0.05816141791788798
6.545179,6.4285603,0.11661874304199227
6.491475333333334,6.370668,0.1208073989156091
6.469253,6.3025618,0.16669124005126967
6.441845333333334,6.2614245,0.18042079185994542
6.46666,6.206966,0.2596940766906739
6.450363666666667,6.2127976,0.23756602491251666
6.425919333333333,6.182346,0.24357346617635045
6.377771333333334,6.2489023,0.12886901247151794
6.363327,6.195086,0.16824099765014644
6.3540676666666664,6.1247535,0.22931419147745746
6.313327000000001,6.1253495,0.18797747836303813
6.295919666666666,6.129231,0.16668869056193003
6.301105,6.088661,0.21244380615234348
6.3055493333333335,6.0251007,0.28044862532552095
6.324438,6.0632057,0.26123228100585916
6.379252666666667,6.0859094,0.2933433000590009
6.462215666666666,6.038306,0.4239094303995765
6.489993666666667,6.112738,0.37725553418986024
6.474808666666666,6.2272596,0.24754903074137324
6.4525863333333335,6.2691445,0.18344179826863627
6.451845333333333,6.240293,0.211552307362874
6.494808333333334,6.223072,0.27173628133138106
6.440734333333333,6.2112164,0.2295178835957845
6.373697666666667,6.2177925,0.15590515568033858
6.2496236666666665,6.312453,-0.06282912645467142
6.272216333333334,6.1118827,0.16033364671834338
6.320734666666666,6.032601,0.28813378699747627
6.379993666666667,5.976617,0.4033768072306314
6.418141666666666,6.0703087,0.3478329813639318
6.443326666666667,6.1411433,0.30218334467569985
6.486289666666666,6.148795,0.3374945387980137
6.488882333333333,6.2097692,0.2791130843709304
6.520734333333334,6.238351,0.28238346510823664
6.547401,6.27246,0.2749410161743162
6.590363999999999,6.247811,0.34255315939330977
6.595548999999999,6.3162823,0.27926672766113203
6.599252666666667,6.351686,0.24756666584269205
6.614808,6.363662,0.2511462339477539
6.58666,6.3570633,0.22959670654296893
6.565919333333334,6.3666306,0.19928877913411558
6.535178666666667,6.399884,0.13529444272867863
6.547030666666667,6.3002825,0.24674818833414758
6.5196233333333335,6.299678,0.21994548451741558
6.488142,6.3099036,0.17823837832641587
6.461475333333333,6.301964,0.15951152718098882
6.4633270000000005,6.2398524,0.2234745715637212
6.454437999999999,6.221624,0.23281410244750855
6.432215666666666,6.2181735,0.2140421627909337
6.439993666666667,6.2232714,0.21672229673258503
6.414438,6.2001953,0.21424268749999964
6.384808333333334,6.1636815,0.22112682622273816
6.343326666666666,6.227607,0.11571989329020127
6.415549,6.1459455,0.2696034509887699
6.522586,6.081433,0.44115318063354536
6.578141666666667,6.1113434,0.4667982828776047
6.6329563333333335,6.2802567,0.35269958513387056
6.678141333333333,6.369357,0.3087842242635084
6.743696666666667,6.32084,0.422856784769694
6.706659666666668,6.460697,0.24596249259440217
6.6436969999999995,6.5186305,0.12506649539184522
6.581845333333334,6.5058618,0.07598357414754275
6.556660333333333,6.421097,0.1355635315755208
6.544808333333333,6.3531566,0.19165176671346007
6.533326666666666,6.311636,0.22169069559732968
6.494808,6.3064623,0.18834571209716788
6.4877709999999995,6.29558,0.1921910897216792
6.522585999999999,6.2725916,0.249994409118651
6.566659999999999,6.2112966,0.3553634416198719
6.602215666666666,6.2560353,0.3461803387552891
6.589252666666666,6.3458323,0.24342031879679293
6.579252666666665,6.3370833,0.2421693269755032
6.565178666666666,6.3744116,0.19076708371988893
6.560364,6.3487835,0.21158050695800767
6.569993666666666,6.3118677,0.2581259527384434
6.564808333333334,6.3331017,0.23170658391316756
6.547400666666666,6.3243866,0.22301406998697892
6.556289666666666,6.326367,0.22992276526896127
6.561104333333334,6.3254538,0.23565057509358756
6.598882333333333,6.2821155,0.3167668738911944
6.608511999999999,6.3348913,0.27362068072509693
6.639623333333334,6.340284,0.29933946263631217
6.679252666666667,6.3731017,0.30615095539347337
6.728511666666666,6.3833866,0.34512505472818944
6.751104,6.423495,0.32760918417358376
6.769252333333333,6.4861608,0.2830915781758625
6.8033263333333345,6.5257254,0.2776009686482759
6.850363333333334,6.5121675,0.3381958795674649
6.882955666666667,6.5477743,0.3351813517862956
6.854807666666667,6.616374,0.23843365085856139
6.8648076666666675,6.6412644,0.22354322803751714
6.859252333333335,6.654423,0.204829096486411
6.898141333333333,6.5770235,0.32111782716878245
6.8848080000000005,6.6470327,0.2377752622680669
6.920363333333333,6.6410375,0.2793258691914877
6.930363333333332,6.659374,0.27098909627278545
6.970363333333333,6.639195,0.3311683679707844
6.958882,6.7172804,0.24160161212158204
6.976289333333332,6.703659,0.2726302757161445
6.978881999999998,6.7409267,0.23795525744628687
7.014066999999999,6.7184944,0.2955725847167958
7.021474333333333,6.7402434,0.28123089842732707
7.068881666666666,6.755578,0.3133036255900059
7.107400333333332,6.8006573,0.3067430609944646
7.178881666666667,6.7790794,0.3998022294108079
7.173326,6.8721986,0.3011274183044437
7.1462889999999994,6.9201994,0.22608960577392523
7.118881666666668,6.9730396,0.14584203959147235
7.137030000000001,6.910935,0.2260950749206554
7.1533263333333315,6.8626857,0.29064065294392716
7.194437333333331,6.889269,0.30516845821126104
7.227029666666666,6.925965,0.3010648343607576
7.270363,6.9036484,0.36671462353515594
7.2459186666666655,6.9939356,0.25198308164469285
7.209252333333332,7.029764,0.17948815791829276
7.164437333333333,7.0304165,0.13402084468587194
7.172585333333334,6.9716077,0.2009776482442227
7.208511000000001,6.93507,0.2734409621582037
7.2455479999999985,6.898551,0.3469970127563462
7.272214666666668,6.9518805,0.32033421164957776
7.250362999999999,7.013332,0.23703110989379805
7.274066666666667,7.0069284,0.2671382227579757
7.222955666666667,7.0438275,0.1791281329447436
7.185548333333335,6.9884663,0.19708207051595217
7.158141,7.051532,0.10660920831298792
7.236289,6.939082,0.2972068543090822
7.349992333333333,6.8700604,0.47993188945515897
7.433325666666665,6.9555726,0.4777530615336083
7.492585000000001,7.0922446,0.4003403749084482
7.544066666666665,7.1773787,0.36668801218668445
7.578511,7.233472,0.3450391295776365
7.587399999999999,7.3022013,0.2851987289428699
7.597029666666668,7.347984,0.24904582953898213
7.6192519999999995,7.3522964,0.26695564761352486
7.661103666666666,7.34702,0.3140835174357086
7.714436666666664,7.373657,0.34077944010416417
7.757028999999999,7.4034176,0.35361141271972585
7.774806666666666,7.451859,0.32294766932169505
7.779992000000001,7.521241,0.2587508119506845
7.779992000000001,7.5386453,0.24134673251342864
7.791103333333335,7.526015,0.26508852849324693
7.746288666666668,7.548772,0.19751680845133635
7.650733333333333,7.541636,0.1090973431905109
7.526659333333333,7.548244,-0.021584666147868248
7.4474,7.44961,-0.0022102333068847457
7.432955666666666,7.2918916,0.1410640918070465
7.429992666666668,7.1932526,0.23674010319010552
7.421103666666665,7.171215,0.24988860929361856
7.408140666666667,7.18819,0.21995068329874723
7.411103666666666,7.16732,0.2437838920389801
7.427399999999999,7.1524453,0.2749546836853014
7.448881333333333,7.1607027,0.2881786279500318
7.476288666666667,7.1722646,0.3040240907084151
7.515547999999999,7.195766,0.31978202786254784
7.5655480000000015,7.2247705,0.34077745404052884
7.598881333333335,7.253882,0.34499940202840307
7.6211036666666665,7.3080573,0.313046358469645
7.6174,7.369241,0.2481587623596191
7.616659333333334,7.3681736,0.2484857340901696
7.614066666666667,7.3867617,0.2273050013224287
7.627029666666665,7.378207,0.24882245994059105
7.636659000000002,7.364005,0.2726539111938493
7.611103333333334,7.3760653,0.23503807912190844
7.563696000000001,7.402107,0.16158923806762804
7.518511,7.3912907,0.1272203353271486
7.499992666666667,7.323944,0.17604857486979242
7.468881333333333,7.2774754,0.19140597627766898
7.457770333333334,7.2527146,0.2050556993916839
7.424437000000001,7.2442646,0.18017239733886825
7.425918666666666,7.1872454,0.23867329770914658
7.402585333333333,7.204979,0.19760639046223893
7.399252000000001,7.1589413,0.24031073107910217
7.392215000000001,7.1699576,0.22225736221313586
7.3766593333333335,7.151296,0.22536319456990572
7.337029666666667,7.138818,0.19821187949625685
7.291103666666667,7.1514106,0.13969308698527083
7.237400000000001,7.112615,0.12478489151001071
7.209622333333335,7.038877,0.1707453229878757
7.205918666666667,7.0196085,0.18631016904703834
7.202955666666666,6.955032,0.2479237948710118
7.187770333333334,6.934264,0.2535061502889002
7.158881333333333,6.986584,0.17229714677937835
7.1581406666666645,6.9442463,0.21389437455240667
7.172214666666667,6.900738,0.2714769042154952
7.183696333333332,6.914384,0.269312445088703
7.219992666666666,6.9249544,0.2950382522989905
7.251844666666667,6.9308167,0.32102801627604194
7.307029666666666,6.9513707,0.35565895057169516
7.342585333333334,7.0193486,0.32323671196492576
7.381474333333334,7.030947,0.3505271249287931
7.371474333333334,7.1045465,0.2669277863972992
7.339622333333333,7.141987,0.19763548640950468
7.340362999999999,7.1502604,0.19010255154418854
7.332214999999999,7.110801,0.22141378005981327
7.345918666666666,7.064895,0.28102351362101174
7.324807333333332,7.125841,0.19896619258626203
7.333696333333335,7.0837297,0.2499665893758154
7.349992666666668,7.087146,0.26284686130778123
7.372215000000001,7.0841217,0.28809329589843813
7.371844333333333,7.0917273,0.28011707655843043
7.327770333333333,7.1280665,0.1997037935689283
7.248881666666667,7.147024,0.10185751200358073
7.191474333333334,7.1085677,0.08290661864217164
7.1992519999999995,7.030749,0.16850315585327102
7.263326,6.937496,0.3258298146972658
7.282955666666666,6.918103,0.3648524485880529
7.275918666666667,6.997973,0.27794570142618813
7.232955666666665,7.0804048,0.15255090821329542
7.253326,7.0082216,0.2451043737182621
7.269992666666665,7.0083485,0.2616442017008449
7.307770333333332,6.9852586,0.32251175407918176
7.292585333333332,7.027344,0.26524110649617416
7.2385113333333315,7.0534086,0.1851027105916323
7.185918666666667,7.083808,0.10211072141520194
7.152214999999998,7.0199537,0.13226127227783024
7.164437333333333,6.9251504,0.23928693889363561
7.162585666666666,6.925785,0.23680060196940023
7.1855486666666675,6.8992777,0.28627097959391357
7.2062893333333315,6.9217467,0.2845426025288882
7.27703,6.924809,0.35222102096557606
7.359992666666665,6.954106,0.40588681263224125
7.418881333333334,6.9877915,0.4310897950948087
7.423325666666664,7.10641,0.3169156401163713
7.422214666666667,7.195821,0.22639385825602254
7.476288666666667,7.1879883,0.288300385416667
7.536659000000001,7.167185,0.36947417028808704
7.595177333333332,7.2026997,0.3924776720784493
7.599992333333333,7.3072405,0.29275184718831326
7.618511000000001,7.3345695,0.28394154580688546
7.623696333333333,7.3782034,0.2454929413045246
7.648881333333334,7.3619504,0.28693093584187856
7.674066333333334,7.385366,0.28870037035115637
7.7025846666666675,7.3995643,0.30302040046183354
7.734807,7.420715,0.3140921448059082
7.765547666666667,7.4561253,0.30942240726725334
7.787399666666665,7.481267,0.3061326912638327
7.789992333333334,7.5142303,0.2757620820210782
7.765918333333334,7.5496964,0.21622188786824648
7.748140333333333,7.5541573,0.19398307625325462
7.787769666666667,7.536916,0.25085388755289717
7.8418436666666675,7.4969835,0.3448601385294605
7.924436333333333,7.495201,0.42923522249348967
7.915547666666667,7.6093626,0.30618506443278015
8.011103333333333,7.6414137,0.36968964467366483
8.044806999999999,7.7237687,0.3210382889099108
8.052584666666668,7.6515613,0.4010234064432794
8.008510666666668,7.86604,0.1424704368693046
8.003696,7.8618736,0.14182237329101532
8.045547666666666,7.7008185,0.3447291280008944
8.050732666666665,7.7723875,0.27834516208902826
8.016288000000001,7.81838,0.19790812100219846
8.001843666666668,7.7818074,0.22003624402872823
7.951473333333333,7.805916,0.14555750081380214
7.9277696666666655,7.7464867,0.18128300284830612
7.892955,7.727118,0.16583698471069308
7.807029333333333,7.6758037,0.13122567198689783
7.737400000000001,7.6559386,0.08146137466430758
7.729251666666668,7.624675,0.10457686960856272
7.839621666666665,7.453161,0.3864609038797999
7.9329546666666655,7.4368067,0.49614798789469283
7.991103000000001,7.550391,0.4407118027954109
8.001103,7.692711,0.30839212353515677
7.956658666666666,7.725605,0.23105365568033776
7.921843666666668,7.766045,0.15579857313029066
7.902584666666665,7.773915,0.1286698526713037
7.947029000000001,7.6415815,0.3054474646606451
7.9722143333333335,7.6566286,0.31558572462972023
7.975176999999999,7.6954784,0.27969856066894394
7.987399333333333,7.7193584,0.2680408891194661
7.985547333333334,7.736753,0.2487943464253748
7.983325333333331,7.7238593,0.2594660231831849
7.930362333333332,7.754587,0.17577515987141812
7.899621666666667,7.74215,0.15747183680216548
7.9081399999999995,7.718963,0.1891768537902827
7.9385103333333324,7.630935,0.30757514122517815
7.971473333333331,7.6353035,0.33616983601887807
7.969621666666667,7.709629,0.2599926078287762
7.940362666666668,7.700189,0.24017355304972465
7.895548000000002,7.73227,0.16327823605346836
7.891844333333334,7.733594,0.15825039259847085
7.914807,7.639131,0.2756759308166501
7.9203623333333315,7.61159,0.308772424733478
7.884806666666667,7.6908164,0.19399026423136423
7.865918,7.681354,0.18456395413207982
7.890733000000001,7.637677,0.2530558073120126
7.9866589999999995,7.617231,0.369428107818603
8.071843999999999,7.6175184,0.4543255750122057
8.109991999999998,7.678227,0.4317650522155745
8.124066,7.8502145,0.27385151864623936
8.138510333333334,7.879288,0.2592221367696137
8.180361999999999,7.836379,0.3439829487915027
8.162213666666666,7.9212875,0.2409261300455725
8.16888033333333,7.9262156,0.24266468468220737
8.16851,7.939489,0.22902111221313426
8.202954666666667,7.9037123,0.29924239402262387
8.232954666666664,7.9301486,0.302806065134682
8.259991666666664,7.936743,0.32324888407389096
8.267769333333334,7.9791145,0.2886548008626306
8.252584333333333,8.019025,0.2335594843953448
8.232213999999999,8.021748,0.2104664108886709
8.222584333333332,8.0186205,0.2039638423054999
8.215176999999999,7.9925227,0.22265428347778204
8.193325333333334,7.9648485,0.22847681496175198
8.087029333333332,7.978953,0.10807644865925958
8.045177333333333,7.963837,0.08134018657429998
7.997028999999999,7.906884,0.09014480657958845
7.924065999999999,7.7199664,0.20409958840942277
7.834436666666665,7.795614,0.03882290095011243
7.7496220000000005,7.7551,-0.005477773406981967
7.766659000000001,7.5154924,0.2511665607299811
7.780362666666665,7.538821,0.241541446268716
7.728140666666667,7.4962773,0.23186333436075923
7.716288666666667,7.4907336,0.22555504316202857
7.597769999999998,7.5746403,0.02312972595214635
7.539621666666666,7.394354,0.14526780008951778
7.369251666666667,7.439582,-0.07033020436604787
7.345547999999999,7.295183,0.050364818237303766
7.443326000000001,7.185038,0.2582879102478035
7.563696333333334,6.9982,0.5654963936055504
7.561474333333332,7.12145,0.44002438597615434
7.464067,7.372952,0.09111501559448243
7.428511333333332,7.3382826,0.09022874818928894
7.430733333333334,7.218457,0.21227611134847102
7.489251666666669,7.1764035,0.3128481441752138
7.597399666666667,7.199269,0.39813084876505567
7.716658999999999,7.1859365,0.5307225490417471
7.8029553333333315,7.301939,0.5010163227132143
7.800733,7.4837055,0.3170274793701173
7.739251666666665,7.5388575,0.20039420664469265
7.759992333333333,7.5954003,0.16459199992879192
7.775177666666668,7.5539894,0.22118825626627725
7.901843999999999,7.4078035,0.494040464538573
7.929251333333334,7.59662,0.3326312504781095
7.941844000000001,7.584691,0.35715295233154354
7.8936959999999985,7.7013717,0.19232433023071138
7.822955333333333,7.740787,0.0821683040669754
7.790362666666665,7.647385,0.1429775462748193
7.764436666666666,7.604145,0.16029161661783764
7.760732999999999,7.546349,0.21438395138549726
7.839992333333332,7.5153327,0.32465963451131064
7.919992333333332,7.508467,0.4115251359151193
7.9636960000000006,7.512741,0.45095491113281305
7.979251333333333,7.690804,0.2884473286641436
8.025917999999999,7.745443,0.28047513272094626
8.067028999999998,7.6801724,0.38685655661010543
8.037029,7.770693,0.2663361746826176
7.947769666666667,7.8702536,0.07751610373942075
7.885918,7.804886,0.0810321357421877
7.938510666666665,7.731065,0.20744587021891103
8.035177333333333,7.6478825,0.38729487178548183
8.179621666666666,7.596394,0.5832276046244296
8.272214,7.7930117,0.4792023346557617
8.367028666666668,7.8906813,0.47634739988200003
8.395547,7.997197,0.3983498488159185
8.394065666666666,8.117366,0.27669982956949823
8.381102666666667,8.192576,0.18852625828043656
8.423325,8.1391735,0.2841514923095705
8.467769333333331,8.142226,0.32554311415608517
8.506658333333332,8.158954,0.3477046666463206
8.485917333333333,8.217268,0.2686493432210284
8.434806333333333,8.260137,0.1746697290242505
8.362954333333334,8.275771,0.0871831922810884
8.289250666666668,8.198167,0.09108381943766375
8.233694999999999,8.133221,0.10047432739257722
8.191473,8.072949,0.11852359051513695
8.109621333333333,7.971961,0.13766031190999328
8.059621666666667,7.9445643,0.11505732416788739
8.028881,7.928096,0.10078518243408219
8.062214333333333,7.75027,0.3119444435017904
8.030732666666667,7.77429,0.2564425818278
8.004436333333333,7.818924,0.1855123831380201
8.019992,7.8045387,0.2154532731933596
8.071473666666668,7.725996,0.3454776492106131
8.170732666666666,7.7490277,0.42170493763224215
8.190362333333333,7.8249044,0.36545789149983676
8.145547333333333,7.8535852,0.2919620901082354
7.970362333333333,8.014123,-0.04376062961832705
7.838510333333332,7.944521,-0.1060106169840509
7.678881,7.7798023,-0.10092132238769569
7.662214333333334,7.5877075,0.0745068138020839
7.632585,7.518481,0.11410422225952122
7.698140333333334,7.2985168,0.39962358299764045
7.722214666666665,7.420434,0.30178066855875496
7.745547666666666,7.417856,0.327691450236002
7.758880999999999,7.431972,0.32690897317504763
7.687029,7.5263214,0.1607075888671874
7.614436666666666,7.5077777,0.10665897577921513
7.531474000000001,7.4917035,0.039770489715577284
7.498881666666667,7.3795304,0.11935123682657878
7.529252,7.29764,0.2316121531982418
7.547029666666665,7.2430935,0.30393617606607926
7.589251666666666,7.236917,0.352334647776285
7.671103333333333,7.3327518,0.338351582387288
7.763695666666667,7.300494,0.4632014726359053
7.808881000000001,7.3542056,0.45467539163208137
7.811103333333333,7.556674,0.2544293297322584
7.8936959999999985,7.5766144,0.317081620117186
7.964066,7.5326676,0.431398363128662
8.036658333333333,7.605122,0.43153624394734713
7.991102666666665,7.7712765,0.21982619266764125
7.997398999999998,7.742847,0.254552034210203
7.871102999999999,7.8219976,0.04910535748290901
7.799251333333332,7.719943,0.0793082867635082
7.725177333333334,7.732635,-0.007457687876383012
7.692584666666667,7.525671,0.1669136614176434
7.671843999999999,7.465966,0.20587777532958906
7.575918333333333,7.4936604,0.08225788335164363
7.527399999999999,7.3879633,0.13943670501708905
7.478881666666666,7.3869433,0.09193832636515253
7.519992666666665,7.2598567,0.2601359657694484
7.612584999999999,7.2173553,0.3952297486877434
7.701103333333331,7.2376084,0.463494900563556
7.756659,7.319779,0.43688008078002927
7.761103666666666,7.4552536,0.30585006559244743
7.7781406666666655,7.5124397,0.26570093888346236
7.726658999999999,7.524717,0.20194214590453985
7.729992333333332,7.5194373,0.21055502025349782
7.691844333333333,7.563163,0.12868152968343072
7.752584999999998,7.415722,0.3368631066894512
7.801103333333332,7.4893413,0.3117620743306464
7.870362333333333,7.465374,0.4049883404134107
7.953325333333334,7.5246024,0.42872292015584357
7.956288333333334,7.633126,0.3231625513203946
7.952214333333332,7.6634827,0.28873166731770716
7.875177333333333,7.768823,0.10635418651326489
7.839621666666665,7.7051897,0.13443196177164562
7.704806999999999,7.6670766,0.0377304123229969
7.595547999999999,7.587989,0.007559146545409234
7.500362999999999,7.566925,-0.06656204882812577
7.580362999999999,7.3189898,0.26137324627685476
7.646288666666664,7.2390366,0.40725210660807054
7.6436959999999985,7.2571607,0.38653533639526216
7.594066333333334,7.4240956,0.16997070268758208
7.625918333333335,7.433389,0.19252914647420383
7.645177666666666,7.31332,0.33185750675455683
7.726658999999999,7.3293447,0.39731425054931524
7.7418439999999995,7.481146,0.26069814123535107
7.855177333333333,7.3735404,0.48163693187459256
7.842214333333332,7.531752,0.31046222380574395
7.834436666666665,7.572346,0.26209045618692883
7.798881000000001,7.653795,0.1450862345275885
7.788881,7.578791,0.21008985848999018
7.705177333333333,7.5593443,0.1458330416463216
7.687769999999999,7.5637774,0.12399255325317249
7.7333256666666665,7.525953,0.20737285065714506
7.809992333333331,7.3509517,0.4590406617329892
7.847029333333332,7.4632473,0.3837820341389957
7.830362666666667,7.605529,0.2248338351847332
7.865177333333333,7.553171,0.3120061754964185
7.828510666666667,7.607229,0.22128143387858135
7.805918,7.6069913,0.19892670895385756
7.772584666666667,7.6303024,0.14228223746744817
7.818880999999998,7.543737,0.2751440653381332
7.844066333333334,7.5327845,0.3112818713582364
7.819622,7.5317345,0.2878875334472655
7.723325666666667,7.62112,0.10220569062296558
7.604066333333331,7.6143703,-0.010304012736004786
7.549251666666665,7.49851,0.05074178278604968
7.494807333333332,7.390582,0.10422524867757055
7.473696333333334,7.2761307,0.19756565706380247
7.483325999999999,7.280344,0.20298199060058497
7.497770333333333,7.2117267,0.28604366783650725
7.5281406666666655,7.184599,0.3435417439371733
7.474437,7.2855396,0.18889737292480469
7.458140999999999,7.254621,0.2035199710998521
7.411844666666667,7.2723675,0.1394771892496749
7.375548333333333,7.191693,0.18385550420125263
7.382585333333332,7.190948,0.19163732384236543
7.366659333333334,7.1508884,0.2157708903401696
7.439621999999998,7.0751405,0.36448152377319154
7.442584999999999,7.1766815,0.26590348144531184
7.518881333333332,7.114447,0.40443421648152533
7.524066666666667,7.2340965,0.28997013956705775
7.532584999999999,7.232705,0.29987988372802654
7.5192516666666664,7.3035936,0.2156580311075844
7.550733,7.3000746,0.25065842266845717
7.674807,7.2661605,0.40864651187133827
7.811103333333333,7.279093,0.5320105446370436
7.920362666666667,7.361288,0.5590745959879557
7.931844,7.565209,0.36663508810424794
7.946658666666665,7.673712,0.27294688993326677
7.876288333333334,7.716615,0.1596731332906094
7.815918000000001,7.6825695,0.13334849621582112
7.73777,7.72816,0.00961009552001979
7.7170293333333335,7.5611267,0.15590262434895852
7.692955333333334,7.490348,0.20260747108968147
7.686288666666666,7.4906607,0.1956279992472325
7.734066333333333,7.4456096,0.2884567637837723
7.795918333333332,7.406616,0.38930212239583195
7.829992333333332,7.4564514,0.37354091731770733
7.831103333333333,7.551074,0.28002930531819636
7.869621666666666,7.583639,0.28598252176920536
7.897028999999998,7.586528,0.3105011755981426
7.969251333333332,7.5891256,0.38012570009358626
8.009621666666666,7.679337,0.33028464197794527
8.066658666666667,7.673699,0.39295976453654013
7.998510333333332,7.774375,0.2241353714803047
7.924806666666665,7.8202496,0.10455710917154803
7.857029,7.8378253,0.019203701690673647
7.821843999999999,7.659313,0.1625307980957018
7.7885106666666655,7.6112595,0.17725120621744672
7.729251333333333,7.6210327,0.10821861848958303
7.682955000000001,7.517974,0.16498110015869205
7.651473666666667,7.498347,0.15312686109415719
7.651473666666667,7.458241,0.19323268079630562
7.711473666666667,7.3714843,0.3399893870340982
7.750362333333332,7.392177,0.3581852283833804
7.7903623333333325,7.435433,0.35492942241414305
7.824436333333333,7.509276,0.3151604200948075
7.856658666666665,7.525656,0.3310024433695462
7.865547666666668,7.565834,0.2997136212565117
7.846288666666665,7.6234736,0.22281502241007356
7.818881333333334,7.6289988,0.18988257692464217
7.823695999999999,7.611421,0.2122748917541495
7.802954999999999,7.5872684,0.21568664749145405
7.808139999999999,7.5515227,0.2566172682189931
7.769992,7.597785,0.1722070039672854
7.7885106666666655,7.5354104,0.2531002624613432
7.793695999999998,7.548076,0.2456198471984843
7.818880999999998,7.5109015,0.30797954888915857
7.819991999999999,7.553602,0.2663897813720695
7.811473333333332,7.567957,0.24351640889485537
7.8418436666666675,7.574991,0.2668524404703785
7.854806666666666,7.575215,0.2795918038431795
7.892214333333333,7.5538764,0.33833793333943696
7.8881403333333315,7.6397204,0.24841989342244286
7.842955333333333,7.623251,0.21970437202962234
7.764436666666666,7.6511803,0.11325639933268139
7.690732999999999,7.6567073,0.034025713165282134
7.699251333333335,7.5215654,0.17768589601644003
7.706658666666666,7.440535,0.266123598154703
7.697029000000001,7.4281154,0.26891363211059627
7.669621666666665,7.4791894,0.1904322707621242
7.644806999999999,7.451431,0.19337620242309495
7.593696,7.4133472,0.18034875573730424
7.567029333333334,7.4160047,0.15102467558797272
7.535177666666665,7.3800364,0.1551413126017236
7.524807333333333,7.2795434,0.2452639335225424
7.450733333333332,7.3196497,0.13108363698323444
7.399992666666667,7.2839737,0.11601897281901064
7.402585333333333,7.2323194,0.17026597832234636
7.449622333333334,7.141287,0.3083354833577481
7.478510999999998,7.1205106,0.3580004218444808
7.392955666666667,7.197918,0.1950377284342455
7.407029666666666,7.2457924,0.16123727775065078
7.365548333333332,7.2212763,0.14427205006917188
7.382215,7.032696,0.34951922973632854
7.262585666666666,7.229932,0.0326538353068031
7.206659666666666,7.1258936,0.08076607383219336
7.148511333333331,7.0439153,0.10459606157429757
7.170362999999999,6.962737,0.20762591656494056
7.207770333333332,6.9218984,0.28587196831257966
7.286659333333334,6.859328,0.4273315402119957
7.276659333333333,6.9664598,0.31019958220418253
7.353326000000001,7.0168366,0.3364893567810068
7.463325666666666,7.072346,0.39097945618692975
7.5599923333333345,7.0073814,0.5526108941243502
7.593696,7.2017503,0.39194572152709917
7.548140666666667,7.376155,0.17198576706949886
7.598511,7.3103366,0.2881744101867678
7.623696333333333,7.3563414,0.26735497133382147
7.698511000000001,7.305027,0.39348399194336015
7.714807333333331,7.394989,0.31981831966145613
7.701103333333331,7.4329953,0.26810801396687634
7.701843999999998,7.490892,0.21095206655883558
7.718510666666666,7.480549,0.23796180802408795
7.716658999999999,7.4191914,0.29746763952636623
7.720733,7.4836125,0.23712046261596686
7.7048070000000015,7.513635,0.19117184146118316
7.708881000000001,7.421974,0.2869068178710945
7.65777,7.491223,0.1665471415710451
7.635547666666666,7.477922,0.15762570392862862
7.675547666666667,7.4201097,0.2554379178263346
7.689992333333333,7.3740335,0.3159588822530104
7.694807333333333,7.393352,0.30145530162556966
7.674066666666667,7.489933,0.18413365275065097
7.681103666666666,7.429789,0.25131460035196884
7.717770333333332,7.4203916,0.2973787737325022
7.6977703333333345,7.450361,0.247409558339438
7.670362999999999,7.4342737,0.2360892802124015
7.651103666666668,7.5060873,0.14501636350504654
7.7136960000000006,7.4287996,0.28489637078857477
7.767029,7.363379,0.4036499983825683
7.797399333333333,7.4414687,0.3559306176656083
7.800732666666665,7.554248,0.24648481052652826
7.785918,7.5229053,0.26301265026855436
7.765547666666667,7.554837,0.21071043979899162
7.792214333333333,7.5912642,0.2009500854390458
7.756288333333333,7.4960093,0.26027898351033496
7.728510666666667,7.497299,0.23121147233072925
7.6173996666666675,7.633682,-0.01628210747273684
7.619251666666667,7.4251733,0.19407838404337596
7.612584999999999,7.4114594,0.20112555404663013
7.777029333333332,7.355957,0.42107230208333224
7.927399333333335,7.351723,0.5756761392110201
8.219991666666667,7.3822303,0.837761384836833
8.505546999999998,7.727813,0.7777342329711896
8.561102666666669,7.8068705,0.7542322061564146
8.430732333333335,8.17742,0.2533126708577491
8.176288000000001,8.599967,-0.423679002868651
8.176288000000001,8.162031,0.014256826293946645
8.184806333333333,7.953062,0.23174427583821533
8.107399333333335,7.9303985,0.17700086913045432
8.071473333333332,7.9577227,0.11375066945393719
8.067028999999998,7.914031,0.1529979712524394
8.094806666666665,7.7413077,0.3534989312235499
8.089251333333333,7.8244114,0.2648399411214193
7.9940663333333335,7.8745914,0.11947498277791357
7.816659,7.802072,0.01458695181274372
7.510733333333334,7.8357277,-0.32499435831705625
7.084437333333333,7.6632595,-0.5788221728922531
6.712956333333333,7.3379483,-0.6249919889628099
6.712586,7.0076737,-0.29508774038696295
6.829252666666666,6.4614687,0.3677839700724279
6.910363666666667,6.1640577,0.746305935038249
6.647771333333332,6.7032676,-0.05549624097697059
6.5174009999999996,6.685501,-0.16810009863281294
6.565178666666666,6.4476147,0.11756399686686159
6.733697,6.207418,0.5262790350646975
6.782956333333334,6.256336,0.5266201211751307
6.8266599999999995,6.4538193,0.37284072509765576
6.818141333333333,6.6109934,0.20714794801839176
6.887400333333333,6.4931474,0.39425296013387
7.098141000000001,6.6194396,0.47870139810180756
7.378881666666668,6.636168,0.742713663584393
7.6848073333333335,6.6535544,1.0312528937886558
7.757770000000001,7.143154,0.6146158557128913
7.701844,7.422,0.27984406866455114
7.629992333333334,7.5632334,0.06675895778401753
7.415177666666667,7.548304,-0.1331264142964681
7.142955666666667,7.379075,-0.23611938368733654
6.862215,7.361023,-0.49880794921875005
6.735548666666666,6.9807577,-0.2452090466512047
6.821104333333334,6.5816717,0.23943261855061948
6.894808000000001,6.491602,0.4032060560302746
7.132955999999999,6.456804,0.6761522013244621
7.259992666666668,6.653319,0.6066737846781427
7.338511333333332,6.7090235,0.6294878576863594
7.270363,7.082167,0.1881958514099118
6.998141,7.1359873,-0.13784628179931602
6.6985116666666675,7.022991,-0.32447951375325434
6.574437666666666,7.0068607,-0.43242306636556016
6.785919,6.477663,0.308255959838867
7.064437,6.138611,0.9258261601562499
7.236289,6.4720216,0.7642674202575686
7.352214999999999,6.824994,0.527220912780761
7.311104,6.8961425,0.4149615172424319
7.308140999999999,7.091012,0.21712899896240145
7.3074,7.2634354,0.04396463623046909
7.374066666666668,6.9171734,0.45689328104655047
7.441474000000001,7.0737386,0.3677354250183118
7.453696333333333,7.2444444,0.20925196306355787
7.506289000000001,7.052606,0.4536828941955573
7.446288999999998,7.258539,0.18774980017089682
7.348881666666667,7.317241,0.03164047480265353
7.397029666666666,7.186792,0.21023776984659737
7.402955666666668,7.155914,0.24704183686320125
7.528881666666668,7.0586734,0.4702082848612479
7.428881666666667,7.2211256,0.2077560639444993
7.420733333333334,7.182513,0.2382200963338219
7.3351776666666675,7.3534927,-0.018315070149738766
7.346289000000001,7.0781336,0.26815541693115374
7.3477706666666665,7.117236,0.23053452927652973
7.377029999999998,7.1415706,0.23545943191528096
7.478140999999999,7.0427384,0.43540256234741115
7.564807333333332,7.1148806,0.4499267715047184
7.662585000000001,7.2099237,0.4526612557983407
7.7385106666666665,7.2957463,0.44276434022013333
7.742955333333333,7.386919,0.35603631172688743
7.683325666666665,7.5073047,0.17602099824015127
7.614807333333333,7.5483403,0.06646701274617506
7.5474000000000006,7.4593525,0.08804750671386774
7.543696333333333,7.3803883,0.1633080734456378
7.499622333333333,7.3460207,0.15360163478596967
7.482955666666667,7.242931,0.24002477753702856
7.464437333333335,7.309481,0.15495618938191935
7.434807666666665,7.2284627,0.2063449705912257
7.445548333333332,7.1746345,0.2709138766988106
7.461103666666667,7.253558,0.20754550779215553
7.397400000000001,7.150032,0.24736795654296984
7.384436999999999,7.181447,0.20298997088622972
7.269251999999999,7.29594,-0.026687922332764735
7.269622333333333,7.0188656,0.25075674800618497
7.123326333333334,7.1147256,0.008600743581136605
7.037030000000001,7.017185,0.019844788818359937
7.0533263333333345,6.9421024,0.11122390108235791
6.994807666666667,6.7659717,0.22883600605265375
6.898141333333333,6.7238736,0.17426771806844066
6.688882333333334,6.9063234,-0.21744109958902946
6.675919333333334,6.633806,0.04211310469563845
6.6348080000000005,6.4724035,0.16240447369384814
6.628882,6.3648696,0.26401240542602533
6.599622999999999,6.4589243,0.14069870648193294
6.6622156666666665,6.34621,0.3160056637674966
6.632215666666667,6.326622,0.3055936573893234
6.651104333333334,6.3931785,0.25792587035115666
6.736659666666666,6.479352,0.257307669291178
6.923696666666667,6.3045225,0.6191741523234056
6.929252333333334,6.4314923,0.4977600046895354
6.799993333333334,6.6888337,0.11115961980183986
6.517030666666666,6.7928843,-0.2758536831563321
6.326289999999999,6.580461,-0.2541710252380378
6.046290333333333,6.4235616,-0.37727123969523113
5.963327333333333,6.0604734,-0.09714610874430374
5.910364666666666,5.9313397,-0.02097507408650756
5.979994333333334,5.607525,0.372469461507162
5.997031333333334,5.6513467,0.3456846498311368
5.9422163333333335,5.7206554,0.22156089204915386
5.848512666666667,5.731658,0.11685468479410854
5.712957333333333,5.7502294,-0.037272025339762926
5.534439000000001,5.63812,-0.10368117440795821
5.402957666666667,5.502297,-0.09933925792439702
5.208883666666667,5.3812795,-0.17239580186971004
5.243328,5.1305017,0.11282625286865233
5.242587,5.065366,0.17722120867919955
5.384438666666666,4.8274856,0.5569531052958165
5.4566609999999995,5.0665255,0.39013554071044876
5.571846333333334,5.070812,0.5010341079915372
5.731476,5.1693144,0.5621616155395506
5.908142333333334,5.3448358,0.5633065751241055
5.999993999999999,5.4159203,0.5840737424316398
5.984808666666667,5.631195,0.3536135983072919
6.041105000000001,5.872976,0.1681291737365731
6.0651790000000005,5.7622166,0.3029624320068365
6.155549333333333,5.6752877,0.48026160979207333
6.098142,5.993047,0.10509476260375994
6.131105,5.8380103,0.2930946888732908
6.051845666666666,5.889625,0.16222059418741797
5.995919666666667,5.9144764,0.08144327201334711
6.027030666666667,5.8791885,0.1478421290690104
6.151104666666666,5.7170887,0.4340159673258457
6.269993666666667,5.7316,0.5383938589274093
6.344067666666667,5.898825,0.4452424980570475
6.3725863333333335,6.0106697,0.36191662508138034
6.389253,6.090077,0.29917607662963874
6.441475333333334,6.1677213,0.2737540618184413
6.512216,6.145194,0.3670219463500972
6.448882666666666,6.1573744,0.29150828464762313
6.377771666666667,6.296792,0.08097963633219418
6.307031,6.3358903,-0.028859293121337615
6.284438333333334,6.0586047,0.22583361607869534
6.119623666666667,6.0954704,0.024153238199869698
6.063327333333333,6.1130085,-0.04968116581217519
6.044068,5.943808,0.10025992123413108
6.165549333333334,5.69026,0.4752893998616541
6.144438333333334,5.871003,0.27343518239339293
6.172216333333334,5.8430104,0.329205907765707
6.209623666666666,5.9504786,0.2591451128946938
6.388882666666667,5.908877,0.48000577076212636
6.475919666666667,5.9185944,0.5573253063151045
6.462956666666667,6.0608463,0.40211033793131534
6.411475333333333,6.349845,0.061630400777180405
6.369993666666666,6.242072,0.12792156125895104
6.412956666666666,6.112955,0.30000157328287713
6.364067666666666,6.234383,0.12968456043497678
6.4796233333333335,6.1052227,0.3744006313069663
6.488882333333333,6.166594,0.32228830486043236
6.547401,6.1371155,0.4102855214843748
6.516660000000001,6.3379555,0.17870452514648516
6.570734,6.257562,0.3131718395080565
6.527400666666666,6.292347,0.23505371232096284
6.558512,6.3105183,0.24799373522949253
6.49629,6.3679647,0.12832525543212903
6.470734333333333,6.223022,0.2477123492329909
6.369993666666666,6.3558693,0.014124373453775263
6.316660333333333,6.237724,0.07893650597127255
6.352215999999999,6.124236,0.22797989312744082
6.317401,6.098692,0.21870905969238308
6.301474999999999,6.0438457,0.2576293464660635
6.258882333333334,6.156463,0.1024191871236173
6.344437999999999,6.0365224,0.3079156115417474
6.477771333333334,5.993046,0.48472552644856837
6.5681416666666665,6.050198,0.517943588511149
6.6222156666666665,6.2055955,0.4166201733500161
6.60666,6.352297,0.25436317077636694
6.561474666666666,6.3595147,0.20195995337931283
6.533326666666667,6.4114995,0.12182716639200919
6.533697333333333,6.3667307,0.16696664333089117
6.567030666666667,6.2499776,0.31705307801310223
6.539252666666666,6.308096,0.23115673465983022
6.480734,6.3338914,0.1468426082458496
6.390734333333333,6.315397,0.07533754759724864
6.282586333333334,6.26319,0.019396540700276965
6.252956666666668,6.1860504,0.06690625162760533
6.246660333333334,6.06849,0.17817030495198605
6.262216,5.9483294,0.3138865513000484
6.231105,6.0339403,0.1971646847534183
6.255179,6.0204945,0.23468453894042973
6.348141666666667,5.9788485,0.369293209330241
6.455549,5.9792004,0.47634863684082074
6.497030333333334,6.0644774,0.43255288963826555
6.503697000000001,6.2095046,0.2941923956604011
6.538882,6.2934003,0.24548171237182626
6.540734,6.246417,0.2943169544067379
6.576289666666667,6.2691135,0.30717612601725275
6.515548999999999,6.3828125,0.13273649999999915
6.4933266666666665,6.2696576,0.22366905481974264
6.451104333333333,6.3495145,0.10158984892781575
6.449252666666667,6.2622066,0.1870461122538254
6.564807999999999,6.178331,0.3864771017150872
6.6077710000000005,6.2264943,0.38127668771362355
6.711474666666667,6.223236,0.4882385826822917
6.728512,6.43446,0.2940518368835452
6.748512,6.4018173,0.3466946782226561
6.758141666666667,6.5071545,0.25098720194498725
6.803697000000001,6.5520883,0.2516087393493667
6.937771000000001,6.4728737,0.46489731225585995
7.052955999999999,6.54271,0.5102461725769034
7.084066999999998,6.6593666,0.4247003923339827
7.051844666666666,6.8046227,0.2472220165201815
6.965918666666664,6.895698,0.07022059614054132
6.904437333333333,6.821537,0.08290031551106747
6.848511666666668,6.7654843,0.08302733362833781
6.854808000000001,6.677609,0.17719903317260854
6.906289333333333,6.6115775,0.2947118224995924
6.950363333333333,6.575856,0.37450712453206325
6.975919,6.6393065,0.33661245474243184
6.935178333333332,6.7234545,0.21172385793050008
6.941474666666665,6.7133017,0.22817300803629426
6.940363333333332,6.739104,0.20125953923543172
6.937770666666666,6.6587477,0.27902299363199834
6.941844666666665,6.706959,0.23488589591471154
6.943696666666668,6.7347813,0.20891540140787868
6.964437666666667,6.650062,0.3143755824686689
6.938141333333335,6.7128334,0.22530792879231942
6.914067333333334,6.740428,0.1736393624471031
6.912956,6.6989183,0.2140376574096683
6.923696666666667,6.6669164,0.2567802962748216
6.947770666666667,6.6710196,0.2767511125284834
6.973696666666666,6.6771297,0.2965669211832678
7.039252333333332,6.686486,0.35276656596882994
7.0836966666666665,6.732636,0.3510606917826333
7.137400333333333,6.7545843,0.38281602089436806
7.141474333333331,6.8580103,0.2834640412801086
7.173696666666667,6.8821745,0.29152217478434306
7.1725856666666665,6.915865,0.2567207222086587
7.169993,6.9086003,0.26139266964721664
7.188141000000001,6.9635363,0.22460473748779375
7.215178000000002,6.931605,0.2835731377868669
7.2122150000000005,6.9014006,0.31081443389892627
7.184066999999999,6.999053,0.18501399859619028
7.1533263333333315,7.0011744,0.15215188341267716
7.168881999999999,6.9121065,0.2567754860229483
7.141474666666667,6.935062,0.20641273505655988
7.146659666666666,6.9109316,0.23572807944742813
7.191103999999998,6.921982,0.2691221884765609
7.273696333333333,6.8767457,0.396950632497151
7.365177666666665,6.9061837,0.4589939470316553
7.414437,7.0243754,0.39006156130981484
7.422585333333334,7.096344,0.32624133919270903
7.389992999999999,7.1774855,0.21250753399658073
7.368511333333333,7.21061,0.15790142046101874
7.391103666666668,7.160945,0.23015872800699988
7.492955333333333,7.1134787,0.37947667274983665
7.551103666666667,7.136091,0.4150124343668624
7.570362999999999,7.1873245,0.38303847607421737
7.513696333333332,7.3518896,0.16180672304280463
7.4762889999999995,7.335569,0.14072009512329053
7.471844666666666,7.283069,0.18877553290812088
7.538511333333333,7.2441516,0.29435974107869445
7.653326,7.2139044,0.43942161920166
7.752214666666666,7.2363405,0.515874143900553
7.7496220000000005,7.3829575,0.3666645415039067
7.732585,7.5165873,0.21599774261474636
7.686659000000001,7.547159,0.1394998050537115
7.714806999999999,7.4601226,0.2546844147033678
7.742584666666666,7.4911942,0.2513904184672029
7.775547666666667,7.4285793,0.34696833622233125
7.792214333333333,7.4853516,0.3068627708333329
7.748880999999999,7.5599103,0.1889707026062002
7.694806999999998,7.520768,0.17403883441161927
7.651844333333331,7.5476418,0.10420257918294062
7.637399999999998,7.4762483,0.1611517356872536
7.656659333333332,7.3707886,0.28587075911458193
7.634066666666665,7.4066744,0.227392281595864
7.579251666666666,7.4048533,0.174398322703043
7.545177666666666,7.397727,0.14745065403238833
7.505547999999999,7.366149,0.13939905133056563
7.520363,7.269959,0.2504040270690915
7.530733333333332,7.284132,0.24660132954915248
7.544807333333334,7.2475667,0.2972406333516444
7.549992333333334,7.274137,0.2758553132222499
7.574066333333334,7.314103,0.25996320680745466
7.647399666666665,7.2912006,0.35619902884928223
7.704806999999999,7.3005085,0.40429850085449104
7.756288333333333,7.37748,0.37880830327351855
7.7633253333333325,7.4773226,0.28600275490315674
7.780362333333333,7.483922,0.2964403286336257
7.798881000000001,7.543096,0.2557849344787604
7.835177333333332,7.535116,0.3000611376546214
7.874436666666667,7.5325212,0.34191541880289744
7.8736956666666655,7.5939636,0.27973204361979054
7.814806666666667,7.62749,0.18731662302652996
7.758880666666666,7.64425,0.11463075059000616
7.732214333333333,7.6195936,0.11262071303304033
7.7559179999999985,7.4952245,0.26069352413940283
7.730362666666666,7.4752083,0.25515438419596315
7.728140333333331,7.5104847,0.21765563789876108
7.71777,7.5206923,0.1970776515197752
7.759621666666665,7.427266,0.33235554575602055
7.734807,7.493268,0.2415389869995117
7.7292516666666655,7.4953966,0.2338550525919585
7.7044369999999995,7.5180416,0.1863953892822261
7.685548,7.4647856,0.2207624241333006
7.691844333333333,7.4736457,0.21819864623006158
7.720733333333333,7.455885,0.2648483998616529
7.793325666666666,7.403992,0.38933349061075795
7.847399666666667,7.471765,0.37563462531534864
7.892584666666668,7.5232897,0.3692949861857109
7.9081403333333355,7.5903764,0.31776395622762266
7.881844000000001,7.648721,0.2331227818908701
7.868881,7.673846,0.1950352320251465
7.849992,7.664493,0.18549891604614288
7.901843666666666,7.603871,0.29797279798380494
7.925547333333334,7.6258388,0.29970857677205487
7.973695666666666,7.6044183,0.36927738892618756
7.974806999999999,7.703157,0.2716500519103997
7.986288666666668,7.7084107,0.27787792676798606
7.989622,7.735928,0.2536939413757322
7.9777700000000005,7.741777,0.23599305679321336
7.980732666666666,7.7422442,0.23848842304483941
7.970732666666665,7.7507653,0.2199673430277489
7.965176999999998,7.7160554,0.2491216067810038
7.929251333333334,7.739142,0.19010939226277745
7.897028999999998,7.7258916,0.17113740988158987
7.868140333333334,7.6951647,0.1729756528523767
7.862214333333332,7.651174,0.21104026488240457
7.875547666666665,7.6273465,0.24820115101114748
7.893325333333334,7.603067,0.29025841209920333
7.898881000000001,7.6140776,0.28480343194580193
7.932584666666666,7.6507106,0.2818740839335119
7.997399333333334,7.653397,0.34400225005086327
8.061843666666666,7.6429343,0.4189093443094887
8.044806666666666,7.736653,0.3081538155619299
8.001844,7.826413,0.1754308453979494
7.948881,7.838135,0.11074623437500009
7.955177333333333,7.749164,0.2060132288716634
7.928881,7.7254815,0.2033994898376461
7.938510666666668,7.684366,0.25414444047037854
7.907399666666666,7.7180285,0.18937112128702704
7.880733,7.657537,0.22319601651000998
7.8348070000000005,7.6874576,0.1473494385070806
7.781103333333334,7.6504445,0.1306588257344572
7.764436666666666,7.5788455,0.18559116572062084
7.740732999999998,7.562941,0.17779192562865997
7.772954999999999,7.495173,0.27778202255248896
7.817028999999999,7.500373,0.31665611334228405
7.890732666666665,7.491648,0.3990844694925926
7.969991999999999,7.552851,0.41714079989623887
8.053695666666666,7.622693,0.43100260483805286
8.079621666666664,7.697252,0.38236986994425237
8.059621666666665,7.7928452,0.2667764174906395
8.014066,7.8791194,0.1349466037902829
8.026658666666666,7.823413,0.20324577146402945
8.051473333333332,7.7741036,0.2773696918233224
8.128139999999998,7.761331,0.3668089186096175
8.176658333333332,7.812901,0.3637573132832834
8.225176999999999,7.825501,0.3996760348815904
8.258510333333332,7.9491596,0.30935071114094903
8.296658333333331,7.975978,0.3206804356892885
8.318880333333334,7.979124,0.33975626411946713
8.309621,8.06494,0.24468054742431633
8.308139666666667,8.090744,0.21739564811197987
8.382954666666667,8.056783,0.326171944193522
8.414065666666666,8.059483,0.35458309220377515
8.414065666666666,8.079894,0.3341716008097322
8.354806333333332,8.221151,0.1336549814046215
8.334806666666667,8.175046,0.15976069956461636
8.330362333333335,8.107874,0.22248841670735864
8.335177,8.089467,0.2457099513549803
8.361102666666666,8.088712,0.2723909280802399
8.374436,8.07325,0.3011861831054681
8.349621333333333,8.091072,0.2585492508138021
8.327769666666665,8.149418,0.17835178946939934
8.328880666666667,8.122173,0.20670735734049472
8.365917666666666,8.048137,0.3177809555460609
8.369621333333335,8.08678,0.28284173891194797
8.370732333333333,8.107533,0.26319887843831324
8.371472999999998,8.129679,0.2417942738037091
8.367398999999999,8.118934,0.24846532232665908
8.402954666666668,8.118037,0.28491744285074994
8.40814,8.133876,0.27426415313720653
8.397399,8.110214,0.28718476660156256
8.334065666666666,8.19617,0.1378958134562165
8.299250666666667,8.167755,0.13149553971354244
8.292584,8.093273,0.19931083715820286
8.317028333333333,8.045104,0.27192430653889943
8.335546999999998,8.044274,0.2912726698608381
8.343325,8.045122,0.2982028533935548
8.365917666666666,8.090074,0.27584408115641246
8.375547333333333,8.102112,0.27343551692708346
8.378139999999998,8.080773,0.2973666464233382
8.379991666666665,8.152465,0.2275268000284818
8.412954666666666,8.1420765,0.2708781743570956
8.457399,8.09669,0.3607088220825201
8.452584333333332,8.159622,0.29296214095051987
8.440362,8.21789,0.2224722142333988
8.437769333333334,8.218656,0.2191137470906579
8.375176666666666,8.180991,0.19418549387613915
8.366658000000001,8.1925125,0.1741454877929698
8.366658000000001,8.203463,0.16319539929199323
8.423694999999999,8.032116,0.3915790637207017
8.411102666666665,8.1291895,0.28191317539469196
8.351102666666666,8.187731,0.16337187748209558
8.330732333333334,8.159887,0.1708450194905602
8.255917666666665,8.138838,0.11707985233561047
8.200732666666664,8.0522585,0.14847417515055028
8.179992,8.075083,0.10490922106933631
8.245917666666665,7.9460397,0.2998779900004056
8.372584,7.872625,0.49995912588500957
8.445547,7.981262,0.46428479296874947
8.442583999999998,8.076012,0.36657234228515456
8.414065666666666,8.205223,0.20884258317057203
8.351473,8.244846,0.10662665600585974
8.347399,8.140668,0.20673108465576107
8.227028666666666,8.152626,0.07440262906900941
8.131843666666667,8.081528,0.05031595670572919
8.011473333333333,8.080848,-0.06937440684000684
8.010362333333331,7.8595357,0.1508266392110169
8.020362333333333,7.7793293,0.24103303340657511
8.106288333333334,7.7253404,0.38094796696980815
8.149621666666668,7.7641335,0.3854882132975277
8.133325333333334,7.787648,0.345677132344564
8.098880999999999,7.933629,0.16525196405029163
8.079251333333334,7.9303565,0.14889483080037458
8.071103333333333,7.799502,0.2716014374287923
8.005177333333332,7.8572,0.1479771876118967
7.9670293333333335,7.8629875,0.10404181502278664
7.9636960000000006,7.761115,0.2025809258422857
8.044066333333333,7.695341,0.34872522310384113
8.117399333333331,7.7294636,0.3879357560628236
8.206658333333333,7.7192698,0.487388580830892
8.309621,7.8716383,0.43798270196533196
8.398509999999998,7.9516544,0.4468555657958966
8.531102666666667,7.9864855,0.5446171854044604
8.591102666666666,8.180536,0.41056639652506455
8.621843333333333,8.2367,0.3851432753499342
8.591473,8.36122,0.2302526401977545
8.538139666666666,8.413389,0.12475046073404883
8.502584,8.358344,0.14423992193603574
8.498509666666667,8.313063,0.18544699881998739
8.495176333333335,8.265993,0.22918321504720218
8.454805999999998,8.227823,0.22698274255370876
8.371102333333331,8.2636175,0.10748481776936636
8.298880333333333,8.244208,0.05467199745686813
8.299250666666664,8.1303625,0.16888815598551155
8.292954666666667,8.0462055,0.24674914603678388
8.352214,8.020767,0.3314467880859375
8.396288333333333,8.07373,0.3225578645833327
8.516658333333332,8.023119,0.4935393605550118
8.534436,8.154875,0.3795611983642573
8.589621000000001,8.217801,0.3718199059448253
8.605176666666665,8.340508,0.26466820566813
8.632213666666665,8.285315,0.3468991067301417
8.540732333333333,8.37445,0.1662826034138991
8.447398999999999,8.415304,0.032094816040038054
8.419251,8.360666,0.05858472497558509
8.453325000000001,8.179963,0.2733618881225599
8.533695333333332,8.139858,0.3938370874837229
8.591473,8.217463,0.374010460327149
8.730732000000001,8.220841,0.5098905922241226
8.730361666666665,8.339435,0.3909270429484035
8.695917,8.4095125,0.2864044801635739
8.619250333333332,8.59354,0.025710141682941057
8.642213333333332,8.442597,0.199615944112141
8.694435666666667,8.351317,0.3431182609659835
8.701843333333333,8.3953905,0.3064528227742507
8.734436,8.434104,0.3003320342407232
8.731473,8.4675045,0.26396849865722594
8.743695000000002,8.44365,0.30004475433349853
8.750732000000001,8.520118,0.23061424029541122
8.779621000000002,8.4847,0.2949207970581078
8.741843333333335,8.474311,0.26753245839437056
8.673694999999999,8.54377,0.12992516357421735
8.593324666666668,8.555476,0.03784847800699964
8.590361666666666,8.406184,0.18417747019449848
8.621102666666667,8.36551,0.25559267978922584
8.681102666666666,8.320827,0.360276136210123
8.691102666666666,8.33534,0.3557631204630525
8.683324666666667,8.4209585,0.2623661476847339
8.675176333333333,8.478024,0.19715280428059856
8.679250333333334,8.405574,0.273676488423666
8.719250333333333,8.422994,0.29625667336018857
8.729250333333333,8.459532,0.2697185492757157
8.805176333333334,8.408992,0.39618451967366575
8.815176333333334,8.514483,0.3006928814900718
8.854435666666665,8.507334,0.3471019111735014
8.922583666666666,8.593633,0.3289509686075842
8.974806,8.588401,0.38640515924072183
9.031472666666666,8.613406,0.4180664853312166
8.981102333333332,8.776473,0.20462928798421132
8.987398333333333,8.755237,0.23216170766194644
8.983694666666667,8.783956,0.19973909263102207
9.001472333333332,8.703057,0.29841504420979703
9.007768666666665,8.741163,0.26660541288248574
9.008879666666667,8.7685,0.24037933860270222
9.072212999999998,8.735802,0.3364113032226541
9.118879666666665,8.763134,0.35574566398111784
9.161472333333332,8.775596,0.385876668355305
9.167027999999998,8.881779,0.2852492829589828
9.178139,8.911035,0.26710441595458967
9.161842666666667,8.911862,0.24998029331461602
9.101102,8.929516,0.17158616137695226
9.074435666666664,8.945099,0.12933678971353935
9.080361333333334,8.880311,0.20005032106526777
9.144065000000001,8.777644,0.36642084259033325
9.170361,8.838698,0.33166261285400367
9.232212999999998,8.864785,0.36742780560302535
9.249620333333333,8.920733,0.32888688149007095
9.262213,8.941322,0.3208906733398429
9.26073133333333,9.0345745,0.22615682466633835
9.271471999999997,9.007893,0.26357939135741937
9.264064666666666,8.991028,0.27303683463541617
9.238509333333335,9.04161,0.1968995692342137
9.219991000000002,9.030611,0.18937996179199423
9.224435333333332,8.977328,0.247107032857258
9.275916666666664,8.976356,0.29956111399332386
9.329250000000002,8.968219,0.3610311965942401
9.378879666666668,8.970146,0.4087334874674493
9.392213000000002,9.093079,0.2991343867187517
9.392583333333333,9.124266,0.26831766255696543
9.421842666666667,9.126705,0.2951374969889322
9.459620333333334,9.165369,0.29425129951985696
9.515545999999999,9.141486,0.3740598320922839
9.568878999999999,9.194681,0.37419783239745996
9.593323666666668,9.267679,0.3256444521891293
9.627397666666667,9.294308,0.3330899579264326
9.641471999999998,9.355765,0.28570665728759614
9.637397666666669,9.364142,0.2732552487589537
9.658879333333331,9.394004,0.26487546523030403
9.698138333333334,9.411201,0.28693780995686957
9.737768,9.365086,0.37268239819336024
9.837026999999999,9.438779,0.3982481227416983
9.907027,9.5104685,0.39655851702880796
10.001841666666667,9.480607,0.5212346338907885
9.953323333333334,9.694979,0.2583446193440757
9.978508666666666,9.73943,0.23907823911539694
9.986657,9.75564,0.23101697009277267
10.014434666666666,9.654506,0.3599289369913734
10.003693666666667,9.775971,0.22772225400797552
9.975175000000002,9.779678,0.1954966552734394
9.980360333333334,9.718682,0.26167804420979834
9.984064333333333,9.765145,0.21891903151448489
10.010730999999998,9.707567,0.30316378503417774
10.038138333333334,9.70845,0.3296880159505218
10.044804666666666,9.770859,0.27394590201822844
10.099619333333333,9.769869,0.32975048262532525
10.144434,9.789075,0.3553591022338871
10.146656333333334,9.807921,0.3387349237264008
10.095915666666667,9.904328,0.1915873204142251
10.061101,9.928289,0.1328115865478523
10.096656666666668,9.848798,0.24785886850992966
10.124805000000002,9.795535,0.32926991241455283
10.095175333333335,9.8146,0.2805753424886088
10.001471666666667,9.897337,0.10413470682780002
9.946286333333333,9.873879,0.07240690065511046
9.931471333333329,9.76785,0.16362141115315332
9.943322999999998,9.668895,0.2744282322387672
9.935175,9.684028,0.25114732818603436
9.931471333333333,9.68445,0.24702118379719984
9.900730666666666,9.676862,0.22386890366617784
9.882952999999999,9.671766,0.21118671887206908
9.855545666666668,9.675731,0.1798149614054374
9.844064333333334,9.607291,0.2367731117146814
9.827027333333332,9.613813,0.2132139330647771
9.834434666666665,9.599403,0.23503128531900863
9.842582666666667,9.561614,0.28096863010660833
9.859248999999998,9.564346,0.2949026865234359
9.853693666666665,9.604558,0.24913567563883277
9.851842,9.584268,0.2675743837280269
9.831471666666665,9.610527,0.22094462809244675
9.807027333333334,9.605888,0.20113896663411523
9.809249333333335,9.580409,0.22884028334554252
9.795545666666666,9.56291,0.2326355867106109
9.796286333333335,9.536267,0.26001905275472126
9.736657,9.566297,0.17036042254638595
9.672953333333332,9.528839,0.14411422200520718
9.593694,9.52906,0.06463363623046803
9.615545666666668,9.429348,0.18619767472330828
9.680360666666667,9.345361,0.3349999107462569
9.742582999999998,9.299169,0.44341441326904096
9.762953333333334,9.418802,0.34415107198079475
9.769249666666667,9.497316,0.27193330619303424
9.782582999999999,9.488428,0.29415488415527236
9.779620000000001,9.520152,0.25946790802002084
9.777767999999998,9.539376,0.23839174114990058
9.828508666666666,9.528943,0.29956560483805283
9.888508666666663,9.522235,0.36627374997965134
9.939989999999998,9.532333,0.4076566259765606
9.95147133333333,9.640584,0.3108873413289359
9.88628633333333,9.689301,0.19698579622395584
9.840730999999998,9.694241,0.14649042993163874
9.824434666666669,9.708671,0.1157640505167663
9.871842000000001,9.554681,0.31716117572021574
9.932582666666667,9.547734,0.38484840610758475
9.958879,9.629026,0.3298525870361324
10.012953000000001,9.641057,0.3718959855346693
10.049619666666667,9.712347,0.3372726360270182
10.098879,9.735428,0.36345114355468766
10.119989999999998,9.793309,0.3266807882690408
10.171101,9.837552,0.3335489293823244
10.167027,9.879416,0.2876105342407218
10.117397333333331,9.877534,0.23986342067463973
10.030730666666663,9.972248,0.05848258927408523
9.974064,9.902797,0.0712672546997073
9.987027,9.764315,0.22271234851074162
9.908508666666666,9.73795,0.17055834165445916
9.82999,9.705951,0.12403926300048873
9.735175333333334,9.740716,-0.005540647196450976
9.812953,9.555576,0.25737667553710963
9.924434333333334,9.477649,0.4467855982869473
10.018878666666668,9.466013,0.5528657119547535
10.012212,9.663685,0.34852715502929676
9.996100999999998,9.772908,0.22319278924560315
9.978693666666667,9.769026,0.20966786405436189
9.964619666666668,9.733522,0.23109725150553473
9.978878999999997,9.751865,0.22701361303710677
10.011841999999996,9.71994,0.29190181445312113
10.013323333333332,9.683954,0.3293690944417307
10.016656666666664,9.767478,0.24917867746988698
10.041841666666668,9.798271,0.24357048746744958
10.087767666666668,9.708022,0.3797455490519219
10.067767666666668,9.780507,0.2872605789591489
10.027767666666666,9.859211,0.16855669864908762
10.040730666666665,9.829818,0.21091289475504382
10.136656333333335,9.767351,0.3693051828206393
10.23406366666667,9.760753,0.47331098874918887
10.367026333333335,9.830458,0.5365686459554055
10.456655999999999,9.987229,0.46942665277099493
10.571470666666666,10.04496,0.5265106446940102
10.589989333333332,10.211106,0.3788830329793278
10.609618999999999,10.294103,0.31551633123779155
10.684804333333334,10.384892,0.299911869649252
10.837767000000001,10.338814,0.49895321826172
11.022211333333331,10.36199,0.6602213583577452
11.183322333333333,10.565463,0.6178592672322587
11.294063,10.730121,0.5639423411254878
11.374433333333334,10.884077,0.4903562611897794
11.395544333333333,11.068853,0.32669095503743506
11.409988666666667,11.110308,0.2996809731852217
11.410359,11.158784,0.2515750873413083
11.372581333333335,11.177799,0.19478210847981892
11.369988666666666,11.157992,0.21199630369059186
11.326655333333335,11.159681,0.16697401314290516
11.331840333333334,11.080754,0.2510860532430019
11.298877666666668,11.117404,0.1814736825968435
11.259247999999998,11.045946,0.2133018787841774
11.215544333333332,11.059162,0.15638219344075388
11.215544333333332,11.037359,0.17818509566243357
11.284803666666667,10.933907,0.35089711149088565
11.328137,10.930472,0.39766462603759756
11.397396,11.0046625,0.39273348626709037
11.460729,11.087261,0.37346780004882874
11.537766,11.07549,0.46227600213623
11.504803,11.203687,0.3011162858276375
11.443692,11.287195,0.15649679431152386
11.382210666666667,11.304182,0.07802861405436268
11.325914666666666,11.186988,0.13892678977457606
11.301840666666665,11.135384,0.16645706070963406
11.306284999999999,11.116644,0.1896410943603506
11.359247666666667,11.003395,0.3558525861002604
11.345543999999999,11.028918,0.3166257337036118
11.421844,11.099837,0.322006696838379
11.429996,11.123719,0.30627678460693275
11.514444333333334,11.034882,0.4795627415364585
11.463333333333333,11.277449,0.18588467915852824
11.491111333333333,11.194169,0.29694228883870366
11.478889,11.245593,0.23329592901611385
11.490000000000002,11.217612,0.27238773345947465
11.461111000000002,11.23582,0.22529118341064702
11.375555333333335,11.227509,0.14804678841145957
11.244444333333332,11.234386,0.010057889241535278
11.164444333333332,11.172513,-0.008068674784343699
11.178888999999998,11.012453,0.16643592077636526
11.226666666666667,10.874184,0.3524830118815103
11.221111000000002,10.891929,0.32918232720947493
11.228888666666668,10.973691,0.2551976800333673
11.223333333333333,10.980616,0.24271771748860616
11.233333333333334,10.914858,0.31847546895345147
11.185555666666666,11.002196,0.1833593547159822
11.139999999999999,10.979908,0.16009201049804567
11.095555666666666,10.93935,0.1562055384928378
11.011111,10.900417,0.11069367211914027
10.964444333333335,10.846575,0.11786955000813926
10.965555333333333,10.801373,0.16418280525716078
10.954444333333333,10.67037,0.28407423140462207
10.947777666666665,10.678403,0.2693747659708645
10.879999999999997,10.76278,0.11721981048583707
10.898889,10.64009,0.2587990112915044
10.891111333333335,10.659507,0.23160453554280735
10.888889,10.607062,0.28182666021728586
10.84,10.64346,0.19653972625732408
10.758888666666666,10.6476555,0.11123317960611878
10.771111000000001,10.600574,0.1705374602661145
10.766666666666667,10.531952,0.2347147623697925
10.801111333333335,10.432204,0.36890708681233875
10.721111333333331,10.570825,0.15028671022542106
10.753333333333334,10.518208,0.23512578328450573
10.76,10.509661,0.2503392791748045
10.84,10.412589,0.4274109268188475
10.895555666666665,10.548395,0.3471605098063133
10.970555666666668,10.537708,0.4328473841959646
10.972222333333333,10.6040945,0.36812782802327426
10.962222333333331,10.730146,0.2320759252522766
10.996110999999999,10.757819,0.23829182427978424
11.015555333333333,10.666011,0.3495444767049154
10.979999666666666,10.718902,0.26109803245035756
10.866666333333333,10.827662,0.039003865376789904
10.821111,10.726319,0.09479168695068374
10.778889000000001,10.649563,0.1293261643066419
10.824444666666668,10.545282,0.2791623027750667
10.857778000000001,10.541901,0.3158773652343765
10.950000000000001,10.504699,0.44530124664306747
11.151111,10.612434,0.538676612792969
11.312222,10.6423645,0.6698574980468752
11.393333333333334,10.746791,0.6465424474080415
11.311111333333335,11.14255,0.1685608648885104
11.234444666666667,11.157509,0.07693581656901038
11.171111333333332,11.067687,0.10342429872639869
11.093333333333335,11.032132,0.06120118459065971
11.008889000000002,10.938046,0.07084254461670092
10.945555666666667,10.852948,0.09260747788492907
10.623333666666666,10.788162,-0.16482856477864694
10.570000333333335,10.67468,-0.10467942283121623
10.412222333333332,10.637185,-0.2249627634073903
10.715555666666665,9.996347,0.7192082392985011
10.786666666666665,10.337258,0.44940832773844264
11.095555666666666,10.200897,0.8946584498697909
11.162222333333334,10.582491,0.5797314123128263
11.281111333333333,10.684707,0.5964046454060874
11.157778,11.007442,0.15033552563476604
11.028889,10.964664,0.06422454077148387
10.853333333333332,11.052289,-0.19895567576090656
10.811110999999999,10.816649,-0.005538436950685011
10.834444333333332,10.600044,0.23440008284505076
10.798888666666665,10.538427,0.26046131376139137
10.809999999999999,10.571897,0.23810344696044794
10.965555666666667,10.587775,0.3777804362589521
11.127778,10.459894,0.6678838197021477
11.241111333333333,10.581233,0.6598783087361646
11.236666666666666,10.955356,0.28131102244059214
11.183333333333332,10.939612,0.24372094472249195
11.074444333333332,10.973341,0.10110334517415254
11.036666666666665,11.047897,-0.011230672200522207
11.052222333333333,10.83353,0.2186919073079423
11.018888999999998,10.685423,0.33346610266113075
10.912222333333332,10.873908,0.038314290425617514
10.893333333333334,10.818894,0.07443894704183052
10.988889,10.605034,0.3838551254882816
11.083333333333334,10.608276,0.4750569661458339
11.155555666666668,10.70542,0.45013612626139476
11.11,10.799558,0.31044231414794865
11.053333333333333,10.884518,0.1688156636555984
10.855555333333335,10.948873,-0.09331723288980953
10.703333,10.761731,-0.05839814776611263
10.548888666666667,10.739998,-0.19110919710286467
10.565555333333332,10.453274,0.11228156013997292
10.638888666666668,10.272857,0.3660319543253596
10.633333,10.254918,0.37841490155029334
10.691110999999998,10.364206,0.3269046859130835
10.750555666666665,10.429408,0.3211475932413723
10.793889,10.297204,0.4966849823608399
10.839444333333333,10.515874,0.32357042433675076
10.892222,10.615282,0.27693994128418
11.033333333333333,10.449841,0.5834927876790363
10.978889,10.66088,0.3180089111938482
10.992222333333332,10.772447,0.21977570094807852
10.946666666666665,10.8113365,0.13533014933268106
10.996666666666666,10.631086,0.36558031717936146
10.97,10.784176,0.18582412719726626
11.052222333333333,10.70614,0.34608276881917277
11.096666666666664,10.710547,0.38611921946207417
11.161111,10.743428,0.4176827697143555
11.219999666666666,10.879532,0.34046780631510387
11.405555333333332,10.860789,0.5447660343221017
11.678888666666666,10.929795,0.7490934014689117
11.941110999999998,11.063396,0.8777145461425757
12.044444333333331,11.332626,0.7118179905598936
12.052222333333333,11.681462,0.3707600454305009
12.079999999999998,11.862132,0.21786792755126783
12.149999999999999,11.774385,0.37561454772949077
12.131110999999999,11.801393,0.32971844476318246
11.934444333333333,11.939177,-0.004732226114908755
11.858888666666667,11.938731,-0.07984252687581339
11.848888666666666,11.787882,0.06100681547037645
11.971110999999999,11.471356,0.49975460809326044
11.995555666666666,11.627426,0.3681295192057288
12.075555666666666,11.680239,0.39531694291178354
12.074444666666668,11.724321,0.35012330131022296
12.039999999999997,11.758745,0.28125480651855206
12.055555666666665,11.901199,0.1543563258463525
12.136666666666667,11.785258,0.35140837351481125
12.247778,11.694606,0.5531721726684573
12.222222333333333,11.916748,0.30547428645833286
12.135555666666665,11.973579,0.16197625992838383
12.1,11.99794,0.10205993652343714
12.044444333333331,11.937999,0.10644556166585062
12.027777666666665,11.774928,0.2528495737101224
11.851111000000001,11.85868,-0.007568771423338561
11.874444333333335,11.771295,0.10314973952229956
11.96,11.68989,0.2701100921630868
12.185555666666666,11.43259,0.7529661357218416
12.357777999999998,11.708459,0.6493190995483378
12.46,11.877608,0.5823917007446298
12.504444333333332,12.006271,0.49817297102864444
12.452221999999999,12.265563,0.18665898883056542
12.455555333333333,12.261795,0.19376028938802037
12.469999666666666,12.20653,0.26347004935709606
12.429999666666667,12.190821,0.23917897269694066
12.418888666666666,12.236684,0.18220482114664627
12.35,12.223761,0.1262393951416012
12.285555666666667,12.09537,0.190185374003093
12.176666666666668,12.179172,-0.002504895528156581
12.158888666666666,12.04873,0.11015877012125586
12.227777666666666,11.899439,0.32833880863443987
12.233333333333334,11.878562,0.35477135976155694
12.238889,11.928941,0.30994822698974644
12.243333333333334,12.031,0.2123331960042325
12.290000000000001,11.93328,0.3567200088500986
12.379999999999997,11.959808,0.42019165039062223
12.450000000000001,12.053268,0.39673156738281357
12.478888999999997,12.047944,0.4309449310913056
12.458889,12.197951,0.2609376831665031
12.412222333333334,12.27755,0.13467258968099038
12.447777666666669,12.17188,0.2758978982950868
12.389999999999999,12.181173,0.20882667541503785
12.42,12.160765,0.25923530578613274
12.417778,12.217105,0.20067308819580099
12.461111333333335,12.059094,0.4020169043172217
12.45333366666667,12.192357,0.26097660337321216
12.418889000000002,12.221685,0.1972035904541034
12.421111,12.159165,0.2619456176147459
12.392222,12.203169,0.1890531309814456
12.368888666666667,12.145044,0.2238443398844403
12.341111,12.14301,0.1981008605346677
12.310000000000002,12.133031,0.17696910858154524
12.361111333333334,12.071643,0.28946845766194684
12.362222333333335,12.060221,0.30200161494954614
12.355555666666667,12.040187,0.3153687846476245
12.313333333333334,12.165188,0.14814549763997498
12.331111333333332,12.091454,0.23965778108723867
12.256666666666664,12.034147,0.22251940409342197
12.095555666666666,12.068052,0.02750337479654874
11.975555666666668,12.105916,-0.13036035658772605
12.024444666666666,11.869048,0.1553965480753572
12.167778,11.6530285,0.5147495118408205
12.288333333333332,11.718538,0.5697950490315744
12.362777666666666,11.880563,0.48221488437906856
12.458333000000001,11.992739,0.4655942762451186
12.541111000000003,12.094519,0.4465923385009791
12.601110999999998,12.157068,0.44404274743652117
12.624444333333335,12.287115,0.3373292362874363
12.634444333333334,12.361437,0.2730074894612642
12.615555666666667,12.360276,0.25527944443766337
12.621111333333333,12.386844,0.23426765199788413
12.586666666666668,12.401599,0.18506773630778106
12.577777666666668,12.319081,0.2586963602091483
12.542222,12.381003,0.1612186201782233
12.451111,12.316815,0.13429562371826087
12.363333333333333,12.272157,0.09117661794026688
12.311111333333335,12.286098,0.02501380678304166
12.301111333333335,12.082014,0.21909724947103015
12.292222333333331,12.00787,0.284352612874347
12.276666666666666,12.097687,0.1789798990885405
12.369999999999997,12.012705,0.3572951507568334
12.399999999999999,11.974478,0.42552223205566264
12.372222333333331,12.058469,0.31375351466878065
12.239999999999998,12.221072,0.018927803039549218
12.21,12.105514,0.10448642730712976
12.213333333333333,12.031163,0.1821701176961259
12.321111333333334,11.910266,0.4108454107869477
12.365555666666664,11.950236,0.41531934617105826
12.438889000000001,11.998407,0.44048163610839985
12.441111000000001,12.149482,0.2916292266235363
12.455555666666667,12.120662,0.33489393113199917
12.364444333333333,12.213038,0.15140588881429018
12.325555666666668,12.213582,0.1119736277872736
12.306666666666667,12.168287,0.13837938944498696
12.322222333333333,12.014404,0.3078180364583325
12.221110999999999,12.065154,0.15595692437744013
12.159999999999998,12.083059,0.07694068908691243
12.181111000000001,12.02632,0.15479054254150526
12.263333333333332,11.83822,0.4251136906941717
12.322221999999998,11.881829,0.4403927382202131
12.351110999999998,12.024403,0.3267083815917946
12.392222,12.031357,0.3608651884765628
12.436666666666664,12.0735235,0.36314314524332403
12.435555666666668,12.144613,0.2909424006754566
12.431111333333334,12.158136,0.2729749655354823
12.426666666666668,12.208524,0.21814291636149186
12.454444333333335,12.175512,0.27893201949056134
12.482221999999998,12.1517105,0.3305114897460921
12.526666666666667,12.192561,0.3341055170694993
12.566666666666666,12.231335,0.33533198038736955
12.596666666666664,12.228497,0.36817011515299214
12.608888666666667,12.313479,0.29540924314371786
12.629999666666667,12.354628,0.2753720574137368
12.661111,12.328759,0.33235180657958985
12.732222333333333,12.36619,0.3660323766682936
12.792222333333333,12.414224,0.3779986623738605
12.847777666666666,12.4132185,0.4345591684366852
12.869999666666665,12.548918,0.32108189628092276
12.923333,12.598594,0.32473928814697217
12.995555333333334,12.586794,0.408761433797201
13.051110999999999,12.643003,0.4081075362548816
13.074444333333332,12.741355,0.3330893910115549
13.069999999999999,12.786639,0.2833607864379868
13.082222333333334,12.819465,0.2627576498006192
13.076666999999999,12.83692,0.23974721545410027
13.075555666666666,12.7965765,0.2789791667277015
13.026666666666667,12.844699,0.18196776072184306
12.978888666666668,12.826845,0.15204349759928526
12.921110999999998,12.787308,0.13380326074218551
12.957777666666667,12.727798,0.22997920475260436
13.018889,12.68357,0.33531909185790987
13.027777999999998,12.61615,0.41162809765624786
13.004444666666664,12.766376,0.2380691249796527
12.955555666666667,12.837623,0.11793302414957729
13.011111000000001,12.680608,0.3305032042846694
12.943333333333333,12.731286,0.2120472844441732
12.895555666666665,12.716751,0.17880456803385236
12.831111333333332,12.774951,0.056160352193195706
12.868889,12.602901,0.265987541259765
12.884444333333331,12.569995,0.3144494068806942
12.854444333333333,12.588773,0.2656715595906576
12.808888666666665,12.640157,0.16873192075602006
12.708888666666665,12.6196,0.08928837064615713
12.699999666666665,12.535606,0.16439328238932127
12.617777666666667,12.523298,0.09447940311686231
12.575555666666666,12.360959,0.21459661362711557
12.496111333333333,12.446064,0.050047337972005224
12.550555666666668,12.314951,0.2356047236735037
12.649444333333335,12.209574,0.439870587605796
12.75,12.228223,0.5217771530151367
12.74222233333333,12.384953,0.357269788167315
12.718889,12.462811,0.2560775299682625
12.642222333333333,12.532222,0.11000053920491482
12.6,12.451911,0.1480890274047848
12.497778,12.425751,0.07202726757812528
12.402222333333333,12.3442,0.05802219905598882
12.385555666666665,12.3004055,0.08515016434732914
12.496666666666666,12.148715,0.3479516474405919
12.557777666666667,12.0488405,0.5089371439005532
12.577777666666668,12.184424,0.393353266337078
12.516666666666667,12.377851,0.13881613413492921
12.575555666666666,12.258467,0.31708894608561167
12.673333333333332,12.29093,0.38240353902180857
12.832221999999998,12.268807,0.5634145888061504
13.025555333333331,12.362973,0.6625821201375306
13.183333333333332,12.543853,0.6394805272420232
13.342222333333334,12.699073,0.643149495503744
13.375555666666665,12.919605,0.45595041153971216
13.328888999999998,13.050933,0.27795611578368984
13.193333333333333,13.191451,0.0018822606404622633
13.098889000000002,13.118517,-0.019627921997068754
13.016666666666667,12.982965,0.03370119730631593
12.998888999999998,12.848352,0.1505365677490218
13.048889,12.796548,0.2523411102905282
13.095555666666666,12.700756,0.39479959366861905
13.171111333333332,12.728713,0.4423982977498362
13.177778000000002,12.881833,0.295944923522951
13.213333666666669,12.836726,0.376607478007001
13.151111333333333,12.943815,0.20729610201009052
13.065555666666665,12.959875,0.10568055985514135
12.963333333333333,12.939563,0.023770535786946212
12.965555666666669,12.828663,0.13689279435221557
12.909999999999998,12.728459,0.18154064178466633
12.981111,12.640246,0.34086460870361357
13.011111000000001,12.751621,0.2594897536621108
13.057777666666667,12.583213,0.47456481418863916
13.018889,12.765917,0.2529721756591794
12.994444333333336,12.861058,0.13338609816487867
13.027777666666665,12.722928,0.3048496194864896
13.037777666666667,12.717579,0.3201987787272138
13.053333333333335,12.791472,0.26186089833577597
13.111111333333334,12.780352,0.33075969453938825
13.144444666666665,12.755685,0.38875981406656734
13.133333666666665,12.835516,0.2978176907145169
13.113333666666666,12.9241,0.18923374448649
13.136667,12.870543,0.266124473754882
13.183333666666668,12.839439,0.3438942745768241
13.205555666666667,12.876878,0.32867788193766323
13.234444333333332,12.90932,0.32512445570882065
13.248888666666666,12.955374,0.29351490262857993
13.272222,12.957438,0.31478353106689383
13.291110999999999,12.995339,0.29577160638427635
13.283333333333333,13.010331,0.2730021794637043
13.332222333333334,13.02355,0.3086722997639981
13.365555666666664,13.054475,0.3110808360392223
13.415555666666666,13.006075,0.4094807612711584
13.391111333333331,13.131627,0.2594842505086241
13.321111333333336,13.15873,0.16238178011067994
13.290000000000001,13.146261,0.14373878479004
13.303333333333335,13.111711,0.19162278493245566
13.333333333333336,12.989509,0.34382470448812086
13.354444666666666,13.026637,0.3278075893351229
13.373333333333333,13.109186,0.2641471608479815
13.43,13.057666,0.372334175109863
13.491111,13.094205,0.3969060973510743
13.515555666666668,13.171543,0.344012545328777
13.598889,13.205144,0.39374507147216775
13.654444666666665,13.2743845,0.3800601680704734
13.698889,13.274826,0.4240629501953119
13.692222333333332,13.420853,0.2713696722005192
13.701111,13.457241,0.24386994165038978
13.742221999999998,13.420957,0.3212653883666974
13.734444333333336,13.440077,0.29436750533040623
13.743333333333332,13.477136,0.26619767506917213
13.726666666666667,13.516094,0.2105724589029947
13.721110999999999,13.444012,0.27709931176757685
13.715555333333333,13.494396,0.22115912361653578
13.764444333333334,13.480594,0.2838506519978843
13.92,13.419496,0.5005044174194335
14.022222333333332,13.474212,0.5480106405232732
14.09,13.586601,0.5033987426757811
14.092222,13.805001,0.2872207411499019
14.184444333333333,13.812784,0.37166013838704437
14.267777666666666,13.830019,0.43775866947428277
14.319999999999999,13.871767,0.4482329559326157
14.307777666666668,14.035725,0.27205302677409016
14.33,14.075368,0.25463207244873054
14.351110999999998,14.049503,0.3016076735839821
14.435555333333332,14.048082,0.3874729816487612
14.551110999999999,14.122421,0.4286897353515613
14.681111000000001,14.105285,0.5758263091430678
14.791110999999999,14.251577,0.5395336226806631
14.803333000000002,14.43864,0.3646933591918966
14.843333,14.484561,0.3587720335083002
14.817777666666668,14.601214,0.21656325779215635
14.844444333333334,14.554801,0.28964334608968123
14.856666666666666,14.599587,0.2570792261759429
14.816666666666666,14.5664625,0.25020414988199846
14.756666666666668,14.597775,0.15889120737711693
14.740000000000002,14.6332245,0.10677551269531449
14.567777666666665,14.47837,0.08940795383707467
14.413333333333336,14.433005,-0.01967199961344157
14.254444333333334,14.549423,-0.2949788844401038
14.292222,14.061386,0.23083589160156315
14.307777666666668,13.966433,0.34134509525553547
14.261111000000001,14.064042,0.19706890863037252
14.238888999999999,14.023787,0.2151024552001939
14.202222333333332,14.00204,0.20018242397053854
14.174444666666663,13.97484,0.19960450248209227
14.185555666666668,13.957291,0.22826501725260506
14.30222233333333,13.908183,0.3940392354939739
14.382222333333333,13.890759,0.4914628652547197
14.443333333333333,13.964046,0.4792878087361654
14.475555333333332,14.180318,0.2952374546101879
14.575555333333334,14.150073,0.42548228188069714
14.698888666666667,14.173271,0.5256174874674482
14.744444333333332,14.309512,0.43493219496663293
14.799999999999999,14.410958,0.3890417098999013
14.825555666666666,14.522046,0.3035095774943031
14.923333333333332,14.501509,0.4218246205647773
14.928888666666667,14.582047,0.34684120420328846
14.904444333333332,14.619874,0.2845703327840159
14.866666666666665,14.744107,0.12255942026773958
14.865555666666666,14.653821,0.21173467515055222
14.899999999999999,14.575498,0.3245023727416978
14.878888999999997,14.640292,0.23859683233642315
14.854444666666664,14.619035,0.23540989951578517
14.820000333333335,14.642433,0.1775671668294283
14.778889,14.608618,0.17027121740722606
14.732222333333333,14.553319,0.1789033559773756
14.717777666666665,14.546433,0.17134421787516096
14.677777666666666,14.489056,0.18872203312174385
14.696666333333333,14.415303,0.2813631030476884
14.631111000000002,14.477694,0.1534174422607446
14.55,14.381368,0.16863231658935618
14.448889,14.431781,0.01710818487548771
14.413333333333332,14.335569,0.07776395161946503
14.449999999999998,14.159244,0.2907564163207983
14.466666666666669,14.1434965,0.32317015329996934
14.53777766666667,14.179783,0.35799479923502986
14.642222,14.206085,0.4361367949218753
14.738888666666666,14.199407,0.539482042826334
14.806666666666667,14.361839,0.4448273722330729
14.785555666666665,14.498988,0.28656751511637246
14.785555666666665,14.501512,0.2840440928751615
14.761111000000001,14.597507,0.1636035231933608
14.796666666666667,14.510283,0.28638319651285826
14.855555666666667,14.498559,0.35699666855875734
14.930000333333332,14.535227,0.39477351143391815
14.984444666666668,14.569107,0.4153376110026059
14.978889,14.645966,0.33292342382812556
14.937777666666666,14.742644,0.19513335666910692
14.888888666666665,14.747666,0.14122230771891076
14.994444333333332,14.67897,0.31547399641926965
15.076666666666668,14.654183,0.42248327891032034
15.190000000000001,14.608721,0.581279220581056
15.149999999999999,14.88035,0.2696498870849595
15.13666666666667,14.895721,0.24094523111979527
15.136666666666667,14.930419,0.20624769846598312
15.186666666666667,14.873914,0.31275290171305414
15.307777666666665,14.859569,0.44820907078043426
15.486666666666665,14.918374,0.5682926050821919
15.542222,14.981414,0.560808158752442
15.588888666666668,15.162657,0.4262318826090503
15.603333000000001,15.407013,0.196320060546876
15.741110999999998,15.236281,0.5048296050415022
15.964444333333333,15.332647,0.6317970097249344
16.184444333333335,15.480693,0.7037514698689797
16.259999666666666,15.564908,0.6950916390177397
16.139999666666668,15.925514,0.21448544547526183
15.961110999999999,16.135124,-0.1740132065429698
15.891111,15.90353,-0.012419120849608944
15.914444333333334,15.730858,0.1835864842122401
15.929999666666667,15.662274,0.26772530600992894
15.963333000000002,15.607767,0.35556589489746315
16.00999966666667,15.698028,0.3119720558878605
16.049999666666665,15.685079,0.36492104575602013
16.164444333333332,15.689998,0.4744466602986641
16.22,15.830564,0.3894364547729481
16.323333333333334,15.81594,0.5073934300740568
16.393333333333334,15.989503,0.403830426534018
16.448889,16.038595,0.41029380041504027
16.512222333333334,16.105175,0.4070473150227869
16.537777666666667,16.223597,0.31418109379069037
16.653333,16.222452,0.4308808363037109
16.758888666666664,16.293375,0.4655136514078748
16.877777666666663,16.325932,0.5518461175943976
16.918889,16.50771,0.41117949682617194
16.988889,16.605724,0.3831646652832035
17.082222333333334,16.674812,0.4074100164388028
17.177777666666667,16.689087,0.4886907526041675
17.215555333333334,16.80762,0.4079362384847016
17.27444433333333,16.936245,0.33819936873372214
17.344444333333335,16.97011,0.37433439375814004
17.373333333333335,16.961304,0.41202962239583485
17.331110999999996,17.104826,0.2262850264892542
17.272222333333335,17.168951,0.1032712987874369
17.24,17.073723,0.1662771606445297
17.228889,17.031654,0.19723464208984254
17.317777666666665,17.00943,0.3083477350260395
17.427777666666667,16.953518,0.4742597528483081
17.511111000000003,16.971231,0.5398795394287141
17.451111,17.195545,0.2555658034667978
17.36555566666667,17.25551,0.11004533646647374
17.274444333333335,17.242613,0.03183149458821788
17.262222333333334,17.130228,0.13199429073079472
17.251111,17.040949,0.21016213220215008
17.263333333333332,16.975302,0.2880315907796209
17.254444333333332,17.028234,0.2262098515218085
17.31,16.986498,0.3235021209716784
17.192222333333333,16.988474,0.20374844112141943
17.168889000000004,17.013557,0.15533156591797237
17.11111133333333,17.11294,-0.0018285012613965534
17.212222333333333,16.755005,0.45721745052083307
17.275555666666666,16.898823,0.3767328822428375
17.302222333333333,16.952707,0.34951504268391886
17.444444666666666,16.944563,0.499881754679361
17.574444666666665,17.096344,0.4781006725260397
17.732222333333333,17.066639,0.6655833868001295
17.70777766666667,17.302212,0.40556590519205926
17.661111,17.489967,0.17114365380859198
17.630000000000003,17.529444,0.100556259155276
17.648888999999997,17.365114,0.28377478796386413
17.618889,17.39281,0.22607817846679623
17.605555666666667,17.426497,0.1790591609293628
17.656666666666666,17.373713,0.2829541269938147
17.787777666666667,17.320341,0.46743655643717474
17.885555333333333,17.372778,0.5127773944905591
17.912222,17.475782,0.4364396055908202
17.898888666666668,17.648308,0.25058086637369925
17.914444333333332,17.683992,0.23045194746907427
18.021110999999998,17.618965,0.4021458510742164
18.098889,17.654411,0.44447768408203103
18.041111,17.718557,0.32255364221191485
17.938889,17.868383,0.0705055924072262
17.826666666666668,17.893877,-0.06721036275227732
17.748889,17.64435,0.10453894812011555
17.589999999999996,17.610899,-0.020898971557620882
17.48444433333333,17.566408,-0.081963824015304
17.433333333333334,17.377304,0.05602925618489607
17.39,17.174953,0.2150465393066412
17.29333333333333,17.209892,0.0834410603841107
17.278888666666663,17.17069,0.10819813016764002
17.21888866666667,17.026958,0.1919302010904964
17.205555333333333,16.956675,0.2488807575276688
17.142222,17.078856,0.0633664854736331
17.102222,16.873528,0.2286944731445324
17.124444333333333,16.891285,0.2331593907063798
17.192222333333333,16.922504,0.26971790828450537
17.35,16.745037,0.6049629211425795
17.342222333333332,16.91249,0.4297314886067696
17.261111000000003,17.08722,0.1738917617187532
17.222222333333335,17.153297,0.06892490901692838
17.212222333333333,17.005413,0.2068092779134112
17.298889000000003,16.925236,0.373653251708987
17.383333333333333,17.021019,0.3623143513997391
17.35333333333333,16.945425,0.4079082997639958
17.184444666666664,17.104836,0.0796091564127579
16.920000333333334,17.260662,-0.3406617455240877
16.797778,16.938776,-0.14099801623535058
16.728889,16.715614,0.013274681152342538
16.788889,16.550997,0.23789221960449325
16.942222333333337,16.471014,0.4712083105061886
17.087778,16.43551,0.6522673646240236
17.215555666666667,16.61722,0.5983357417399091
17.187777999999998,16.847942,0.3398356477050761
17.182222333333332,16.87803,0.30419155635579287
17.17666666666667,17.034983,0.14168398539225535
17.27,16.899206,0.37079383850097614
17.386666666666667,16.877739,0.508927714029948
17.478889000000002,17.018456,0.4604334946289086
17.615555666666666,17.101645,0.5139111506754546
17.776666666666667,17.19283,0.5838375345865892
17.972222333333335,17.308033,0.6641893438313815
18.044444333333335,17.48782,0.5566246617024753
18.126666666666665,17.661215,0.4654518381754542
18.194444333333333,17.875074,0.31936994673665353
18.351111,17.796494,0.554617469726562
18.467777666666667,17.922138,0.5456394525553385
18.348888666666667,18.090372,0.25851658109537823
18.174444333333334,18.201561,-0.027116640787760105
18.022222,18.286245,-0.26402334606933664
18.07555533333333,17.903437,0.17211867256672875
18.132222000000002,17.743969,0.3882530363769554
18.121111000000003,17.810863,0.31024750512695576
18.078666666666667,17.895237,0.18342969767252626
18.083111,17.869179,0.21393222802734257
18.10088866666667,17.818256,0.2826322884928416
18.095555333333333,17.804026,0.2915296833089194
18.032222,17.860394,0.17182847583007899
17.966666666666665,17.860292,0.1063742319742822
17.916666666666668,17.804441,0.11222521464030066
17.931111333333334,17.715796,0.2153158163655604
17.908889,17.672081,0.23680800634765475
17.928888999999998,17.640488,0.2884013291015606
17.95444433333333,17.706427,0.2480177128499328
17.978888666666666,17.620314,0.3585750222574866
17.931111,17.674524,0.2565866927490248
17.822222333333333,17.777105,0.04511700191243406
17.787778,17.697214,0.09056387341308536
17.730000000000004,17.587002,0.1429981994628946
17.783333333333335,17.50505,0.2782826741536475
17.783333333333335,17.546795,0.23653844197591312
17.82111133333333,17.415216,0.4058948874104793
17.752222333333332,17.581753,0.17046955623372284
17.72,17.569647,0.15035316467285043
17.743333333333332,17.509975,0.23335789998372292
17.77,17.452497,0.3175025177001949
17.8,17.463331,0.336668777465821
17.782222,17.5374,0.24482270800781336
17.772222,17.521162,0.2510599669189446
17.753333333333334,17.549974,0.20335889180501354
17.79,17.520206,0.2697935485839835
17.844444333333335,17.493935,0.3505097019856791
17.908888666666666,17.49998,0.40890774015299414
17.835555333333335,17.590494,0.24506117744954636
17.756666666666664,17.63717,0.1194958750406876
17.694444333333333,17.68475,0.009694730061848844
17.768889,17.470581,0.2983079453125015
17.894444333333336,17.423569,0.47087560774739856
17.978889000000002,17.485458,0.49343062597656484
18.033333333333335,17.587547,0.44578603108724124
17.997777999999997,17.74197,0.25580793774413735
17.958889,17.7631,0.19578932958984296
17.94666666666667,17.786467,0.1602000681559268
17.986666666666668,17.713581,0.27308558146159
18.037222333333332,17.664732,0.37249035396321517
18.050555666666668,17.729706,0.3208498561197928
18.131666666666668,17.786226,0.3454403940836599
18.238888666666668,17.796415,0.44247333768717567
18.28666666666666,17.792868,0.4937990061442008
18.294444333333335,17.988188,0.30625654341634245
18.27555566666667,18.095665,0.17989068863932545
18.32666666666667,17.979683,0.3469837443033903
18.265555666666668,18.05296,0.21259622452799576
18.355555666666667,18.066523,0.28903306840006593
18.463333333333335,18.08521,0.37812253316243627
18.65,17.936367,0.7136329650878892
18.641111,18.237467,0.4036441878662096
18.698889,18.37587,0.3230192490234387
18.78111133333333,18.43789,0.34322223421223796
18.921111333333336,18.347853,0.5732586264241561
18.97,18.53467,0.43533012390136605
19.048888666666663,18.666077,0.382812006510413
19.082221999999998,18.722752,0.3594703825683574
19.139999999999997,18.73878,0.40122093200683295
19.133555666666666,18.89437,0.23918654130045525
19.171333333333333,18.853762,0.3175716603597003
19.228,18.899479,0.3285210876464859
19.273333333333333,18.91608,0.3572528584798178
19.31555566666667,18.940733,0.37482271073405116
19.288888999999998,19.047544,0.24134452062988032
19.265555666666664,19.054235,0.21132020829264064
19.228889,19.07029,0.15859938818359254
19.291110999999997,19.018053,0.2730579451904269
19.31666666666667,18.990509,0.326157633463545
19.409999999999997,18.96745,0.4425508117675747
19.436666666666667,19.131144,0.30552309672037836
19.46,19.07697,0.3830308532714852
19.45777766666667,19.202513,0.25526492557780145
19.477777666666668,19.254179,0.22359866581217602
19.523332999999997,19.162197,0.361135886962888
19.51666633333333,19.219322,0.2973441287434859
19.461111,19.302517,0.15859406274413956
19.38444433333333,19.276592,0.10785207869465907
19.365555666666662,19.230993,0.1345623957926385
19.447777666666667,19.175638,0.272139467814128
19.56,19.066483,0.4935174560546862
19.610000000000003,19.131544,0.4784558868408233
19.607778000000003,19.33743,0.2703489533691439
19.604444666666666,19.365679,0.23876587943522054
19.589999999999996,19.325115,0.26488479614257443
19.558888666666668,19.384548,0.17434047941080877
19.501110999999998,19.371494,0.12961670678710746
19.409999999999997,19.292498,0.11750236511230128
19.403333333333332,19.30171,0.10162320454915275
19.438888666666664,19.2143,0.22458851102701516
19.465555333333334,19.040228,0.425327443318686
19.330000000000002,19.219343,0.11065681457519716
19.191111333333332,19.274897,-0.0837852883707697
19.086667000000002,19.118355,-0.0316877973632792
19.052222333333333,18.931667,0.12055500545247355
18.995555666666668,18.884172,0.11138322709147275
19.06222233333333,18.77993,0.2822922185872372
19.146667,18.765306,0.38136052722168046
19.326667,18.712507,0.6141597520751958
19.380000333333335,18.891397,0.488602857137046
19.466667,18.993841,0.4728258287353526
19.482222333333333,19.189938,0.29228474178059827
19.521110999999998,19.143343,0.37776802819823985
19.568888666666666,19.260489,0.3084001565348302
19.686666666666667,19.295446,0.391220270792644
19.566666666666666,19.255863,0.3108034769694008
19.258888999999996,19.394018,-0.13512917321777707
18.82,19.59414,-0.7741390991210935
18.641111333333335,19.052279,-0.4111671853434231
18.547778,18.630539,-0.08276094042968651
18.568889,18.38592,0.18296942907714708
18.552222333333333,18.325178,0.22704418697102824
18.52,18.226215,0.29378463745117145
18.468889,18.332039,0.13685012060546953
18.389999999999997,18.28472,0.10528053283691108
18.37,18.156874,0.2131262969970713
18.277777666666665,18.211838,0.06593989811197787
18.248888666666666,18.084055,0.1648337197672518
18.266666333333333,18.065586,0.2010802432454426
18.219999666666666,17.980818,0.23918187186686168
18.10555533333333,17.95889,0.14666441841633926
17.937777666666666,18.076948,-0.13917049922688918
17.932222333333335,17.879715,0.052507367513022984
17.932222333333335,17.673258,0.2589645055745464
18.008889000000003,17.621,0.3878887100830113
17.968889,17.750597,0.21829199987793046
17.886666666666667,17.643202,0.24346483866373703
17.746666666666666,17.791782,-0.04511571248372448
17.637777666666665,17.709538,-0.07175983943685083
17.605555666666664,17.448242,0.15731347916666394
17.57333333333333,17.423828,0.14950520833333059
17.637777666666665,17.36537,0.2724078699137351
17.822221999999996,17.285683,0.5365393217773402
17.99,17.309568,0.6804315948486312
18.164444666666665,17.486359,0.6780860240885396
18.277777999999998,17.74653,0.5312474671630838
18.463333333333335,17.821001,0.6423322804768894
18.49,18.02425,0.4657499694824203
18.537777666666663,18.148777,0.38900065861002275
18.529999999999998,18.34854,0.1814606475830054
18.531111000000003,18.217056,0.3140547255859403
18.541111000000004,18.29805,0.24306107324219184
18.525555333333337,18.360218,0.16533728523763358
18.598888666666667,18.211674,0.38721493009440167
18.63666666666667,18.310596,0.32607020060221714
18.627777999999996,18.321152,0.30662626660155823
18.664444666666665,18.365196,0.2992484386393208
18.644444666666665,18.435682,0.2087623699137353
18.772222333333332,18.331596,0.44062595882161304
18.82444466666667,18.451681,0.37276352958170733
18.967778,18.411783,0.5559947816162101
19.015555666666668,18.616245,0.399310396891277
19.090000000000003,18.644882,0.4451177978515659
19.087777666666668,18.788193,0.29958491764323014
19.123333333333335,18.823355,0.2999786122639989
19.18555566666667,18.866352,0.3192035853678412
19.31,18.838047,0.4719529724121081
19.363333333333333,18.912718,0.4506155141194661
19.38555533333333,19.02722,0.35833556099446184
19.241111,19.15991,0.08120079797363289
19.181110999999998,19.114286,0.06682457727050561
19.106666666666666,19.127117,-0.020450490315756298
19.11222233333333,18.851768,0.2604538396809879
19.027777999999998,18.892462,0.13531622326659942
18.97000033333333,18.8952,0.07479960396321417
19.021111333333334,18.800007,0.22110446687825558
19.075555666666663,18.684443,0.39111314652506124
19.094444333333332,18.70938,0.3850651371663396
19.052222,18.872604,0.17961762988281293
19.004444333333335,18.832172,0.17227193953450737
18.874444333333333,18.794483,0.07996114851887981
18.749999999999996,18.801706,-0.051706314086917615
18.738888666666664,18.706198,0.03269092801920337
18.761111000000003,18.464119,0.29699204248047195
18.814444333333334,18.428883,0.3855617344563811
18.814444333333334,18.58343,0.23101499678548265
18.897777666666666,18.483955,0.4138222833658851
18.997777666666668,18.558552,0.43922587833658966
19.075555666666663,18.622221,0.4533346736246706
19.11222233333333,18.690067,0.422155042073566
19.093333333333337,18.845852,0.2474814351399779
19.13777766666667,18.876421,0.26135669193522304
19.227777666666665,18.840033,0.3877450891520162
19.242222333333338,18.839622,0.402599835774744
19.165555666666666,18.97292,0.1926362025553381
19.107778,19.067394,0.04038374340820283
19.10111133333334,18.927237,0.17387477632650317
19.15444466666667,18.816317,0.3381280620524123
19.10666666666667,18.891464,0.21520243326823163
19.064444333333338,18.863949,0.2004955113118534
18.972222,18.919598,0.05262437426757671
18.988888666666668,18.80775,0.18113796476237098
19.00666633333333,18.745502,0.26116386140950354
19.02777766666667,18.679089,0.34868907413737205
19.013333333333332,18.784004,0.22932912190755061
19.032222333333333,18.78166,0.25056225337727867
19.007777666666666,18.73788,0.2698969598795564
18.92,18.76844,0.15155975341797046
18.838889,18.822998,0.015890953125001772
18.821111333333334,18.694265,0.12684596773274848
18.855555666666667,18.556204,0.29935182450358155
18.893333333333338,18.581566,0.3117674763997442
18.95,18.590677,0.3593227386474602
18.977777666666668,18.608162,0.36961574039713696
19.01888866666667,18.683065,0.33582325223795806
19.003333,18.749722,0.253611472900392
19.019999666666667,18.716612,0.3033878044840499
18.984444333333332,18.807478,0.17696638228352768
18.997777666666668,18.747244,0.25053378544108185
19.007777666666662,18.752932,0.25484607181802943
19.082221999999998,18.733677,0.3485450895996074
19.198888666666665,18.755697,0.4431914163004542
19.27777766666667,18.776451,0.5013265558268252
19.277777666666665,18.908998,0.36877917728678256
19.23,19.068697,0.1613030242919926
19.20333333333333,19.038717,0.16461606343586865
19.171111,18.976896,0.1942147139892576
19.135555333333333,18.975704,0.1598511402180982
19.072222000000004,18.950598,0.12162423693848012
19.086666666666666,18.87607,0.2105966440836582
19.087778,18.86361,0.22416868603515638
19.166667,18.773827,0.3928404008789066
19.177778,18.862411,0.3153665009765625
19.166666666666664,18.863829,0.3028380076090471
19.130000000000006,18.9563,0.1736992645263733
19.110000000000003,18.938389,0.17161117553711236
19.092222333333336,18.859793,0.2324296239827497
19.072222333333333,18.872633,0.1995893529866528
19.081111333333332,18.870535,0.2105764364827465
19.182222333333335,18.800274,0.3819484380696636
19.207777666666665,18.810022,0.3977553125406885
19.228888666666666,18.874073,0.35481563810221317
19.181111,19.033659,0.14745201867675917
19.17666666666667,18.930403,0.24626391092936473
19.135555666666665,18.954592,0.18096391556803226
19.068889,18.946327,0.1225617905273424
19.04555566666666,18.896696,0.14885957596841948
19.05333333333333,18.850029,0.20330434163411226
19.107777666666667,18.763725,0.34405238590494847
19.093333333333334,18.794403,0.2989302571614587
18.931111,18.841143,0.08996834558105604
18.79777766666667,18.886818,-0.08904026546223776
18.674444333333334,18.795477,-0.12103258011881479
18.641111,18.471376,0.16973458093261584
18.582222333333334,18.486277,0.09594570674642
18.527777666666665,18.409561,0.11821650944010287
18.433333333333334,18.294437,0.13889592488606795
18.321111,18.307404,0.01370743554687337
18.223333333333333,18.242039,-0.018705393473307907
18.138889000000002,18.040663,0.0982262344970728
17.997777999999997,17.990122,0.007656158569332661
17.97500033333333,17.941124,0.03387637093098661
18.012777999999997,17.773947,0.23883123791503635
18.095000000000002,17.601711,0.49328872680664304
18.075555333333334,17.792208,0.28334761543782605
18.057777666666667,17.828747,0.22903087101236963
18.10333333333333,17.811207,0.2921265157063786
18.164444666666665,17.809656,0.354788523478188
18.25,17.797865,0.4521350860595703
18.334444333333334,17.911673,0.42277174117024785
18.426666333333333,17.97728,0.44938667024739587
18.504444333333335,18.037102,0.46734258772786674
18.552222333333336,18.167164,0.38505848445638335
18.535555666666667,18.253857,0.28169900773112033
18.51444433333333,18.28552,0.22892377974446276
18.514444333333334,18.33826,0.17618368269856788
18.522222333333332,18.256065,0.26615696468098804
18.543333666666665,18.232239,0.3110948971354155
18.513333666666664,18.318903,0.1944306973063128
18.53333366666667,18.263895,0.269438631876632
18.513333666666664,18.279037,0.23429619108072686
18.520000333333332,18.260616,0.2593840308430977
18.504444666666664,18.293655,0.21078927115885193
18.512222333333334,18.241343,0.2708797887776697
18.462222333333333,18.26557,0.19665264644368463
18.403333333333336,18.2597,0.1436325581868516
18.351111,18.250072,0.10103852075195263
18.324444333333332,18.153456,0.17098859908040254
18.267777666666667,18.095161,0.1726162286783861
18.148889,18.087845,0.06104415136718799
18.04777766666667,18.050499,-0.0027212957356752554
17.99222233333333,17.939281,0.05294086971028378
17.982222333333333,17.776188,0.20603443660481702
18.004444666666664,17.739529,0.26491601066080506
18.066666666666663,17.733994,0.3326731363932254
18.14666666666667,17.70317,0.4434958902994808
18.20444433333333,17.776047,0.42839758040364373
18.158889,17.891672,0.26721686560058444
18.15222233333333,17.933376,0.21884602107747142
18.093333666666666,17.973001,0.12033218656412714
18.153333666666665,17.840998,0.31233597074381336
18.174444666666663,17.904457,0.26998757438150633
18.235555666666666,17.82896,0.4065952479654946
18.201111,17.937162,0.26394860070800874
18.205555333333333,17.976429,0.22912634773762974
18.282221999999997,17.986004,0.29621812426757543
18.371110999999996,17.899794,0.47131737512206584
18.374444333333336,17.976313,0.3981316960042349
18.374444333333336,18.161995,0.21244939925130524
18.35,18.148676,0.20132408142089986
18.358889,18.0474,0.3114894791259779
18.285555666666667,18.178946,0.10661012528483127
18.285555666666667,18.095463,0.19009286759440158
18.161111333333334,18.0511,0.11001155611165458
18.000000333333336,18.009184,-0.009183550333656143
17.93555566666667,18.048532,-0.11297681929524472
18.043333333333333,17.752884,0.2904494222005205
18.304444333333333,17.560408,0.744036694783528
18.447777666666667,17.784391,0.6633862634684249
18.496666666666666,17.934027,0.5626399485270177
18.499999999999996,18.210526,0.28947448730468395
18.55,18.288874,0.26112632751464915
18.673333333333336,18.182205,0.49112813313802306
18.734444333333336,18.286053,0.44839162947591404
18.741111,18.42092,0.32019158166503914
18.746666333333337,18.493473,0.2531932803548216
18.76555533333333,18.499804,0.2657517902425113
18.82777766666667,18.48447,0.343307299235029
18.872222333333333,18.517323,0.3548997930501301
18.947777999999996,18.544634,0.4031441346435507
19.031111333333335,18.634571,0.39654025789388214
19.09111133333333,18.654812,0.43629947420247106
19.118889,18.75067,0.36821952062988217
19.11222233333333,18.87736,0.23486294307454259
19.15,18.853333,0.2966674804687486
19.146666666666665,18.86372,0.28294672648111785
19.089999999999996,18.888489,0.2015112304687463
19.018889,18.938904,0.07998519140625149
19.011111333333336,18.874231,0.13687999483235913
19.038888999999998,18.756916,0.2819729538574194
19.036666666666665,18.738714,0.29795244852701686
19.06444433333333,18.802296,0.26214864851887754
19.065555666666665,18.800817,0.26473817704264135
19.088888999999998,18.74497,0.3439186783447248
19.071111333333338,18.868929,0.20218242403158015
19.053333333333335,18.82305,0.23028378804524863
19.104444333333333,18.80543,0.2990148747151693
19.185555333333337,18.844952,0.34060370369466497
19.326666666666664,18.77582,0.5508468882242816
19.41722233333333,18.909868,0.507354092976886
19.531666666666666,19.05742,0.474245936075846
19.529444333333334,19.15385,0.3755937779134122
19.48777766666667,19.215988,0.2717895074869823
19.381666666666668,19.398535,-0.01686810811360573
19.322777666666667,19.235893,0.08688441715494832
19.264999999999997,19.137613,0.12738670349120795
19.201111,19.12999,0.07112137597656343
19.243333333333332,19.024845,0.21848821004231667
19.386666666666667,18.944881,0.44178522745768234
19.528889000000003,18.929815,0.5990737076416046
19.617778,19.069416,0.5483619538574231
19.721111333333337,19.28799,0.43312076326497717
19.796667,19.348589,0.44807805651855404
19.838888999999998,19.386032,0.4528568955078107
19.806666666666665,19.609993,0.19667368570963362
19.816666666666666,19.605465,0.21120173136393205
19.795555666666665,19.54562,0.24993570206705584
19.687777999999998,19.571949,0.11582899487304488
19.525555666666666,19.611969,-0.08641332747395936
19.433333333333334,19.492466,-0.059132639567057055
19.446666666666665,19.304962,0.14170450846354044
19.612222333333335,19.16703,0.44519199886067895
19.70555566666667,19.163855,0.5417010676676455
19.741111,19.249842,0.4912693099365235
19.688888666666667,19.533646,0.15524303678385465
19.66555533333333,19.477121,0.1884339801839161
19.686666666666667,19.418032,0.2686349741617846
19.696666666666665,19.463058,0.23360819498697794
19.68,19.407284,0.27271621704101534
19.661111,19.446854,0.21425736230468573
19.707777666666665,19.489653,0.2181250329996729
19.781111,19.372469,0.4086420516357414
19.867777666666665,19.392881,0.47489627323404804
19.888888666666666,19.582113,0.3067754006754555
19.872221999999997,19.564852,0.30737023913573935
19.796666333333334,19.641644,0.1550228091634125
19.586666333333334,19.695625,-0.10895897184244774
19.542222000000002,19.55578,-0.013558410766599138
19.604444333333333,19.464945,0.1394994938557943
19.813333333333336,19.165474,0.6478593953450549
19.991111,19.312685,0.6784259871826173
20.035555333333335,19.542757,0.4927982990315769
20.026666333333335,19.663372,0.3632942935384129
20.012222,19.85278,0.1594426115722669
20.03888866666666,19.789328,0.24956104520670053
20.01888866666667,19.711365,0.307523920572919
19.97666633333333,19.83275,0.14391601289876021
19.873333000000002,19.840973,0.03236009960937736
19.924444333333334,19.672285,0.25215925337727896
19.947777666666664,19.71929,0.22848788700357758
20.02777766666667,19.570835,0.4569425531412783
19.972222,19.717121,0.25510087573242046
19.890555333333335,19.784311,0.10624403877767108
19.760555333333333,19.771156,-0.010600977701823666
19.688333,19.64418,0.044152702148437584
19.658888666666666,19.579733,0.07915577176920507
19.74444433333333,19.421455,0.3229889500325491
19.808889,19.387125,0.4217639847412116
19.83,19.444725,0.38527496337890454
19.86,19.582775,0.27722488403320256
19.903333333333332,19.579187,0.32414594014485587
20.032222333333333,19.546991,0.4852309850667318
20.020000000000003,19.68276,0.3372397613525422
20.118888666666667,19.707666,0.4112222695719403
20.223333,19.87586,0.3474727857666018
20.416666333333332,19.738459,0.6782076999104802
20.564444333333334,19.945892,0.6185519993489592
20.634999999999998,20.175415,0.459584960937498
20.76611133333333,20.255207,0.510904271565753
20.753889,20.415583,0.33830634313964936
20.821111333333334,20.455034,0.3660770773518891
20.81444466666667,20.62438,0.19006455497233432
20.884444666666667,20.477293,0.4071516521402998
20.81555566666667,20.617176,0.19837961075846522
20.73555566666667,20.64415,0.09140588639323255
20.650000000000002,20.63475,0.015249633789064632
20.717777666666667,20.494116,0.2236618371988932
20.679999666666667,20.423954,0.2560456566569016
20.677777666666667,20.379412,0.2983659692789722
20.592222333333336,20.580927,0.011295438191734064
20.642222333333336,20.357706,0.2845162633870473
20.636110999999996,20.357235,0.2788760451660117
20.652777666666665,20.381998,0.2707796045328763
20.691666666666663,20.423416,0.2682505289713504
20.821111333333334,20.36198,0.45913089510091254
20.907778,20.42214,0.4856378785400395
20.966667,20.524876,0.44179135913086043
20.921667000000003,20.686096,0.2355708085937529
20.870555666666665,20.704874,0.16568162797037544
20.722777666666666,20.73315,-0.010372815511068723
20.66888866666666,20.636694,0.03219471219888703
20.573333333333334,20.573298,3.5832722982576115e-05
20.538888999999998,20.356632,0.18225676733398188
20.452778,20.411173,0.04160513317870951
20.421111333333332,20.292307,0.12880443330891822
20.361111333333334,20.202692,0.158419301472982
20.335,20.175331,0.1596688842773446
20.28,20.162107,0.11789253234863395
20.272222333333335,20.03642,0.23580151118978065
20.290000333333335,20.076954,0.21304644539388207
20.388333666666668,20.015162,0.37317215238444135
20.47444466666667,19.984499,0.4899456890055376
20.532222333333333,20.107794,0.4244285253499349
20.622777666666664,20.251608,0.3711697717692033
20.757222,20.245882,0.5113399656982409
20.887221999999998,20.310297,0.5769249876708962
20.895,20.513346,0.3816542816162105
20.877222333333332,20.62185,0.25537327327473847
20.940555666666665,20.703117,0.23743829606119604
21.006111,20.629211,0.37689957421875064
21.196666666666665,20.607107,0.5895595041910795
21.34555566666667,20.839947,0.5056089198404976
21.532222333333333,20.808233,0.7239890722249349
21.614444333333335,21.083946,0.5304981053059912
21.581111000000003,21.300499,0.28061203759765974
21.503333333333337,21.351883,0.1514503987630249
21.4,21.410967,-0.010966873168946734
21.369999999999997,21.304987,0.06501304626464588
21.348889,21.17036,0.1785284348144529
21.352222333333334,21.119965,0.23225773372395864
21.395555666666663,21.152342,0.2432138240152959
21.543333333333333,21.075163,0.4681704457600908
21.56,21.0987,0.4613004302978503
21.517777666666664,21.246464,0.2713138910318982
21.353333333333335,21.4406,-0.08726610819498504
21.327778,21.233738,0.09404005444335795
21.396666999999997,21.187353,0.20931386584472378
21.608889,21.05073,0.5581592484130873
21.794444333333335,21.074007,0.7204372990315768
21.865555333333333,21.300644,0.5649114124348955
21.972222,21.562422,0.4098002012939439
22.043333333333333,21.630512,0.4128210957845049
22.215555666666667,21.609362,0.6061940181070966
22.227778,21.89014,0.3376374665527351
22.32444466666667,21.878523,0.4459217937418636
22.354444666666666,22.063686,0.2907582958170565
22.38333366666667,22.028395,0.3549389675699892
22.364444666666667,22.128836,0.23560898856608148
22.379999999999995,22.191055,0.18894470214843295
22.313888666666667,22.120516,0.19337284330240934
22.310555333333333,22.104177,0.20637785835774736
22.43944433333333,22.215847,0.2235973179524713
22.661111,21.970684,0.6904269484863264
22.921111000000003,22.054592,0.866518867431644
23.021111,22.496222,0.5248894576416028
23.090000000000003,22.548443,0.5415571594238315
23.014444333333334,22.797852,0.2165927708333335
23.002222,22.917551,0.08467095935058566
22.993333,22.81688,0.1764537275390623
23.041111,22.693316,0.3477954940185555
22.997777666666668,22.857481,0.1402966638590506
23.050000000000004,22.772434,0.27756576538086364
23.077777666666666,22.78126,0.296518129923502
23.144444333333333,22.773483,0.370961056966145
23.189999999999998,22.868065,0.321935119628904
23.330000000000002,22.86883,0.4611702728271503
23.382222333333335,22.948582,0.43364063777669415
23.43444433333333,23.017855,0.41658964278157384
23.382222,23.228657,0.1535652312011706
23.355555333333335,23.15924,0.196314610677085
23.356666666666666,23.19076,0.16590700785318901
23.575555666666666,23.152508,0.4230478846842445
23.744444666666666,23.076975,0.6674697978922524
23.94222233333333,23.168459,0.7737633947346971
23.935555666666666,23.643566,0.2919895350748689
24.029999999999998,23.583769,0.4462311553955054
23.996666666666666,23.749945,0.2467219797770177
24.01,23.77888,0.2311208343505875
24.071111000000002,23.837881,0.23322991174316599
24.189999999999998,23.736078,0.45392173767089616
24.212222333333333,23.800043,0.4121792272542315
24.226667,23.976677,0.2499900590820303
24.294444666666667,24.036375,0.25806962089029994
24.461111333333335,23.921707,0.5394041800130225
24.572222333333336,24.039894,0.5323282293294298
24.568889,24.208189,0.36069998937988146
24.372222333333333,24.345547,0.026675610921223836
23.996666666666666,24.398338,-0.4016716512044276
23.304444333333333,24.290264,-0.9858197963053392
22.713333000000002,23.916214,-1.2028809892578103
22.348888666666667,23.42811,-1.0792214560139968
22.438888666666667,22.452188,-0.013299825154621914
22.598888666666667,22.085884,0.513004572428386
22.71555533333333,22.11611,0.5994454853108699
22.67,22.31688,0.3531207275390642
22.71111133333333,22.421745,0.2893660330403627
22.78444466666667,22.488308,0.29613671378580975
22.867778,22.336731,0.5310470429687513
22.991111333333336,22.547834,0.44327693697103143
23.03000033333333,22.704227,0.32577288582356445
23.17000033333333,22.587,0.5830004401448541
23.180000333333332,22.893639,0.28636172249348846
23.238889,22.878914,0.3599751206054691
23.308889,22.95026,0.358628837646485
23.383333333333333,23.007256,0.3760777791341141
23.448889,23.040361,0.4085275955810559
23.284444333333333,23.149313,0.13513136031087214
23.223333333333333,23.223576,-0.00024225870768290747
23.132222333333335,23.241535,-0.10931285343424335
23.241111333333336,22.82,0.42111163850911737
23.39555566666667,22.997776,0.39777963517252957
23.709999999999997,22.971928,0.7380723571777317
24.023333333333333,22.995436,1.0278976186116537
24.245555666666668,23.393147,0.8524091517740899
24.36222233333333,23.792747,0.5694748357747379
24.456666666666663,23.925543,0.531123835245765
24.577777666666663,24.14397,0.4338071771647094
24.745555333333332,24.25579,0.48976462288411327
24.868888666666667,24.260866,0.608022501505534
25.038888666666665,24.500406,0.538482401407876
25.187777666666673,24.71937,0.46840777836100855
25.313333333333333,24.648298,0.6650350697835279
25.343333333333334,24.979313,0.3640204366048181
25.342222333333332,25.17485,0.16737186946614457
25.340000000000003,25.045856,0.2941435241699253
25.408889000000002,25.14497,0.2639190598144552
25.512222333333334,25.210653,0.30156902827962284
25.720000333333335,25.044664,0.6753359503987646
25.814444666666663,25.295061,0.5193835552164678
25.826666666666668,25.477436,0.34923060099283987
25.845555333333333,25.58287,0.26268484993489594
25.834444333333334,25.644419,0.19002561690266973
25.861111,25.595049,0.26606209558105576
25.842222333333332,25.65894,0.18328297176106645
25.857777666666664,25.63644,0.2213373895670543
25.864444333333335,25.649256,0.21518858076985836
25.576666333333336,25.623276,-0.046609423502602
25.282221999999997,25.658821,-0.37659910595703394
24.944444333333333,25.667204,-0.722759569864909
24.891111000000002,24.96519,-0.07407988745116967
24.838888666666666,24.820723,0.01816608671061104
24.829999666666666,24.680975,0.14902470633951737
24.795555333333336,24.589445,0.2061102191975941
24.787777666666667,24.598457,0.18932033024088568
24.761111,24.603937,0.1571738509521481
24.712222,24.49983,0.2123917540283209
24.589999666666664,24.569654,0.020345201944984126
24.519999666666667,24.545921,-0.025921659016926668
24.478888666666663,24.380802,0.09808651212564712
24.537777666666667,24.263832,0.2739455743815107
24.583333333333336,24.31061,0.2727235158284529
24.668889,24.226488,0.44240088659667975
24.673333333333332,24.35876,0.31457249959309763
24.621111,24.439178,0.18193253320312408
24.464444333333333,24.458149,0.006295377034504668
24.352222333333334,24.431988,-0.07976542911783824
24.226667,24.342428,-0.11576120739746187
24.287778,24.077374,0.21040449536132755
24.277777999999998,24.07833,0.19944891369628692
24.26222233333333,23.9613,0.30092243709309585
24.308889,24.11664,0.19224890905761782
24.328888999999997,24.0621,0.2667895432128873
24.368889,23.923302,0.4455873032226556
24.105555666666667,24.219944,-0.11438833357747313
23.828889000000004,24.138594,-0.3097046737060509
23.52333333333333,24.037786,-0.5144531504313186
23.36555566666667,23.647642,-0.28208646895344813
23.270000000000003,23.362286,-0.09228561401366875
23.293333333333337,23.139776,0.15355710347493812
23.304444333333333,23.052242,0.2522020542805983
23.351111,22.986979,0.36413246911621044
23.298889,23.09791,0.200979072631835
23.325555666666666,23.073769,0.2517870509440101
23.359999999999996,23.110783,0.24921737670898025
23.45777766666667,23.021967,0.4358107324625671
23.543333333333333,23.126074,0.41725949605305956
23.637777999999997,23.208534,0.42924375927734104
23.646667,23.272242,0.3744254075927742
23.514444666666666,23.385971,0.1284735973307285
23.248889000000002,23.491531,-0.24264237207031059
23.077777666666666,23.36505,-0.2872716955159511
23.017777666666664,23.106646,-0.08886791743978151
23.050000000000004,22.81083,0.239170837402348
22.974444666666667,22.796478,0.17796639518229185
22.871111333333335,22.817625,0.05348628755696794
22.703333333333333,22.80469,-0.10135607401529967
22.534444333333333,22.620995,-0.08655023453776067
22.381111,22.542217,-0.16110625463867123
22.253333333333334,22.358393,-0.10505938212076771
22.236666666666668,22.126133,0.11053370157877751
22.013333333333335,22.067795,-0.05446146647135208
21.84777766666667,21.946205,-0.09842747249348704
21.68777766666667,21.984892,-0.2971142248128231
21.815555333333332,21.523268,0.2922875873616526
21.955555333333336,21.433912,0.5216430561116567
22.019999666666667,21.495346,0.5246535973307296
22.082222,21.696798,0.38542367541504063
22.226666666666667,21.8048,0.42186663309733063
22.46111133333333,21.744667,0.7164442801106752
22.460000333333337,21.913578,0.5464222998860713
22.353333666666668,22.199617,0.15371628080240995
22.126667,22.38573,-0.25906374340820193
22.05444466666667,22.073774,-0.019329671101885992
22.171111333333336,21.99438,0.17673038240560146
22.383333333333336,21.81111,0.5722237904866567
22.710000000000004,21.7542,0.9558000183105513
22.607777666666664,22.170885,0.43689258060709335
22.666666666666664,22.335438,0.3312288920084612
22.636666666666663,22.636436,0.00023020426431941132
22.8,22.166185,0.6338146209716804
22.79777766666667,22.476404,0.32137347660319193
22.8,22.60779,0.1922100067138679
22.858888999999998,22.527899,0.33099021154784936
22.83444466666667,22.556633,0.2778116710612011
22.852222333333334,22.626804,0.225417981526693
22.892222333333336,22.665253,0.22696964778646134
22.89666666666666,22.531889,0.364777704874669
22.802222333333333,22.65847,0.14375217952473918
22.757777666666666,22.76409,-0.006311917683920143
22.863333333333333,22.564348,0.298985112508138
23.029999999999998,22.448986,0.5810139465332007
23.108889,22.608208,0.5006812973632826
23.065555666666665,22.766115,0.299440478068032
23.003333333333334,22.879723,0.1236107381184901
22.93777766666667,22.898033,0.03974452457682531
22.950000000000003,22.743711,0.20628852844238565
23.088889,22.734858,0.3540314407959002
23.215555666666667,22.710373,0.5051827418619794
23.331111,22.719687,0.611424491821289
23.272222,23.04215,0.23007150256347586
23.287777666666667,23.075146,0.21263194523112006
23.316666666666666,23.077549,0.2391176859537758
23.412222333333332,23.001572,0.41065067805989486
23.458889000000003,23.103737,0.3551521225585965
23.49666666666667,23.150259,0.34640764872233376
23.37,23.23387,0.1361304473876963
23.336666666666666,23.26508,0.07158716837565038
23.346666666666668,23.27533,0.07133707682291757
23.58555533333333,22.97424,0.611315983968094
23.685555333333333,23.122145,0.5634106342366536
23.85777766666667,23.2596,0.5981779809977255
23.916666666666668,23.51381,0.40285746256510535
23.86444433333333,23.485264,0.37918050887044075
23.61,23.748262,-0.13826240539550838
23.374444333333336,23.77707,-0.4026247584635385
23.27666666666667,23.434093,-0.15742680867512604
23.236666666666668,23.151625,0.08504198710123845
23.261111333333336,23.081778,0.17933376070149976
23.334444666666666,23.025145,0.3093000896402991
23.438889,22.945381,0.4935078354492184
23.572222333333336,23.080061,0.49216137447103137
23.686666666666667,23.195988,0.4906789652506518
23.765555666666664,23.235405,0.5301506984049453
23.731111000000002,23.468199,0.2629122237548849
23.501110999999998,23.564217,-0.06310561376953316
23.463333,23.514555,-0.051221977416993525
23.472222000000002,23.461613,0.010609298583986515
23.686666666666667,23.033548,0.6531183115641284
23.752222333333332,23.289438,0.46278408565266815
23.707778,23.417025,0.2907533875732433
23.617777999999998,23.505623,0.11215513623046647
23.594444666666664,23.557234,0.0372108562418596
23.608889,23.386587,0.2223018570556654
23.61777766666667,23.298819,0.31895907840983284
23.564444333333334,23.453732,0.11071279646809984
23.512221999999998,23.390535,0.12168664538573992
23.49333333333333,23.31579,0.17754315694172718
23.585555666666668,23.333319,0.2522369563395195
23.762222333333334,23.240849,0.5213737920735682
23.90666666666667,23.235296,0.6713704172770214
23.924444333333334,23.524677,0.3997670567220055
23.939999999999998,23.69434,0.2456602478027321
23.85444433333333,23.682245,0.17219907881672825
23.847777666666666,23.682178,0.16559916935221253
23.751110999999998,23.774246,-0.023135215820314414
23.787777666666667,23.50681,0.2809684320475263
23.686666666666667,23.618832,0.06783503214518305
23.755555666666666,23.53039,0.2251658809000645
23.80444466666667,23.523573,0.280871744913739
23.931111333333334,23.387249,0.543862340413412
23.97,23.628456,0.3415438842773426
24.076666666666664,23.661392,0.41527445475260194
24.147777666666663,23.71375,0.4340268274332644
24.204444333333335,23.803358,0.4010862553304051
24.14666666666667,23.953758,0.19290842692057453
24.05555566666667,23.95254,0.10301622269694377
23.928889,23.993322,-0.06443337243652181
23.925555666666664,23.867832,0.0577234828287736
23.944444333333337,23.72018,0.2242638218587274
23.941110999999996,23.64019,0.30092087548827706
23.734444333333332,23.7656,-0.03115587113444107
23.486666666666668,23.731834,-0.24516774495442561
23.188889000000003,23.63269,-0.4438014296874968
23.112222333333335,23.29145,-0.17922816715494605
23.041111333333337,23.048237,-0.007125513590491295
23.123333666666667,22.778973,0.34436104093424547
23.155555666666665,22.8975,0.2580565821940084
23.265555666666668,22.782305,0.4832509028727223
23.409999999999997,22.90096,0.5090390777587857
23.316666666666666,23.00975,0.30691630045572893
23.045555333333333,23.073633,-0.028077860636393837
22.811111,23.317268,-0.5061573715820309
22.91,22.908451,0.0015489196777345171
23.40555566666667,22.431728,0.9738273036295624
23.71333333333333,22.617584,1.0957491048177062
23.824444333333332,22.952454,0.8719907200520822
23.685555333333333,23.57007,0.11548506660970048
23.582222,23.607742,-0.02552030957031093
23.567777666666668,23.466656,0.1011219354654962
23.567777666666668,23.396961,0.17081645450846494
23.554444333333333,23.334335,0.22010900618489515
23.516666666666666,23.358727,0.15794016520182197
23.461111333333335,23.355354,0.10575702425130373
23.405555666666665,23.280907,0.1246489894205709
23.29222233333333,23.25241,0.03981144466145636
23.174444333333334,23.19983,-0.025384768229166355
23.083333333333336,23.115942,-0.032608668009437736
23.078888666666664,22.95232,0.12656856778971104
23.21333333333333,22.8549,0.3584329732259093
23.333333333333332,22.819853,0.51348050435384
23.366666666666667,22.866909,0.49975763956705777
23.261110999999996,23.142424,0.11868737023925391
23.488888666666668,23.170652,0.31823627714030067
23.817777666666668,23.037973,0.779804262736004
24.224444333333334,22.95117,1.2732743656819672
24.394444333333333,23.648525,0.7459190952962231
24.532221999999997,23.911001,0.6212207945556614
24.639999666666665,24.100004,0.5399954704996723
24.711111,24.330921,0.3801898269042958
24.768889,24.403522,0.36536650854492336
24.856666999999998,24.4725,0.3841671525878887
24.935555666666666,24.580797,0.3547584712320955
25.015555666666664,24.588045,0.42751054642740627
25.006666666666668,24.708593,0.29807329813639427
25.221111333333333,24.809603,0.4115085959065752
25.79555566666667,24.820984,0.9745717799479188
26.35666666666667,24.742016,1.6146508280436223
26.685555333333333,25.307215,1.3783405963948567
26.604444333333337,26.258106,0.3463381016438838
26.562222333333334,26.380308,0.1819141820882173
26.461111333333335,26.474924,-0.01381275419107908
26.440555666666665,26.376385,0.06417093155924292
26.44277766666666,26.323889,0.11888888798013753
26.456111,26.22089,0.2352209548339843
26.471111,26.244883,0.22622841638183644
26.57,26.27444,0.2955592346191409
26.756666666666668,26.222803,0.5338635508219411
26.968889,26.272242,0.6966474075927742
27.122222333333333,26.507528,0.6146940282796223
27.32444466666666,26.71061,0.6138352306315049
27.517778000000003,26.882572,0.6352058259277378
27.58000033333333,27.014545,0.5654548926595027
27.337778000000004,27.30594,0.031837371948245874
27.136666666666663,27.476126,-0.3394590504964228
27.001111,27.304115,-0.3030042954101546
27.008888666666667,26.82281,0.18607944730631587
26.942221999999997,26.895355,0.04686677539062245
26.815555333333336,26.839592,-0.024036646647132898
26.795555333333336,26.708426,0.08712981148275034
26.822222000000004,26.700577,0.12164521777344106
27.001111,26.497995,0.5031156234130876
27.136666666666663,26.582033,0.5546335093180303
27.06,26.732996,0.32700401306152216
26.826666666666668,26.918552,-0.09188573201497263
26.667777666666666,27.000444,-0.3326667455647794
26.69555566666667,26.667059,0.028496721964522465
26.731111000000002,26.377296,0.3538145522460958
26.620000000000005,26.506466,0.11353408813477017
26.44,26.602266,-0.16226631164550653
26.402222333333334,26.430317,-0.028094591715493777
26.18444466666667,26.259502,-0.07505774422200062
25.97555566666667,26.132528,-0.15697263838704245
25.951111333333333,26.232174,-0.28106258634440096
26.083333333333336,25.709429,0.3739045461018904
26.135555666666665,25.516996,0.6185592829996729
26.071111,26.022911,0.04819992822265462
26.13222233333333,25.957209,0.17501369991047966
26.4,25.697144,0.7028564453124986
26.544444666666667,25.928612,0.6158329112955734
26.573333333333334,26.08652,0.4868140920003263
26.454444333333335,26.348713,0.10573141219075666
26.248888666666666,26.421236,-0.17234737154134194
26.062222,26.279575,-0.21735334790039218
25.94555533333334,26.131134,-0.1855786998697866
25.917777666666666,25.897701,0.02007640323893156
26.060000000000006,25.716318,0.34368186950684176
25.974444666666667,25.712856,0.2615883739420575
25.93333333333333,25.718714,0.21461957295735345
25.83,25.990839,-0.16083900451660327
25.832222000000005,25.58362,0.2486019285888723
25.81333333333333,25.60133,0.21200352986653215
25.79777766666667,25.73401,0.06376697025553568
25.81222233333333,25.528927,0.28329548396809656
25.946666666666665,25.54381,0.4028567759195951
26.056666666666665,25.682995,0.373671824137368
26.28333333333333,25.550428,0.7329049428304018
26.45,25.858515,0.5914852142333977
26.70555566666667,26.014433,0.6911227595621767
26.94555566666667,26.156471,0.7890844142252647
27.06666666666667,26.395538,0.671128336588545
26.986666666666665,26.738194,0.24847315470377396
26.900000000000002,26.889065,0.010935211181642757
26.872222333333333,26.856295,0.015927701375325398
26.926666666666662,26.67086,0.25580637613931856
26.966666666666665,26.6735,0.29316660563150876
27.051111,26.731096,0.3200147322998035
27.19,26.750837,0.4391626739501966
27.263333333333332,26.772856,0.4904775746663397
27.35,26.944567,0.4054332733154311
27.414444333333336,27.12208,0.2923644840901716
27.601111,27.034695,0.5664163283691401
27.67888900000001,27.212734,0.46615477758789936
27.815555666666672,27.339653,0.47590265152995315
27.942222333333333,27.516943,0.42527935542806006
28.141110999999995,27.507402,0.6337085799560498
28.396666666666672,27.725601,0.6710654703776093
28.591111,27.902653,0.6884582595214859
28.92777766666667,28.057205,0.8705724664713586
29.053333333333338,28.44521,0.60812383015951
29.082222333333334,28.52424,0.55798183955892
28.940000333333337,28.984158,-0.04415722892252205
28.878889000000004,28.960615,-0.08172615808105022
28.951111,28.721035,0.23007599633789155
29.006666333333328,28.709984,0.29668250764973436
29.03555533333334,28.750286,0.2852692310384164
29.034444333333333,28.822083,0.21236181380208308
29.047777666666665,28.845264,0.20251323185221182
29.004444333333332,28.841703,0.16274091841633975
28.88333333333333,28.842474,0.04085934956868087
28.754444666666664,28.883501,-0.12905638618978088
28.708888999999996,28.753351,-0.0444622115478559
28.696666666666665,28.544062,0.15260500590006387
28.742221999999998,28.515034,0.22718827807617004
28.66777766666667,28.55488,0.11289752445475543
28.732221999999997,28.46033,0.2718929442138638
28.589999999999996,28.594677,-0.00467697143555057
28.666666666666664,28.403528,0.26313845316568774
28.654444666666663,28.576384,0.07806107596842082
28.868889000000003,28.299109,0.5697804947509795
28.947778000000003,28.511229,0.43654943859863593
28.991111333333333,28.573555,0.4175563406575513
29.093333666666666,28.789515,0.30381912504068964
29.166667,28.81127,0.3553972398681644
29.248889000000005,28.751507,0.4973821945800836
29.20555566666667,29.075087,0.13046907303873923
29.256666666666668,29.051117,0.2055497233072927
29.388889,28.998577,0.39031188208007705
29.535555666666667,29.036337,0.49921876786295627
29.627778000000003,29.159454,0.46832365429687783
29.598889,29.324602,0.27428687292480447
29.526666666666664,29.446135,0.08053209940592154
29.53555533333333,29.47036,0.06519553108723741
29.704444333333335,29.33845,0.3659948551839207
29.958888666666663,29.289326,0.669562952555335
30.193333333333335,29.45285,0.7404829915364601
30.34444433333334,29.71441,0.6300335514729873
30.496666666666663,29.955236,0.5414302317301392
30.685555333333333,30.149841,0.5357140247395833
30.87333333333333,30.237474,0.635858891805011
31.00666666666667,30.443113,0.5635533396403041
31.022222333333332,30.708694,0.3135278753255193
31.033333333333335,30.804586,0.22874692281087405
31.12555566666667,30.885794,0.23976198075358468
31.238888999999997,30.852377,0.38651206213378586
31.30111133333333,30.866545,0.4345666098225891
31.315555666666665,31.108927,0.20662889359537573
31.375555666666667,31.157618,0.2179380976969405
31.47444433333333,31.077057,0.3973874485677058
31.46666666666667,31.19315,0.27351710001627794
31.467777666666667,31.317688,0.15008967838541665
31.599999999999998,31.341148,0.2588516235351541
31.655555333333336,31.236826,0.41872939034017165
31.665555333333337,31.333282,0.3322728626302123
31.482222,31.6483,-0.16607817089843735
31.41333333333333,31.432446,-0.01911219278971643
31.33333333333333,31.404158,-0.07082430521647609
31.346666666666664,31.249535,0.09713205973307026
31.470000000000006,31.18375,0.28624984741211534
31.619999999999997,31.154095,0.46590530395507557
31.717777666666663,31.21039,0.5073875757242803
31.778888666666663,31.449425,0.3294639230143197
31.802222,31.55753,0.2446925505371098
31.86,31.535206,0.3247941589355463
31.811110999999997,31.678547,0.13256409448241868
31.601111000000003,31.676315,-0.07520430761718444
31.382222,31.701935,-0.31971281445312627
31.212222000000004,31.60579,-0.39356718457030837
31.16777766666667,31.177309,-0.009531369588213323
31.130000000000006,31.080116,0.04988372802734986
31.192222333333337,31.058456,0.13376591243489955
31.327778,30.929739,0.39803900158691263
31.55,30.920195,0.6298053741455085
31.61,31.157743,0.45225654602050724
31.583333333333332,31.265358,0.3179753621419259
31.624444666666665,31.515406,0.10903901175943886
31.623333666666667,31.447351,0.17598221097819078
31.64444466666666,31.289818,0.3546268566080677
31.434444666666668,31.627378,-0.1929337970784495
31.377778,31.470963,-0.09318452441406322
31.416667000000004,31.339973,0.07669355029297265
31.433333666666663,31.154303,0.27903106962076407
31.302222333333336,31.2284,0.07382305659993804
31.302222333333336,31.362667,-0.060444750406897896
31.39222233333334,31.186785,0.20543758907064458
31.623333666666667,30.93419,0.689142916544597
31.667778000000006,31.29746,0.3703174439697321
31.696666666666673,31.376501,0.3201655832926491
31.74888866666667,31.505707,0.24318187955729442
31.902222,31.537151,0.36507066333007643
32.182222,31.512499,0.6697231444091827
32.42666666666667,31.668135,0.7585319773356147
32.47777766666667,31.929388,0.5483896204020198
32.419999999999995,32.245308,0.17469207763671335
32.272222,32.401928,-0.12970594799804758
32.233333333333334,32.22875,0.004585011800131156
32.25555566666667,32.199497,0.05605844376628255
32.336667,32.06121,0.27545636767577975
32.296667,32.056255,0.24041165942382747
32.09444466666667,32.194588,-0.10014304085286341
31.899999999999995,32.231125,-0.3311248779296925
31.79555533333333,31.997732,-0.20217682914225676
31.77555533333333,31.720913,0.054642399983720225
31.798888666666667,31.679382,0.11950634244791658
31.796666666666663,31.62383,0.17283587137857737
31.712222333333333,31.573702,0.13852047481282526
31.665555666666673,31.686876,-0.021320630330396995
31.60777766666667,31.61691,-0.00913326778157142
31.616666333333338,31.382666,0.23400069917806476
31.564444333333334,31.541637,0.02280691267903734
31.59555566666667,31.452581,0.14297426102702104
31.654444666666667,31.363222,0.29122254447428375
31.738888999999997,31.414564,0.3243248673095671
31.729999999999997,31.493628,0.23637245178222344
31.975555666666665,31.507175,0.4683802211100243
32.27333333333333,31.642824,0.6305091603597006
32.696666666666665,31.531088,1.1655787913004545
32.81666666666666,32.08517,0.7314959208170535
32.69555566666667,32.462257,0.23329828141276465
32.27888900000001,32.699352,-0.42046326440429027
31.882222333333335,32.64937,-0.7671459527994777
31.400000000000002,32.342304,-0.942304229736326
31.224444333333334,31.73511,-0.5106649958902985
31.12999966666667,31.512321,-0.3823218055012987
31.291111,30.942385,0.348726280151368
31.38555566666667,30.964993,0.42056314347330925
31.443333666666664,31.074738,0.3685961178385391
31.493333666666665,31.186195,0.30713829313150853
31.516667,31.236172,0.2804952775878924
31.504444666666668,31.287981,0.21646363334147267
31.320000000000004,31.374714,-0.05471389770507429
31.14444433333334,31.351501,-0.20705713151041039
30.98666666666667,31.296347,-0.30967999776203925
30.98,30.957018,0.022982101440430114
31.135555666666672,30.849531,0.2860244929606175
31.276666666666667,30.807173,0.4694938913981126
31.311111333333333,30.811928,0.4991835379231766
31.348888999999996,31.158587,0.19030249792480092
31.46444466666667,31.198095,0.2663493450113954
31.566666666666666,30.99129,0.5753775278727211
31.627777666666674,31.303282,0.3244958826090567
31.656666333333334,31.508257,0.14840942110188848
31.833333,31.302242,0.5310907209472653
31.937777666666666,31.519796,0.4179812952067046
32.03,31.629456,0.40054443359375114
32.07,31.738134,0.33186561584472685
32.111111,31.860312,0.25079949182129013
32.16555533333334,31.924252,0.2413037769368529
32.30888866666667,31.905308,0.4035808968912775
32.469999666666666,31.998138,0.47186123893229137
32.65999966666667,32.082157,0.5778425316569056
32.77555533333334,32.269352,0.5062033741048211
32.901111,32.45079,0.4503205947265627
32.96,32.62593,0.33406921386718835
32.52888900000001,32.66817,-0.13928192895507152
32.17222233333333,32.842358,-0.6701353021647165
31.975555666666665,32.860283,-0.8847272312825538
32.30666666666667,31.73852,0.5681469980875704
32.52555566666666,31.811497,0.7140589320475215
32.574444666666665,32.150723,0.42372216300455534
32.62555566666666,32.298866,0.32668939469400726
32.55777766666667,32.415554,0.14222362003580713
32.508888666666664,32.40852,0.100368921793617
32.385555333333336,32.503426,-0.11787026481119511
32.303333333333335,32.32841,-0.02507776896158731
32.178889000000005,32.28664,-0.10775116723632294
32.147777999999995,32.19191,-0.0441317900390672
32.191111333333325,32.059673,0.13143802400715288
32.24888899999999,31.926947,0.3219423599853428
32.217778,32.025906,0.19187239086914332
32.13444466666666,32.112164,0.02228112296548801
32.108889,32.067547,0.04134215551757592
32.178889000000005,31.990526,0.18836280065918487
32.271111000000005,31.921103,0.3500084761962938
32.301111000000006,31.969503,0.33160759729004496
32.34555533333334,32.12604,0.21951392097982136
32.27444433333333,32.15962,0.11482595564778109
32.241111000000004,32.09473,0.146380622802738
32.156666666666666,32.26336,-0.10669240315755246
32.265555666666664,32.03395,0.23160486100260158
32.40333366666667,31.9931,0.4102344540201841
32.23555566666667,32.044476,0.19108011124674817
31.945555666666664,32.227688,-0.2821321690266956
31.26666666666667,32.346245,-1.0795781453450495
31.17555566666667,31.740866,-0.5653100407307896
31.417777666666673,31.502705,-0.08492695369465508
32.102222000000005,30.622206,1.480016265747075
32.50999966666667,31.113607,1.3963922600504617
32.462222000000004,31.87331,0.588911910888676
32.32,32.248165,0.07183486938476591
32.19555566666667,32.435448,-0.23989202620442285
32.185555666666666,32.11551,0.07004663346354079
32.21,32.033295,0.17670532226562585
32.34555566666667,32.124065,0.2214902674967476
32.53555566666666,32.011036,0.524519747477207
32.69222233333334,32.042374,0.6498486761067781
32.696666666666665,32.41757,0.27909845987955606
32.766666666666666,32.506287,0.2603800455729157
32.868889,32.520157,0.3487321396484404
32.91,32.553707,0.3562928771972622
33.048888999999996,32.715084,0.33380492407226114
33.17333333333334,32.808826,0.364506886800136
33.30555566666666,32.714317,0.5912383448893195
33.341111,33.071518,0.26959305566406044
33.325555333333334,33.17649,0.1490645496419276
33.30555533333333,33.105236,0.20031927986653386
33.177777666666664,33.250195,-0.07241688289388293
33.027777666666665,33.190277,-0.16249943294270963
32.921111,33.06688,-0.14576827246093416
32.831111,32.945805,-0.11469359594726569
32.86777766666667,32.771122,0.09665568790690315
32.98333333333333,32.71598,0.2673528035481709
33.201111,32.644573,0.5565377883300755
33.449999999999996,32.77382,0.6761810302734332
33.73444433333333,32.97365,0.7607924473470007
33.96555566666667,33.20346,0.7620949733072919
34.05111133333334,33.48224,0.5688725638020884
34.046667,33.805668,0.24099912280273372
33.850000333333334,33.94562,-0.09562115714518171
33.603333666666664,33.871212,-0.26787833894857016
33.35000033333333,33.90435,-0.5543499474283919
33.24222233333334,33.52616,-0.2839388605143185
33.03555566666667,33.206886,-0.17133062483723904
32.541111,33.154076,-0.612964622558593
31.97,33.080685,-1.1106846618652355
31.714444333333336,32.602905,-0.8884609401041637
31.738888999999997,31.865206,-0.12631676477051101
31.844444666666668,31.464664,0.3797802074381522
31.88444466666667,31.622646,0.26179833487956117
31.856666666666666,31.659836,0.19683085123697808
31.884444333333327,31.634058,0.25038633467610083
31.845555333333333,31.75495,0.090605763631185
31.968888666666665,31.646448,0.32244053129068817
31.967777666666674,31.716118,0.251659807779955
32.01222233333334,31.698042,0.3141804174397862
31.938889000000007,31.922804,0.01608512121582706
32.08555566666667,31.778032,0.30752336381022616
32.045555666666665,31.816597,0.22895868180338397
32.030000333333334,31.785028,0.24497187569173207
31.948889,32.084095,-0.13520600122070192
32.068889000000006,31.792915,0.2759736557617245
32.13222233333333,31.746187,0.3860351232503234
31.955555666666665,31.891277,0.06427835343424348
31.753333333333334,32.02178,-0.26844477335611927
31.464444333333333,31.938509,-0.474064654093425
31.24444433333333,31.531887,-0.287442721110029
31.022222000000003,31.481256,-0.4590344849853487
30.824444333333332,31.147621,-0.323176821451824
30.746666666666666,30.829494,-0.08282780965169323
30.714444666666665,30.788458,-0.07401320381673315
30.758889000000003,30.5144,0.2444885178222691
30.591111333333338,30.489798,0.1013137411702516
30.28333333333334,30.626295,-0.34296175638834114
30.256666666666668,30.577753,-0.32108640034993385
30.353333333333328,30.126053,0.22728047688801567
30.433333333333334,29.845446,0.5878877003987633
30.16,30.33595,-0.17595085144042955
29.952222,30.28018,-0.3279579774169932
29.862222000000003,30.056452,-0.19422979748534885
29.942222,29.764652,0.17756974780273538
30.051111,29.680853,0.37025810998535036
30.177777666666667,29.708076,0.46970118961588625
30.23333333333333,29.853586,0.37974713643391667
29.991111000000004,29.942732,0.04837914270019894
29.716666666666665,30.062296,-0.34562924702962405
29.487777666666666,30.074608,-0.5868301824544275
29.494444333333334,29.45214,0.04230352522786518
29.493333333333336,29.32686,0.16647290547689053
29.328889,29.371172,-0.042282951293945104
29.150000333333335,29.282719,-0.132718325113931
29.205555666666672,29.264519,-0.058963071126296285
29.590000000000003,28.972193,0.6178072357177768
30.10444433333333,28.782663,1.3217809879964157
30.34,29.275396,1.0646036529541014
30.25444433333333,29.853334,0.4011099064534456
30.228888666666663,30.172146,0.05674282316080337
30.424444333333337,30.162678,0.2617665684407591
30.808889,29.899443,0.9094463272705084
31.06000033333333,30.15091,0.9090909095052062
31.017778,30.608467,0.4093108979492186
30.875555666666667,30.871944,0.00361123917643269
30.641111000000002,30.947584,-0.3064731522216775
30.472222000000002,30.707706,-0.23548445141601348
30.343333,30.585178,-0.2418453752441394
30.33666633333333,30.346436,-0.009769213541670041
30.347777666666662,30.16759,0.1801884790445918
29.97666666666667,30.140938,-0.16427113850911113
29.488889,30.205069,-0.7161795882568356
29.158888999999995,30.14568,-0.9867904738769582
28.98222233333333,29.281366,-0.2991440149332725
28.985555666666666,28.889626,0.09593011735026025
28.866666666666664,29.073027,-0.2063599904378286
29.02333333333333,28.601486,0.4218471272786424
29.37444433333333,28.712902,0.6615422642415325
29.701110999999997,28.749372,0.9517385177001927
29.972221999999995,28.890282,1.0819403227539013
29.824444333333332,29.59728,0.2271638310139963
29.71,29.722982,-0.012982406616210085
29.49666666666667,29.768482,-0.2718155415852834
29.415555666666663,29.49433,-0.07877378584798578
29.39,29.45614,-0.066140518188476
29.51222233333333,29.21497,0.2972526983235646
29.541110999999997,29.159616,0.38149452966308317
29.281111000000003,29.296234,-0.015123130859372225
28.958888666666663,29.44009,-0.4812015127766962
29.058888666666668,29.273033,-0.2141444754231756
29.481111,28.732826,0.7482847670898423
29.872222333333333,28.576933,1.295289426228841
29.825555666666673,29.294468,0.5310877406412828
29.60555566666667,29.690163,-0.0846069920247352
29.104444333333337,29.693876,-0.5894319331461553
28.738888999999997,29.471539,-0.7326495437011751
28.33222233333333,29.258478,-0.926255831339521
28.234444666666665,28.45771,-0.2232655994466164
28.19111133333334,28.329248,-0.1381370950113876
28.30111133333333,28.023985,0.2771264242757141
28.486666999999994,27.905212,0.5814545976562435
28.573333666666667,28.071678,0.5016555050455729
28.45777800000001,28.206573,0.25120451367188323
28.176666666666666,28.384153,-0.20748669942220133
28.006666666666664,28.404707,-0.39804028828939053
28.018889,28.04382,-0.024930427490232887
28.284444666666666,27.717876,0.5665682323404937
28.428888999999998,27.857218,0.571671211303709
28.509999999999998,27.928352,0.5816476440429668
28.532222333333333,28.282404,0.2498183874104818
28.635555666666665,28.318174,0.3173813044840479
28.768888999999998,28.234976,0.533913185180662
28.70333333333333,28.423885,0.2794479878743452
28.02,28.600456,-0.5804562377929692
27.17222233333333,28.61147,-1.4392469354654978
26.547778,28.363611,-1.8158332213134756
26.61222233333333,27.018251,-0.40602908573405116
26.851111,26.282423,0.5686879805908198
27.112221999999992,26.343681,0.7685406645507733
27.194444333333333,26.637415,0.5570294010823567
27.14666666666667,26.701696,0.44497027079264484
26.973333333333333,27.042421,-0.0690880076090501
26.902222333333334,27.024298,-0.12207538090006409
26.972222333333338,26.724207,0.24801540889486162
27.003333333333334,26.679102,0.3242313893636073
26.955555333333333,26.783749,0.1718067066243485
26.978888666666666,26.820227,0.15866199735514286
27.07,26.761827,0.30817253112792997
27.015555666666664,26.688646,0.32690935013834377
26.937777999999998,26.852612,0.08516645825195113
26.63222233333333,26.980799,-0.34857638798014534
26.389999999999997,26.618172,-0.22817169189453423
26.19,26.660475,-0.4704747772216784
26.212222333333337,26.234522,-0.02229953251138994
26.438889000000003,25.877464,0.5614247055664094
26.5,26.0109,0.48909950256347656
26.548888666666667,26.115355,0.4335341287027994
26.511111,26.360899,0.15021202844238246
26.48777766666667,26.271606,0.21617122135416977
26.328889,26.305237,0.02365218359375021
26.23,26.337023,-0.10702278137206989
26.191111,26.221071,-0.029960243286133448
26.24999966666667,25.92987,0.32012906119792106
26.343333,26.014265,0.32906793957519653
26.435555333333333,26.045942,0.3896130268147786
26.443333333333335,26.014116,0.4292170461018898
26.330000000000002,26.245832,0.08416755676269716
26.258889,26.317463,-0.0585739211425782
26.176666666666666,26.10547,0.07119600931803305
26.23333333333333,26.015902,0.21743176778157292
26.171111,26.101725,0.06938637536621073
26.37444433333333,25.861326,0.5131181156819622
26.553333333333335,26.0791,0.4742336781819674
26.845555666666666,25.969051,0.8765043055826816
27.04222233333333,26.294197,0.7480252508138001
27.146666666666665,26.597603,0.5490638224283835
27.503333333333334,26.771145,0.7321884663899745
27.712222333333337,26.951431,0.7607910589192741
27.878889000000004,27.008095,0.8707942124023482
27.685555666666666,27.696466,-0.010910779256185776
27.424444333333337,27.65495,-0.23050485489908468
27.132222333333335,27.56197,-0.42974742374674335
26.891111000000002,27.391605,-0.5004943771972634
26.845555666666666,26.981981,-0.13642561079915438
26.905555666666668,26.71743,0.18812555192057445
26.761111333333332,26.611563,0.1495486044514962
26.618889,26.665842,-0.046953056274414706
26.483333333333338,26.762152,-0.2788183848063106
26.5,26.286665,0.2133350372314453
26.43,26.269283,0.16071670532226534
26.366666666666667,26.364094,0.0025728861490890154
26.383333333333333,26.231688,0.15164578755696567
26.50333333333333,26.095001,0.4083321126302053
26.61666666666667,26.177982,0.43868433634440507
26.773333333333333,26.2282,0.5451324208577475
26.990000000000002,26.371279,0.6187212371826192
27.36666666666667,26.508461,0.8582056681315144
27.803333333333335,26.674866,1.1284676106770846
28.056666666666665,26.984844,1.071822458902993
28.119999999999997,27.528233,0.5917674255371068
28.18333333333333,27.930115,0.25321858723958
28.346666666666664,27.879452,0.46721491495767964
28.439999999999998,27.903591,0.5364088439941384
28.613333333333326,28.17459,0.438744176228834
28.773333333333333,28.309196,0.4641368611653647
29.003333333333334,28.209026,0.794306996663412
29.033333333333335,28.63591,0.3974232991536475
29.07333333333333,28.781199,0.2921348317464165
29.22333333333333,28.8478,0.3755340321858682
29.54333333333333,28.86044,0.6828940327962201
29.879999999999995,28.932447,0.9475525665283158
30.159999999999993,29.22954,0.9304601287841727
30.34666666666667,29.680065,0.6666015116373742
30.32,29.896221,0.4237788391113284
30.219999999999995,30.10762,0.11237976074218281
30.02,30.330727,-0.3107266235351567
30.036666666666665,30.002844,0.033822809855141855
30.093333333333334,29.911589,0.18174466451009152
30.206666666666667,29.82156,0.3851067606608076
30.28333333333333,29.905422,0.37791112263997206
30.28666666666667,29.996677,0.2899892679850282
30.220000000000006,30.08729,0.1327101898193419
30.196666666666665,30.142939,0.05372805277506387
30.21,30.06781,0.14218994140625085
30.32666666666667,29.960667,0.3660000101725309
30.446666666666662,30.064434,0.38223261515299
30.540000000000003,30.077341,0.46265892028808864
30.63333333333334,30.225014,0.4083196004231837
30.533333333333335,30.39849,0.13484242757161624
30.546666666666667,30.373072,0.1735949961344403
30.593333333333334,30.516527,0.0768061574300134
30.86333333333333,30.24532,0.6180139668782516
30.96666666666667,30.373253,0.5934137980143248
30.96666666666667,30.62065,0.3460173288981139
30.78666666666667,30.882177,-0.09551068623860459
30.68,30.756834,-0.07683403015136747
30.586666666666666,30.719456,-0.13278905232747462
30.58333333333334,30.50466,0.07867368062337832
30.513333333333335,30.427542,0.08579160054524948
30.410000000000004,30.418713,-0.00871261596679318
30.240000000000002,30.412197,-0.17219711303710739
30.196666666666665,30.233686,-0.03701978047688925
30.10333333333333,30.131973,-0.028639933268230777
30.19333333333333,29.954224,0.23910970052083158
30.249999999999996,30.025024,0.22497558593749645
30.31,29.863295,0.44670539855956903
30.273333333333333,30.093307,0.18002583821614593
30.19,30.18599,0.004010620117188779
30.203333333333337,30.042957,0.16037602742513357
30.19,30.060547,0.12945312500000128
30.110000000000003,29.995481,0.1145185089111358
29.92,30.03155,-0.11154945373534986
29.696666666666665,30.02332,-0.3266525777181002
29.590000000000003,29.79923,-0.20923057556152003
29.643333333333334,29.548384,0.09494962056477974
29.569999999999997,29.394094,0.1759055328369108
29.520000000000007,29.398098,0.1219020080566473
29.346666666666664,29.563503,-0.21683659871419536
29.223333333333336,29.220633,0.0027007802327503327
28.98,29.244226,-0.26422645568847614
28.833333333333336,29.134789,-0.30145517985025805
28.81,28.839472,-0.02947181701660284
28.60333333333334,28.59346,0.009873250325526328
28.093333333333334,28.638063,-0.5447300974527991
27.536666666666665,28.65937,-1.122703755696616
27.29333333333334,28.06805,-0.7747170511881443
27.493333333333336,27.342375,0.15095853169759366
27.776666666666674,27.071886,0.7047806040446041
27.863333333333337,27.117086,0.7462469228108759
27.793333333333333,27.550417,0.2429163869222002
27.57666666666667,27.759218,-0.18255154927571127
27.35666666666667,27.493048,-0.1363810475667293
26.84,27.509962,-0.6699620819091798
26.563333333333333,27.278557,-0.7152234903971362
26.476666666666667,26.883228,-0.40656163533528655
26.680000000000003,26.17139,0.5086094665527376
27.03666666666667,26.3035,0.733167444864911
27.59333333333333,26.42704,1.166293233235674
28.23333333333333,26.50931,1.724023564656573
28.363333333333337,27.203012,1.1603208669026728
28.183333333333334,27.938093,0.24524014790852888
27.913333333333338,28.369976,-0.4566427103678343
27.956666666666667,27.98344,-0.026773732503254877
28.130000000000003,27.747244,0.3827561187744166
28.28666666666667,27.720367,0.5662992350260438
28.236666666666668,27.911612,0.3250551096598322
28.169999999999998,28.094229,0.07577125549316222
28.016666666666666,28.137909,-0.12124226888020928
28.113333333333333,27.892462,0.22087155659993485
28.15,27.943743,0.20625724792480327
28.270000000000003,27.755005,0.5149951171875031
28.143333333333334,28.020218,0.12311543782552192
28.056666666666665,28.050882,0.005784327189125804
27.97333333333334,28.051762,-0.0784282938639258
28.05333333333333,27.803251,0.2500820668538388
28.009999999999998,27.80554,0.20445991516113082
28.16,27.803038,0.35696235656738295
28.23333333333333,27.921865,0.3114678700764948
28.483333333333334,27.728624,0.754708989461264
28.463333333333335,28.127539,0.33579465230306127
28.31666666666667,28.169806,0.14686113993327155
28.026666666666664,28.36678,-0.3401126607259144
27.81,28.242662,-0.4326624298095716
27.686666666666664,27.871027,-0.1843603261311877
27.516666666666666,27.634676,-0.1180093129475921
27.33,27.562328,-0.23232833862304858
27.156666666666663,27.407272,-0.25060567220052477
27.030000000000005,27.115414,-0.08541366577147969
26.773333333333333,26.998995,-0.22566149393717438
26.686666666666664,26.870953,-0.184285939534508
26.53666666666667,26.694225,-0.15755864461262803
26.366666666666664,26.308908,0.057758204142249525
25.953333333333333,26.506035,-0.5527015177408856
25.416666666666668,26.261826,-0.8451588948567696
25.423333333333336,25.814072,-0.39073832194010194
25.753333333333334,25.44031,0.31302380879720104
26.28333333333333,24.772196,1.5111375172932924
26.55,25.457596,1.0924041748046882
26.433333333333334,26.100096,0.3332375844319664
26.23,26.14769,0.08231018066406293
26.12,26.429518,-0.3095177459716787
26.166666666666668,26.102057,0.06461016337076941
26.383333333333333,25.710432,0.6729012807210282
26.509999999999998,26.07482,0.4351804351806621
26.773333333333333,26.108103,0.6652305348714194
26.85666666666667,26.189436,0.6672307078043644
26.903333333333332,26.471981,0.43135228474934806
27.06,26.811321,0.24867874145507685
27.456666666666667,26.560904,0.8957631174723311
27.900000000000002,26.680458,1.2195419311523459
28.196666666666665,27.227983,0.9686831919352201
28.379999999999995,27.569977,0.8100231933593705
28.49,27.93815,0.5518495941162094
28.596666666666668,28.217281,0.3793853251139332
28.73333333333333,28.242168,0.49116490681965885
28.79,28.364277,0.425723114013671
28.78666666666666,28.566349,0.22031763712564612
28.926666666666666,28.63335,0.29331629435221274
29.13,28.578388,0.5516117858886709
29.44666666666667,28.602339,0.8443278757731143
29.69,28.95677,0.7332300567626966
30.0,29.11509,0.8849105834960938
30.176666666666666,29.453968,0.7226986185709627
30.30666666666667,29.722567,0.5841000620524106
30.31666666666667,30.01953,0.2971373240153028
30.33666666666667,30.086308,0.25035914103190393
30.49,30.182018,0.30798171997070156
31.040000000000003,30.158262,0.8817377471923855
31.303333333333327,30.164942,1.138391545613601
31.526666666666667,30.544384,0.9822826639811204
31.563333333333333,31.493053,0.0702798970540357
31.956666666666663,31.07427,0.8823964182535775
32.22,31.287798,0.9322020721435536
32.29666666666667,31.775335,0.5213313547770184
32.28333333333333,32.058113,0.2252202351888002
32.31333333333333,32.120815,0.1925180562337232
32.333333333333336,32.150127,0.18320592244466383
32.47,32.126694,0.34330627441406136
32.633333333333326,32.209167,0.42416585286457575
32.82666666666667,32.2087,0.6179683939615899
32.88333333333333,32.44448,0.4388524373372391
32.78666666666667,32.64971,0.1369550577799501
32.553333333333335,32.7535,-0.20016855875650919
32.31,32.7074,-0.39740127563476335
32.24333333333333,32.50206,-0.2587266031901052
32.3,32.19368,0.10632019042968466
32.40333333333333,32.01642,0.3869148763020789
32.46,32.171272,0.2887277221679696
32.61333333333333,32.222443,0.39089070638020473
32.75333333333333,32.243793,0.5095398457845022
32.69,32.3539,0.3360990905761696
32.39333333333334,32.62731,-0.23397837320963077
32.209999999999994,32.670597,-0.4605970764160219
32.11000000000001,32.320324,-0.21032394409179034
32.10666666666667,31.953238,0.1534291330973332
31.996666666666666,32.097,-0.10033345540364635
32.0,31.941246,0.05875396728515625
32.01,31.834171,0.17582870483398239
32.13,31.80246,0.32754028320312756
32.32666666666667,31.877892,0.44877512613932424
32.46666666666666,31.842146,0.6245207468668568
32.52,32.081623,0.438376922607425
32.45666666666666,32.398735,0.057931620279944696
32.513333333333335,32.292526,0.22080708821614792
32.580000000000005,32.322723,0.2572766113281304
32.46000000000001,32.323746,0.13625427246094546
32.376666666666665,32.412693,-0.036026357014975474
32.36,32.49973,-0.1397291564941412
32.620000000000005,32.084038,0.5359622192382858
32.67,32.16602,0.5039805603027361
32.763333333333335,32.399208,0.36412526448567917
32.67333333333333,32.647312,0.026021169026691382
32.68666666666667,32.40433,0.2823354593912768
32.446666666666665,32.678066,-0.23139958699544394
32.489999999999995,32.51835,-0.028348693847661366
32.56666666666667,32.41408,0.15258509318034186
32.78666666666666,32.129486,0.6571805826822867
32.85666666666667,32.486454,0.3702126566569035
33.03666666666667,32.568455,0.4682119242350282
33.346666666666664,32.659294,0.6873725382486953
33.64333333333334,32.77179,0.871543782552088
33.83,33.06142,0.7685795593261702
33.95333333333333,33.49657,0.45676274617513
34.050000000000004,33.655235,0.3947647094726605
33.973333333333336,33.70956,0.2637729390462269
33.77,33.949753,-0.17975280761718437
33.53000000000001,33.99564,-0.4656398010253824
33.64,33.61818,0.02182067871093807
33.56666666666667,33.46451,0.10215479532877936
33.72333333333333,33.327408,0.39592549641926666
33.75,33.69724,0.052761077880859375
34.14666666666667,33.286366,0.8603011576334652
34.11000000000001,33.63593,0.4740708923339909
34.050000000000004,33.829266,0.2207344055175824
34.01333333333333,34.234875,-0.22154139200846856
34.37333333333333,33.777824,0.595508931477859
34.56666666666667,33.74837,0.8182955423990919
34.56666666666667,34.147865,0.41880137125651373
34.269999999999996,34.579872,-0.30987213134766023
34.199999999999996,34.361267,-0.16126708984375426
34.156666666666666,34.297394,-0.1407271321614587
34.31,33.954727,0.3552728271484398
34.553333333333335,34.06946,0.48387151082356894
34.75666666666666,34.11515,0.6415162150065044
35.080000000000005,34.244476,0.8355236816406304
35.28666666666666,34.68017,0.606498514811193
35.54,34.7217,0.818301239013671
35.54666666666667,35.140766,0.40590052286783873
35.35333333333333,35.37978,-0.026446482340496402
35.153333333333336,35.487198,-0.3338645426432265
35.02666666666667,35.35172,-0.3250522359212198
35.21333333333334,35.003117,0.21021672566732263
35.373333333333335,34.950016,0.4233173116048192
35.62,34.924023,0.6959773254394506
35.8,35.30595,0.4940498352050753
36.1,35.359356,0.7406440734863295
36.32,35.579685,0.7403147888183597
36.34666666666667,35.881985,0.46468195597331174
36.17666666666666,36.200153,-0.023486684163415816
35.78666666666666,36.2952,-0.5085336812337289
35.79,36.12803,-0.3380288696289071
36.17999999999999,35.889053,0.2909466552734301
37.03666666666666,35.34095,1.6957166544596305
37.51333333333333,35.90747,1.6058626302083283
37.8,36.694622,1.1053779602050753
37.84666666666666,37.45218,0.3944877115885319
37.96,37.479607,0.4803933715820321
38.11999999999999,37.765778,0.35422241210936534
38.28333333333333,37.870857,0.4124760945638002
38.416666666666664,37.881393,0.5352732340494768
38.373333333333335,38.23393,0.13940465291341297
38.356666666666676,38.343395,0.01327143351237936
38.410000000000004,38.286972,0.1230279541015662
38.35333333333333,38.227566,0.12576756795247235
38.29333333333334,38.312725,-0.01939173380533532
37.98,38.402958,-0.42295791625976875
37.74666666666668,38.116234,-0.36956715901691695
37.519999999999996,38.149048,-0.629047851562504
37.589999999999996,37.6453,-0.055301818847659945
37.78666666666666,37.410114,0.3765523783365836
38.0,37.45228,0.5477218627929688
38.13666666666666,37.62326,0.5134061686197882
38.65,37.826797,0.8232025146484361
38.81333333333333,38.024273,0.7890604146321607
38.93,38.079018,0.8509823608398435
38.65333333333332,39.12968,-0.4763473002116001
38.343333333333334,38.703167,-0.35983362833658816
38.45,38.538025,-0.08802490234374716
38.63,38.63452,-0.004521484374997442
39.196666666666665,37.906845,1.289821573893228
39.370000000000005,38.58915,0.7808505249023483
39.28333333333333,39.01417,0.26916173299153456
39.28333333333334,39.264023,0.019310506184901044
38.93,39.288975,-0.3589747619628909
38.9,39.014694,-0.11469421386718892
38.99666666666666,39.31248,-0.3158142598470093
39.57666666666667,38.50195,1.0747173563639336
39.86333333333334,38.771095,1.0922380574544306
39.89,39.448486,0.44151367187500057
39.723333333333336,39.828922,-0.10558893839517935
39.336666666666666,39.70634,-0.36967412312825587
39.06666666666666,39.753674,-0.687006886800134
38.913333333333334,39.56994,-0.6566053263346348
39.15,38.795303,0.3546966552734361
39.31000000000001,38.93274,0.3772607421875094
39.440000000000005,39.002434,0.4375662231445361
39.70666666666666,39.165016,0.5416504923502572
40.14666666666667,39.342392,0.8042746988932308
40.690000000000005,39.391167,1.298833312988286
41.086666666666666,39.885567,1.2010999552408848
41.260000000000005,40.529804,0.730195770263677
41.086666666666666,40.917423,0.16924341837565038
40.839999999999996,41.16343,-0.32342926025390994
40.54,41.259304,-0.7193040466308602
40.49666666666666,40.734673,-0.23800587972005616
40.49333333333334,40.59718,-0.10384607950845748
40.666666666666664,40.4478,0.2188669840494768
40.809999999999995,40.427254,0.3827462768554639
41.00333333333334,40.47283,0.5305016072591187
41.01666666666666,40.78444,0.2322275797525961
41.08166666666666,40.815475,0.26619120279947595
41.14666666666667,41.011147,0.13552012125651203
41.470000000000006,40.95442,0.5155818176269591
41.888333333333335,41.030376,0.8579568990071635
42.12666666666667,41.22131,0.9053570048014379
42.129999999999995,41.744106,0.3858937072753861
41.81999999999999,42.15531,-0.33531158447266307
41.419999999999995,42.024025,-0.6040249633789117
41.13333333333333,41.967777,-0.8344439188639328
41.276666666666664,41.53952,-0.26285359700521127
41.53666666666667,41.001217,0.5354497782389345
41.42,41.074,0.34599868774414233
41.18666666666667,41.62338,-0.43671208699544195
41.029999999999994,41.553154,-0.5231539916992247
41.269999999999996,40.905476,0.3645243835449179
41.41333333333333,41.08054,0.33279362996418627
41.660000000000004,41.098286,0.5617143249511756
41.81666666666666,41.346146,0.4705210367838504
41.953333333333326,41.477066,0.47626729329426354
42.09,41.7501,0.33990081787109716
42.300000000000004,41.86201,0.4379890441894574
42.08666666666667,41.928333,0.15833338419596998
41.78,42.187317,-0.40731689453124886
41.37999999999999,42.45672,-1.0767184448242304
41.19333333333333,41.580814,-0.3874810282389376
40.96333333333334,41.43658,-0.4732473246256461
40.843333333333334,41.379707,-0.5363740030924475
41.24666666666667,40.89415,0.3525168863932322
41.6,40.709873,0.8901268005371108
41.86333333333334,40.907425,0.9559084065755243
41.51,41.682667,-0.17266677856445511
41.10333333333333,41.65923,-0.5558959452311214
40.93666666666667,41.735332,-0.7986658223470045
40.77333333333333,41.106094,-0.33276102701822907
40.78666666666667,40.665886,0.1207807413737001
40.61000000000001,41.143658,-0.5336576843261653
40.63,40.55837,0.07163131713867443
40.63,40.53309,0.09691131591797131
40.585,40.678833,-0.09383300781249915
40.62166666666667,40.495766,0.12590098063151345
40.88166666666667,40.510193,0.3714737955729177
41.16333333333333,40.570183,0.5931505330403581
41.35333333333333,40.563034,0.7902992757161442
41.093333333333334,41.119244,-0.025910288492838163
40.87333333333334,41.343773,-0.4704395548502518
40.873333333333335,41.18128,-0.3079448954264308
41.373333333333335,40.692806,0.6805270894368505
41.836666666666666,40.786934,1.0497327677408848
42.093333333333334,41.05943,1.0339041646321618
41.906666666666666,41.776527,0.13013926188151004
41.370000000000005,42.0489,-0.6789006042480423
41.059999999999995,41.938046,-0.8780455017089892
40.99666666666667,41.597427,-0.6007607014973928
41.17666666666666,40.842968,0.33369867960611543
41.313333333333325,40.987465,0.3258684285481692
41.25666666666666,41.202564,0.05410242716470748
41.209999999999994,41.104416,0.10558410644530625
41.28,41.315025,-0.03502532958984261
41.47666666666667,41.143234,0.33343241373697907
41.82333333333334,41.010513,0.8128200276692752
42.14333333333334,41.469696,0.673637288411463
42.34,41.626858,0.713142242431644
42.46333333333334,41.907017,0.5563165791829476
42.480000000000004,42.40426,0.07574127197266023
42.388333333333335,42.306545,0.08178807576497604
42.24833333333334,42.3774,-0.12906611124673617
42.085,42.578915,-0.4939146423339835
42.25,42.15705,0.09294891357421875
42.49,42.032887,0.45711349487304886
42.72666666666667,42.122524,0.6041424051920572
43.006666666666675,42.41606,0.5906052652994873
43.21333333333334,42.604916,0.6084177144368539
43.42333333333333,42.77864,0.6446925862630195
43.343333333333334,43.21699,0.12634190877278684
43.13666666666666,43.279118,-0.14245091756185246
43.16333333333333,43.440147,-0.27681406656901686
43.28666666666666,43.208485,0.07818201700845862
43.60666666666667,42.838696,0.7679711405436223
43.63,43.414906,0.21509445190429943
43.80333333333333,43.458515,0.34481816609699933
44.093333333333334,43.60064,0.49269399007161496
44.59333333333333,43.627483,0.9658499654134047
44.96,43.93006,1.0299386596679696
45.266666666666666,44.38292,0.8837473551432282
45.29,44.94857,0.3414297485351554
45.236666666666665,45.068523,0.1681432596842427
44.92666666666667,45.37373,-0.44706303914387746
44.733333333333334,45.266487,-0.533153788248697
44.44666666666666,45.06778,-0.6211128743489667
44.42333333333333,44.691208,-0.2678745524088555
44.25666666666666,44.68492,-0.4282545979817769
44.43999999999999,44.256664,0.18333572387694375
44.57,44.426247,0.14375335693359403
45.089999999999996,44.20038,0.8896215820312463
45.57666666666666,44.550396,1.026270701090489
46.00333333333333,44.76247,1.2408630879720022
46.356666666666676,45.46289,0.8937760416666762
46.89333333333333,45.938934,0.9543990071614559
47.190000000000005,46.074608,1.115392150878911
47.54,46.614452,0.9255476379394523
47.516666666666666,47.471516,0.045151011149087594
47.800000000000004,47.118347,0.6816528320312543
47.916666666666664,47.695168,0.22149912516275805
47.99,47.693615,0.2963850402832051
47.733333333333334,47.865765,-0.1324312845865876
46.88999999999999,48.125687,-1.235686645507819
45.72,47.967846,-2.247845916748048
44.62333333333333,47.357735,-2.7344013468424535
43.54666666666667,46.119766,-2.5730995686848956
42.22666666666667,44.888428,-2.6617610677083334
41.78,44.1482,-2.36820098876953
41.51333333333333,42.84486,-1.3315267435709686
42.39666666666666,41.009155,1.3875113932291612
41.95666666666666,42.13057,-0.17390279134114905
41.65,41.62991,0.020090484619139204
39.506666666666675,42.65375,-3.147084706624341
38.39333333333333,41.426052,-3.0327187601725285
36.78666666666667,40.864857,-4.078190053304034
34.79666666666667,37.632526,-2.8358597310384113
33.11000000000001,37.801083,-4.691082611083978
30.229999999999997,36.247093,-6.017093200683597
30.076666666666668,31.875517,-1.7988502248128242
28.316666666666663,32.436653,-4.119986470540368
28.256666666666668,28.236185,0.020481592814128646
26.839999999999996,29.503,-2.6630002593994178
25.43,27.706888,-2.2768881988525393
24.94333333333333,26.966799,-2.0234654490153012
24.86,25.978325,-1.1183248901367193
26.996666666666666,23.665955,3.330712076822916
28.153333333333332,24.882215,3.2711178334554027
29.76,25.28913,4.470870742797853
29.356666666666666,28.404377,0.9522896830240875
28.34,28.740952,-0.40095153808593764
26.933333333333334,29.99472,-3.0613871256510414
25.650000000000002,28.739208,-3.0892082214355447
25.986666666666665,26.590286,-0.6036195882161479
26.506666666666668,26.271109,0.23555803934733177
27.866666666666664,24.8304,3.0362661997477183
29.19,26.28106,2.9089407348632825
29.63666666666667,27.289974,2.346692454020186
29.823333333333334,28.165462,1.6578708394368498
28.60666666666667,30.182098,-1.5754317220052059
27.696666666666673,29.322697,-1.626030019124343
26.996666666666666,29.187366,-2.190699818929037
26.78,27.697626,-0.9176261138916004
26.38,26.654428,-0.27442848205566506
25.63,26.86802,-1.2380191040039072
24.81666666666667,26.543375,-1.726708348592119
24.26666666666667,25.382824,-1.1161572774251276
24.183333333333337,24.812195,-0.6288614908854129
24.346666666666664,24.182812,0.16385492960611714
24.993333333333332,23.552471,1.4408621724446604
24.78666666666667,24.168154,0.618512903849286
24.240000000000002,24.406364,-0.16636444091796676
23.646666666666665,25.110075,-1.4634083302815775
23.55,24.113512,-0.5635120391845696
23.653333333333332,23.180305,0.4730278523763012
23.95666666666667,23.472095,0.4845711771647174
24.693333333333335,23.486563,1.2067706044514992
25.306666666666665,23.239786,2.066880518595376
24.953333333333333,24.169739,0.7835945638020831
23.716666666666665,25.356722,-1.6400552113850928
22.91333333333333,25.128412,-2.215078913370771
22.69,23.85885,-1.1688504791259753
23.396666666666665,22.471756,0.9249106852213522
23.871666666666666,22.5665,1.3051669565836583
25.058333333333334,22.669762,2.38857167561849
26.088333333333335,23.74271,2.345623219807944
27.430000000000003,23.959288,3.470712356567386
28.37833333333333,25.75743,2.6209042104085256
29.201666666666664,26.917692,2.2839744822184223
29.448333333333334,27.863062,1.5852714284261076
29.060000000000002,28.937878,0.1221223449707054
28.78666666666667,29.60821,-0.8215429433186827
29.233333333333338,29.093683,0.13965009053548627
30.610000000000003,28.34516,2.2648404693603545
31.84,28.815496,3.0245035552978514
33.37333333333333,29.87545,3.497883199055984
34.473333333333336,31.616076,2.857257817586266
35.00333333333334,32.375443,2.627890828450525
34.29666666666667,34.260323,0.036344095865885606
32.513333333333335,35.232666,-2.7193326822916646
31.256666666666668,34.516125,-3.259458058675129
30.613333333333326,33.230606,-2.6172727457682363
30.919999999999998,30.958454,-0.03845413208007997
30.953333333333333,30.606752,0.34658093770345033
30.82666666666667,30.698317,0.12835009256999186
30.196666666666673,30.905556,-0.7088890584309837
29.863333333333337,30.57271,-0.7093767038981085
29.533333333333335,30.395956,-0.862622706095376
29.240000000000002,29.435974,-0.195974121093748
28.963333333333335,29.503944,-0.5406110636393215
28.343333333333334,29.394598,-1.0512646738688147
28.31666666666667,28.51227,-0.19560330708821283
28.239999999999995,28.632359,-0.39235855102539574
28.39,27.752535,0.6374651336669928
28.29666666666667,28.05241,0.24425654093424853
28.246666666666666,28.338137,-0.09147000630696667
28.033333333333335,28.025616,0.007717641194663116
27.886666666666667,27.918682,-0.03201543172200516
27.400000000000002,28.210112,-0.8101116180419901
27.639999999999997,27.520998,0.1190019989013642
27.853333333333335,27.466595,0.3867386372884134
28.473333333333333,26.98252,1.4908141835530593
29.176666666666666,27.767548,1.4091190592447909
30.02,28.00017,2.0198302459716793
30.616666666666667,28.53014,2.086526743570964
30.516666666666666,29.771372,0.7452948252360017
30.386666666666667,30.442753,-0.05608617146809891
30.403333333333332,30.520224,-0.1168902842203785
30.78666666666666,30.060305,0.7263620249430289
30.92666666666667,30.247795,0.6788715616862007
30.723333333333333,30.510187,0.21314618428548116
30.36,30.900667,-0.5406671905517584
30.36333333333333,30.732231,-0.368897806803389
30.69,30.149267,0.5407328033447278
30.906666666666666,29.98958,0.917086512247721
30.935000000000002,30.520018,0.4149823760986351
30.686666666666664,30.825533,-0.13886624654134394
30.71,30.627958,0.08204170227050867
30.835,30.74357,0.09142967224121179
31.54333333333333,30.329033,1.2143004353841107
32.18,30.57787,1.6021305847167966
32.69,31.01205,1.6779493713378884
32.72666666666667,32.004227,0.7224399820963541
32.60333333333334,32.426334,0.1769989522298232
32.40333333333333,32.63764,-0.23430857340495237
32.123333333333335,32.514385,-0.391051890055337
31.863333333333337,32.30737,-0.44403589884439754
31.58,32.167217,-0.5872172546386736
31.459999999999997,31.746695,-0.28669456481933864
31.233333333333327,31.500025,-0.2666914621988994
31.416666666666668,31.29347,0.12319628397623816
31.439999999999998,31.236675,0.20332473754882585
31.60333333333333,30.838531,0.7648018391927067
31.723333333333333,31.547964,0.17536923726399678
31.99,31.344398,0.6456015014648422
32.04,31.24795,0.7920503997802726
31.803333333333335,31.935717,-0.13238329569498575
31.756666666666675,32.062572,-0.30590581258137206
31.95,31.543417,0.40658302307128835
32.04,31.479383,0.5606165313720695
31.663333333333334,31.85962,-0.196285807291666
31.473333333333333,31.929142,-0.4558086649576829
31.236666666666668,31.757425,-0.5207586415608709
31.146666666666665,31.060125,0.08654131571451629
30.97666666666667,31.315393,-0.33872678120930644
30.686666666666664,31.0624,-0.3757341512044299
30.646666666666665,30.67167,-0.025004247029624338
30.439999999999998,30.817806,-0.37780624389648665
30.169999999999998,30.271769,-0.10176856994629091
29.596666666666668,30.389072,-0.7924057515462231
29.123333333333335,30.26899,-1.1456562296549464
28.60666666666667,29.52125,-0.9145831044514949
28.356666666666666,28.897171,-0.5405043538411469
28.17333333333333,28.822979,-0.6496456400553434
28.616666666666667,27.973915,0.6427515665690109
28.86,27.928465,0.9315351104736322
29.12666666666667,28.151016,0.9756504313151062
29.173333333333336,28.823147,0.3501865132649762
29.450000000000003,28.695229,0.7547714233398466
29.913333333333338,28.974604,0.938729680379236
30.173333333333336,29.165773,1.0075599416097027
30.353333333333328,29.441618,0.911715367635086
30.639999999999997,30.226635,0.41336502075195014
31.090000000000003,30.062267,1.0277326965332065
31.58,30.079683,1.5003166961669905
31.35,31.04681,0.30318984985351705
30.993333333333336,31.289732,-0.29639864603678134
30.720000000000002,31.494131,-0.7741310882568335
30.73333333333333,30.863874,-0.13054110209147396
30.543333333333337,30.451893,0.09144048055013343
30.333333333333336,30.668242,-0.3349081675211565
30.33666666666667,30.668978,-0.33231107076008826
30.933333333333334,29.931448,1.0018853505452476
31.450000000000003,30.044474,1.4055263519287138
31.32333333333333,30.521555,0.8017783864339165
30.5,31.256893,-0.7568931579589844
29.71333333333333,31.53944,-1.8261068216959657
29.696666666666665,30.60876,-0.9120941670735689
30.03,29.436552,0.593447952270509
30.668333333333337,29.32607,1.3422625478108756
31.16166666666667,30.016487,1.1451795450846376
31.75166666666667,29.995169,1.7564979807535828
31.93333333333334,30.884401,1.0489320119222079
31.813333333333336,31.525753,0.28758031209310175
32.63333333333333,31.7472,0.8861333211263016
33.736666666666665,31.768116,1.9685506693522115
34.79666666666667,31.506737,3.289929911295573
34.559999999999995,33.63938,0.9206185913085889
34.20333333333333,34.715664,-0.5123305765787762
34.39333333333333,34.61201,-0.218677622477216
34.89666666666667,33.875763,1.0209037272135433
35.14333333333334,34.035786,1.1075476582845099
35.0,34.92021,0.0797882080078125
34.57666666666667,35.053123,-0.47645680745442576
34.27666666666667,34.829567,-0.5529002888997354
34.169999999999995,34.77725,-0.6072483825683648
34.03,34.071426,-0.04142639160156136
33.709999999999994,33.922382,-0.21238235473633438
32.925,34.297764,-1.3727638244628935
32.748333333333335,33.602997,-0.8546634928385402
32.775,33.056095,-0.28109512329101705
32.906666666666666,32.28764,0.6190270487467444
33.29,32.724503,0.5654974365234366
33.336666666666666,32.87627,0.4603963724772129
33.53333333333333,32.51667,1.0166631062825502
33.32666666666667,33.65431,-0.3276416524251289
33.666666666666664,33.212215,0.4544512430826799
33.85666666666667,33.082085,0.7745820109049504
33.86333333333334,33.342743,0.5205904134114618
34.083333333333336,33.94176,0.14157231648763258
34.63333333333333,33.67883,0.9545041402180985
35.29333333333333,33.49585,1.7974837239583294
35.126666666666665,34.492897,0.6337696329752589
34.78333333333333,35.069027,-0.28569361368815294
34.46,35.327152,-0.8671522521972648
34.67666666666666,34.55595,0.12071650187174043
34.84,34.35017,0.48982986450195654
35.089999999999996,34.444073,0.6459272766113244
35.163333333333334,34.824585,0.338748372395834
35.403333333333336,34.737083,0.6662498982747422
35.65,35.085785,0.5642150878906236
35.516666666666666,35.14586,0.3708079020182282
35.336666666666666,35.381874,-0.045207417805990247
35.50666666666667,35.814896,-0.3082289632161448
35.95333333333333,35.02159,0.9317421468098956
36.419999999999995,34.963573,1.4564265441894477
36.28333333333333,36.108658,0.17467549641926894
36.32666666666667,36.087967,0.2386997477213555
36.050000000000004,36.262,-0.212001037597652
35.733333333333334,36.11208,-0.37874628702799384
35.17333333333333,36.236027,-1.0626934305826836
34.69666666666666,35.677746,-0.9810791524251385
34.486666666666665,35.254288,-0.7676210530598979
34.38,34.74067,-0.3606692504882787
34.09,34.215027,-0.1250268554687466
33.68333333333333,34.391075,-0.7077418009440137
33.19333333333333,34.24889,-1.055556589762375
32.61666666666666,33.40868,-0.7920132954915431
32.14333333333333,33.271156,-1.1278229777018254
31.64666666666667,32.867863,-1.2211960347493473
31.793333333333333,31.757229,0.03610448201497363
32.193333333333335,31.777992,0.4153410847981789
32.62333333333334,31.351147,1.272186635335295
33.080000000000005,31.710432,1.3695679473877007
33.29666666666667,32.65763,0.6390357462565106
33.78,32.541943,1.2380574035644543
34.35,33.072712,1.2772880554199233
34.71333333333334,33.521442,1.1918909200032601
35.18333333333334,33.898922,1.2844113667806027
35.2,34.720314,0.4796859741210966
35.20666666666666,34.751915,0.4547516886393197
35.13666666666666,35.28741,-0.1507440694173212
35.06,35.098686,-0.038686218261716476
35.12,34.87957,0.2404299926757787
35.05666666666667,35.162437,-0.10577077229817178
35.13333333333333,34.88243,0.25090230305989536
35.29166666666667,34.948,0.3436648050944058
35.40166666666667,35.01151,0.3901577250162802
35.625,35.01507,0.6099281311035156
35.739999999999995,35.335457,0.40454315185546363
36.03333333333333,35.351215,0.6821179707845033
36.163333333333334,35.615063,0.5482706197102871
36.093333333333334,35.74701,0.3463240559895837
36.093333333333334,36.132515,-0.03918162027994754
36.43,36.101208,0.32879226684570284
36.77666666666667,35.714138,1.0625286356608115
37.019999999999996,36.14156,0.8784403991699179
36.943333333333335,36.872265,0.07106847127278826
37.236666666666665,36.666862,0.5698041788736958
37.56666666666667,36.92128,0.6453867594401075
37.85666666666667,36.89909,0.9575768534342473
37.85,37.37588,0.47411880493164205
37.69666666666666,37.83799,-0.14132314046224792
37.38,37.772186,-0.39218627929687244
37.05666666666667,37.5774,-0.5207335408528593
36.77,37.560574,-0.7905735778808562
36.88333333333334,36.99757,-0.11423670450845691
37.410000000000004,36.654396,0.7556039428710974
38.080000000000005,36.667244,1.4127560424804742
38.613333333333344,37.017784,1.5955492146810002
38.93,37.822178,1.107822113037109
38.79333333333333,38.445385,0.3479483540852826
38.980000000000004,38.665302,0.31469772338867585
39.13333333333333,38.98251,0.15082372029622348
39.653333333333336,38.463135,1.190198567708336
39.940000000000005,39.151314,0.7886862182617236
40.086666666666666,39.442642,0.6440244547526035
40.13000000000001,39.744793,0.3852070617675878
40.040000000000006,40.08364,-0.0436410522460875
39.97,40.008213,-0.03821304321289176
39.98666666666667,40.00655,-0.019883168538406437
40.09,39.961285,0.12871536254883154
40.166666666666664,39.831966,0.3347002665201799
40.03,39.996975,0.03302505493164176
39.67333333333334,40.175873,-0.5025394694010359
39.61,40.040455,-0.4304548645019537
39.589999999999996,39.73118,-0.14117828369140994
39.84,39.315033,0.5249670410156284
39.92666666666667,39.709236,0.21743052164713816
40.209999999999994,39.58356,0.6264390563964781
40.04333333333333,39.828293,0.21504048665364195
40.040000000000006,40.006954,0.03304580688477188
39.78,40.31176,-0.5317599487304676
39.99666666666666,39.62399,0.3726775614420532
40.03666666666667,39.987724,0.048942362467450096
40.196666666666665,39.72065,0.4760169474283842
40.07333333333333,39.98832,0.08501393636067434
40.25,40.13208,0.117919921875
40.16000000000001,40.11378,0.046219024658213925
40.09666666666667,39.79919,0.29747614542643674
39.54333333333333,40.51179,-0.9684578959147174
39.54333333333333,39.988407,-0.4450738016764362
39.74666666666666,39.63702,0.10964655558267822
40.17666666666667,39.214092,0.9625744120279975
40.26,39.705433,0.5545671081542949
40.19666666666667,39.995247,0.2014197794596413
40.14666666666667,40.240086,-0.09341893513997235
40.06666666666667,40.121883,-0.05521672566731439
40.04333333333333,39.984158,0.059175771077470074
39.67666666666667,40.16169,-0.48502309163411184
39.36333333333333,39.932865,-0.5695318094889359
39.28,39.884525,-0.6045252990722645
39.52000000000001,39.28836,0.23163940429688523
39.81,39.018143,0.7918572998046898
39.73333333333334,39.466835,0.26649831136068514
39.59666666666667,39.7057,-0.10903325398762576
39.52333333333333,39.74408,-0.22074625651041657
39.61,39.458553,0.15144668579101506
39.64,39.429928,0.2100721740722662
39.44666666666667,39.53863,-0.09196477254231183
39.213333333333324,39.60768,-0.39434794108073845
39.12,39.516964,-0.39696395874023693
39.14666666666667,39.11211,0.03455652872721515
39.32,38.986366,0.33363372802734403
39.35333333333333,39.15971,0.19362340291340985
39.14333333333334,39.07176,0.0715750630696661
38.339999999999996,39.353706,-1.013706359863285
37.843333333333334,39.3092,-1.4658669535319007
37.67666666666666,38.637478,-0.9608112080891971
38.099999999999994,37.438484,0.6615158081054631
38.413333333333334,37.75157,0.6617616780598965
38.843333333333334,37.86004,0.983294576009115
38.96666666666667,38.161343,0.8053240458170592
38.98333333333333,38.58168,0.4016530354817647
38.86333333333333,39.04108,-0.1777471415201859
39.260000000000005,38.749447,0.5105531311035207
39.46666666666666,38.810295,0.6563715616861927
39.42,38.859955,0.5600451660156267
39.11,39.631695,-0.5216947937011724
38.480000000000004,39.456635,-0.976634521484371
38.379999999999995,38.901222,-0.5212222290039108
38.166666666666664,38.957325,-0.7906583150227888
38.13999999999999,37.879585,0.2604147338867122
37.89,38.30681,-0.41680847167968693
37.75666666666666,38.278416,-0.52174901326498
37.93666666666666,37.625656,0.3110105387369728
37.62666666666667,37.65368,-0.027012227376296494
37.59666666666667,37.822598,-0.22593083699543826
37.73,37.929886,-0.19988586425781563
38.16666666666667,36.997948,1.1687189737955777
38.379999999999995,37.61897,0.7610310363769486
38.45666666666666,38.185932,0.2707345072428353
38.59,38.041744,0.548255767822269
38.43333333333334,38.343834,0.08949940999349337
38.36333333333334,38.5549,-0.19156778971353816
38.52,38.46803,0.05197097778320625
38.903333333333336,38.09943,0.8039032491048204
39.18333333333334,38.354015,0.8293179829915402
39.323333333333345,38.77553,0.5478015645345167
39.583333333333336,39.02286,0.5604718526204451
39.99666666666666,39.1911,0.8055655924479126
40.37,39.304085,1.0659152221679662
40.63333333333333,39.77113,0.862203725179036
40.94666666666666,40.32436,0.6223067728678302
41.32,40.42377,0.8962290954589847
41.653333333333336,40.650143,1.0031906636556016
41.75,41.270603,0.4793968200683594
41.83,41.512074,0.31792648315429517
41.79666666666667,41.6737,0.1229682413736981
41.74666666666666,41.74592,0.0007483927408813429
41.813333333333325,41.835556,-0.02222269694011203
41.953333333333326,41.686863,0.2664703877766854
42.080000000000005,41.641037,0.4389630126953179
42.07333333333333,41.95962,0.11371190388997121
41.836666666666666,42.01831,-0.181643880208334
41.74,41.993206,-0.2532060241699199
41.46333333333333,42.02719,-0.5638578287760438
41.36666666666667,41.50916,-0.14249242146809848
40.94,41.675808,-0.7358079528808616
40.39333333333333,41.31129,-0.917957407633466
39.83666666666666,41.116474,-1.2798074849446692
39.346666666666664,40.58576,-1.2390915425618516
39.46666666666667,39.807545,-0.34087804158528456
39.49666666666666,39.486656,0.010010477701818843
39.47666666666667,39.05876,0.41790506998697907
39.45,39.68481,-0.23481063842773153
39.36333333333333,39.461704,-0.09837092081706089
39.49666666666667,38.991,0.5056655375162791
39.25333333333333,39.62502,-0.3716857401529978
39.266666666666666,39.26774,-0.0010716756184905307
39.10333333333333,39.266224,-0.1628905741373714
38.96,39.129562,-0.16956237792968665
38.86666666666667,39.20154,-0.3348752339680985
38.91666666666667,38.86835,0.04831568400065578
39.06666666666668,38.705563,0.3611040751139427
39.18,38.884506,0.2954937744140622
38.976666666666674,38.897808,0.0788585917155018
38.86333333333334,39.040592,-0.1772588602701788
38.470000000000006,39.21461,-0.7446110534667909
38.4,38.517307,-0.11730728149414205
38.18333333333333,38.71974,-0.5364084879557325
38.656666666666666,38.242455,0.41421213785807254
39.26,38.13342,1.1265809631347636
40.10000000000001,38.10593,1.994069671630868
40.550000000000004,39.163803,1.3861968994140668
40.61000000000001,39.68855,0.9214509582519597
40.65666666666667,40.382057,0.27460947672526714
40.943333333333335,40.74904,0.19429463704427263
41.82,40.26359,1.5564082336425784
42.36,40.69899,1.661010131835937
42.54,41.506718,1.0332823181152335
42.296666666666674,42.424545,-0.12787862141926354
42.35333333333334,42.389095,-0.03576197306314555
42.54,42.33622,0.2037802124023429
42.92,42.12759,0.7924098205566423
43.153333333333336,42.510757,0.6425758870442735
43.23333333333334,42.779808,0.45352528889974764
42.94,43.066444,-0.12644439697265852
42.50666666666667,43.23672,-0.7300543721516917
42.063333333333325,43.142147,-1.078813730875659
42.14333333333333,42.51044,-0.36710749308268475
42.516666666666666,42.15997,0.35669733683268134
42.99333333333333,41.892307,1.1010260518391917
42.86333333333333,42.378754,0.48457967122395473
42.92999999999999,42.91025,0.019748382568351985
42.720000000000006,43.101418,-0.3814175415039003
42.666666666666664,42.358303,0.3083635965983049
42.13333333333333,43.12536,-0.9920252482096359
41.75,42.698627,-0.9486274719238281
41.75,42.166283,-0.41628265380859375
41.95,41.85449,0.09551162719726847
42.356666666666676,41.541286,0.8153801981608169
42.4,41.87088,0.5291198730468736
42.169999999999995,42.182507,-0.012506561279302275
41.96000000000001,42.50693,-0.5469313049316327
42.28,42.183678,0.09632232666015739
42.97,41.77365,1.1963488769531239
43.54666666666667,41.982986,1.5636802164713544
43.14,42.803085,0.33691467285156307
42.47,43.446796,-0.9767964172363293
41.33333333333333,43.64725,-2.313917795817062
40.94666666666666,42.28041,-1.3337440999349042
41.13333333333333,41.904255,-0.7709215799967453
41.75666666666666,40.749462,1.0072045389811137
42.56,40.729122,1.830877838134768
42.91666666666666,41.859943,1.056723276774079
43.29666666666667,42.04389,1.2527747599283856
43.406666666666666,42.803177,0.6034897867838538
43.42999999999999,43.16616,0.26383941650389886
43.41666666666667,43.302334,0.11433283487956203
43.51,43.419743,0.09025741577148239
43.68,43.42067,0.2593304443359372
43.92666666666667,43.35988,0.5667881266276069
43.75,43.64557,0.10443115234375
43.24666666666666,43.840588,-0.5939209493001343
42.86,44.00142,-1.141419067382813
42.88666666666667,43.383095,-0.496428120930986
43.236666666666665,42.66837,0.568297373453774
43.57,42.881092,0.6889079284667972
43.89333333333334,43.1664,0.7269324239095099
44.26666666666667,43.352222,0.9144442240397197
44.4,43.748035,0.6519645690917955
44.46,44.104126,0.35587402343750085
44.443333333333335,44.449245,-0.005912119547524242
44.71,44.336178,0.3738221740722665
44.760000000000005,44.42532,0.33468032836914574
44.86333333333333,44.518425,0.344908345540361
44.843333333333334,44.97369,-0.13035669962565066
45.31666666666667,44.66223,0.65443522135417
45.82,44.816143,1.0038569641113284
46.28666666666667,45.002964,1.2837026468912782
46.52666666666667,45.760273,0.7663936869303427
46.873333333333335,46.184986,0.6883472188313817
46.913333333333334,46.378883,0.5344499715169277
46.64,46.65605,-0.01605163574218693
46.04666666666667,47.23579,-1.18912358601888
45.58,46.737083,-1.1570834350585955
45.50666666666667,46.15995,-0.6532835896809885
45.38,45.81344,-0.4334384155273412
45.32666666666667,45.370613,-0.04394643147786326
45.019999999999996,45.636925,-0.6169247436523477
45.06333333333334,45.32031,-0.2569753519693947
45.49333333333333,45.094177,0.3991560872395823
46.34,44.856228,1.483772125244144
47.19333333333333,45.254093,1.9392401631673124
47.68333333333333,46.0365,1.64683430989583
47.79,46.962566,0.8274336242675773
47.67333333333333,47.656235,0.017098592122394507
47.81000000000001,47.73579,0.0742097473144625
48.016666666666666,47.690838,0.32582880655924384
47.95,47.66223,0.28776855468750284
47.403333333333336,48.112167,-0.7088340250651015
46.790000000000006,48.232414,-1.4424142456054625
46.88666666666667,47.60629,-0.7196222432454391
47.25,46.869614,0.3803863525390625
47.43333333333333,46.59482,0.838515218098955
47.24,47.448288,-0.2082879638671855
46.96666666666666,47.560757,-0.5940900166829479
46.739999999999995,47.096844,-0.356843719482427
46.349999999999994,47.135773,-0.7857727050781307
46.586666666666666,46.926743,-0.3400758870442715
46.86,46.46801,0.3919900512695307
46.82666666666667,46.09529,0.7313755289713555
46.68666666666667,47.216312,-0.5296457417805982
46.50333333333332,47.08171,-0.5783774820963643
46.56666666666667,46.123905,0.44276148478190436
45.616666666666674,46.93889,-1.3222218831380133
44.78666666666667,46.6365,-1.8498346455891905
44.63333333333333,46.17914,-1.5458048502604171
44.943333333333335,44.761227,0.18210667928060076
45.49666666666667,44.304535,1.1921317545572947
45.75333333333334,45.27377,0.47956395467122803
46.29,45.144924,1.1450758361816398
46.596666666666664,45.55465,1.0420173136393203
46.65333333333333,46.11576,0.5375725301106726
46.330000000000005,46.6128,-0.28280059814452585
46.49666666666667,46.624294,-0.12762761433918968
46.7,46.547684,0.15231628417969034
46.95333333333333,46.040657,0.9126762898763019
46.94666666666667,46.92457,0.02209849039714129
47.13333333333334,47.039154,0.09417928059896497
47.46666666666667,46.6968,0.7698664347330748
47.94333333333333,47.055862,0.8874709065755155
48.199999999999996,47.52645,0.673548889160152
48.473333333333336,47.57056,0.9027728780110706
48.493333333333325,48.33423,0.15910481770832519
48.03999999999999,48.402664,-0.36266418457032046
47.73,48.43525,-0.7052493286132844
47.29,48.61172,-1.3217210388183602
47.383333333333326,47.476654,-0.09332071940104925
47.66,47.575626,0.08437362670898096
47.900000000000006,47.400124,0.49987640380859943
48.010000000000005,47.386158,0.623842010498052
47.84666666666667,48.102844,-0.2561775716145789
48.166666666666664,48.01116,0.15550486246744555
48.48333333333334,47.779896,0.7034375508626383
48.84666666666667,47.858612,0.9880546061197961
49.17333333333334,48.735798,0.437535451253261
49.37666666666667,48.64091,0.7357555643717504
48.839999999999996,48.874683,-0.03468338012695682
47.763333333333335,49.72387,-1.9605359903971333
46.849999999999994,49.353172,-2.5031723022460994
47.056666666666665,47.854668,-0.7980009969075539
47.06666666666666,47.13288,-0.06621449788411837
46.78666666666667,46.745686,0.04098108927409072
46.10333333333334,47.671432,-1.5680991617838487
45.99333333333333,46.92163,-0.9282975260416677
46.540000000000006,45.988235,0.5517645263671938
46.730000000000004,45.961304,0.768696289062504
46.76666666666667,46.327286,0.4393809000651103
46.07000000000001,47.047516,-0.9775158691406176
45.85,46.54869,-0.6986907958984361
45.58,46.564804,-0.9848040771484392
45.58666666666667,45.562794,0.023872934977219984
45.66333333333334,45.79007,-0.1267362467447839
45.79,45.74776,0.04223922729492102
46.33666666666667,45.35121,0.9854551188151106
46.27,45.865704,0.40429641723633125
45.97333333333333,46.023262,-0.049928690592452085
45.486666666666665,46.654915,-1.1682481892903667
45.65,45.992786,-0.34278640747070455
45.95333333333333,45.442844,0.5104889424641925
46.28333333333334,45.472015,0.8113179524739635
46.53666666666666,46.113674,0.42299250284830237
46.980000000000004,46.087616,0.892384033203129
47.330000000000005,46.321594,1.0084057617187554
47.230000000000004,46.884388,0.34561203002930085
47.23333333333333,47.30331,-0.0699770609537822
46.98666666666667,47.413822,-0.42715550740559394
47.096666666666664,46.942375,0.15429148356119526
47.08,47.394207,-0.3142070007324236
47.11,46.88956,0.2204393005371088
46.68,47.084625,-0.4046252441406253
45.95,47.350872,-1.400872039794919
45.010000000000005,46.934605,-1.9246046447753855
44.589999999999996,46.109634,-1.5196343994140662
44.17666666666667,45.49793,-1.3212619527180962
43.589999999999996,44.39008,-0.8000794982910193
43.20666666666666,44.548138,-1.3414709981282584
43.12,44.096535,-0.9765347290039088
43.54666666666667,42.65107,0.8955970255533856
43.60666666666666,43.23611,0.37055597941080265
43.983333333333334,43.558292,0.42504094441731866
44.47,43.454563,1.0154368591308582
44.85333333333333,43.51694,1.336392262776691
44.77666666666667,44.513435,0.2632313028971396
44.95,44.80259,0.1474105834960966
45.35666666666667,44.71742,0.6392479960123723
45.29333333333333,44.65815,0.6351836140950482
45.04333333333334,45.30105,-0.2577149454752572
44.660000000000004,45.768394,-1.10839447021484
44.67,44.729294,-0.059293823242185795
44.62,44.783615,-0.16361511230469006
44.413333333333334,44.80786,-0.394527994791666
44.326666666666675,44.53784,-0.2111751302083249
43.62,44.57367,-0.9536694335937526
43.27,44.25993,-0.9899296569824187
42.89666666666667,44.216904,-1.3202370198567692
43.36666666666667,42.87149,0.49517618815104214
43.57666666666667,43.095516,0.4811504618326836
43.830000000000005,43.063686,0.766313629150396
43.76,43.63882,0.12117935180663864
43.86666666666667,43.66943,0.19723688761393277
43.99666666666667,43.77212,0.22454523722331032
44.199999999999996,43.674088,0.5259124755859332
43.93666666666667,43.973934,-0.03726750691731695
43.99,44.15382,-0.16382003784179489
43.72666666666666,44.22763,-0.5009639485677155
43.77333333333333,43.497967,0.27536656697591155
43.473333333333336,44.199226,-0.725893046061195
43.49333333333333,43.62143,-0.1280961100260427
43.62,43.471237,0.14876281738280994
43.83666666666666,43.48516,0.35150583902994015
44.203333333333326,43.510284,0.693048909505201
44.67666666666667,43.709545,0.9671215311686225
45.28666666666666,44.011467,1.275199686686193
46.08333333333333,44.462967,1.620366414388016
46.67,45.0117,1.6583003234863298
47.18,45.714973,1.4650265502929685
47.34,46.690895,0.6491049194335972
47.620000000000005,46.88172,0.7382785034179733
47.54333333333334,47.36766,0.17567281087239905
47.18,47.495613,-0.31561309814453153
46.733333333333334,47.775204,-1.04187037150065
46.53333333333334,47.419613,-0.8862795511881458
46.81999999999999,46.71455,0.1054499816894463
46.82333333333333,46.607643,0.21569020589192434
46.67666666666667,46.68798,-0.011313985188799336
46.16,47.14199,-0.9819906616210972
45.9,46.62941,-0.7294097900390639
45.72666666666667,46.358425,-0.6317584737141928
45.646666666666675,45.918232,-0.27156529744465274
45.419999999999995,45.79611,-0.3761082458496148
45.559999999999995,45.7467,-0.1867002868652392
45.88333333333334,45.554386,0.32894719441732434
46.37666666666667,45.16239,1.214275004069016
46.693333333333335,45.913227,0.780106252034507
46.88666666666667,46.29732,0.5893453470865921
47.053333333333335,46.435535,0.6177979024251314
47.11666666666667,46.93032,0.1863459269205734
46.94,47.01413,-0.07412963867187727
47.093333333333334,47.03124,0.06209477742513059
46.809999999999995,47.244152,-0.4341520690918017
46.23666666666666,46.707237,-0.4705705769856863
45.053333333333335,47.335873,-2.28253931681315
43.94333333333333,46.637486,-2.6941521708170626
42.9,45.277973,-2.3779731750488295
42.62333333333333,44.331535,-1.708202006022141
43.08,43.439167,-0.35916702270507983
44.46666666666667,42.10028,2.3663859049479186
45.28,42.856384,2.423615722656251
45.9,43.99892,1.9010795593261705
46.85333333333333,45.273952,1.5793808492024723
47.66,45.37636,2.2836381530761685
48.216666666666654,46.088596,2.1280703226725137
47.21,48.056564,-0.8465643310546866
46.77,47.9095,-1.1395001220703094
46.300000000000004,48.009033,-1.7090332031249957
46.263333333333335,46.28571,-0.022376047770180207
46.56,46.679268,-0.11926788330077898
46.696666666666665,46.63721,0.05945582071939981
47.53666666666667,45.812904,1.7237623087565126
47.90666666666667,47.143574,0.7630929056803453
48.48,46.972256,1.5077442932128875
48.29333333333334,47.802242,0.4910910542806022
48.156666666666666,48.417595,-0.26092824300130246
48.36333333333334,48.634563,-0.27123011271158504
48.93,47.810448,1.119552307128906
49.11666666666667,48.213192,0.9034746805826828
49.9,49.097263,0.802736663818358
52.38666666666666,49.164474,3.2221921793619757
55.29,48.89494,6.395060577392577
56.53999999999999,51.05958,5.480418243408195
56.38666666666667,55.22185,1.1648153177897171
56.06333333333334,56.672264,-0.6089307657877541
56.53666666666666,55.648563,0.8881032816568961
57.13333333333333,56.283752,0.8495808919270829
57.53000000000001,56.615215,0.9147846984863364
57.76333333333333,56.908127,0.8552065022786408
57.89333333333334,57.83499,0.058341878255212976
57.576666666666675,57.78452,-0.20785252888996553
57.17666666666668,57.713367,-0.5367007954915266
56.44666666666666,58.35872,-1.9120522054036542
56.363333333333344,57.23388,-0.8705457560221248
56.42666666666667,56.776176,-0.34950978597004934
56.91333333333333,56.53069,0.38264409383137377
57.12666666666667,56.65761,0.46905481974284413
57.53666666666666,56.665176,0.8714902750650992
57.66333333333333,57.509052,0.15428105672199877
58.18666666666667,57.274876,0.9117910257975268
58.266666666666666,57.760643,0.506023661295572
58.57666666666667,58.062607,0.5140598551432305
58.97,58.65187,0.31812927246093636
59.550000000000004,58.244392,1.305607604980473
60.08999999999999,58.945263,1.1447370910644423
59.843333333333334,59.75318,0.09015187581380246
60.10333333333332,59.80079,0.30254445393878626
59.953333333333326,60.511032,-0.5576987711588615
60.416666666666664,59.57936,0.8373057047526018
60.24999999999999,60.507538,-0.2575378417968821
60.20000000000001,60.326164,-0.1261642456054588
59.98,60.634064,-0.6540637207031281
60.07333333333333,60.30412,-0.2307857767740913
60.32333333333333,60.237873,0.08546025594075246
60.7,60.138954,0.5610458374023466
60.77333333333332,60.42315,0.35018422444660047
61.269999999999996,60.78055,0.489451904296871
62.04666666666666,61.062637,0.9840293375650973
62.81666666666666,60.7724,2.044266764322913
63.19666666666668,62.03389,1.1627768961588671
63.28333333333334,63.06779,0.21554234822591667
63.199999999999996,62.919216,0.28078384399413636
63.11000000000001,63.410988,-0.3009878540038997
62.830000000000005,63.69855,-0.8685511779785102
62.783333333333346,63.007446,-0.22411295572915435
62.67,63.316437,-0.6464367675781233
62.72333333333333,63.074894,-0.35156061808268646
63.20333333333333,62.79037,0.41296239217122377
63.169999999999995,62.96496,0.20504180908202585
63.21333333333334,63.091957,0.12137624104818201
62.86333333333332,63.831688,-0.9683545939127711
62.99666666666667,63.035286,-0.03861928304036155
63.22666666666667,63.277565,-0.05089833577473968
63.61000000000001,63.12308,0.4869187927246159
63.760000000000005,63.25501,0.5049913024902395
63.63666666666667,63.78373,-0.14706288655598598
63.123333333333335,64.04749,-0.9241596476236964
62.99333333333334,63.769627,-0.7762932840983012
63.21000000000001,63.67152,-0.4615202331542889
63.99,62.952496,1.0375044250488301
64.53,63.326363,1.2036373901367199
64.53666666666668,64.006294,0.5303724161783947
64.26666666666667,64.67537,-0.4087025960286468
64.13333333333334,64.79723,-0.6639002482096288
64.17333333333333,64.379265,-0.20593149820963674
63.29333333333334,64.30637,-1.0130402628580697
62.263333333333335,64.54163,-2.278300272623696
61.589999999999996,64.424866,-2.8348657226562537
62.263333333333335,62.286655,-0.023322092692055207
63.233333333333334,61.89162,1.3417126973470062
63.879999999999995,62.348774,1.5312260437011673
64.16333333333334,63.22138,0.9419550069173255
64.52333333333333,63.96282,0.5605151875813732
65.25,64.10528,1.1447219848632812
66.50333333333333,64.314476,2.1888573201497366
67.11999999999999,65.16492,1.9550830078124903
67.63,66.08779,1.5422085571289017
67.48666666666666,67.557686,-0.07101918538411667
67.76666666666668,67.205666,0.5610010782877737
67.95666666666666,67.84035,0.11631937662760095
68.49666666666667,67.770905,0.7257621256510447
68.92,68.09173,0.828271789550783
69.46000000000001,68.47572,0.9842767333984455
70.06,69.13608,0.9239221191406273
70.62333333333333,69.29536,1.3279765828450536
71.05666666666667,69.9739,1.0827668253580782
71.3,70.83034,0.46966247558593466
71.33,70.95938,0.3706188964843733
70.99333333333334,71.37457,-0.3812394205729106
69.88666666666667,71.77655,-1.8898836263020797
68.42666666666666,71.34463,-2.9179607137044314
66.72333333333333,70.818436,-4.095102335611983
66.37666666666667,69.304504,-2.927837727864585
65.08666666666667,67.714355,-2.627688802083327
65.38333333333333,66.26459,-0.8812540690104242
63.98666666666666,67.45709,-3.4704256184895925
64.94333333333333,63.97667,0.9666640218098905
65.32333333333334,65.979866,-0.6565326944986936
66.23,63.8947,2.3353009033203165
66.22666666666667,65.46455,0.7621204630533924
65.83999999999999,66.82333,-0.9833337402343858
66.01,66.069046,-0.059046020507807384
66.41333333333333,65.92777,0.48556081136067064
66.99666666666667,66.25171,0.7449576822916697
67.49000000000001,66.51401,0.9759924316406341
67.84333333333333,66.88267,0.9606657918294275
68.11333333333333,67.69957,0.41376363118489223
68.12333333333332,67.899445,0.22388875325519564
68.36333333333333,68.01479,0.348539937337236
68.47333333333333,68.63493,-0.16160013834635834
68.72666666666667,68.20638,0.5202839152018299
68.86666666666666,68.720474,0.14619242350259753
69.29666666666667,69.04105,0.2556128946940106
69.91333333333334,68.89279,1.020541585286466
70.32666666666667,69.18252,1.1441486612955742
70.56666666666666,70.132195,0.4344721476236941
71.14999999999999,70.481316,0.6686843872070227
71.77666666666667,70.431854,1.3448124186197958
72.19,71.016785,1.1732153320312477
72.0,72.075455,-0.0754547119140625
72.12666666666667,72.17162,-0.0449565633138036
72.26,72.344055,-0.08405517578124488
72.46333333333334,72.045334,0.41799947102865076
72.92,72.64414,0.27585784912109546
73.74666666666667,72.75987,0.9867942301432322
74.95,72.58851,2.3614913940429716
75.66666666666667,73.77233,1.8943354288737027
75.85,74.79729,1.0527130126953068
74.85666666666667,75.635155,-0.7784880574544246
74.44999999999999,75.981514,-1.5315139770507926
74.62333333333333,75.85759,-1.2342563883463527
75.85333333333334,73.922066,1.9312675984700576
76.65666666666667,75.07792,1.57874766031901
77.04666666666668,76.026436,1.0202308146158998
77.14333333333333,76.49061,0.6527251180012996
76.43666666666668,77.12056,-0.6838930257161309
75.50666666666666,77.36257,-1.8559050496419331
74.22,77.185684,-2.9656842041015636
74.28666666666668,75.8973,-1.6106340535481678
74.78666666666666,75.31524,-0.528572285970057
74.93999999999998,74.01217,0.9278311157226398
74.22999999999999,75.38226,-1.1522631835937602
72.81333333333332,75.93022,-3.116888224283869
72.44,74.18544,-1.7454400634765648
71.71666666666667,73.84964,-2.1329732259114564
71.52666666666667,72.65399,-1.1273250325520792
70.63333333333334,72.84815,-2.2148188273111913
70.19000000000001,71.712074,-1.5220742797851443
70.09,71.67141,-1.5814096069335903
70.62333333333333,70.45171,0.1716197713216161
71.13333333333334,70.21901,0.9143239339192775
71.25000000000001,70.99362,0.2563781738281392
71.14666666666666,71.32797,-0.18130574544271383
71.22666666666666,71.34988,-0.12320973714193428
70.96,71.45697,-0.49697021484375625
70.82000000000001,71.30593,-0.48593109130858636
70.36666666666667,71.63509,-1.2684270222981695
70.26666666666667,70.93329,-0.6666219075520843
70.46333333333334,70.95017,-0.486839090983068
70.7,70.538216,0.1617843627929716
71.24,70.50577,0.7342321777343699
71.72333333333333,71.21113,0.5122050984700479
72.26333333333334,71.010185,1.2531480916341167
72.08,71.768616,0.3113842773437483
71.59,72.508896,-0.9188958740234341
71.34666666666668,72.52002,-1.1733528645833218
71.95,71.737785,0.2122146606445341
73.18666666666668,71.616295,1.5703718058268379
73.95666666666666,71.93513,2.021539408365882
74.15333333333332,72.92544,1.227895406087228
73.82666666666667,74.4112,-0.5845348103841133
74.09333333333335,74.05753,0.03580006917319167
74.45666666666666,73.93068,0.525987345377601
75.14,74.14747,0.9925314331054693
75.66999999999999,74.83682,0.8331774902343625
76.39333333333333,74.86834,1.5249937947591121
76.75333333333332,75.829216,0.9241173299153473
78.16333333333334,76.319084,1.8442491658528724
79.48333333333333,76.84124,2.6420934041341155
80.56666666666668,77.08548,3.481186930338552
80.86333333333334,79.83379,1.0295396931966252
81.34,80.36881,0.9711874389648472
62.02989133333333,80.285416,-18.25552431608073
42.383466999999996,81.38743,-39.00396128369141
22.480376,82.11028,-59.62990689794922
22.554775000000003,33.464546,-10.909771203613278
22.56965466666667,27.098589,-4.528934276814777
22.57560666666667,23.993576,-1.4179693831380185
22.632119999999997,22.313177,0.31894289123534847
22.655927666666663,21.754353,0.9015750970865852
22.664855333333335,21.72185,0.943005891805015
22.644053666666668,22.005999,0.6380550552164728
22.661909666666666,22.233644,0.4282651811930336
22.703573333333335,22.36212,0.34145365865071753
22.733332666666666,22.411625,0.3217077582194001
22.789875666666667,22.477001,0.3128744764811202
22.849394666666665,22.492804,0.35659109305826675
22.962481,22.50365,0.45883033471679724
22.965457,22.629507,0.33594993518066474
22.998192333333332,22.668028,0.33016445552571483
22.995216666666668,22.80724,0.18797713419596462
23.039856,22.71311,0.3267460299072269
23.02795233333333,22.76402,0.2639314135335269
23.010096333333333,22.823898,0.18619801790364576
23.036880000000004,22.816595,0.22028492248535514
23.117230666666668,22.759651,0.35757948258463657
23.093422999999998,22.779034,0.31438933911132594
23.033903666666667,22.864899,0.16900498502604222
22.977360666666666,22.954172,0.023188532267251816
23.001168333333336,22.772093,0.2290755141194687
23.048783666666665,22.727148,0.3216356106363918
23.057711666666666,22.790272,0.26743990763346304
23.090447333333334,22.78384,0.30660715388997417
23.072591666666664,22.836765,0.23582637736002354
23.078543333333336,22.837465,0.24107804707845304
23.075567333333332,22.87222,0.2033482476399726
23.022,22.820015,0.20198504638671722
22.920817666666665,22.847801,0.07301645817057079
22.852370666666662,22.86836,-0.01598985274251774
22.855346666666666,22.695152,0.16019438395182206
22.894034,22.583176,0.3108583408203138
22.926769666666665,22.643219,0.28355067252604016
22.965457333333333,22.643465,0.32199229121907536
23.02497633333333,22.657503,0.36747320528157346
23.090447333333334,22.737913,0.35253420161946636
23.233293,22.759478,0.47381538464355444
23.343403666666667,22.82715,0.5162533218180343
23.376139000000002,22.933712,0.4424269943847676
23.304716000000003,23.138054,0.1666621059570339
23.239244666666668,23.175692,0.06355306205241007
23.23924466666667,23.09661,0.1426355510660855
23.25114866666667,23.015306,0.23584219388834882
23.292812333333334,22.992607,0.30020521663411515
23.358283333333333,23.045414,0.312869362386067
23.405898666666666,23.022943,0.38295516996256396
23.393994666666668,23.08544,0.3085549846598319
23.313644,23.217937,0.09570653051757816
23.289836333333334,23.176596,0.11324064546712265
23.294300333333332,23.09914,0.19516016609700415
23.306204,23.03909,0.26711479711914166
23.27942033333333,23.077,0.2024206690266901
23.25114866666667,23.081543,0.16960569791666913
23.271980666666668,23.058388,0.2135929103190115
23.29281233333333,23.019209,0.27360342525227566
23.29578833333333,23.002832,0.2929559206136041
23.316619999999997,23.087446,0.2291737872314421
23.417802666666667,23.07477,0.34303269291178395
23.516009333333336,23.02426,0.49174976607259424
23.524937,23.14191,0.3830264470214857
23.426730333333335,23.321367,0.1053630695393899
23.358283333333333,23.311798,0.04648523763020762
23.34042766666667,23.235651,0.10477665043131879
23.364235333333333,23.121494,0.24274104012044262
23.39530733333333,23.104616,0.29069116817219864
23.474865666666663,23.139006,0.33586000565592045
23.635843666666666,23.146439,0.48940506803385375
23.771543000000005,23.179005,0.5925383308105516
23.858993666666667,23.340256,0.5187379293619792
23.839392666666665,23.568388,0.27100468143717293
23.93287466666667,23.599157,0.33371733329264686
23.96303,23.650038,0.31299223449707014
24.01278633333333,23.604347,0.40843910432942465
23.91930433333333,23.822474,0.09683080733235272
23.759480666666665,23.77107,-0.011589813680014771
23.684092,23.743122,-0.059030100830078425
23.641874333333337,23.63915,0.002723713826501495
23.672029666666667,23.355186,0.3168432042643232
23.536330333333336,23.461885,0.07444488106282776
23.45491066666667,23.466095,-0.011184304036454762
23.385553,23.376266,0.009286520507814089
23.325242000000003,23.155676,0.16956611193847948
23.246838,23.205153,0.04168548840332065
23.180496333333334,23.15546,0.02503597566731841
23.204620666666667,22.962864,0.24175674454752638
23.225729333333334,22.978443,0.24728618758138055
23.28302466666667,22.948475,0.33454978263346646
23.373491,22.96843,0.40506143457031385
23.406662000000004,23.030771,0.37589074450684024
23.40364633333333,23.096462,0.3071840835774715
23.427770666666667,23.21819,0.20958142716471428
23.476019333333333,23.173658,0.30236096236165366
23.533314666666666,23.128798,0.40451713553873603
23.557439000000002,23.28336,0.2740794724121116
23.569501333333335,23.299679,0.2698225308431006
23.581563666666664,23.289278,0.29228563627115633
23.530299333333335,23.377058,0.15324130415853077
23.500143666666666,23.350046,0.15009750882975226
23.497128,23.328817,0.16831063244628908
23.479035,23.267908,0.2111269036865231
23.45792633333333,23.251719,0.20620781221516538
23.424755333333334,23.295023,0.12973236885579453
23.439833,23.215248,0.2245848920898439
23.479035,23.188805,0.2902303735351559
23.497128333333333,23.203339,0.2937897102864575
23.460941666666663,23.227402,0.23353993326822575
23.394599666666664,23.28229,0.11231016166178165
23.31318,23.269106,0.04407408874511631
23.27096233333333,23.162754,0.10820827449543913
23.237791333333337,23.11553,0.12226131929525152
23.2589,23.040642,0.21825821533203182
23.283024333333337,23.006962,0.27606251082357147
23.319211,22.998156,0.32105540612792893
23.310164333333333,23.0584,0.2517651328938797
23.258900333333333,23.06757,0.19133060066731744
23.183511666666668,23.098837,0.08467476786295691
23.047812333333333,23.066544,-0.0187312457682296
23.002579,22.955093,0.047485616210938275
22.984485666666664,22.899158,0.08532718888346125
23.074952,22.704308,0.37064444384765594
23.11113866666667,22.757769,0.3533700356852236
23.11415433333333,22.805595,0.30855893538411294
23.099076333333333,22.886938,0.21213823824055922
23.059874,22.889053,0.17082065527343815
23.029718666666664,22.85012,0.17959812223307026
22.990516666666664,22.869137,0.12137985636393012
22.942268,22.797531,0.14473687207031105
22.930205666666666,22.757908,0.1722977992350252
22.940571666666663,22.754435,0.1861370810953744
23.01755233333333,22.655823,0.36172957942708095
23.09179,22.693274,0.39851645568847616
23.107038000000003,22.7615,0.3455385950927763
23.09483966666667,22.834997,0.25984248954264544
23.119236666666662,22.910767,0.20847006510416222
23.23817233333333,22.854084,0.3840883184407531
23.347958666666667,22.833452,0.5145064419352217
23.363207,22.967623,0.39558424304199136
23.344909333333337,23.139944,0.20496525679525135
23.34186,23.154943,0.18691653381347706
23.402852333333332,23.082676,0.3201763994954412
23.500440333333337,23.127798,0.3726422528890012
23.558383,23.144522,0.41386128674316325
23.494341000000002,23.216812,0.27752886621093964
23.314413000000002,23.381386,-0.06697280322265442
23.225974,23.338497,-0.11252316186523359
23.265619,23.118359,0.14726038793945406
23.363207,22.944342,0.41886534045410073
23.402852,23.024141,0.3787106883544915
23.41810033333333,23.125349,0.29275128853352683
23.430298999999998,23.16429,0.2660095255126933
23.433348666666667,23.169666,0.26368237638346415
23.36015733333333,23.201181,0.15897592159016583
23.332710666666667,23.216799,0.11591188431803445
23.305264,23.192768,0.11249590307617297
23.381505,23.039454,0.3420514935302741
23.293065666666667,23.111835,0.181230186930339
23.201577,23.100729,0.1008480113525394
23.003351,23.188103,-0.1847517221679702
22.68314,22.945335,-0.2621953881835921
22.378177,22.850168,-0.4719912281494132
22.137256333333333,22.672285,-0.5350287466227215
22.143355666666668,22.079721,0.06363421586100415
22.082363,21.929224,0.1531389857177743
21.92988166666667,21.883585,0.04629669047038121
21.606621,21.892117,-0.28549554663085885
21.408395,21.744812,-0.33641701171875127
21.265062333333333,21.496094,-0.23103141666666716
21.243714666666666,21.066631,0.17708334952799376
21.066836333333335,21.091251,-0.024415039957681017
20.67343433333333,21.00816,-0.3347253041178426
20.258685,20.897154,-0.6384688543701174
19.95677166666667,20.648996,-0.6922246864827457
20.01014,20.001326,0.008814392700195128
20.14432366666667,19.69719,0.447134335611981
20.26020966666667,19.656115,0.6040950884195979
20.255635333333334,19.87457,0.3810644867757169
20.243436666666664,19.982048,0.26138863199869533
20.179394333333335,20.00935,0.17004451033528767
20.197692,19.974361,0.2233305803222656
20.173295,19.996418,0.1768770007324214
20.222089333333333,19.876696,0.3453937003987626
20.215989999999998,19.984491,0.23149865173339634
20.194642666666667,19.941519,0.2531238830973308
20.115352,19.971022,0.14433034777832177
19.965920333333333,19.993431,-0.027510757975260702
19.859183333333334,19.894506,-0.03532312113443936
19.825637666666665,19.778187,0.04745086857096226
19.828687333333328,19.601337,0.22734990047199943
19.798191,19.547995,0.25019638635253827
19.586051,19.611488,-0.02543734228515504
19.422997666666664,19.565601,-0.1426036822102894
19.31817966666667,19.471722,-0.15354198250325268
19.392373333333328,19.110008,0.2823650935872344
19.463475666666664,19.066727,0.39674898209635145
19.491298333333333,19.10691,0.3843876277669267
19.410922,19.188498,0.2224244566650384
19.316634,19.254944,0.061690152343750526
19.219255,19.225471,-0.006216496582030828
19.126513,19.04261,0.08390283154296796
19.097144666666665,19.006586,0.09055859183756354
19.179066666666667,18.940662,0.23840428263346425
19.364550666666666,18.756079,0.6084719465738928
19.503663999999997,18.864061,0.6396026444091767
19.546943666666667,19.092731,0.45421219083658926
19.56240066666667,19.22406,0.33834060807291877
19.454201333333337,19.309689,0.14451276521810286
19.281082666666666,19.312292,-0.031209432332357068
19.11105566666667,19.319393,-0.2083374912923155
18.999765333333333,19.085192,-0.0854263933512378
18.873018000000002,18.851576,0.02144214855957216
18.693716333333334,18.80346,-0.10974283414713426
18.604065666666667,18.690434,-0.08636783553059857
18.573151666666664,18.455616,0.11753566935221116
18.551512,18.290773,0.2607386082763661
18.446404,18.357336,0.0890679556884777
18.381484333333336,18.307064,0.07442027693685205
18.24237133333333,18.211468,0.030903590413409177
18.103258333333333,18.105377,-0.0021188639322922143
17.988876333333334,18.101234,-0.11235810270182256
17.957962,17.846617,0.11134525500488124
17.877585666666665,17.695839,0.18174673844400857
17.85285466666667,17.736967,0.11588757987467702
17.837397666666668,17.685747,0.1516505200602225
17.719924333333335,17.475512,0.24441278243001463
17.518983,17.6289,-0.10991752795410292
17.444789333333333,17.630537,-0.1857476997477221
17.420058,17.19875,0.2213084577636728
17.274762,17.100893,0.17386897937011625
16.95634766666667,17.326725,-0.37037733943684614
16.798686,17.067757,-0.26907065283203124
16.77704633333333,16.73786,0.039186607381182625
16.848148666666667,16.506556,0.3415931094156903
16.909976666666665,16.497698,0.41227883646647
17.030541333333332,16.547895,0.4826459018147773
17.154197333333336,16.62888,0.5253177862141953
17.302584666666668,16.683311,0.6192732042643243
17.450971999999997,16.884756,0.5662159117431607
17.55298833333333,17.011065,0.5419238039143863
17.651913333333333,17.129305,0.5226084474690751
17.685918666666666,17.343628,0.3422907369791659
17.812666333333333,17.362326,0.45034066499837166
17.920865666666668,17.441208,0.4796577809244802
18.236189,17.494972,0.7412167709960933
18.375301999999998,17.68256,0.6927420329589822
18.483501,17.764736,0.718764824462891
18.418581333333336,18.293083,0.12549814241536694
18.486592333333334,18.203691,0.28290085078938887
18.622614,18.140152,0.48246202246093617
18.715356333333332,18.235712,0.4796442819417308
18.845195000000004,18.334341,0.510853950805668
18.903931666666665,18.47603,0.4279013169352197
18.83592066666667,18.525038,0.3108829011637404
18.393850000000004,18.698885,-0.3050349639892538
17.866572666666666,18.700657,-0.8340842242024742
17.619954333333332,18.421812,-0.8018577241617848
17.670015333333332,17.652786,0.017229078450519353
17.943117333333333,17.210608,0.7325098046468099
18.093794000000003,17.461159,0.6326352475585963
18.178549666666665,17.515755,0.662794966959634
18.107919666666668,17.807205,0.300714466471355
18.032581333333333,17.979633,0.05294800203450478
18.031012,17.863682,0.16733020678710986
18.051416333333332,17.752869,0.2985476809895822
18.038859999999996,17.79938,0.2394806512451133
18.059264,17.812965,0.24629860693359262
18.150298000000003,17.781054,0.3692444569091826
18.241332000000003,17.77182,0.46951193164062843
18.297836000000004,17.849257,0.4485794844970741
18.272723000000003,17.999268,0.2734554218750027
18.228775333333335,18.038975,0.18980057137044426
18.235053333333337,18.049236,0.1858170357259148
18.235053333333333,17.993963,0.24109009175618468
18.209940666666665,17.934752,0.27518915604654737
18.118906666666668,18.033073,0.08583324137369885
18.093794000000003,17.98607,0.10772336706543229
18.10321133333333,17.871794,0.23141758638508847
18.087516,17.80628,0.2812358638916024
18.052985666666665,17.868557,0.18442869034830522
18.033209333333332,17.863766,0.1694436167805975
18.146217,17.769228,0.37698901843261723
18.268642333333336,17.781567,0.487075713460289
18.404565333333338,17.798166,0.6063990583089236
18.479904,18.013334,0.46656972570800903
18.580355333333333,18.128548,0.4518076648763021
18.796953666666667,18.201517,0.5954365615641279
19.060638333333337,18.292656,0.7679823885091182
19.522086333333334,18.43039,1.091696929036459
19.967838999999998,18.773766,1.1940734360351541
20.328835666666667,19.04122,1.2876159553629556
20.331975,19.676048,0.6559267211914062
20.228384666666667,20.1126,0.11578434012858096
19.927031000000003,20.20616,-0.27912859167480164
19.72612833333333,19.974705,-0.24857640909830891
19.449887,19.937275,-0.48738793286132776
19.34629633333334,19.451073,-0.10477635953775533
19.19248,19.294765,-0.10228547241210961
19.010412000000002,19.107204,-0.09679243725585707
18.746727333333332,18.984385,-0.23765720340983165
18.520712,18.818258,-0.2975462855224613
18.304114000000002,18.570797,-0.2666829665527324
18.084376666666667,18.252045,-0.16766801106770757
17.78616166666667,18.122683,-0.3365209047444644
17.641763,17.905893,-0.2641303258056631
17.726519,17.586731,0.1397880429687497
17.883474333333336,17.27745,0.6060237718098982
17.952534333333332,17.367163,0.585371628865559
17.87719566666667,17.65635,0.22084648453776268
17.786161666666665,17.672613,0.11354852274576643
17.710823333333334,17.64548,0.065344131062826
17.563285666666665,17.570717,-0.007431191243490787
17.409469666666666,17.450684,-0.0412139270833336
17.274488333333334,17.418455,-0.14396679056803308
17.309018333333334,17.172077,0.13694115437825616
17.481669,16.991293,0.4903760465087892
17.715532,16.988455,0.7270771812744137
17.834818,17.141148,0.6936703864746079
17.908390666666666,17.385996,0.5223948017985016
17.911476333333333,17.63685,0.2746259762776688
17.905858,17.593021,0.3128366071777329
17.854871333333335,17.677753,0.1771178848470072
17.848498,17.721085,0.1274134052734368
17.896298,17.597145,0.29915291943359534
17.902671333333334,17.553867,0.3488039932454434
17.82300466666667,17.6649,0.1581048406168648
17.759271333333334,17.685305,0.07396669160970148
17.791138,17.587418,0.20372039746093762
17.861244666666664,17.48917,0.3720745922037736
17.915418,17.493128,0.4222901771240224
17.924978,17.6109,0.3140771210937494
17.988711333333335,17.656807,0.33190438753255336
18.125738000000002,17.661964,0.46377358349609565
18.170351333333336,17.678593,0.49175865144857056
18.128924666666666,17.821674,0.30725031974283823
17.966404666666666,18.019646,-0.05324102425130306
17.829378,17.873096,-0.04371846606445473
17.698724666666664,17.774546,-0.07582100288900051
17.517085,17.631296,-0.11421115783691249
17.405552,17.452501,-0.04694929699707018
17.281272333333334,17.360846,-0.07957323246256465
17.252592333333332,17.103739,0.14885354854329336
17.188859000000004,17.059057,0.1298017642822309
17.102819000000004,16.978163,0.12465623449707408
16.924366,16.944916,-0.020549771484375867
16.698113,16.88204,-0.18392702380371162
16.5579,16.744282,-0.18638176879882806
16.605699666666666,16.484118,0.12158215873209599
16.733166,16.249458,0.4837076870117194
16.80964566666667,16.262953,0.5466928621012386
16.80964566666667,16.474827,0.33481885392252764
16.793712333333332,16.548845,0.2448670421956365
16.784152666666667,16.52744,0.25671354923502676
16.717233,16.553787,0.16344576855468773
16.656686666666666,16.539923,0.11676395243326709
16.59614,16.506035,0.09010514892577959
16.554713333333332,16.393938,0.16077526875813675
16.554713333333332,16.355932,0.19878109761555862
16.56746,16.31672,0.25074094482421927
16.981726,16.248047,0.7336791249999983
17.421485333333333,16.318724,1.1027616547444659
17.670045000000002,16.339426,1.3306189593505877
17.654111666666665,17.20647,0.4476411771647122
17.584005,17.585674,-0.0016692858886706574
17.714658,17.2417,0.47295878125
17.791138,17.405008,0.38612968395996106
17.940911333333332,17.467585,0.47332672334798076
18.039697999999998,17.496346,0.5433524799804665
18.106618,17.63053,0.47608859631347755
18.132111333333334,17.852741,0.27937009187825623
18.170351333333333,17.813545,0.3568061062825514
18.160791333333332,17.858706,0.30208581270344936
18.211778,17.965462,0.24631626904296766
18.326497666666665,17.925247,0.4012504742838523
18.460337333333335,17.860174,0.6001631542561867
18.476270333333336,18.075659,0.40061153511556213
18.441217333333334,18.211636,0.22958174373372486
18.428470666666666,18.237812,0.19065862443033765
18.431657333333334,18.207838,0.2238192748616541
18.415723999999997,18.162725,0.2529985513915989
18.307377666666664,18.19271,0.11466679020182013
18.272324666666666,18.19886,0.07346449820963485
18.273718666666664,18.11881,0.15490801298014034
18.264306666666666,17.92926,0.33504641276041625
18.217181999999998,18.047277,0.1699045494384741
18.171898,18.082699,0.0891991779785144
18.207478666666667,17.89872,0.30875887906901056
18.178367333333334,17.93338,0.244987206380209
18.133083,17.951876,0.18120731335449136
18.107206333333334,17.948896,0.15830992525227927
18.023107000000003,17.882313,0.14079422534179997
17.867846999999998,17.835997,0.031850372192380405
17.623635666666665,17.861555,-0.23791943282063954
17.254893,17.668072,-0.4131787468261727
17.106102,17.424595,-0.3184928791503907
17.227399,17.19517,0.03222955114745929
17.741698,16.64972,1.0919787617187495
18.285108333333334,16.8181,1.467008357747396
18.58269,17.32227,1.2604205603027339
18.657085666666664,17.873953,0.7831328010660776
18.58269,18.401413,0.181277036132812
18.543874999999996,18.431034,0.11284091186523071
18.53740566666667,18.34069,0.19671505387369947
18.605332,18.349373,0.2559591362304694
18.715308,18.31371,0.40159874096679715
18.89321033333333,18.274265,0.6189450440266882
18.974075000000003,18.466412,0.5076634094238308
19.090519999999998,18.581766,0.5087538714599589
19.187557333333334,18.744219,0.44333850703938893
19.300767999999998,18.77243,0.5283375800781229
19.388102000000003,18.927458,0.4606441905517613
19.436621000000002,19.05554,0.3810809151611352
19.44955933333333,19.108067,0.341492774495439
19.423682666666668,19.208412,0.21527049625651173
19.39457133333333,19.23224,0.1623306564534488
19.413978666666665,19.176146,0.23783311307779798
19.384867333333332,19.159567,0.2253004540608714
19.31047166666667,19.145943,0.164528978678387
19.206965,19.192648,0.01431706604003935
19.187557333333334,19.092686,0.09487163387044362
19.194026666666666,18.955107,0.23891993143717372
19.122865666666666,18.904966,0.2178993122965487
19.103458333333336,18.973576,0.12988274129232025
19.122866000000002,18.93997,0.18289598352050973
19.213434333333336,18.739237,0.47419750166829644
19.132569666666665,18.888569,0.24400078849283702
19.025828333333337,18.966427,0.0594014839681023
18.679728000000004,18.956547,-0.2768187834472613
18.553579,18.762722,-0.20914301538086022
18.488887333333334,18.690477,-0.20159003788248597
18.621505333333335,18.092817,0.5286880268147804
18.621505333333335,18.24614,0.37536580696614763
18.60533233333333,18.409239,0.1960935180257124
18.60533233333333,18.325485,0.2798471038411421
18.54064066666666,18.314934,0.22570688981119247
18.521232999999995,18.398546,0.12268678112792486
18.55681333333333,18.332897,0.22391614705403384
18.64091266666667,18.17502,0.46589244877116087
18.600480333333334,18.319408,0.28107191658528663
18.351417333333334,18.395132,-0.04371473148600202
18.039279999999998,18.383474,-0.34419434997558795
17.584821,18.281551,-0.6967303610839828
17.586236000000003,17.81406,-0.22782421118163754
17.607816,17.516356,0.0914604854736325
18.19646266666667,17.01255,1.1839123126627626
18.51183733333334,17.483028,1.028808921468105
18.820642,17.486757,1.3338847215576166
18.794360666666666,18.361948,0.432412653361002
18.777935,18.579292,0.19864270263671813
18.748368666666668,18.492329,0.25604002286783967
18.722087333333334,18.576641,0.14544625056966254
18.768079333333336,18.594515,0.1735644865315784
18.853493,18.417568,0.4359247932128909
18.886344666666666,18.478632,0.40771269340006455
18.840352666666668,18.656853,0.1834999444986991
18.879774666666666,18.618616,0.2611585625406896
18.912626333333336,18.599876,0.3127499295247418
18.929052,18.581783,0.3472687053222643
18.922481666666666,18.68925,0.23323072062174433
18.925766666666668,18.693798,0.23196860148112108
18.93562233333333,18.641373,0.2942496526692686
18.925767,18.688005,0.23776155261230514
18.866634333333334,18.699612,0.16702266951497435
18.88306,18.664072,0.21898796325683634
18.856778666666667,18.669933,0.18684534757487015
18.917553999999996,18.558336,0.3592177420654252
18.894558,18.664183,0.23037533703613278
18.881417333333335,18.609528,0.27188974544271005
18.850208333333335,18.681332,0.1688766988118502
18.846923000000004,18.64484,0.20208275952148824
18.89948533333333,18.57466,0.32482598579915134
18.89948533333333,18.60197,0.29751466072590915
18.876489333333332,18.61669,0.25979965132649596
18.869919333333335,18.687895,0.1820245121663433
18.883060000000004,18.631659,0.2514014459228555
18.912626333333336,18.571585,0.3410416317952496
18.873204333333334,18.661905,0.21129904463704463
18.873204333333334,18.6551,0.21810446455891963
18.850208333333335,18.64523,0.2049789937337252
19.063743333333335,18.590435,0.47330830525716294
19.277278333333328,18.636147,0.6411317879231717
19.553231333333333,18.587914,0.965317820149739
19.70106333333333,19.0641,0.6369630678304006
19.793047333333334,19.250057,0.5429901128743495
19.908027666666666,19.379528,0.5284996210123687
19.957304666666666,19.609816,0.3474890691324859
19.954019666666667,19.599726,0.3542939434000658
19.993441333333333,19.728416,0.2650248904622394
20.00001166666667,19.803684,0.19632743204752856
20.049289,19.630054,0.41923452612304857
20.05585933333333,19.815336,0.2405231059163384
20.059144666666665,19.83115,0.22799461173502422
20.098566333333334,19.742167,0.35639981416829514
20.016437666666665,19.85458,0.16185774112955542
19.91131266666667,19.845581,0.06573161197917088
19.848895,19.834478,0.014416621704100407
19.82261366666667,19.68842,0.1341943246256534
19.853822666666666,19.559715,0.2941073956705722
19.857107666666664,19.6165,0.24060681217447666
19.750340333333334,19.57033,0.18001066719563852
19.640287666666666,19.600191,0.04009655033365789
19.505596333333333,19.636234,-0.13063795011393253
19.459604,19.333647,0.1259572257080066
19.39882866666667,19.2899,0.10892884061686559
19.30027433333333,19.249783,0.05049177107747127
19.344623999999996,19.129395,0.21522946874999604
19.35755933333333,19.099306,0.2582532267659481
19.508080999999997,18.97683,0.5312514711914034
19.55666666666667,19.16494,0.39172678629557467
19.543333333333333,19.1444,0.39893369038899706
19.56,19.338562,0.22143798828124872
19.55666666666667,19.376534,0.18013315836588717
19.60666666666667,19.171692,0.43497477213541913
19.52666666666667,19.385855,0.1408119455973349
19.373333333333335,19.38017,-0.006837488810219838
19.19666666666667,19.283989,-0.08732228597004976
18.906666666666666,19.228825,-0.32215794881184934
18.87333333333334,18.984459,-0.11112559000650535
18.92,18.774813,0.1451873016357439
19.040000000000003,18.42991,0.6100893402099636
18.856666666666666,18.699295,0.15737162272135308
18.713333333333335,18.811718,-0.09838465372721217
18.683333333333334,18.719786,-0.03645235697428362
18.860000000000003,18.364635,0.4953645324707061
19.03,18.40435,0.6256497192382824
19.17,18.55405,0.6159495544433611
19.16333333333333,18.730106,0.4332269795735648
19.083333333333332,18.892212,0.19112141927083215
19.01,19.005066,0.004934082031251563
19.026666666666667,18.835669,0.19099810282389384
19.046666666666667,18.737186,0.30948023478190123
