Actual,Predicted,Error
20.413212,22.330196,-1.916984380615233
20.667643000000005,21.474148,-0.8065047966308541
21.130839,21.042347,0.08849204565429858
21.894132,21.03357,0.860562664062499
20.641548,21.392899,-0.7513505595703123
21.215649,21.239002,-0.023353227783204034
20.387117000000003,21.255028,-0.8679107709960903
19.180199,20.97923,-1.799031880737303
20.230543,20.303911,-0.07336820910644448
20.954694,20.196627,0.7580673367919921
21.881084,20.519135,1.3619494785156263
20.465403000000002,21.137722,-0.6723190153808574
21.731035,21.06569,0.665345913085936
22.135516,21.363516,0.7720001461181631
22.037657,21.745462,0.2921945823974603
21.18303,21.961473,-0.7784434649658216
21.750607,21.745893,0.004713521606444004
21.574462000000004,21.75522,-0.1807584132080038
21.841941,21.715904,0.12603676416015475
21.522271,21.787779,-0.26550785437011726
22.005038,21.739384,0.26565430249023336
23.009715,21.871992,1.1377228887939452
24.490635,22.351261,2.1393738610839854
23.440290999999995,23.269106,0.17118508874511207
23.348957,23.524706,-0.17574888684082168
24.689614,23.528492,1.1611220261230457
26.676134,23.970081,2.706052670654298
24.184013,25.055975,-0.8719619603271482
23.022763000000005,24.911398,-1.8886349339599562
23.59034,24.181555,-0.5912147943115222
24.223156000000003,23.81797,0.40518572412109677
24.079630999999996,23.88025,0.19938006921386275
24.621113,23.945637,0.675476250732423
25.280025,24.225285,1.0547404235839828
23.531625,24.67664,-1.1450145568847674
24.047012000000002,24.321735,-0.27472338208007585
24.438444,24.144402,0.29404244970703175
24.497159,24.212845,0.2843141513671874
24.953831000000005,24.318258,0.6355727144775436
25.169119000000002,24.563578,0.605541348022463
24.275347,24.837591,-0.5622441712646484
24.014392,24.663282,-0.6488903944091788
23.348957,24.37467,-1.0257130286865248
23.211955,23.925955,-0.7139998187255863
21.920228,23.565111,-1.6448831602783187
22.070276999999997,22.881273,-0.810996269653323
22.937953,22.465279,0.472674374511719
22.846618,22.578466,0.268151584594726
24.46454,22.720509,1.7440314245605464
24.673303999999998,23.419144,1.2541603232421856
23.981773,24.040894,-0.05912055468749955
24.177489000000005,24.143011,0.034477906860356455
24.125298,24.173893,-0.04859497485351483
23.916534,24.158802,-0.2422680324707045
22.455186,24.049194,-1.5940083359374988
23.048858,23.42904,-0.3801829088134774
22.005038,23.17874,-1.1737015477294932
21.626653,22.697433,-1.0707804716796865
21.483128,22.22187,-0.7387424223632806
21.82237,21.879602,-0.05723243225097718
21.828893,21.82956,-0.0006663261718742319
21.678844,21.846231,-0.1673874605712875
22.559568,21.828028,0.7315402747802722
22.416042000000004,22.134933,0.28110852832031696
22.729188000000004,22.330097,0.39909080151367604
23.068430000000003,22.54391,0.5245209271240263
22.996667,22.806557,0.1901102983398424
22.252945,22.950245,-0.6972999035644527
22.872714,22.732014,0.1407002976074203
22.787902999999996,22.764664,0.023239303710933967
23.799104,22.794357,1.0047467001953123
23.609912,23.189596,0.4203158238525404
24.138346,23.435413,0.7029326394042954
24.399301,23.761887,0.6374144033203137
25.038641,24.064384,0.9742565395507796
25.50836,24.486734,1.0216256097412106
25.390929999999997,24.935503,0.455426994018552
25.782363,25.178833,0.6035299921875001
25.482264999999998,25.430115,0.05215025390624817
26.088985,25.4715,0.6174846032714854
26.924042,25.680128,1.2439139024658203
27.302426,26.150349,1.1520773366699224
26.747897,26.632841,0.11505588977050607
26.747897,26.721249,0.026648373291013883
27.791717,26.705235,1.0864824724121078
28.737679,27.055925,1.6817536307373047
27.830860999999995,27.688839,0.1420220412597608
27.843908,27.79324,0.05066840649413962
28.157054,27.772608,0.38444619665527213
27.706907,27.844805,-0.13789776379394425
28.829014,27.726519,1.1024953690185555
28.522392,28.04157,0.48082133654785153
29.540116,28.209688,1.3304278133544933
29.135636,28.664988,0.4706484359130876
29.096493000000002,28.84058,0.25591301342773676
29.337876,28.886415,0.4514605184326186
29.416163,28.968658,0.44750455273437595
28.796394,29.060324,-0.26392971520996156
28.600678,28.877201,-0.27652308032226713
28.561535,28.650446,-0.08891093811035233
28.470200999999996,28.485079,-0.01487781164551194
28.594154,28.358797,0.23535692663574181
28.144006999999995,28.338106,-0.19409915539551292
27.798241,28.181824,-0.38358273046874913
27.870004,27.930704,-0.06070011682128751
28.320151000000003,27.785046,0.5351053762207059
28.06572,27.883963,0.18175736877441295
28.281008,27.894453,0.38655495129394524
28.463677,27.971914,0.4917627086181646
28.457153,28.099216,0.35793653881836107
28.809442,28.180632,0.6288103624267585
28.522392,28.35191,0.1704823625488281
27.909147,28.368795,-0.4596483948974601
27.582953,28.117899,-0.5349459410400392
28.352771,27.791769,0.5610019722900397
28.887729,27.865885,1.0218442191162111
29.063873,28.183416,0.8804566334228525
28.457153,28.49678,-0.0396273955078108
29.429210000000005,28.464613,0.9645970391845751
29.337876,28.743515,0.5943609853515639
29.918501,28.924936,0.9935647054443351
29.761928,29.238316,0.5236124177246104
29.592307,29.396725,0.19558229907226732
29.246542,29.405516,-0.1589736707763656
29.174779,29.241804,-0.06702512292480378
28.515868,29.087166,-0.5712978325195301
28.900776,28.741625,0.15915116784668015
29.390067,28.64539,0.7446774431152328
29.794547999999995,28.816128,0.978420222900386
29.089969,29.125141,-0.03517214379882816
29.005158,29.075827,-0.07066864489745939
29.103017,28.952705,0.15031161669922
29.338404,28.890408,0.4479964377441412
29.312250000000002,28.949213,0.3630369720459008
28.599549,28.999323,-0.3997738912353519
29.273018,28.769207,0.5038109992675786
28.475317,28.826853,-0.35153579846191363
27.658001,28.61128,-0.953279441284181
27.769156,28.124277,-0.3551211148681652
28.462240000000005,27.819683,0.642556925048833
27.618769,27.9292,-0.31043021874999965
27.455306,27.750355,-0.2950487668457029
27.886849,27.541185,0.34566362097168124
27.671078,27.56876,0.10231808178711077
27.409536000000003,27.541311,-0.13177526403808315
27.52723,27.415216,0.11201355407714786
26.984531,27.37423,-0.38969843115234326
26.023367000000004,27.15657,-1.1332034345703086
26.925685,26.627943,0.29774196105957174
27.455306,26.58791,0.8673963015136721
27.828002000000005,26.85096,0.9770422221679738
27.579537999999996,27.210306,0.3692318323974568
28.096081999999996,27.363382,0.7326996605224565
28.141852,27.615181,0.5266710307617188
27.599154,27.789103,-0.18994855432129043
26.81453,27.678347,-0.8638166339111315
26.716452000000004,27.26444,-0.5479885364990196
26.330678,26.919706,-0.5890283446044933
26.108368,26.569935,-0.46156684497070444
25.984136,26.276323,-0.29218731848144586
25.794518000000004,26.066782,-0.27226399768066045
25.434899,25.886868,-0.4519685231933579
26.487603000000004,25.645432,0.8421714814453161
25.997213,25.882519,0.1146942316894517
25.912212,25.932936,-0.020723714721679443
25.323743999999998,25.90075,-0.5770052065429709
26.147599,25.64559,0.5020091715087887
26.474526,25.754522,0.7200036763916025
26.657605000000004,26.000696,0.6569088177490272
26.821068,26.258274,0.5627939216308597
26.81453,26.47924,0.33528958251953256
27.579537999999996,26.607288,0.9722496394042928
27.03684,26.94405,0.09279016479492341
26.585681,26.98639,-0.400708160156249
24.990278000000004,26.790615,-1.8003370817871058
24.741814,26.027805,-1.285991328369139
25.036048,25.360704,-0.32465642199706934
26.003751,25.070734,0.9330169759521496
26.127983,25.335503,0.7924803754882817
25.892596,25.654703,0.237892859741212
25.487207,25.78643,-0.29922335888671725
25.807595,25.672588,0.1350066516113273
25.500283999999997,25.669256,-0.16897221032715137
25.729132999999997,25.565235,0.16389786206054424
26.160676,25.574379,0.5862970327148425
26.252216000000004,25.765236,0.48698009912109796
26.906069,25.952263,0.9538061215820299
26.572604,26.30769,0.26491433325195146
25.578747,26.43524,-0.8564927918701173
25.5199,26.095943,-0.5760434509277346
24.624120999999995,25.775469,-1.15134782629395
24.839892,25.24536,-0.4054674207763682
25.075279,24.958555,0.11672377844238113
24.663352,24.923052,-0.2596998341064456
25.722594,24.802597,0.9199969541015633
25.506273,25.10647,0.39980289196777363
25.919250000000005,25.296806,0.6224436645507865
25.807812000000002,25.542131,0.26568057604980666
24.890084,25.660088,-0.7700035854492171
24.660652000000002,25.368504,-0.7078515705566382
24.575435,25.016687,-0.44125239318847775
24.378779,24.761934,-0.3831552803955063
23.939581,24.546272,-0.6066912778320308
24.280450999999996,24.263466,0.016985118652339537
24.142792,24.211752,-0.06895993786621091
24.477107,24.168242,0.308865499145508
25.145737,24.268991,0.8767455296630864
25.211289,24.609337,0.601952146972657
24.621321,24.890205,-0.268884383300783
24.051018999999997,24.827585,-0.7765662203369175
23.343058,24.513851,-1.1707931657714852
23.690483,24.003286,-0.31280336169433554
23.998577,23.77716,0.22141635546875094
24.870419,23.810068,1.0603508695068342
25.027743,24.21271,0.8150335731201181
25.099851000000005,24.592466,0.5073846456298874
25.027743,24.851845,0.1758982124023447
24.74587,24.95326,-0.20739042175292965
25.637377,24.87736,0.7600176097412117
25.716039,25.124056,0.5919831375732407
26.384669,25.367718,1.016951257080077
26.653432,25.769447,0.8839846733398424
26.745205,26.146908,0.5982971936035142
26.568215,26.40866,0.15955411132812358
26.469887,26.471928,-0.0020406428222656814
26.541994000000003,26.439108,0.10288610510254159
26.535439,26.421638,0.11380051123046897
24.352558,26.412333,-2.0597745347900407
24.398444,25.593891,-1.1954471437988268
24.044464,24.961563,-0.9170991103515611
24.339448,24.47024,-0.1307916392822257
24.555768999999998,24.30579,0.24997905249023233
24.562324,24.352926,0.20939774572753933
24.811422,24.443483,0.3679386473388675
24.542659,24.589043,-0.0463836635742183
24.221453999999998,24.590609,-0.36915459680176
24.359113,24.440271,-0.08115837756347588
24.280450999999996,24.369747,-0.08929616186523859
24.359113,24.311876,0.04723670300293037
24.287006000000005,24.307404,-0.0203975644531198
24.083795,24.292131,-0.2083364239501968
24.56888,24.20606,0.3628195904541016
25.185068000000005,24.317825,0.8672426826171922
25.080185000000004,24.65427,0.4259148278808631
24.798311,24.864222,-0.0659105728759748
24.575435,24.86691,-0.2914759344482434
25.158847,24.745665,0.4131824034423843
26.043799,24.85803,1.1857686807861327
25.978247000000003,25.298742,0.6795047056884798
25.925805,25.612686,0.31311884277343793
26.142126999999995,25.76601,0.3761167155761669
25.716039,25.90845,-0.19241017297363427
25.56527,25.825401,-0.26013130615234203
25.362058,25.672802,-0.3107439714355458
25.119515999999997,25.494673,-0.3751567752685574
25.08674,25.289555,-0.2028145959472667
25.289951,25.145338,0.14461294152831883
25.270286,25.148937,0.12134877465820182
25.539748,25.171108,0.3686397541503901
25.54632,25.291004,0.25531581909179835
25.618615,25.38603,0.23258480285644367
25.763204,25.465668,0.29753627539062677
25.539748,25.56358,-0.023831559326172425
25.408303000000004,25.544117,-0.1358139738769495
25.073118,25.459114,-0.38599607470703035
24.586772,25.270107,-0.6833352692871095
24.731362,24.952137,-0.2207749934082024
24.461899000000003,24.786074,-0.3241746846923803
24.43561,24.61419,-0.17857914794921825
24.915384,24.499498,0.4158856326904292
25.013968,24.621607,0.39236117321777186
24.080709,24.779737,-0.6990284725341809
23.495779,24.533445,-1.0376663582763683
23.660085,24.091654,-0.43156882385254036
23.338045,23.83967,-0.501625181274413
23.561502,23.595314,-0.033812025878905416
23.73238,23.535313,0.19706734741210852
23.620651999999996,23.606192,0.01446036486816027
23.653512999999997,23.632915,0.020597503173824805
24.383033,23.649796,0.7332374677734386
24.31731,23.93277,0.3845402246093741
24.718216999999996,24.128122,0.5900946702880816
25.158557999999996,24.383049,0.775508988769527
24.698500000000003,24.716105,-0.017604507446286277
24.238443,24.761284,-0.5228408745117186
24.25816,24.558432,-0.30027162536621077
24.19901,24.396694,-0.19768418334960813
23.87697,24.27715,-0.4001792004394531
23.752097,24.091934,-0.3398372041015634
23.495779,23.926928,-0.43114856652832145
23.535213,23.73443,-0.19921731311035273
24.652495000000002,23.623056,1.0294385882568378
23.844108,23.987307,-0.1431985948486343
23.554930000000002,24.00234,-0.44741031677245857
24.238443,23.841015,0.3974281379394533
24.626206,23.961882,0.6643243624267576
24.540766,24.22857,0.31219506188964985
24.954817999999996,24.382942,0.5718758002929647
25.197991,24.625532,0.5724588497314436
25.16513,24.877047,0.2880834149169935
24.921956999999995,25.01321,-0.0912532966308639
25.059974,24.985373,0.07460145666503948
25.408303000000004,24.990458,0.4178454652099646
25.184847,25.124477,0.06036961352539194
24.849662,25.148203,-0.2985408961181655
25.34258,25.020145,0.32243458374023604
26.091816,25.097849,0.9939671077880874
26.624168,25.459673,1.1644950721435556
26.157539,25.933695,0.2238441605224608
26.1904,26.076674,0.11372649230957066
26.775329999999997,26.115683,0.6596473980712858
27.202526,26.32907,0.8734568624267567
26.676746,26.647316,0.029430020996095152
27.182808999999995,26.66719,0.5156184482421828
26.979070000000004,26.820774,0.15829592163086303
26.992214000000004,26.856804,0.1354101059570354
26.873914,26.857773,0.01614117285156169
26.775329999999997,26.807833,-0.03250271789551107
26.241668,26.73625,-0.494581923706054
26.972983,26.482025,0.49095785351562427
27.592294,26.570469,1.0218250974121084
27.69112,26.918001,0.7731188250732437
28.237959,27.219408,1.0185509647216797
28.033718,27.602966,0.43075169140625036
27.809711999999998,27.777136,0.03257615100097411
28.560791,27.751362,0.8094291530761701
28.771621,27.977936,0.7936852089843747
28.613499,28.242315,0.37118370764160247
28.685971,28.350183,0.335787513061522
28.488319,28.419579,0.06874044775390686
28.363139,28.378386,-0.015246543823241865
28.903389,28.278313,0.6250763168945319
29.087865,28.411346,0.6765185644531257
29.410697,28.606699,0.8039980101318349
29.186691,28.859406,0.3272854824218747
29.423874000000005,28.94222,0.48165331213379403
29.838944,29.049656,0.7892880856933608
29.766471999999997,29.269144,0.49732794177245765
29.410697,29.39735,0.013346688720702105
29.252575,29.324974,-0.07239906005859353
29.502935,29.18691,0.31602437072753986
29.838944,29.179508,0.6594357907714858
29.160337,29.323267,-0.16292998303222817
29.64788,29.188152,0.4597276867675788
29.707176,29.241735,0.46544054162597703
29.654469,29.327652,0.32681702246093636
29.700588,29.364183,0.33640457409667945
29.384343,29.395205,-0.010861544067381601
29.39752,29.299677,0.09784310485839853
29.48317,29.215792,0.2673782977294934
29.371167,29.2003,0.17086678332519512
27.836065,29.162207,-1.326141649780272
28.336785,28.558994,-0.22220929321289162
27.829476999999997,28.277773,-0.4482959034423857
27.427583000000002,27.968782,-0.5411994249267558
27.539586,27.626867,-0.08728129431152354
27.203577,27.45821,-0.2546329914550789
26.992748,27.271034,-0.2782862407226574
27.493468000000004,27.064217,0.4292513862304723
27.328757,27.128786,0.1999709129638667
27.625236,27.156778,0.46845766442871195
27.69112,27.277716,0.4134043170166031
28.10619,27.396671,0.7095187048339859
28.488319,27.623934,0.8643852078857428
28.494907,27.9213,0.5736061119384779
28.349962000000005,28.122427,0.22753501330566905
28.205017000000005,28.170185,0.03483191088867699
28.079837000000005,28.116106,-0.03626903332519049
28.330197,28.01274,0.3174578184814436
28.541026,28.033268,0.507758025146483
28.336785,28.14996,0.18682543579101463
28.033718,28.164722,-0.13100444262695277
27.671355,28.042423,-0.37106824829101726
28.132544,27.805374,0.32716985449218683
27.44076,27.808378,-0.36761821960449126
27.177224000000002,27.594631,-0.4174071950683569
27.098163,27.330683,-0.232519754516602
27.552763000000002,27.13073,0.4220333247070336
27.730651,27.190449,0.5402022390136736
27.730651,27.338125,0.3925257711181658
27.043496,27.454937,-0.4114409812011708
26.8651,27.261898,-0.3967980407714826
26.772599,27.017542,-0.24494288537597697
27.360644,26.817429,0.5432154111328131
27.446538999999998,26.924505,0.5220337662353494
27.525826,27.082117,0.443708919311522
27.519218,27.225443,0.29377511364745956
27.922261,27.305708,0.6165530684814442
28.979421999999996,27.49227,1.487152484008785
29.567468,28.01685,1.550618482177736
28.437627,28.623741,-0.18611414990234465
28.668881,28.58686,0.0820203432617177
27.876010000000004,28.53283,-0.6568192846679644
27.638149,28.188848,-0.5506994954833999
27.750471999999995,27.829815,-0.07934291088867695
27.651364,27.651802,-0.00043806298828030776
28.153515,27.550968,0.6025468298339831
28.312089,27.687002,0.6250868179931643
28.232802,27.88145,0.35135134692382763
27.287965,27.98004,-0.6920745965576174
27.393681,27.666365,-0.27268366979980385
27.380466,27.437922,-0.057455524047853146
27.294572000000002,27.301447,-0.006874914672849286
27.406895,27.205599,0.20129616882324086
27.453146,27.200918,0.25222780236816433
27.750471999999995,27.239079,0.5113934782714793
28.014763,27.376251,0.6385117792968735
28.371554,27.578445,0.7931085654296872
28.516914,27.84886,0.6680542130126952
28.827455,28.080034,0.7474207440185552
28.437627,28.330488,0.10713879504394441
29.052102,28.337547,0.7145546977539077
30.181942000000003,28.526793,1.6551494737548857
29.726042000000003,29.097094,0.6289484178466829
30.102655,29.344978,0.7576766674804674
30.618021,29.580603,1.0374183541259754
30.888919,29.916298,0.9726210874023451
30.551949,30.231817,0.32013175451660203
30.221586,30.289862,-0.06827567907714993
30.122477000000003,30.162476,-0.0399985859374965
30.677486,30.005657,0.6718288039550764
30.426411000000005,30.110086,0.31632455895996614
30.426411000000005,30.12837,0.2980407149658255
30.029974999999997,30.130611,-0.10063641967773762
30.069619,29.979824,0.08979493383789006
30.010154,29.872627,0.13752674169921875
29.422107999999998,29.787672,-0.36556404284668176
29.739256,29.52422,0.2150364870605479
29.831757999999997,29.450157,0.38160083447265336
29.554253,29.475906,0.07834662792968672
29.336214,29.404755,-0.06854063867187676
29.019065,29.264246,-0.24518098693847534
29.395679,29.04933,0.34634924230957154
29.071923,29.03994,0.031983119628907986
29.322999,28.951334,0.3716650003662103
29.600504,28.981901,0.6186028311767586
28.754775000000002,29.126753,-0.3719778533935525
27.961905,28.91942,-0.9575152423095687
28.397983,28.427794,-0.029810502807617212
27.955297,28.240479,-0.2851815156249984
28.067620999999995,28.009987,0.05763412255858924
27.975119,27.907091,0.06802785925292909
28.464055999999996,27.84232,0.6217365114746052
28.331911,27.994574,0.3373374068603532
28.881852,28.071217,0.8106354167480454
28.550562,28.317493,0.2330685612792962
28.603569,28.370848,0.23272129797363306
29.305903,28.389246,0.9166570130615241
29.392038,28.652317,0.7397209528808588
29.551058,28.892504,0.6585542615966808
30.021488999999995,29.092258,0.9292305466308548
30.293147,29.38848,0.9046677672119152
30.313024,29.684769,0.6282553232421861
30.551553,29.868166,0.6833870301513656
30.419037,30.051739,0.36729826098632756
30.220263,30.111061,0.10920190380859296
30.412411,30.04653,0.3658812301025378
30.611185,30.05659,0.5545958734130849
31.008733,30.15119,0.857543195922851
30.790082,30.373251,0.4168310386962908
30.98223,30.452496,0.5297344250488294
30.915972,30.548306,0.36766648852539063
30.213637,30.580414,-0.3667768183593765
30.041367,30.322765,-0.28139835034179583
29.716703,30.046703,-0.3300003386230479
29.637193,29.754416,-0.11722251208496104
30.505172,29.541317,0.9638550139160174
30.73045,29.755474,0.9749759094238293
30.438915,30.054749,0.3841664648437515
30.531676,30.143934,0.38774175012207124
30.664192,30.196604,0.46758822497558583
30.379282,30.267014,0.1122684501953124
30.624436999999997,30.198292,0.4261452214355437
30.77683,30.227333,0.5494969311523441
31.088243,30.322453,0.7657904548339829
30.816585000000003,30.507973,0.3086122827148472
31.114745999999997,30.535442,0.5793036477050748
31.002107000000002,30.638636,0.36347136462402574
30.770204,30.667727,0.10247748327636685
31.161126,30.584743,0.5763825002441401
31.068365,30.659748,0.4086169226074219
31.783950999999995,30.701376,1.0825750386962838
31.591803,30.988312,0.6034912324218737
31.538797000000002,31.137331,0.4014659910888696
31.121372000000004,31.185001,-0.06362937329101115
30.968978,31.032976,-0.06399815051269542
31.008733,30.847425,0.16130753918456975
30.90272,30.736864,0.16585591003417832
31.094868,30.648619,0.44624930187988454
31.717693,30.672455,1.0452381660156256
31.591803,30.945282,0.6465210175781237
31.426157999999997,31.10849,0.31766800976562237
31.7707,31.126137,0.6445632202148452
32.168248,31.239834,0.928414168212889
32.439905,31.471882,0.968023133544925
32.214628,31.73443,0.48019768688964604
32.108616,31.819767,0.2888490017089822
32.294138,31.799456,0.49468235729980137
32.380273,31.832289,0.5479842579345728
32.678434,31.892002,0.7864318942871122
33.778317,32.04695,1.7313657060546888
34.553535,32.577415,1.9761195336914028
34.235497,33.260082,0.9754147551269554
34.189116,33.581066,0.6080498684082016
34.341509,33.69333,0.6481801425781271
34.51378,33.77431,0.7394689343261689
34.288503,33.87363,0.414872476318358
34.036137,33.85273,0.18340720263671528
34.467815,33.7298,0.738013822021486
34.248656,33.798023,0.45063277612304375
33.909955,33.788036,0.12191865356444964
34.388121,33.64153,0.746591916748045
33.956443,33.711723,0.2447196723632814
33.292323,33.62819,-0.3358660869140593
33.172782,33.296833,-0.12405103833008013
33.863466,33.00972,0.85374615136719
34.175603,33.103283,1.0723200715332055
34.109191,33.34287,0.7663221950683621
33.790413,33.499073,0.2913399714355478
34.242015,33.46163,0.7803832250976583
34.965905,33.570026,1.3958786022949212
35.191706,33.92814,1.2635672670898472
34.527586,34.278046,0.24954034570312444
33.88339,34.241226,-0.35783619628906393
33.637666,33.906563,-0.2688968051757783
33.949802,33.54828,0.40152319140624826
34.447892,33.43993,1.0079620378418
34.195526,33.61158,0.5839461049804697
34.334991,33.67961,0.6553797939453148
33.969725,33.758713,0.21101223144530934
33.710719,33.666664,0.044054876464841186
33.936519,33.477764,0.4587548703613251
34.009573,33.428795,0.5807781391601594
34.009573,33.4554,0.5541744404296907
33.896672,33.484886,0.4117858305664086
33.239194,33.464855,-0.2256611940917992
33.724001,33.194508,0.5294934011230481
34.069343,33.165672,0.9036706977539097
34.002931,33.320904,0.6820272219238248
34.002931,33.425682,0.5772489321289029
33.564612,33.483627,0.08098468066405928
36.480098,33.346806,3.1332924274902325
35.895673,34.3256,1.570073329589846
35.742925,34.8944,0.8485234497070309
35.55033,35.118256,0.43207438476562743
35.928879,35.115173,0.813705660156252
35.762849,35.210373,0.5524760751953153
35.2714,35.19975,0.07165100708007799
35.630025,35.008453,0.6215716308593784
35.736284,34.994907,0.7413766208496071
35.576895,35.056755,0.5201399340820316
35.337812,35.04545,0.2923636967773433
35.151859,34.93958,0.21227998999023612
35.583536,34.78941,0.7941263625488304
35.530407,34.848507,0.6819000725097624
36.413686,34.902454,1.5112316237792953
36.566434,35.27341,1.2930232028808604
36.752387,35.612812,1.1395749577636707
36.420327,35.884235,0.5360916179199222
36.699258,35.905235,0.7940227094726566
36.632846,35.979485,0.6533614418945319
36.685975,35.999832,0.6861428466796866
37.436431,36.026463,1.4099684450683583
38.445893,36.32887,2.117024134033201
38.107192,36.94682,1.1603726945800759
37.828261,37.244473,0.5837884963378883
38.213451,37.26499,0.9484592397460929
38.007574,37.369804,0.6377696176757794
38.160321,37.3601,0.8002212075195345
38.05539,37.39114,0.6642500158691433
38.155238,37.384068,0.7711704645996065
38.068703,37.411022,0.6576808137207024
37.416363,37.39632,0.020042656982418805
37.888977,37.13508,0.7538985698242158
37.702594,37.11225,0.5903427182617165
38.241773,37.068653,1.173119893310549
38.867487,37.245346,1.6221409306640595
38.8808,37.63102,1.2497804077148444
39.22694,37.909534,1.317405545654296
39.22694,38.18565,1.0412901281738272
39.85931,38.352215,1.5070951867675788
40.165511,38.668594,1.4969166396484397
40.272015,38.999195,1.27281990112305
40.411802,39.244457,1.1673447551269547
40.504994,39.427948,1.0770460019531285
40.558246,39.562267,0.9959786965332
39.586392,39.64937,-0.06297628613281603
38.521347,39.322628,-0.8012810212402357
38.807578,38.648746,0.15883150952148384
38.674448,38.28863,0.3858165607910138
38.374904,38.07363,0.30127271337890704
39.613019,37.86112,1.7519006833496107
38.70773,38.215904,0.4918257641601542
37.376424,38.184723,-0.8082989003906249
38.481408,37.589207,0.8922013044433612
38.22846,37.551872,0.6765877465820296
38.800922,37.525116,1.275806033203125
39.55311,37.72673,1.8263796533203092
39.280192,38.189705,1.0904871049804683
39.759462,38.41354,1.3459221135253898
39.865967,38.6774,1.1885683183593727
39.992441,38.88674,1.1056993618164057
36.777336,39.045185,-2.26784908911133
36.710771,37.903744,-1.1929727438964832
37.236637,36.970135,0.2665022648925799
38.135269,36.628273,1.5069959897460947
37.502898,36.872833,0.6300647480468768
37.775816,36.89489,0.8809261684570302
37.869007,36.999744,0.8692625847168003
38.008794,37.093433,0.9153606198730486
37.516211,37.19545,0.3207611708984359
37.895633,37.068806,0.8268273054199184
37.74919,37.105064,0.6441256079101549
38.461439,37.092777,1.368661747802733
38.474752,37.34994,1.124810746337893
39.120435,37.557346,1.5630886560058599
38.887457,37.92491,0.9625455009765602
38.70773,38.079784,0.6279456066894511
37.849038,38.069588,-0.22054970751953107
37.982168,37.7,0.28216723706054836
37.176728,37.46622,-0.2894928557128935
36.90381,37.03641,-0.13260128540039062
37.143445,36.64616,0.49728487426757795
37.802442,36.50946,1.2929815507812492
37.695938,36.72755,0.9683874934082013
37.742533,36.879738,0.8627951459960954
37.336485,36.986828,0.3496571496582064
36.783993,36.885174,-0.10118079760741949
36.717427,36.57211,0.14531777758789133
36.724084,36.31624,0.40784559667968523
36.40457,36.177055,0.2275146411132809
36.40457,35.993256,0.41131438476562465
37.223324,35.879707,1.3436166635742168
37.516211,36.13619,1.3800224929199203
37.722564,36.465927,1.256636875976561
37.675968,36.75936,0.9166067329101537
36.990345,36.914364,0.07598113891601344
36.178248,36.71851,-0.5402616740722621
36.384601,36.22273,0.16187227075195665
37.078211,35.94824,1.1299726271972688
36.064015,36.083534,-0.019519240722658537
35.209955,35.857418,-0.6474630603027336
35.129887,35.342587,-0.21269951733398784
35.436815,34.94849,0.4883248571777372
35.817139,34.838913,0.9782260361328099
36.464356,34.96742,1.4969373293457053
36.491045,35.347965,1.143079759521484
36.677871,35.635303,1.04256750268555
36.70456,35.860134,0.8444258752441414
36.884713,35.9902,0.8945129572753885
36.290875,36.117336,0.1735387268066404
35.8505,35.96459,-0.11408816528320642
35.563589,35.658596,-0.09500703881835904
36.057343,35.334545,0.7227978645019562
36.344254,35.322445,1.021809084228515
36.39096,35.479797,0.9111626367187498
36.918075,35.631218,1.286857043457033
36.70456,35.923576,0.780983645019532
36.717905,36.04193,0.6759738476562518
36.898058,36.083138,0.8149204877929677
36.958109,36.161617,0.796491720947266
37.638688,36.237885,1.400803478515627
37.918927,36.539864,1.3790634135742152
37.265037,36.872395,0.3926424382324214
36.357598,36.82954,-0.4719422526855439
36.717905,36.391304,0.32660098388672054
36.677871,36.190174,0.4876968972168001
36.237496,36.08771,0.14978466577148453
36.691215,35.88154,0.8096766088867184
37.058194,35.919907,1.1382873837890628
37.485224,36.126923,1.3583013925781273
37.551948,36.43901,1.1129373798828155
38.105752,36.675175,1.4305772868652369
38.005667,37.01731,0.9883559038085963
37.992322,37.19689,0.7954302153320327
37.958961,37.270966,0.6879954238281272
38.179148,37.281708,0.8974402363281229
38.332612,37.360596,0.9720162968749975
39.099931,37.474995,1.6249363405761699
39.373497,37.8466,1.5268974211425785
39.553651,38.21953,1.3341228017578146
39.293429,38.514305,0.7791238852539095
39.306774,38.57609,0.7306822336425753
38.966485,38.57516,0.39132401977538933
39.033208,38.427017,0.6061907880859394
38.913106,38.339073,0.5740328188476553
39.280085,38.250664,1.029421242675781
39.546978,38.340687,1.2062912019042997
39.113276,38.527195,0.5860810231933584
39.213361,38.49426,0.7191021193847646
38.772987,38.473125,0.29986154223632866
38.466059,38.292755,0.17330387304687633
38.679574,38.0363,0.6432733408203148
38.579489,37.949875,0.6296141220703149
38.454049,37.893085,0.5609635202636696
38.413923,37.816143,0.5977799641113251
38.955623,37.755188,1.2004350117187528
38.82187,37.926952,0.8949176379394501
39.096064,38.017406,1.0786575363769515
38.868684,38.16603,0.7026531162109393
38.21998,38.178352,0.04162764404296837
38.052789,37.913593,0.13919570776366896
37.778595,37.637554,0.14104083129883094
37.852159,37.36584,0.48631808813476596
37.999288,37.22944,0.7698492182617187
37.892285,37.23154,0.6607443200683605
38.092915,37.221233,0.871681632080076
36.882448,37.28873,-0.40628262133789406
37.551214,36.88287,0.6683442795410173
37.925723,36.808086,1.117636604736326
38.601177,36.95939,1.6417882670898436
38.433986,37.35188,1.0821068801269504
38.012663,37.56934,0.4433232478027378
37.805345,37.518246,0.28709930297851827
37.644842,37.348263,0.29657921313476265
37.470962,37.16096,0.31000084887695323
37.972537,36.976185,0.9963521550292995
37.511088,37.06177,0.44931660717773525
37.497713,36.987896,0.5098170344238255
37.624779,36.912167,0.7126124045410123
36.942637,36.913334,0.0293031071777321
37.176705,36.667408,0.5092970104980452
36.815572,36.56222,0.2533504729003937
36.942637,36.389843,0.5527940129394509
36.915887,36.32141,0.5944758671874979
36.340748,36.288216,0.05253236279296658
36.635005,36.061554,0.5734510449218746
37.196768,35.99851,1.198259546630858
38.50755,36.20453,2.303021191406252
39.13619,36.87415,2.2620406774902335
39.162941,37.6031,1.5598411770019496
39.009124,38.068794,0.9403297495117187
38.781744,38.2375,0.5442447629394565
38.547676,38.19233,0.35534659326172147
38.614552,38.02899,0.5855603007812533
38.688117,37.936493,0.7516240800781233
38.373797,37.924065,0.4497323637695345
38.21998,37.81333,0.40664839599609337
38.226668,37.672836,0.553831696289059
38.835245,37.584984,1.2502611743164067
38.828558,37.771275,1.0572834333496104
38.581114,37.92991,0.6512052475585932
38.73493,37.931225,0.8037051770019517
38.554363,37.962,0.5923611994628928
38.42061,37.91321,0.5073981774902379
38.581114,37.81539,0.7657224594726557
38.514238,37.81209,0.7021461726074207
39.189691,37.80221,1.387479238525394
38.73493,38.0516,0.6833285900878892
38.728243,38.07565,0.6525937385253897
39.383633,38.049965,1.333668095214847
39.055938,38.271904,0.7840340083007789
38.955623,38.32306,0.6325639179687528
38.487487,38.284157,0.2033302006835953
38.10629,38.071213,0.03507723144531383
38.761681,37.76333,0.9983524477539092
38.046101,37.806145,0.23995628564453142
37.87356,37.625805,0.2477550988769508
38.309273,37.415897,0.8933756306152318
38.195317,37.45147,0.7438475786132841
37.672461,37.471256,0.2012047438964828
37.42444,37.278736,0.14570388549804392
38.148394,37.03926,1.1091331357421907
37.920483,37.157238,0.7632449934082004
36.868067,37.20057,-0.3325021528320278
37.846746,36.820335,1.0264106118164094
36.888177,36.891735,-0.003558076904297991
35.95642,36.64346,-0.687039320068358
35.386641,36.082176,-0.6955352084960964
34.716312,35.476765,-0.7604526789550761
34.716312,34.85094,-0.13462870434570107
34.662686,34.459282,0.20340407861328202
35.03807,34.257298,0.780772484130857
35.091696,34.316242,0.7754537819824208
36.197738,34.420647,1.7770913325195323
35.560926,34.914967,0.6459594167480489
36.003343,35.038067,0.9652761359863291
36.231255,35.216766,1.0144886425781223
36.191035,35.414623,0.7764117395019525
36.640155,35.52196,1.118193787841797
36.532903,35.735554,0.7973492585449193
36.412244,35.850758,0.561486401123048
37.055759,35.851284,1.2044749729003925
37.933889,36.075546,1.8583427353515631
37.320854,36.58405,0.7368047751464815
37.274412,36.70634,0.5680712102050762
38.426175,36.699627,1.7265480773925788
38.017485,37.106472,0.9110129846191413
38.57479,37.26091,1.3138799658203126
38.695539,37.524086,1.1714530014648403
38.500483,37.75372,0.7467636701660183
38.500483,37.80739,0.6930946943359402
38.611944,37.801304,0.8106401364746105
38.305426,37.83535,0.47007596337890334
37.896736,37.739906,0.15682968896484084
37.896736,37.506905,0.38983139794921584
38.324003,37.343475,0.9805276582031226
39.243556,37.417778,1.8257779848632794
39.243556,37.855396,1.388159729248045
39.670823,38.18787,1.482952974365233
39.698688,38.536274,1.162414043701169
39.698688,38.754505,0.944182842529294
38.63052,38.857937,-0.2274168591308623
38.992769,38.487434,0.5053346127929714
39.224979,38.32313,0.9018474387207007
39.262133,38.342285,0.9198478437499986
39.289998,38.404236,0.8857621601562471
38.556213,38.46366,0.09255180615234337
38.45404,38.225468,0.22857231811523349
37.469468,37.983116,-0.5136481499023446
37.729544,37.459187,0.27035744604491896
36.893587,37.194843,-0.30125629223633155
35.927591,36.762638,-0.835047092041016
35.732535,36.113564,-0.38102853759765765
36.93074,35.60757,1.3231693518066407
37.803851,35.786278,2.017573229003908
38.435464,36.344173,2.091290568603519
38.899884,37.002716,1.8971679355468751
38.426175,37.59919,0.8269852416992194
38.203253,37.760223,0.4430296113281216
38.435464,37.683765,0.7516985886230501
38.389022,37.679634,0.7093879057617158
38.426175,37.669876,0.7562989013671881
38.026773,37.679344,0.34742882275390485
37.766698,37.542233,0.22446548657226373
37.059038,37.33384,-0.2748014165039052
36.481736,36.92275,-0.4410125656738302
36.965925,36.421055,0.544870159912108
38.073971,36.285595,1.7883760598144534
37.794632,36.69302,1.1016121330566406
37.347688,36.932625,0.41506318310546675
36.826255,36.886154,-0.05989917480468421
36.37,36.606667,-0.2366665649414088
35.392312,36.21271,-0.8203993342285187
35.615784,35.577736,0.03804809912109164
35.317822,35.244644,0.0731778349609371
35.531982,34.985146,0.546836431152343
36.919368,34.927742,1.9916259956054674
36.137217,35.458714,0.6785034685058591
36.453802,35.592136,0.8616656169433625
36.08135,35.721024,0.360326440429688
35.383001,35.655155,-0.2721541818847655
35.811321,35.31004,0.5012814797363276
35.168841,35.206455,-0.03761423071289016
36.025482,34.952747,1.0727346550292935
36.891434,35.094997,1.7964365939941374
36.416557,35.58441,0.8321453789062474
36.807632,35.766376,1.04125550463867
36.630717,35.96754,0.6631762590332002
36.351378,36.02659,0.3247895600585906
36.937991,35.920277,1.0177143581542936
36.621406,36.048042,0.5733637026367191
37.263887,36.051876,1.2120109318847625
37.384934,36.274067,1.110867074951173
37.729452,36.495125,1.2343271831054707
38.679207,36.76084,1.9183656303710919
38.316065,37.285454,1.030611203613283
39.060971,37.51234,1.5486304543457052
38.856122,37.87636,0.979760153076171
39.163395,38.039906,1.1234894519042982
39.293754,38.217884,1.0758699362792967
39.442735,38.371475,1.0712597802734365
39.303065,38.52208,0.7809855322265591
39.759319,38.552402,1.2069165036621072
39.349621,38.727924,0.621696653076171
39.107527,38.69807,0.4094564738769506
39.312376,38.553593,0.7587833181152348
38.669895,38.523075,0.14681989624023117
38.865433,38.279465,0.5859682783203155
37.831877,38.16882,-0.33694242749023573
38.036726,37.73531,0.30141639916992347
38.269509,37.49668,0.7728277866210931
38.055349,37.471878,0.5834709482421871
38.930612,37.419765,1.5108465275878942
38.716452,37.71665,0.9998038981933561
39.219263,37.881702,1.3375605769042949
39.303065,38.145473,1.1575915197753872
39.303065,38.35153,0.9515368322753872
39.293754,38.466766,0.8269876425781248
38.260197,38.50963,-0.2494312958984395
37.999481,38.132465,-0.13298436254882517
37.897056,37.72821,0.1688455507812492
38.371933,37.439667,0.9322662519531235
38.941305,37.46792,1.473386604003906
38.782628,37.761044,1.0215844514160182
38.633284,37.933388,0.699896243652347
39.249326,37.957615,1.2917111013183629
39.137318,38.177845,0.9594729987792974
39.613351,38.29564,1.317711961914064
39.445339,38.53088,0.9144590256347627
39.660021,38.631805,1.0282155800781254
40.649421,38.75082,1.8986008400878873
40.173389,39.1974,0.9759898605957034
40.201391,39.34353,0.8578622524414072
40.490743,39.389225,1.1015179938964863
40.257394,39.509617,0.7477771481933573
40.117385,39.500595,0.6167899072265612
40.313398,39.4157,0.8976989948730463
40.033379,39.43315,0.600227754882809
39.865368,39.350903,0.5144654426269497
39.781362,39.219757,0.5616049199218764
39.660021,39.102795,0.5572263527832035
39.183988,38.987797,0.19619121655273375
39.370668,38.736298,0.634370392578127
39.16532,38.635902,0.529417595214845
38.614616,38.522404,0.09221228295898243
39.043979,38.243393,0.8005860556640627
39.146652,38.21171,0.9349401164550812
38.819964,38.275776,0.5441880905761707
38.819964,38.205635,0.6143289291992176
39.015977,38.144077,0.8718996989746088
39.669354,38.18372,1.4856343649902328
39.781362,38.46885,1.3125128178710952
39.118651,38.72882,0.38983019921874984
39.025311,38.632362,0.39294863427734583
39.249326,38.474102,0.7752239797363316
39.239992,38.447716,0.7922762407226571
39.790696,38.447628,1.3430679787597626
39.548013,38.667595,0.8804180903320287
39.772028,38.750843,1.0211849519042957
39.501343,38.861137,0.6402056098632798
39.669354,38.825287,0.8440671347656235
39.25866,38.84265,0.416008632812499
39.772028,38.701294,1.0707340546874988
38.969307,38.78902,0.18028646166992246
38.446605,38.572025,-0.12542029907226748
38.194588,38.19389,0.0006983820800812168
38.371933,37.838192,0.5337410139160141
38.362599,37.696987,0.6656118479003936
37.839897,37.642967,0.1969297758789068
37.625216,37.437546,0.18767022363281427
37.289193,37.20639,0.08280261914062237
37.447871,36.93201,0.5158603493652336
37.821229,36.816994,1.0042352866210962
37.830563,36.919674,0.9108890803222636
37.18652,37.028824,0.15769614746093907
36.887833,36.85187,0.03596150952148491
37.13985,36.581944,0.5579064880371121
36.962504,36.49266,0.4698434775390652
37.242523,36.401024,0.8414991352539047
36.859831,36.45684,0.40299048486328104
37.158518,36.375977,0.7825414375000008
36.962504,36.41608,0.5464235251464871
37.513208,36.382862,1.1303459089355457
37.382533,36.56227,0.8202618818359397
37.447871,36.655613,0.7922580544433586
36.250138,36.72664,-0.47650079394531275
36.100421,36.30572,-0.20530028295898717
36.736717,35.909863,0.8268544816894519
37.03615,35.90873,1.127420446777343
36.83029,36.09595,0.7343389196777323
37.232653,36.16897,1.0636847993164054
36.259495,36.35576,-0.09626366699218636
36.418569,36.110825,0.30774441503906047
36.867719,35.94242,0.9252980405273448
37.391727,36.022995,1.3687320048828155
37.887663,36.318077,1.5695859125976597
37.550801,36.723095,0.827706059814453
37.747304,36.868023,0.8792810812988279
37.38237,36.977886,0.4044838000488298
37.4853,36.893017,0.5922831848144554
37.026793,36.844395,0.18239831616210722
37.737947,36.645657,1.092290414306639
37.663088,36.77489,0.8881971003417988
36.783503,36.8787,-0.09519725634765308
37.064222,36.60821,0.4560104826660165
37.850234,36.484097,1.366137472900391
37.803448,36.732872,1.0705759907226593
38.336813,36.925438,1.4113750727539056
38.318099,37.243614,1.0744848032226528
38.364885,37.454254,0.910630849609376
38.009308,37.57277,0.4365388349609347
38.102881,37.487484,0.6153970217285121
37.541444,37.438442,0.10300176977538911
37.419799,37.1963,0.22349849340820072
37.868949,36.973553,0.8953962961425788
36.886433,37.012592,-0.12615931567383143
36.390497,36.711143,-0.3206464936523403
36.081706,36.282295,-0.2005892270507843
36.165922,35.885387,0.280534579345705
36.324996,35.679848,0.6451482827148425
36.512142,35.649036,0.8631055925292941
35.93199,35.744217,0.18777308105468649
35.099191,35.604088,-0.5048968295898462
33.901458,35.161945,-1.26048734301758
32.451078,34.38297,-1.931890902587888
32.151645,33.30028,-1.148636524658201
33.330663,32.475693,0.8549702509765638
34.285107,32.471973,1.8131335808105504
34.163462,32.98666,1.1768019963378933
33.976316,33.359516,0.616799856201169
32.516579,33.49685,-0.9802700600585936
33.246448,32.97557,0.2708773212890634
33.452308,32.803425,0.648883164794924
32.806655,32.834347,-0.02769177124023514
33.882744,32.655487,1.2272569394531274
33.255805,32.921654,0.33415125244140853
33.555238,32.931778,0.6234600458984403
33.648811,32.995403,0.6534077102050801
33.265162,33.080128,0.18503428393554344
33.8266,32.994186,0.8324135986328116
34.172819,33.11431,1.0585077817382782
34.060532,33.363087,0.6974452995605489
33.442951,33.490658,-0.047706806396483614
33.396164,33.31494,0.08122259374999885
32.797298,33.13739,-0.34009213671875216
32.703725,32.79402,-0.0902966064453139
32.329434,32.521782,-0.19234792138671963
32.329434,32.23098,0.09845408056640537
31.315913,32.055943,-0.7400295354003923
31.663138,31.5864,0.07673892163085938
32.21682,31.384201,0.832618950195311
31.663138,31.514582,0.14855631970214844
32.535891,31.449568,1.0863232052001948
33.16465,31.706713,1.4579372772216814
32.751734,32.16337,0.5883657749023428
33.352339,32.31384,1.0385000412597662
33.793408,32.57702,1.2163892622070307
33.999866,32.9261,1.0737643154296848
33.774639,33.221756,0.552883018554688
33.436799,33.3075,0.12930006811523498
32.892501,33.198467,-0.305966254638669
33.389877,32.882698,0.5071789409179672
33.577566,32.840374,0.7371920070800755
33.999866,32.9349,1.0649676235351535
34.084326,33.182457,0.9018690297851535
33.690179,33.39518,0.2949992514648443
33.868484,33.37053,0.49795482519531475
34.825698,33.37317,1.4525290546875027
34.562933,33.740433,0.8225002607421885
34.769391,33.926876,0.8425149318847645
35.21046,34.090954,1.1195061730957008
35.37938,34.354404,1.024975550537107
35.435687,34.589916,0.8457707707519546
36.214596,34.744186,1.4704095986328127
35.914294,35.12452,0.7897746518554669
35.979985,35.2761,0.703884841308593
35.942447,35.35134,0.5911057524414076
35.792296,35.367847,0.4244485573730472
35.585838,35.308723,0.2771145502929713
35.642145,35.17649,0.46565421630859305
35.341842,35.110397,0.23144466113281226
35.182307,34.966015,0.21629213793945468
34.506626,34.805893,-0.29926694433594037
35.032155,34.450893,0.5812615979003937
36.017523,34.40122,1.6163045856933564
36.91843,34.797005,2.1214253002929695
36.130136,35.46316,0.6669745314941409
36.862123,35.618244,1.2438788288574187
37.565957,35.90352,1.6624383232421849
38.166562,36.3523,1.8142632634277334
38.79532,36.8756,1.9197210925292936
39.386541,37.445442,1.9410988002929699
39.245774,38.030643,1.2151305368652316
38.532556,38.321148,0.2114080812988277
37.931951,38.169533,-0.23758177587890827
37.678571,37.767975,-0.08940385351562696
38.570093,37.380352,1.189740979736328
38.194715,37.486954,0.7077612646484397
38.635785,37.500965,1.1348198815917954
38.45748,37.670937,0.7865434155273405
38.71086,37.732296,0.9785640100097623
37.716108,37.844578,-0.1284697893066422
37.772415,37.53457,0.23784621337890854
38.297944,37.30197,0.9959725644531261
38.87978,37.367764,1.5120164807128873
38.269791,37.68532,0.5844691921386698
37.631648,37.69038,-0.05873209643554844
38.316713,37.405186,0.9115273005371094
38.682707,37.434013,1.2486936333007819
39.198852,37.639057,1.5597948405761741
39.546076,37.99331,1.5527669790039056
39.208236,38.374626,0.8336098403320307
39.752534,38.48026,1.2722750583496065
39.57423,38.694527,0.8797033276367188
39.344311,38.771374,0.5729372512207007
38.290361,38.704746,-0.4143852463378934
38.158617,38.237656,-0.07903863964843794
38.328002,37.838573,0.48942854418945103
36.700027,37.6669,-0.9668736347656264
36.314206,36.989273,-0.6750670712890638
35.702539,36.351055,-0.6485161452636703
35.937795,35.74266,0.19513447753906377
34.68623,35.466164,-0.7799336352539044
35.392,34.885323,0.5066774291992218
34.921487,34.763664,0.1578227543945303
35.006179,34.58642,0.4197608481445343
35.062641,34.50702,0.5556219570312493
35.03441,34.495045,0.539365291748048
35.74018,34.498196,1.241984351806643
35.392,34.760635,0.6313646240234405
35.297897,34.839916,0.4579807707519521
34.865025,34.818607,0.046417669677737194
33.980461,34.62195,-0.6414872421875017
35.429641,34.13505,1.2945892727050747
35.467282,34.33227,1.135010424072263
34.883846,34.59217,0.2916752846679671
34.996769,34.545,0.45177083105468796
35.213205,34.508926,0.7042786083984396
33.914589,34.56913,-0.6545409438476568
32.747716,34.116184,-1.3684682346191437
33.284101,33.31872,-0.03462077124023466
33.735794,32.976986,0.7588080686035141
33.24646,33.015823,0.2306366357421865
34.083973,32.928596,1.155376503417969
34.893256,33.185604,1.7076519045410166
35.636667,33.708508,1.9281594621582059
34.996769,34.346092,0.6506767758789067
35.232026,34.511696,0.7203301381835914
35.787231,34.621384,1.165847333007811
34.977948,34.874046,0.10390167431640407
35.269667,34.74208,0.5275863115234358
35.410821,34.70643,0.7043924721679673
35.37318,34.760136,0.6130443493652322
35.147333,34.78927,0.3580645063476595
36.314206,34.716587,1.597618933349608
36.737668,35.104843,1.6328248603515618
36.888232,35.575005,1.3132274223632834
37.019976,35.934776,1.085199693847656
37.104668,36.18399,0.9206775214843717
35.843693,36.344444,-0.500751274902342
35.881334,35.935345,-0.05401069604491937
35.74018,35.604416,0.13576410644531478
36.916463,35.36134,1.5551234309082034
36.718847,35.677795,1.0410515898437467
36.031898,35.896667,0.1352305195312482
36.681206,35.763985,0.9172213198242218
36.972924,35.860573,1.1123511850585928
37.819848,36.065678,1.7541703571777347
37.311694,36.524685,0.7870090939941434
37.52813,36.662373,0.8657574108886692
37.142309,36.775307,0.3670022983398411
37.104668,36.68055,0.4241183784179654
37.18936,36.5719,0.6174605859375006
37.791617,36.531548,1.2600694536132835
37.753976,36.755737,0.9982386953125015
37.499899,36.92073,0.5791684091796867
38.040989,36.91878,1.1222077194824251
37.757876,37.09151,0.666365227294925
37.050093,37.114876,-0.06478279345703442
37.974929,36.831482,1.143447066406253
37.248272,36.961155,0.2871170622558594
37.314332,36.83341,0.48092364428710965
37.191649,36.735832,0.45581678564452943
37.512511,36.639355,0.8731562941894566
38.399599,36.705284,1.6943148813476583
38.484533,37.10311,1.3814217329101552
38.607216,37.44415,1.1630669826660167
38.9847,37.68503,1.299668109130856
39.069634,37.955578,1.1140561496582038
39.182879,38.150158,1.032721071533203
39.569801,38.29279,1.2770115407714826
39.447119,38.519947,0.9271719479980476
39.286688,38.62283,0.6638585627441387
38.994137,38.600372,0.39376468554687705
39.239502,38.45332,0.7861824504394548
38.862018,38.434677,0.42734087597656156
38.616653,38.299328,0.3173251496582026
39.362185,38.10844,1.2537446008300748
38.91864,38.26831,0.6503294531250035
38.239168,38.256794,-0.017625975830078744
38.654401,37.961803,0.6925975637207031
39.097945,37.8955,1.202444816894534
39.003574,38.06057,0.9430042368164067
39.635861,38.16143,1.4744306411132797
40.069968,38.46194,1.6080272346191435
40.32477,38.843758,1.4810123706054696
40.220962,39.178978,1.0419840336914064
40.522949,39.332024,1.1909253793945282
41.910204,39.508373,2.4018307395019534
41.82527,40.141624,1.6836455493164095
42.051761,40.567944,1.4838174270019522
42.363185,40.878803,1.4843817468261733
42.061198,41.16301,0.8981883564453099
42.495304999999995,41.20614,1.289166389160151
42.863352,41.34941,1.5139409892578115
42.948286,41.598003,1.3502826125488312
43.240837000000006,41.796104,1.4447325688476624
43.306896,42.01861,1.288287906738283
43.363519,42.182835,1.180684374755856
43.316333,42.287895,1.0284377973632814
43.146466,42.3213,0.8251654934081998
43.278585,42.26392,1.014665169677734
43.174777,42.262684,0.9120931315917957
43.552260999999994,42.231834,1.3204265883789006
43.49563899999999,42.35393,1.1417075729980368
42.80673000000001,42.43194,0.3747918286132901
42.391497,42.208576,0.18292079760742297
42.38206,41.86247,0.5195912805175809
42.410371,41.628677,0.7816936318359353
42.816167,41.515625,1.300542
42.80673000000001,41.629257,1.1774727978515713
43.542824,41.738636,1.8041879831543
43.561698,42.08686,1.4748373432617186
43.439016,42.340706,1.098310128417971
44.052428,42.42985,1.6225764680175772
41.636528,42.686848,-1.0503196867675797
39.881226,41.94097,-2.0597453745117207
40.68338,40.64985,0.033531062011718404
41.296792,40.08406,1.212731331054691
41.971545,40.10056,1.8709857653808584
42.198623,40.477856,1.720767317626951
41.394389,40.880173,0.5142162705078093
42.075623,40.817616,1.258007490966797
42.028315,40.94502,1.0832962316894523
43.031242,41.029865,2.0013767351074208
42.95554899999999,41.458157,1.4973924143066313
44.024707,41.747612,2.2770950004882806
43.911168,42.314705,1.5964631049804723
44.28016999999999,42.647686,1.6324839953613193
44.157168999999996,42.951584,1.2055851376953086
44.28016999999999,43.071983,1.2081866625976474
44.450478000000004,43.162273,1.288204593017582
44.478863,43.26828,1.210582970703122
44.157168999999996,43.34976,0.8074108518066367
44.07201499999999,43.268394,0.8036205297851495
43.655706,43.161312,0.49439389672851775
44.422093,42.930058,1.492035474365231
44.715402,43.064693,1.650708549072263
44.951941,43.320534,1.6314072475585917
45.519636,43.590492,1.9291437514648422
45.29255799999999,43.972843,1.319714829833977
44.639709,44.13243,0.5072779697265659
44.554555,43.93212,0.6224337231445318
44.308554,43.71798,0.5905745688476571
44.93301799999999,43.48913,1.4438898872070212
44.687017,43.588833,1.098184144775388
44.89517200000001,43.615093,1.2800787687988375
44.951941,43.70456,1.247381673828123
45.538559,43.7874,1.7511597080078118
45.548021,44.061455,1.4865662270507798
45.831868,44.25629,1.5755775642089844
45.680483,44.473686,1.2067967817382836
45.82240600000001,44.545155,1.2772514284668048
44.204477,44.617023,-0.412546468017581
45.056019,44.032677,1.0233423032226554
45.01817199999999,43.90325,1.114920352050774
45.24525,43.881557,1.3636925354003893
44.185554,43.98116,0.2043947897949252
44.715402,43.65643,1.058972709228513
44.772171,43.603973,1.1681976113281252
45.056019,43.624256,1.431762865966796
44.60186300000001,43.764236,0.8376265498046962
44.450478000000004,43.69487,0.7556080048828164
44.45994,43.56699,0.8929501013183625
44.46940099999999,43.474148,0.9952532033691313
44.422093,43.429375,0.992718305175778
44.573478,43.392838,1.180640475585939
44.488324,43.43551,1.052815271972655
42.463547,43.440563,-0.9770162019042985
43.286704,42.659588,0.6271161398925784
42.48247,42.375137,0.10733267089843679
42.444624,41.97458,0.47004514257812247
42.993395,41.705395,1.2880002551269527
42.378393,41.78187,0.5965212043457058
42.529778,41.66285,0.866928573730469
43.24885799999999,41.606285,1.6425729047851476
43.56109,41.865463,1.6956267431640626
44.157168999999996,42.190514,1.9666553891601524
44.1004,42.625237,1.4751634887695317
44.062553,42.887936,1.1746173615722668
44.185554,42.99605,1.1895022116699252
44.639709,43.075043,1.5646662753906284
43.911168,43.29054,0.6206292121582067
44.663363,43.160294,1.5030694208984343
44.710787,43.317284,1.3935033696289096
44.416762,43.474525,0.9422365483398423
44.720271,43.45622,1.264052280517575
44.862542,43.5313,1.3312424089355446
44.938419,43.649807,1.2886120236816438
45.232444,43.75001,1.482432555908204
43.335508,43.923763,-0.5882552751464871
43.126845,43.311787,-0.18494165161132514
42.83282,42.730694,0.10212618286132624
42.756942,42.26938,0.4875633378906272
42.823335,41.986034,0.8373006066894533
43.098391,41.87685,1.2215408718261713
43.648502,41.96217,1.6863323527832037
43.676957,42.25209,1.424866545898439
43.221692,42.473484,0.7482079606933567
43.487263,42.41968,1.067581450927733
41.267848,42.440037,-1.1721887736816399
41.135062,41.60892,-0.47385905102539283
41.144547,40.91454,0.23000766284179974
40.992792,40.521824,0.4709681169433608
41.324756,40.28529,1.0394662355957038
41.248878,40.301517,0.9473605134277321
41.030731,40.342724,0.6880071535644561
41.410118,40.280533,1.1295851630859346
42.036107,40.36972,1.6663865410156262
43.35447700000001,40.688282,2.666194987060557
43.26911499999999,41.422714,1.8464007666015547
43.572625,41.90532,1.6673057861328147
44.60645499999999,42.27028,2.3361760693359273
43.98046599999999,42.85727,1.1231967128906177
42.994059,42.99875,-0.004689779296874974
43.06045199999999,42.625534,0.43491794238280335
43.80025700000001,42.342243,1.458013805419931
43.572625,42.46363,1.108994323730471
42.719004000000005,42.51595,0.20305475073242718
42.652611,42.22255,0.4300615615234378
42.168892,41.964878,0.20401391772460897
42.349101,41.621635,0.7274655629882787
42.576734,41.467655,1.1090788181152362
41.35321,41.501553,-0.14834258178711224
42.187862,41.09185,1.0960117192382839
41.713628,41.08898,0.6246463715820312
40.983307,40.973766,0.009540673095706609
41.761051,40.606136,1.1549146779785175
42.235285,40.640903,1.594381527099607
42.52931,40.917675,1.6116349816894555
42.671580000000006,41.231594,1.4399859143066465
43.43984,41.490513,1.949327152099606
43.914074,41.931168,1.9829063974609369
43.762319,42.397472,1.364846618408201
43.999436,42.62352,1.3759161025390654
43.762319,42.808533,0.953786285156248
44.16067499999999,42.81731,1.3433646667480375
43.544171,42.940125,0.6040464882812486
43.088905999999994,42.7956,0.29330510888671313
43.828711,42.493,1.3357109694824203
43.667472,42.56517,1.102301711914059
43.601079,42.610943,0.9901361594238267
43.81922699999999,42.6098,1.2094285686035064
44.11325200000001,42.690907,1.4223454753418068
43.363962,42.86411,0.49985296069336016
43.413282,42.689796,0.7234855522460961
43.337185,42.550686,0.7864991174316387
44.22181200000001,42.440468,1.7813441655273508
44.802051000000006,42.71756,2.084491185546881
44.26937300000001,43.17342,1.0959530476074306
45.64862899999999,43.280403,2.3682258627929613
45.791311,43.81264,1.9786698562011722
45.753262,44.252064,1.5011982487792963
46.84715500000001,44.48029,2.3668655407714922
46.152771,45.002193,1.150577549072267
46.314477,45.09533,1.2191477153320278
45.962529,45.132538,0.8299911582031285
45.895944,45.01067,0.885274291748047
45.315705,44.8842,0.43150395019531373
45.296681,44.57838,0.7183004152832027
45.077902,44.367702,0.7101995158691423
45.039854,44.16949,0.8703631857910139
46.048138,44.042946,2.0051921381835953
45.819847,44.368076,1.4517706755371123
46.276428,44.55416,1.722266928222659
45.344241,44.819233,0.5250080593261686
46.580816,44.63057,1.9502465419921862
46.856667,44.915558,1.9411091386718766
46.514231,45.26153,1.252699170166018
46.970813,45.355194,1.6156189082031247
46.866179,45.543003,1.3231759177246118
47.218127,45.632145,1.585982072021487
47.493979,45.793247,1.7007317770996124
48.007633000000006,46.011063,1.996570377929693
47.903000000000006,46.351395,1.5516053466796933
48.055192999999996,46.529896,1.5252972175292925
47.931536,46.670197,1.2613394667968763
49.101526,46.69438,2.4071442861328123
48.359581,47.139984,1.2195968691406236
49.11103799999999,47.185154,1.925884038818353
48.844699,47.442307,1.402392481445311
48.835187,47.521614,1.3135729252929664
48.95884399999999,47.536224,1.422619634765617
49.21567099999999,47.57452,1.641150888916009
49.139574,47.70766,1.431913324951175
48.797138000000004,47.766415,1.0307233576660195
49.501035,47.661907,1.8391278039550798
48.873235,47.843075,1.0301602014160167
49.443962,47.752018,1.6919440251464835
48.74957799999999,47.87588,0.8736968049316332
48.711529,47.715736,0.9957926108398425
48.901771000000004,47.561325,1.3404459267578162
48.920796,47.53743,1.3833661904296903
49.605668,47.55804,2.047627381103517
49.891031,47.839725,2.0513055056152325
49.66274,48.16716,1.495579965820312
51.46053,48.279243,3.1812865307617173
50.461758,49.005173,1.4565852705078157
50.709073,49.145344,1.5637292194824184
50.556879,49.228855,1.3280238669433615
50.090786,49.2052,0.8855858046875014
50.537855,48.99122,1.5466364331054692
50.58541499999999,48.997177,1.588237875976553
50.490294,49.066494,1.4238000119628893
50.642488,49.07843,1.5640578242187502
50.83273,49.138176,1.6945540356445292
50.52834300000001,49.25539,1.2729528327636785
50.718585,49.211937,1.5066480493164036
50.41609999999999,49.23583,1.18027160034179
50.730783,49.142586,1.5881972456054712
50.177703,49.189297,0.9884062775878917
50.26352599999999,49.02471,1.238814391113273
50.683104,48.92946,1.7536453818359377
50.387492,49.043438,1.3440540422363298
50.273062,49.03342,1.2396414372558624
50.377956,48.962944,1.4150119692382788
50.110952000000005,48.954674,1.1562782329101609
49.901163,48.852314,1.0488490046386687
50.97871599999999,48.694347,2.2843686184081946
50.568673999999994,49.012203,1.55647078344726
50.606817,49.11855,1.4882676530761714
50.664032000000006,49.165367,1.4986648735351622
50.797534,49.20512,1.592413913330077
51.91323,49.27623,2.637000141601561
52.266057,49.750393,2.515664086181644
52.285129,50.240894,2.0442346823730446
52.85728,50.542053,2.315226777343753
52.494918000000006,50.909744,1.585173737304693
53.210107,50.99103,2.219075353271485
53.334073,51.26462,2.069451265380856
53.55339800000001,51.50519,2.048206197021493
54.068335000000005,51.729084,2.3392509851074266
54.01112,52.05586,1.9552613879394514
53.70597200000001,52.244766,1.4612057646484473
54.230444,52.209934,2.020509765380858
53.65829300000001,52.357525,1.3007681281738357
53.620149,52.247128,1.3730214670410135
53.55339800000001,52.125977,1.4274214375000085
54.068335000000005,52.02744,2.040895882568364
54.192301,52.174103,2.0181982167968755
53.1815,52.34613,0.8353696289062498
53.25778699999999,52.065365,1.192422162353509
53.524791,51.854485,1.6703064418945317
53.477111,51.839973,1.6371375502929695
55.93736400000001,51.842896,4.094468492187509
56.480908,52.81228,3.6686292524414057
56.54765900000001,53.756927,2.790731509765635
56.747912,54.33682,2.41109330493164
57.567995999999994,54.692844,2.875151609130853
57.539388,55.177185,2.3622029414062524
57.911287,55.453827,2.4574600957031265
57.987574,55.736446,2.251127619384768
57.596603,55.93174,1.6648631928710955
57.310528,55.87622,1.434307296874998
57.81592800000001,55.687675,2.128252523925788
57.358207,55.75411,1.604098571044922
56.461836,55.651413,0.8104230361328106
56.252047000000005,55.218723,1.033323702880864
56.528587,54.831993,1.696593896972658
56.623946,54.716564,1.9073818215331997
56.461836,54.728203,1.7336331801757794
56.747912,54.70139,2.046522687255859
57.739641,54.795635,2.944005776611327
57.529852,55.254246,2.2756062419433576
57.01491599999999,55.497375,1.5175405117187424
57.796857,55.408043,2.388814092285159
56.995844,55.606422,1.389421575683592
56.490444,55.447063,1.0433805539550747
56.147152999999996,55.099323,1.0478297272949177
56.643017,54.733944,1.909073060791016
56.196739,54.709553,1.4871862351074228
56.68416,54.57169,2.112470394287108
56.512129,54.675236,1.836893251708986
57.123794000000004,54.706093,2.4177011655273475
56.59814399999999,54.952576,1.6455683164062407
56.989992,54.92187,2.0681208146972665
57.209809,55.017986,2.191822702392578
57.152466,55.17361,1.9788553127441375
58.04129199999999,55.254562,2.786729622070304
58.480926,55.635925,2.8450007070312466
58.796316,56.082222,2.714094015136716
58.824988,56.47542,2.3495660944824195
58.500041,56.70827,1.791769973388675
58.662513999999994,56.689407,1.973106651367182
58.280224,56.694763,1.585460816406247
58.652957,56.54999,2.102965392333985
58.77720200000001,56.58867,2.188533176757822
57.859704,56.68947,1.1702356162109382
57.076008,56.402042,0.673965611083986
57.25759600000001,55.865196,1.3923997719726628
57.420069,55.580368,1.8397009580078105
57.142909,55.512054,1.630854556640628
57.286268,55.40443,1.8818376105957029
57.53475699999999,55.400394,2.1343625603027263
57.69723,55.510952,2.186278004150388
57.467856,55.654007,1.813849041992185
58.175093999999994,55.65454,2.5205529843749943
57.477413,55.910896,1.5665166987304673
57.037779,55.824265,1.213514473632813
55.976922,55.54866,0.42826172167968934
56.703274,54.939568,1.7637064340820316
56.980435,54.81238,2.1680532556152343
56.75106100000001,54.9178,1.8332600966796946
59.38886699999999,54.939972,4.4488950761718655
58.165536,55.9764,2.189137531982425
58.53827,56.265064,2.273205760498044
59.006576,56.46222,2.5443567617187526
60.172563,56.7389,3.4336637690429654
59.99097499999999,57.366062,2.624912835693351
59.904959,57.706116,2.198843277343748
60.115219,57.843643,2.271575811523441
60.650425999999996,57.963314,2.6871119436035116
60.679098,58.23451,2.4445894855957064
61.070946,58.424366,2.646580002685546
61.854642,58.683277,3.1713648698730452
61.529695,59.151196,2.37849947387695
61.443679,59.325924,2.1177550803222687
61.84508499999999,59.347855,2.497230385742178
62.256047,59.49205,2.763996829101565
62.14136,59.75181,2.3895518334960926
63.183102,59.87567,3.307430613281248
63.211774,60.342567,2.869206556152342
62.542764999999996,60.674656,1.868109085693355
62.77214,60.582787,2.1893534399414065
63.039743,60.55194,2.4878020820312514
63.154431,60.644016,2.510414734130862
63.240446,60.75785,2.4825953530273424
63.163988,60.867825,2.296163445556644
63.001514,60.90349,2.0980258408203127
62.867712,60.844185,2.023527124511716
61.864199,60.74075,1.12344964086914
61.271649,60.27796,0.9936872690429652
61.539252,59.72056,1.8186938334960914
61.147404,59.48494,1.6624644248046891
61.357664,59.24464,2.113023649658203
62.124157,59.193336,2.9308205131835905
62.392305,59.5,2.8923050000000003
63.043522,59.840054,3.2034684416503936
62.919024,60.30009,2.6189332102050784
63.551088,60.538406,3.0126816279296875
63.742622000000004,60.887966,2.854655843994145
63.780929,61.177162,2.603766829589844
63.800082,61.35175,2.4483325798339877
64.68114,61.440205,3.240935379638671
64.154421,61.82606,2.3283597512207024
64.077807,61.882675,2.1951318291015696
63.321246,61.83896,1.4822872597656271
63.627701,61.496067,2.131633952880861
64.049077,61.36951,2.6795663493652313
64.403415,61.490543,2.91287163452148
64.183151,61.74747,2.4356801442871046
64.470452,61.833027,2.6374251140136664
64.537489,61.972713,2.5647755295410093
64.843944,62.080925,2.7630190122070246
65.092939,62.25874,2.8341995285644543
64.633257,62.470825,2.1624318046875004
65.150399,62.419254,2.7311446970214774
65.140823,62.5513,2.5895229511718725
65.246166,62.648983,2.597182998291018
65.476008,62.74246,2.7335496564941337
65.332357,62.887257,2.4451003776855487
65.361087,62.92345,2.4376365300292946
65.227013,62.935726,2.291286834228515
64.614103,62.886356,1.7277466462402344
63.982040000000005,62.604996,1.3770442724609424
64.288495,62.156326,2.132168706054685
64.604526,61.991253,2.613273100830085
64.460876,62.062714,2.398162376953124
65.830346,62.089493,3.7408532021484433
65.87823,62.64551,3.2327183728027364
66.998705,63.066063,3.9326420727539073
66.950822,63.73276,3.2180606169433617
65.782462,64.13343,1.649031519042964
66.424102,63.861645,2.562457255126958
66.376219,63.84657,2.529649938720709
67.602039,63.85273,3.7493092026367236
65.782462,64.34499,1.4374684086914016
66.309182,63.98882,2.320362877685554
65.782462,63.871487,1.910975336181636
63.436167,63.614796,-0.1786286848144556
63.043522,62.521137,0.5223847624511748
63.100982,61.604355,1.4966271416015644
63.886273,61.125572,2.760700795410159
64.527913,61.221985,3.305928136718748
64.163997,61.63507,2.528926199218745
64.221458,61.79474,2.4267192304687484
63.857543,61.865963,1.9915800178222653
63.69473800000001,61.742306,1.9524322443847737
64.748177,61.570854,3.1773228129882796
64.796061,61.87929,2.9167694655761665
64.882251,62.154564,2.727687096191403
64.547066,62.347336,2.1997301845703134
64.661987,62.31453,2.347457581054684
64.499183,62.30193,2.197253526123049
64.403415,62.22566,2.1777565832519485
64.451299,62.137905,2.3133938791503965
64.59495,62.10448,2.490469256591794
64.27796,62.151726,2.1262342309570244
64.882636,62.065594,2.817042280517583
66.533496,62.23628,4.297217466064453
66.034399,63.025707,3.0086917551269465
67.090181,63.381092,3.709088928466798
67.234152,63.94422,3.2899305034179633
68.885011,64.35195,4.533059400878912
67.944405,65.21266,2.7317432568359408
67.954003,65.397354,2.5566488740234377
68.846619,65.415085,3.4315341611328165
68.366718,65.73964,2.6270787177734434
69.163354,65.77964,3.383713802246092
69.288128,66.07617,3.2119561250000004
70.132754,66.340614,3.7921396811523493
70.526273,66.821205,3.705067860839847
70.487881,67.28262,3.2052577089843766
70.622254,67.53402,3.0882345297851543
70.890998,67.69423,3.1967688740234337
71.812409,67.87666,3.93574579199219
71.534066,68.34698,3.187088766113277
70.05597,68.54977,1.5062034594726583
70.478283,68.04135,2.4369316816406297
69.902402,67.80769,2.0947085185546825
68.385914,67.47497,0.9109460434570309
65.477713,66.66924,-1.1915298588867245
65.698468,64.9899,0.7085693183593804
65.324145,63.978725,1.345419566650392
62.435140000000004,63.335052,-0.8999124902343709
64.287558,61.895607,2.391951005371098
65.679272,61.687515,3.991756741210935
65.59289,62.304607,3.288282608642575
66.898221,62.75879,4.139431937500007
69.124962,63.529427,5.595535425292965
69.076972,64.909096,4.167876235839842
68.222748,65.75796,2.464790541503902
68.385914,65.831856,2.5540582260742184
67.838827,65.81683,2.021993503906245
67.858023,65.55802,2.3000014545898466
67.742847,65.37589,2.3669543608398413
66.226359,65.24499,0.9813715122070334
65.83284,64.58081,1.2520294531250045
64.671479,63.960167,0.7113120688476613
64.796254,63.146454,1.6498001425781297
64.834646,62.69656,2.138086093994147
65.372135,62.51013,2.8620031640625
66.898221,62.667038,4.231183036132819
67.042191,63.416267,3.6259236049804713
68.270738,64.002945,4.267793053710932
67.867621,64.804245,3.0633760048828123
67.838827,65.13374,2.7050837138671824
67.109377,65.236244,1.8731327983398387
67.358926,64.960785,2.3981410878906217
67.090181,64.84368,2.2464996645507824
66.552692,64.6867,1.8659930864257745
67.042191,64.38574,2.6564488125000025
66.61028,64.38471,2.225567780761722
64.757862,64.25935,0.4985083623046904
63.40454,63.43576,-0.031220498046877765
65.458517,62.3214,3.1371173112792974
64.306754,62.436695,1.8700589011230448
63.730873,62.232723,1.4981497639160182
64.210774,61.860836,2.3499379709472663
61.983073,61.814255,0.16881823925780992
62.935475,60.95122,1.9842535339355436
62.96433499999999,60.69323,2.2711053247070225
63.185601,60.65369,2.5319106618652327
61.232696000000004,60.757343,0.4753527077636761
62.71421,60.073025,2.641185250244142
64.109142,60.147663,3.9614788835449275
63.57040899999999,60.838142,2.7322666049804596
64.647874,61.13337,3.5145045541992204
64.657494,61.678192,2.979301861328125
65.581035,62.03621,3.5448258935546875
65.840781,62.564953,3.27582814965821
66.908625,62.997303,3.9113219909667976
65.388631,63.66174,1.7268916506347693
64.984582,63.470524,1.5140581657714876
65.484833,63.07348,2.411354301269526
64.109142,62.99633,1.1128117387695369
63.301043,62.455544,0.8454994819335937
63.849396,61.75748,2.091915378662108
63.762814,61.55186,2.210953190673827
63.243322,61.469017,1.7743049711914054
63.724332999999994,61.240475,2.48385829907226
63.406866,61.286102,2.120763705078126
63.820535,61.225197,2.5953381616210933
64.455469,61.33444,3.1210306760253843
64.830658,61.67685,3.1538086347656247
64.811418,62.062115,2.7493032844238314
65.542554,62.282776,3.2597781210937455
66.24483,62.675964,3.568865644531243
66.812423,63.200966,3.611457118652339
66.581538,63.74862,2.832918920410151
60.126371000000006,63.978115,-3.8517440817871034
59.587638,61.512196,-1.9245575871582048
61.174975,59.454693,1.7202821594238316
61.877251,58.914875,2.962375969482423
63.060538,59.12434,3.936197942626954
62.377502,59.865513,2.511989152099609
62.079274999999996,60.146263,1.9330118774414018
61.684846,60.098003,1.5868426125488284
60.751685,59.845253,0.9064320092773457
59.50105700000001,59.29649,0.2045672844238382
60.309155,58.43785,1.8713040478515595
59.568398,58.212845,1.3555531513671895
60.395737,57.887924,2.5078128056640594
60.972950000000004,58.018192,2.954757708740239
61.107633,58.396904,2.710729008300781
62.71421,58.7145,3.9997095727539076
62.752691,59.516895,3.2357957058105455
63.233702,60.077217,3.1564848979492197
63.61850999999999,60.55094,3.067568532714837
63.801295,60.96023,2.841063218994144
63.74357299999999,61.25612,2.487454225585928
63.79167399999999,61.3795,2.412172657226556
63.61850999999999,61.446487,2.172022573242181
62.502565,61.40365,1.0989166235351533
61.107633,60.920906,0.18672693310546862
60.405357,60.02367,0.38168680346679906
60.645863000000006,59.159035,1.4868282709960994
60.405357,58.752598,1.6527591911621116
58.875742,58.49852,0.37722210253906496
59.626119,57.78723,1.8388875546875028
58.818021,57.60079,1.2172328835449235
58.962324,57.25017,1.7121523386230493
59.491436,57.079372,2.412063593994141
59.278829,57.219337,2.0594915366210955
59.066672,57.27349,1.7931810942382782
59.597066,57.203697,2.3933687954101543
60.06960000000001,57.35635,2.713250054931649
60.870013,57.659798,3.210215331542969
61.40040799999999,58.175766,3.224642008789054
60.619281,58.723007,1.8962737978515634
61.18825,58.73963,2.4486183471679652
61.120745,58.884953,2.235792454833984
60.484272,58.954998,1.5292739836425753
60.792865,58.73253,2.0603363134765615
60.744647,58.680305,2.0643415190429693
61.863298,58.65905,3.2042480122070316
61.57399199999999,59.08841,2.485582576171865
61.44862599999999,59.29889,2.14973683984374
62.480484,59.344227,3.136257162841794
63.608778,59.744072,3.864706039550782
64.370618,60.473293,3.897324695556634
63.406264,61.247566,2.158697776855469
62.326188,61.330696,0.9954918940429707
63.685926,60.84259,2.843335667968752
62.66371099999999,60.991592,1.6721185927734297
62.96266099999999,60.765335,2.1973259169921775
63.386977,60.705196,2.6817806193847673
64.139173,60.868618,3.27055498852539
65.24818,61.295063,3.953116981201177
64.978161,62.015392,2.962768696533203
64.312756,62.3817,1.9310573916015557
63.898084000000004,62.272346,1.625737503417973
63.589491,61.964725,1.6247655056152368
64.370618,61.6252,2.7454196357421807
62.422623,61.72946,0.6931613300781265
63.16517499999999,61.09687,2.0683045776367095
62.355118,60.91767,1.4374467963867161
62.171891,60.556343,1.615547921386721
62.615494,60.250305,2.365188824218748
63.309828,60.25402,3.0558073090820344
63.348403,60.58883,2.759573959472654
63.628065,60.844574,2.7834910253906244
63.724501,61.100395,2.6241057973632778
64.312756,61.28197,3.03078502221679
64.62135,61.603157,3.0181929565429755
64.862438,61.930042,2.9323957331542942
65.132457,62.218475,2.9139816582031273
64.872082,62.48447,2.3876116325683654
64.573132,62.53022,2.04291196826172
64.958873,62.401333,2.5575401447753876
64.997448,62.450184,2.5472641315918025
65.508555,62.518898,2.989656989746095
65.209605,62.766403,2.4432018017578088
65.489268,62.82144,2.6678263496093706
66.85865,62.93551,3.9231412719726535
66.395761,63.547115,2.8486456740722588
66.617562,63.79355,2.8240134160156316
66.472909,63.971645,2.501263644775392
67.080452,64.003944,3.0765076030273377
68.594487,64.23488,4.359608459960938
68.199102,64.99362,3.2054801738281213
67.45655,65.362236,2.094313977050774
67.871222,65.22361,2.647612075683597
67.823004,65.22583,2.5971739218749974
68.276251,65.217155,3.0590955434570333
68.025519,65.38974,2.6357790097656277
68.863542,65.42559,3.4379514848632766
69.269418,65.76102,3.5084011542968767
69.69462,66.15423,3.5403917895507817
68.28372,66.56154,1.72218130371094
67.935827,66.23537,1.7004601787109408
67.16273,65.79993,1.3628032421874963
67.075757,65.21305,1.8627061577148396
64.427903,64.818306,-0.39040296923828066
62.707764000000005,63.574303,-0.8665386733398392
64.012364,62.059834,1.952530473388677
63.422878,61.646366,1.7765118806152316
65.191335,61.344944,3.8463909997558545
64.940079,61.903343,3.0367357993164035
63.538842,62.27559,1.26325301074219
62.301888,61.912098,0.38979006909179503
62.118278,61.08639,1.0318865510253872
60.620404,60.459347,0.16105722875976625
59.074212,59.524284,-0.4500723627929659
60.50444,58.340305,2.164134671630862
60.620404,58.17948,2.4409224936523444
59.992263,58.291336,1.7009269404296887
61.499801,58.163754,3.3360474904785136
62.611127,58.656033,3.955094437744144
63.026666,59.472393,3.554272964111327
63.71278900000001,60.15462,3.5581678757324298
63.693461,60.808567,2.8848939528808586
63.761107,61.172836,2.588270696289065
65.964431,61.352848,4.611582947021489
65.510237,62.295216,3.2150213933105505
65.007725,62.777256,2.230468988037103
62.330879,62.792934,-0.46205541772460634
62.17626,61.66953,0.5067310388183586
61.335518,60.773323,0.5621949409179692
62.543481,59.938198,2.6052829104003905
62.804401,59.954384,2.8500171499023423
60.50444,60.20787,0.29656951660156494
65.249317,59.50614,5.743175337402349
65.442591,60.81358,4.629011440673821
65.916113,61.951294,3.9648190546874957
66.921138,62.78344,4.13769836376953
67.027439,63.618637,3.4088019150390636
69.076144,64.13794,4.938204546874999
69.163117,65.1722,3.990913936035156
69.916886,65.89104,4.025849012695318
72.158865,66.55838,5.600484873046881
70.458053,67.818695,2.6393579316406317
69.491683,67.94866,1.543021195800776
67.887508,67.46801,0.4194980512695281
68.216074,66.45468,1.761392603515631
68.660604,65.91033,2.7502722739257877
69.337063,65.83823,3.4988366816406256
68.747578,66.16038,2.587200497558598
67.027439,66.17807,0.8493689316406261
65.56822,65.465164,0.10305581542968412
65.703511,64.35498,1.348530531250006
64.582522,63.69864,0.8838830839843723
62.997675,62.943367,0.05430799560546973
61.16157100000001,61.881863,-0.7202916403808501
60.56242199999999,60.50521,0.057211123535147124
63.33590399999999,59.419598,3.9163063742675703
64.244292,59.91984,4.32445023364258
63.90026499999999,60.830215,3.070049545898428
65.353424,61.3103,4.04312508032227
63.638695999999996,62.101143,1.5375531166992147
61.294265,61.91155,-0.6172836145019502
63.415878,60.713196,2.7026821992187493
64.762473,60.69475,4.067721260498047
65.71187,61.39114,4.320730015869145
67.087528,62.291916,4.7956121064453185
67.71723,63.413673,4.3035565991210945
68.182241,64.343864,3.838376559082036
67.571914,65.01434,2.5575707382812567
68.395371,65.11439,3.280983487792966
67.843171,65.40678,2.436394571777342
68.608501,65.37485,3.233653587890629
69.683839,65.61527,4.06856647802735
69.092888,66.220146,2.8727418208007833
69.412583,66.39301,3.0195699995117167
69.926032,66.55372,3.372313433105475
71.350129,66.84557,4.504555574707027
70.981995,67.592316,3.3896793261718727
71.262939,67.942894,3.320045018066409
73.084232,68.206184,4.878047612792969
73.675184,69.06019,4.61499570654297
73.665496,69.8668,3.7986975991210983
73.655808,70.31992,3.335884599121087
73.927065,70.52557,3.401491269531249
73.917377,70.70328,3.214099412109377
72.977667,70.78654,2.1911298295898405
73.432991,70.44836,2.9846343715820325
73.704247,70.37676,3.3274846098632764
74.663332,70.47823,4.185098662597653
74.837711,70.94797,3.8897434707031238
74.614894,71.34456,3.270335284179694
75.854923,71.476265,4.378658046386718
75.09928,72.00177,3.097509980468743
76.106804,72.04997,4.056831465820309
75.457726,72.41324,3.044487474609369
75.971176,72.40216,3.56901535546875
76.862447,72.54946,4.312985635253909
76.097116,73.00566,3.0914549892578123
76.939949,73.00861,3.9313354135742173
76.959324,73.28186,3.677463648437495
78.703115,73.48172,5.221395029296872
77.627777,74.28254,3.3452376323242135
77.249956,74.38984,2.860116827636716
76.290871,74.20885,2.082023954101558
76.271495,73.6653,2.606196538085939
75.544916,73.29245,2.2524660488281256
76.823696,72.808205,4.015491349121092
77.434023,73.042816,4.391206837890621
77.627777,73.52495,4.102828879882807
78.092789,73.922646,4.17014343115234
78.567487,74.32309,4.244397400390625
78.441547,74.73797,3.703578555175781
78.664365,74.91571,3.7486545507812536
78.393108,75.07291,3.320201505859373
79.439383,75.046844,4.3925385175781315
76.523376,75.42453,1.098845970703124
77.036826,74.5217,2.51512800195313
78.131539,74.03996,4.091576231445316
76.533064,74.25123,2.2818356674804647
77.211205,73.83509,3.3761143627929755
77.869971,73.79259,4.077383719726569
79.172002,74.09008,5.0819217387695375
78.764299,74.823074,3.9412246591796816
79.540876,75.14174,4.399137108398435
78.463375,75.58602,2.8773535766601555
79.084637,75.40648,3.6781581181640632
79.298195,75.46357,3.8346253588867256
79.036101,75.607056,3.429045335937502
79.288488,75.60205,3.686437218750001
78.706056,75.6796,3.0264524233398475
78.608983,75.50285,3.1061296064453074
78.045965,75.32307,2.722898288574214
75.279411,74.99328,0.28613249658202733
73.221482,73.676285,-0.4548027900390679
73.939816,71.963165,1.9766507167968683
73.357383,71.21084,2.146544682128905
73.347676,70.687775,2.659901341796882
73.570942,70.44114,3.129802778808596
74.473712,70.445656,4.0280561772461
75.153217,70.84577,4.307445210449217
75.065852,71.398285,3.6675670878906317
76.201595,71.70835,4.493243864746091
75.201753,72.30271,2.8990415131835903
75.910379,72.27444,3.6359420493164123
76.968465,72.45062,4.517842441406245
77.026708,72.997696,4.029012077148437
74.425176,73.388306,1.0368703359374933
74.366933,72.54655,1.8203860639648468
74.745514,71.86923,2.876281822265625
74.842586,71.63698,3.2056078505859347
71.678036,71.61134,0.06669261621094336
73.7845,70.377754,3.406745788574213
65.659566,70.35057,-4.691004678710939
67.270963,67.25449,0.016469286621088486
67.086526,65.68185,1.4046793813476626
66.911796,64.9052,2.006598856445308
66.319656,64.53917,1.7804866884765573
65.979904,64.16557,1.8143308798828173
65.717809,63.854504,1.8633053684082057
66.358485,63.545975,2.812510268554689
65.115962,63.628433,1.4875287724609336
65.329521,63.24627,2.083251773925781
64.931525,63.046314,1.8852107604980404
65.08684,62.79577,2.2910712622070264
65.028597,62.70566,2.3229352263183642
65.960489,62.654037,3.306451524414058
66.348778,63.007694,3.34108375561523
67.135062,63.42381,3.711252948486333
67.484521,63.99106,3.493462650390626
68.231976,64.47763,3.754345384765628
68.037832,65.04157,2.9962594291992133
68.231976,65.29415,2.9378246938476593
68.241684,65.4695,2.772186319335944
67.921346,65.55601,2.3653386147460935
68.231976,65.464005,2.7679714833984406
69.804544,65.50528,4.299264458984382
70.522878,66.17499,4.347890207031256
71.173261,66.9408,4.232457472167965
71.192675,67.66145,3.5312217529296817
70.998531,68.075294,2.9232365053710936
70.386977,68.18114,2.205839915039064
70.02781,67.94137,2.0864418969726586
71.047067,67.60737,3.439698530761717
72.483734,67.80444,4.679290640624998
73.720433,68.57179,5.148640397460937
73.555053,69.59842,3.956633810546876
74.712711,70.164825,4.547885560546874
73.691248,70.880585,2.8106632832031266
71.833158,70.886314,0.9468436079101537
71.453758,70.03988,1.4138791547851497
71.375932,69.27292,2.103013298828131
69.790233,68.80868,0.9815553266601569
69.702679,67.95742,1.7452586508789096
68.632575,67.394104,1.2384709960937528
68.048882,66.68919,1.3596882744140686
67.698666,66.031296,1.6673702236328154
68.22399,65.522766,2.7012238867187506
66.832855,65.468735,1.3641202587890575
67.212255,64.954216,2.2580389965820302
67.990513,64.74928,3.2412301630859446
67.688938,64.98087,2.708064892089837
67.9516,65.06291,2.8886880126953116
67.611112,65.19627,2.414838196289068
68.457467,65.14981,3.307656208984369
68.243446,65.423996,2.8194500283203183
67.523558,65.54185,1.981710770996088
67.328994,65.30741,2.021582806152338
66.229705,65.03875,1.1909553051757769
64.070041,64.43965,-0.36961048925780915
65.82112,63.186512,2.6346080065917903
66.122695,63.05816,3.0645361254882744
67.601384,63.272305,4.3290794650878865
66.774485,64.04895,2.7255348046874985
64.819114,64.26649,0.5526268784179678
65.801664,63.53854,2.263124113525393
63.807379,63.339928,0.46745132666015365
67.698666,62.509132,5.189533614746097
69.14817,63.476288,5.671882158203118
69.799961,64.8928,4.90716162255859
69.187083,66.05918,3.127901786621095
70.237731,66.44267,3.795058270507809
69.790233,66.95927,2.8309663374023444
67.659753,67.062004,0.5977489106445262
67.747307,66.22037,1.5269395683593814
67.591656,65.63013,1.9615290468750004
68.039154,65.259094,2.7800597617187464
68.778498,65.255905,3.5225928486328115
69.177355,65.61662,3.560732075195318
68.49638,66.04854,2.4478417919921895
68.93415,66.03267,2.90148093261719
71.521856,66.12935,5.392507245117187
72.2612,67.22181,5.039390612792971
72.163918,68.29238,3.8715367133789016
72.737883,68.876144,3.861738590820309
74.897547,69.366776,5.5307714873046905
75.461784,70.47908,4.982703799804682
75.782815,71.419945,4.362870236816406
75.053198,72.07156,2.9816342792968697
74.323582,72.105125,2.218456572753908
75.461784,71.72999,3.731795901855463
75.948194,71.8983,4.049893829101563
75.850912,72.26886,3.582052136718744
75.938466,72.48,3.4584626430664116
73.905269,72.61873,1.2865403623046916
74.255485,71.86747,2.388015212402337
74.440321,71.44256,2.9977627114257785
74.313854,71.31434,2.999515315917975
74.706874,71.241646,3.465228187011718
72.961796,71.373764,1.5880319619140693
71.50919,70.78793,0.7212566503906288
72.01614,69.76337,2.252773300781243
73.975696,69.308304,4.667392166992187
73.215271,69.911476,3.303794864746095
70.670772,70.11912,0.5516542631835932
71.626178,69.18677,2.439410421874996
72.142877,68.85888,3.28399791064453
73.410252,68.94242,4.467831040527344
73.293264,69.56253,3.7307334824218685
73.848959,69.96968,3.879278213867181
73.381005,70.40253,2.978478144531252
73.039789,70.44872,2.59106616064453
72.698572,70.27953,2.41903861376953
73.585735,70.00807,3.577663100585937
72.815561,70.19376,2.621797267089846
73.098283,70.057785,3.0404979658203075
73.117781,70.05561,3.0621703432617124
73.497993,70.0782,3.4197917060546814
74.23892,70.24634,3.992582109374993
74.258418,70.65764,3.6007794501953185
74.209673,70.942116,3.267557216308589
73.848959,71.064896,2.784063370117181
75.038341,70.96437,4.07397027246094
74.814113,71.3451,3.469012597167975
73.653978,71.538826,2.115152011230464
73.887955,71.165886,2.7220690747070364
74.004943,70.96246,3.0424796210937473
74.716623,70.90984,3.8067795551757797
74.921353,71.18493,3.7364241059570276
75.116334,71.480934,3.6353998569335886
75.223573,71.73697,3.486604005859377
74.833611,71.91421,2.919403541503911
76.295967,71.84481,4.451156514160161
75.983998,72.351494,3.632504164550781
77.300118,72.596725,4.70339253613281
76.549442,73.23255,3.316890425292968
76.334963,73.34585,2.989114916503908
77.134384,73.25065,3.883735501464841
78.245775,73.47478,4.770997778320307
78.918458,74.09486,4.82360173779297
79.045196,74.774796,4.270400467773442
78.742975,75.229996,3.5129792724609388
78.333516,75.32929,3.004223702636722
78.08979,75.15991,2.9298778906249936
78.89896,74.92057,3.978389626464846
79.483902,75.09893,4.384971641113282
80.146837,75.49755,4.649286035644536
79.571644,76.02901,3.5426370419921938
80.848768,76.11911,4.729657892578132
81.32647,76.61956,4.706909758300782
82.681587,77.14222,5.539367456542962
81.609192,77.99098,3.6182099443359306
82.330621,78.08209,4.248528714843744
81.843169,78.3212,3.521971490234378
81.336219,78.26266,3.073561834472656
82.389115,77.98445,4.404663706054691
83.05205,78.21877,4.8332771118164
83.120293,78.69393,4.42636142041016
83.159289,79.02526,4.134028074707032
83.305525,79.213394,4.09213083496094
83.276278,79.35274,3.9235405732421924
82.944811,79.40395,3.5408574477539076
83.345369,79.28669,4.058679241699224
83.97063,79.35996,4.610667536621094
82.62241,79.6786,2.943813503417971
82.866653,79.34869,3.5179667817382807
83.120665,79.17563,3.9450363378906275
83.941321,79.19457,4.746748551269533
85.260231,79.56338,5.696853619628911
85.572862,80.35875,5.214112610351563
85.445856,80.99954,4.446313763671881
85.96365,81.28379,4.679859411621095
86.579142,81.59735,4.9817909257812545
87.399797,82.01658,5.3832183256836
88.044598,82.597145,5.447452919433587
87.546342,83.20963,4.336709126464839
88.054367,83.353905,4.700462275878905
87.018778,83.572655,3.4461232758789038
86.22743199999998,83.27485,2.9525830620116977
84.566582,82.716255,1.8503268120117156
85.172304,81.69098,3.481324996093747
85.230922,81.299065,3.931857363769538
82.436786,81.18689,1.249896351562498
80.658699,80.04729,0.6114120126953111
80.258141,78.55524,1.7029041835937448
81.596591,77.49397,4.102618221679691
82.97412,77.48833,5.485792973632812
82.866653,78.20694,4.6597133027343745
81.254651,78.69629,2.5583619374999955
82.485634,78.29276,4.192871243652348
83.130435,78.424675,4.705760012207037
83.462605,78.8151,4.64750337646484
83.501684,79.21336,4.28832035253906
83.843624,79.46495,4.378673438476568
82.837344,79.72431,3.1130321713867204
83.384447,79.45147,3.9329775786132757
82.397707,79.445885,2.951822295410153
83.110896,79.07575,4.0351437416992155
78.64614,79.10939,-0.4632502587890599
76.154864,77.380646,-1.2257817519531216
76.31118,75.16754,1.1436384960937431
75.64684,73.88699,1.7598465917968724
75.29513,73.02925,2.265878901367188
80.082286,72.48282,7.599467396484371
78.470285,74.16725,4.303033413085942
82.407477,74.79552,7.611960032226563
78.607061,76.60269,2.0043693496093766
76.750816,76.245255,0.5055614833984379
69.120675,74.99029,-5.869612780761713
71.230932,71.06166,0.1692712333984332
67.254661,69.283676,-2.029015147460939
61.95948,66.965515,-5.006035136718751
67.606371,63.522285,4.0840855385742145
62.65313,63.60423,-0.9510989733886746
68.817815,62.239193,6.578622037353512
67.283971,63.68373,3.6002399208984315
64.245592,64.35782,-0.11222660351562297
64.929471,63.45236,1.4771127541503972
61.910632,62.91618,-1.0055476569824222
65.457035,61.479633,3.9774016687011766
67.410977,61.876984,5.533993357421878
72.022278,63.189827,8.832451034667969
69.276991,65.949844,3.327146639648433
71.172314,66.663734,4.508579563964844
70.143954,67.53723,2.6067225546874937
67.499599,67.59522,-0.09562347314452779
70.800145,66.45153,4.348614543457032
68.968685,66.914116,2.054569094238275
72.827484,66.70227,6.125213492187498
72.504285,68.022644,4.481640957031246
75.109464,68.886894,6.222569773925784
76.715665,70.37006,6.34560121826172
74.639357,71.9257,2.7136596733398477
77.20536,72.00225,5.20310932861328
75.462045,72.83823,2.6238186816406284
77.127009,72.71271,4.414301480468751
77.910521,73.166374,4.744146793457034
75.77545,73.81827,1.9571821777343814
72.230056,73.37308,-1.1430213925781203
73.62079,71.53434,2.0864500952148433
73.542439,70.83774,2.7047009628906267
74.188837,70.5497,3.639139124023444
74.678532,70.72825,3.950283403808598
73.89502,71.1179,2.777122966308596
77.097627,71.0644,6.0332272807617215
75.080082,72.23625,2.843830168945317
72.680575,72.27005,0.4105249511718796
73.023362,71.17457,1.8487938237304746
74.796059,70.51028,4.285782205566406
76.265145,70.887955,5.3771902880859415
76.882161,71.84397,5.03818974755859
78.067224,72.755394,5.311830018066402
79.595073,73.74836,5.846713319824218
78.204338,74.92079,3.2835463740234445
78.507949,75.04093,3.46701729833984
79.957447,75.08003,4.877414651367189
79.908478,75.659996,4.248481967285159
81.935816,76.0401,5.895715902343753
80.280646,77.052444,3.228201541992192
80.026005,77.050064,2.9759409130859353
79.08579,76.800415,2.285374960937503
83.228612,76.2286,7.0000124516601545
84.354911,77.52818,6.826728016601564
84.403881,78.97804,5.425838397460936
84.90337,79.867455,5.035915471191402
86.323486,80.48593,5.837554603515628
88.057008,81.351814,6.705193729980465
88.429176,82.55356,5.875617650390623
88.625054,83.43314,5.1919103842773495
89.261658,83.9633,5.29835538769531
88.517321,84.45867,4.058649430175777
88.429176,84.414345,4.014831212402342
87.919893,84.27852,3.6413743232421893
87.95906900000001,83.97979,3.979279266113295
83.277582,83.806015,-0.5284330146484422
84.335323,81.826,2.5093266010742212
85.167805,80.90768,4.260128303222658
85.637913,80.85537,4.782543432128904
86.10802000000001,81.15521,4.95280759765626
86.39204399999998,81.58381,4.808235101074203
86.901327,81.969215,4.932111606933589
86.705449,82.36739,4.338055506347658
87.439992,82.509315,4.9306765092773475
84.776049,82.85146,1.9245856821289067
85.461623,81.98429,3.4773319233398468
84.129651,81.61381,2.5158433217773393
85.667295,80.92045,4.7468466967773395
86.727218,81.11939,5.607825604980462
86.472051,81.785545,4.6865056508789
87.031455,82.13796,4.8934926586914
87.649743,82.51701,5.132729450195313
87.551602,82.978905,4.572697275878909
87.875467,83.19766,4.677804646484375
88.248403,83.42041,4.827992843749996
87.75769800000002,83.695435,4.062263429687519
87.600673,83.65252,3.9481537739257817
89.004089,83.52191,5.482177378906243
91.153377,84.004944,7.148433152343756
91.13374899999998,85.23107,5.902677527832012
92.615679,86.01421,6.601465437988281
93.440063,87.00361,6.436454296386714
94.235005,87.90313,6.331875422363282
94.558871,88.705505,5.853365628906246
94.863108,89.26409,5.599016508300778
93.047499,89.66345,3.384046851562502
95.46176799999999,89.10945,6.35231670605468
93.52839,89.66428,3.8641062475585954
95.294928,89.31242,5.982504293945311
94.146679,89.73879,4.407886580566412
94.539243,89.598045,4.941197650878905
97.247935,89.61529,7.6326472192382795
95.71693499999999,90.7444,4.97253497558593
96.070242,90.89081,5.179433894531243
95.63842199999999,90.99598,4.64244269091796
95.96228699999999,90.86092,5.1013632329101455
95.334185,90.87762,4.456568117675786
94.5098,90.64611,3.8636894653320297
95.815076,90.15935,5.655728465820317
96.933883,90.38705,6.546836186035151
95.55990899999999,91.06375,4.496157779296865
95.697307,90.940475,4.7568315361328075
96.04079999999999,90.83278,5.208021069335928
96.138941,90.90138,5.23755855371094
95.96228699999999,90.99614,4.966147473632802
96.472621,90.98646,5.4861631752929725
95.785634,91.18206,4.603573758300783
96.511877,91.02841,5.483465134765623
97.48347300000002,91.19825,6.2852231831054866
97.17923599999999,91.72941,5.449827735839833
98.04287700000002,91.946945,6.095931809570331
98.55321,92.38469,6.16852066894532
99.240197,92.85838,6.381813821289057
101.49744099999998,93.40227,8.095173543945293
97.78771,94.63971,3.148000527343754
95.039762,93.875854,1.163907507812496
93.371364,92.077095,1.2942689682617186
96.109499,90.245255,5.864244483398437
96.737601,90.339554,6.3980471669921855
96.767044,90.91519,5.8518523496093735
97.5718,91.353516,6.218284374999996
98.50414,91.91122,6.592923264160163
98.06250500000002,92.600685,5.4618198803711095
97.748454,92.803314,4.94513979101562
97.532544,92.72773,4.80481420263672
96.305781,92.553764,3.7520166567382773
96.786672,91.93452,4.852155093261715
95.108461,91.73552,3.372941590820318
94.549057,90.991196,3.5578613212890673
95.87396,90.288864,5.585095864257809
97.66012700000002,90.44725,7.2128766337890795
98.356928,91.38392,6.973009237792965
99.063544,92.29958,6.763960564941399
99.338338,93.103264,6.235074145019524
98.150832,93.631836,4.518996062499994
101.379672,93.384056,7.995615908691406
99.914818,94.472115,5.4427034370117156
102.12684499999999,94.62583,7.5010133959960825
102.40212,95.520325,6.8817952929687465
103.975117,96.20599,7.769123347656247
103.65068600000001,97.206184,6.444501612792976
103.64085499999999,97.64642,5.994431660156238
103.286931,97.81621,5.470723114257808
103.54254299999998,97.71163,5.830911225097637
104.899253,97.72241,7.176840890625002
103.70967400000002,98.30101,5.4086638681640835
103.827648,98.199455,5.628192738769528
103.060812,98.11531,4.945501331054686
104.96807100000001,97.74375,7.224319474121103
104.378198,98.291794,6.08640417675781
102.864188,98.4592,4.404990001953124
104.250392,97.89221,6.358180085937505
99.944312,98.0588,1.8855122563476527
100.29823599999999,96.44797,3.8502684707031136
100.367055,95.50368,4.863377631835931
103.463893,95.08774,8.376154962890624
105.22368399999999,96.21783,9.005857156738273
106.65904399999998,97.77385,8.885194512695293
108.477822,99.29489,9.182930642578128
110.640693,100.859314,9.781379035156249
110.60136800000001,102.59538,8.00598530957032
108.340184,103.52182,4.818363931640619
107.56351699999999,102.97691,4.586603547851553
107.593011,102.16532,5.427689649902348
108.310691,101.68389,6.626799703613287
108.409003,101.76539,6.643614511230467
108.00592199999998,101.9372,6.068719546386703
104.16191,101.88555,2.2763585473632872
106.84583700000002,100.23065,6.615185144531267
109.018539,100.24571,8.772826719726567
110.31626199999998,101.34334,8.972923987304668
112.744577,102.63887,10.105706760742194
112.420146,104.3961,8.024043094726565
112.164534,105.25217,6.912367251953128
114.92711,105.47882,9.448289199218749
113.4131,106.66226,6.750838037109375
112.63643299999998,106.762886,5.873546952636701
111.663141,106.37699,5.28614972802734
113.206644,105.694695,7.511949480957028
112.469302,105.92573,6.543574155761718
115.03525400000001,105.85079,9.184462068847665
114.43554899999998,106.86936,7.566187122558574
116.804876,107.28801,9.516866356445306
116.480445,108.44059,8.039855095214847
114.76981,108.99227,5.777538576660163
115.408841,108.50152,6.907322750488277
115.26137199999998,108.373375,6.887997061035136
116.96217500000002,108.27033,8.691842663574235
117.286606,108.93767,8.348938153320319
115.792259,109.52934,6.262916348632814
115.389178,109.21591,6.173266134765626
115.32036,108.76757,6.552789504394525
115.33019100000001,108.46766,6.862532003417982
115.84141500000001,108.328156,7.513259482421887
115.251541,108.49797,6.753570418945316
115.408841,108.38302,7.025822506347652
116.490276,108.35587,8.134402892089838
116.828471,108.79967,8.028803641601556
117.78365999999998,109.23299,8.55067354980467
121.013577,109.8701,11.14347507128906
124.233647,111.58879,12.644856106445317
125.119905,113.978775,11.14112997558594
126.193261,115.698135,10.495125624023444
125.03127899999998,116.97728,8.053999336914046
125.041126,117.078,7.9631230703125055
124.105632,116.98388,7.121752910644531
124.282883,116.502075,7.780807804687498
125.40547700000002,116.28266,9.122815562011738
126.15387199999999,116.67315,9.480722891113274
125.060821,117.26979,7.791030350585942
124.40105099999998,117.15122,7.249828770996075
123.56403000000002,116.73021,6.833820649414079
122.02785000000002,116.106224,5.921625939941421
116.986028,115.10364,1.8823903046875046
119.70388500000001,112.41747,7.286412160644545
118.33510900000002,111.952866,6.3822433994140795
118.98503100000002,111.37042,7.614608636718771
121.308996,111.36364,9.945356168457025
120.28487599999998,112.41618,7.868692528320295
122.175559,112.66236,9.513197854980476
121.299149,113.50248,7.796669446777344
121.525637,113.63171,7.8939307622070345
121.358233,113.71205,7.646181608398436
123.170137,113.66975,9.500390601074216
125.021431,114.395966,10.625465423828132
126.025857,115.64686,10.37899878466797
125.99631500000001,116.79969,9.196624753417979
128.133181,117.38148,10.751703644042976
125.73043800000002,118.51526,7.215179210937521
124.93280600000001,118.13278,6.800024017578139
121.614263,117.43349,4.1807760615234315
120.550753,115.61146,4.939295175292969
123.111054,114.07727,9.033783492187496
120.235639,114.37829,5.857350730957037
120.206098,113.54974,6.656354347656247
122.579299,113.00692,9.572379139160162
121.752125,113.73803,8.014095520019538
117.47839299999998,113.91397,3.5644220527343577
113.234203,112.16783,1.0663715791015562
114.366643,109.24266,5.123982477539059
114.30756,107.991425,6.31613543945312
118.01014800000002,107.49074,10.519410084960953
118.157857,108.91253,9.245328008300788
119.969762,109.98263,9.98713413134766
119.585717,111.28518,8.300537861816409
122.14601699999999,111.81946,10.326558992187486
121.121897,113.08115,8.04075075976563
120.649226,113.38298,7.266245653320311
120.718158,113.24221,7.475947611816409
120.816631,113.13126,7.685367267089845
121.72258300000001,113.10774,8.614840690429702
120.117472,113.49078,6.6266883085937565
118.994879,113.07032,5.924558870605466
120.038693,112.28802,7.750675727050776
123.721587,112.259735,11.461851892578125
123.504946,113.878876,9.626070267578129
122.93380200000001,114.84666,8.087145200683608
125.198683,115.06421,10.134474015625003
125.740285,116.02906,9.711224636230469
128.206051,116.82278,11.383274205566408
129.2317,118.27495,10.956751879882802
127.55515900000002,119.5434,8.011755374511736
128.886529,119.4698,9.416726143554683
130.089694,119.83789,10.251803375000009
129.458526,120.56386,8.894667967773444
131.135066,120.7178,10.417269674316401
130.148866,121.45992,8.688943209472654
131.440788,121.47646,9.964324682128904
132.722849,121.95684,10.766008484863278
131.657752,122.79368,8.864073716308582
130.632104,122.81427,7.817833980468748
131.983199,122.30568,9.67751967871095
132.673539,122.54451,10.129029112304693
134.79387,123.0322,11.761666325683592
135.444762,124.23261,11.212149390136716
134.59663,125.21211,9.384517573242192
132.939813,125.33036,7.60945258740233
132.298783,124.58164,7.71714084912108
131.795821,123.81231,7.983511734863271
131.35203,123.189316,8.162714204101576
129.093631,122.70429,6.389338702636707
131.529546,121.51918,10.010365702148448
130.572932,121.86872,8.704210991699227
132.052233,121.801285,10.250948209960939
130.050246,122.37477,7.675474881835925
129.606456,121.88734,7.719119269042977
126.864819,121.33103,5.533787200683591
128.225775,119.85632,8.369451757812499
129.340182,119.56734,9.772844963867186
128.314533,120.016396,8.298137431152355
126.97330100000002,119.91965,7.053653783203146
128.413153,119.2552,9.157949752929682
130.326382,119.44223,10.88415177539062
130.474312,120.43203,10.042282275878904
131.49996,121.11653,10.383428627929675
131.391478,121.88845,9.503027377441413
131.45065,122.23661,9.21403958740234
135.642002,122.38692,13.255084885742178
136.22386,124.223495,12.000364516601564
135.306694,125.59789,9.708801238769524
134.685388,125.88449,8.800897033203114
134.488148,125.63761,8.85053661083984
135.997034,125.33807,10.658960269531264
135.750484,125.81705,9.933436880859375
136.835305,126.050835,10.784470344238287
138.196261,126.622055,11.574205946289055
141.085828,127.5259,13.559926205566398
141.549342,129.25919,12.29015620898437
142.397475,130.43202,11.965452905273423
142.624301,131.33923,11.285067601562503
141.608514,131.851,9.757516075195326
144.892562,131.61913,13.27343663378906
143.008919,132.8322,10.176719903320304
144.3896,132.77391,11.615689477539064
144.606564,133.2304,11.376171543945304
145.208146,133.58882,11.619324588867187
144.646012,134.01532,10.630692175781263
145.247594,134.0004,11.247197271484367
145.888624,134.20425,11.684369849609368
146.756481,134.59653,12.159953900390633
145.77028,135.1904,10.579880830078139
145.750556,135.08871,10.661841400390614
146.957665,134.95827,11.999397788085929
147.115663,135.3964,11.719270177734387
147.619281,135.74123,11.878054803710938
146.96754,136.13565,10.831889365234389
148.152523,136.0538,12.098720509765627
147.639031,136.47067,11.168358392578114
147.402034,136.50096,10.901072696289049
146.770043,136.38272,10.387322052734362
147.095913,136.032,11.063915319335933
147.066289,135.96738,11.098912291015637
145.733183,135.95084,9.782346818359372
147.431659,135.37941,12.052249209960934
147.086039,135.771,11.31504290625
148.419145,135.90556,12.513581645507799
150.403991,136.53793,13.866057650390616
148.36977,137.76143,10.608341166992176
148.073525,137.55168,10.521843481445302
149.564628,137.18388,12.380744333007812
150.759486,137.60085,13.158640663085947
151.312479,138.39893,12.913553218749996
151.154481,139.09773,12.056748456054692
151.934595,139.37115,12.563440214843752
152.339464,139.79079,12.54867725683593
153.099828,140.1786,12.92122387402344
153.751569,140.70076,13.050809112304677
154.581057,141.25647,13.324587273437487
154.561308,141.89337,12.667936417968747
154.561308,142.20607,12.355238053710934
156.17091,142.32733,13.843578457031242
157.237395,143.06038,14.17701597167968
160.041855,143.94061,16.101242207031248
158.896371,145.61972,13.276650541015613
160.979966,146.02104,14.958924129882803
165.571776,147.00691,18.564863768554687
166.02602,149.52473,16.501285502929676
167.872619,151.09439,16.77822813085936
168.435486,152.60396,15.831527870117185
171.131322,153.5434,17.58792600390626
171.41769300000004,155.10843,16.309264044921918
171.63493999999997,156.03859,15.59635052246091
174.51839899999996,156.52711,17.991284131835897
173.274167,157.97757,15.29659741992188
173.254417,158.19017,15.064246711914052
175.792256,158.19211,17.600147845703134
177.036489,159.27057,17.76592015234374
175.49601100000004,160.41374,15.082268934570351
176.493371,160.30905,16.18431948632812
175.012142,160.5865,14.425639924804699
175.012142,160.06494,14.947200593750011
169.92659,159.7574,10.169189487304692
170.26233499999998,157.39021,12.872121987304666
171.615191,156.22963,15.385561483398448
171.11157300000002,156.35306,14.758515138671896
171.76331400000004,156.32976,15.43355630957035
169.19585,156.63152,12.56433449707032
169.294599,155.65942,13.635175171875005
170.282085,155.1209,15.161189614257808
170.607955,155.32022,15.287734052734379
170.242585,155.63338,14.609207924804679
164.297919,155.65596,8.641958916992195
157.89901,153.02888,4.870125112304692
157.997759,148.72423,9.273531094726565
155.558668,146.48448,9.074186188476574
154.03794,144.50961,9.528326962890617
150.644938,142.97029,7.674646862304684
151.307396,140.8014,10.505989139648449
151.920417,139.94711,11.973303962890611
153.571618,139.91383,13.657784381835938
150.7537,140.72044,10.033256274414072
148.331279,140.00186,8.32941742773437
146.28458,138.45044,7.834140546875005
148.529027,136.68254,11.846486106445326
150.872349,136.73268,14.139667725585952
151.544695,137.96822,13.576479057617178
153.037697,139.03194,14.005760354492196
153.868241,140.20619,13.66204898339845
155.816066,141.13928,14.676783773437506
155.173383,142.4142,12.759183170898439
156.191788,142.79485,13.396942418945315
156.557623,143.33925,13.218374342773444
156.409312,143.76582,12.643488635742187
153.512294,143.89836,9.61393279394531
154.006665,142.68031,11.326351889648436
155.717192,142.1562,13.560987776367199
155.292032,142.6872,12.604837175781256
156.073139,142.88435,13.188785362304685
156.419199,143.3149,13.10430337011718
155.87539,143.68593,12.189461655273448
154.649349,143.62132,11.028026368164063
159.128356,143.01744,16.11091520410156
158.011076,144.6058,13.405271556640628
157.487042,145.105,12.38204627246094
157.002558,145.05473,11.947824723632806
159.069031,144.74799,14.321045160156245
156.003927,145.4452,10.558721311523442
159.573291,144.5573,15.015994247070324
159.721602,145.54309,14.17851117968749
160.334623,146.24467,14.089948317382806
162.450534,146.85068,15.59985650976563
160.947644,148.0661,12.881542925781247
153.037697,148.04085,4.996849221679696
151.248072,144.48076,6.76731333300782
150.358203,141.60631,8.751895016601566
151.693006,139.8089,11.884107074218747
149.201373,139.6326,9.568774123046865
146.541653,138.67679,7.864864669921872
149.29036,136.9951,12.295258071289055
147.649046,137.24843,10.400617655273436
149.764956,136.84488,12.920076849609387
152.068729,137.53369,14.53503759374999
154.550474,138.97902,15.571454834960946
152.869611,140.85147,12.018140052734367
154.501037,141.10657,13.394469617187497
154.530699,141.77634,12.754362330078123
150.170341,142.12546,8.044883236328133
152.572988,140.38107,12.191915001953134
149.102498,140.35864,8.743855421874997
149.715519,138.97827,10.737247515625
148.726776,138.45612,10.270660277343751
152.226927,137.84915,14.377775388671864
155.015184,139.05463,15.960557535156255
156.023702,141.0544,14.969304416992173
156.953121,142.58492,14.368205838867198
157.388168,143.70485,13.683318756835945
158.841621,144.37895,14.462668973632816
159.069031,145.2846,13.784424066406245
157.852877,145.84586,12.007021287109382
154.926197,145.5619,9.36429209277344
149.688725,144.06345,5.62527895507813
147.124443,140.92436,6.200080817382826
147.63928,138.0918,9.547483125000014
143.708701,136.91983,6.788870677734366
143.718601,134.8285,8.890094530273444
145.183905,133.73431,11.44959103515626
148.025407,133.90141,14.123994036132814
143.728502,135.3489,8.379594529296867
143.243368,134.3842,8.859166950195316
139.075172,133.45877,5.616401248046884
139.035569,131.15768,7.8778846738281345
138.095002,129.83316,8.261841599609369
136.144564,128.86157,7.282991734375003
136.748507,127.59168,9.156824565917958
133.233757,127.1859,6.04785917285156
132.184283,125.56282,6.621462565429681
130.778383,124.16797,6.610414249999991
135.699032,122.86542,12.833614519531238
137.936591,124.30413,13.632460445800774
139.629611,126.31286,13.316752418457042
142.807737,128.17043,14.63731158496094
140.382064,130.46463,9.917433873046889
139.718717,130.60587,9.112851521484373
138.976165,130.16374,8.812422934570321
139.411796,129.52698,9.88481846093751
143.005751,129.35825,13.647505150390629
140.253355,130.87633,9.377027485351562
135.837642,130.65364,5.184001252929676
133.867402,128.49133,5.3760689921874985
134.560451,126.314316,8.246135204101563
133.807998,125.457275,8.350722609374998
128.956653,124.858246,4.098407150390614
130.73878,122.5544,8.184382416992179
129.19427,121.94439,7.24988065673827
124.748855,121.12537,3.623488789062506
126.877506,118.82485,8.052654010253903
132.402098,118.37984,14.022260963867183
129.065561,120.673965,8.39159554589844
130.619972,120.78104,9.838935623046865
131.837758,121.307335,10.530423100097664
135.80794,122.09519,13.712748044433596
132.560509,124.2065,8.354011807617184
129.04576,124.0695,4.976256215820314
128.035888,122.278915,5.756972594726562
131.936765,120.70218,11.234586044921883
132.99614,121.535805,11.46033525146484
129.016058,122.70824,6.307821305664049
126.31316600000001,121.70904,4.604128219238291
128.986356,119.80693,9.179425458007813
133.659487,119.8026,13.856889954101575
135.461415,121.98699,13.47442311767577
137.738577,124.178314,13.560262791015617
136.768308,126.31559,10.452718095214834
137.906889,126.9647,10.9421902084961
132.84763,127.598946,5.248684382324228
135.055486,125.73459,9.320897376953127
134.362437,125.457695,8.904741992675781
134.075317,125.16166,8.913657759277356
137.045528,124.91383,12.131694381835928
134.11492,126.074745,8.040174821777356
131.016,125.5618,5.454201904296866
132.639715,123.816055,8.823659702148433
133.679289,123.4526,10.226690428222668
132.142289,123.8338,8.308487730468755
131.596902,123.49166,8.105240928222656
134.789895,123.02721,11.762688579101564
133.738785,124.1123,9.626487941894538
130.159064,124.38337,5.7756945541992195
124.33829800000001,122.94043,1.3978683125000089
127.213975,119.530594,7.683381127929692
125.379492,118.7281,6.6513883623046866
122.801299,117.80583,4.995467090820313
125.468737,116.284035,9.184702270996098
128.284916,116.56167,11.723247604003916
124.239137,118.081894,6.157243079101562
120.30243499999999,117.32533,2.977102358398426
120.431345,115.04053,5.390817656249993
116.950785,113.67901,3.2717765161132775
116.692966,111.575874,5.117091671386717
120.044616,110.30919,9.735427157226567
118.26963,111.15334,7.116286799316413
118.567113,111.11104,7.456074791992194
121.373377,111.14302,10.230356370117192
125.24066599999999,112.33491,12.905758468261709
121.125474,114.71632,6.409157776855466
120.064448,114.38424,5.680208803222655
112.161296,113.470184,-1.308888326171882
115.661689,109.55224,6.109450535644527
113.033915,108.58035,4.453562216796868
115.155966,107.29058,7.865385250488288
118.378707,107.5167,10.8620062553711
119.290991,109.18099,10.109998873535162
122.047673,110.633064,11.414608729980472
119.77688099999999,112.54348,7.233401080566395
121.373377,112.6389,8.734476243164067
124.08047899999998,113.13885,10.941631648925764
124.92335,114.56166,10.361689233398437
123.366518,115.775795,7.590723017089843
119.37032,115.748436,3.621884025878913
122.811215,113.901115,8.910099582519535
129.455019,114.14246,15.312555315917962
126.490098,117.296875,9.193223000000003
122.05759,118.06443,3.9931597631835984
128.017181,116.37074,11.646438202148431
127.412297,117.67337,9.73892663867187
126.55951100000001,118.37588,8.183633619628921
127.818858,118.375725,9.443133207519537
125.776137,118.840805,6.935331946289068
123.09878299999998,118.235214,4.863568766601546
119.558726,116.67085,2.8878733388671805
115.304708,114.25001,1.0547003706054738
115.036973,111.08163,3.9553461079101595
115.49311400000002,109.208405,6.284709458984395
113.995779,108.56336,5.432416878417968
111.764651,107.771576,3.9930750722656256
112.924838,106.42832,6.496516161621088
112.845509,106.12506,6.720447964843757
117.605249,106.039696,11.565553260253907
120.272687,108.033356,12.23933128710938
119.558726,110.475586,9.083140062499993
116.078166,111.542046,4.536120406738277
116.91112,110.47476,6.436358037109372
117.773823,109.97472,7.7991068134765555
118.41837100000001,110.09968,8.318692960449226
119.75940699999998,110.53283,9.226577715332013
120.37528899999998,111.38697,8.98831847998045
122.332207,112.14723,10.184974944335934
121.696457,113.35618,8.340278716308589
122.30240699999999,113.77105,8.53135750048827
118.448172,114.15467,4.293501284667968
117.86209,112.71431,5.147780307617182
115.110485,111.49683,3.613651198730466
118.04089500000002,109.70329,8.337602153320333
114.34559800000001,109.925224,4.420373695800791
118.26936799999999,108.73572,9.533650226562486
119.06405500000001,109.61895,9.445105109863292
126.345379,110.64664,15.698742037109369
124.20965699999999,114.29951,9.910149858886712
123.434836,115.62448,7.810354798828129
124.338793,115.74916,8.589632233398433
126.861926,116.00715,10.854777257324216
130.239348,117.19191,13.047438209960944
133.209493,119.359924,13.849568683593759
132.543942,121.887085,10.656857039062487
130.408219,122.95264,7.4555822812500026
133.666438,122.42098,11.245455639160156
132.881684,123.32406,9.557625467285163
132.722746,123.584984,9.137762174316407
131.639985,123.61373,8.026253615722652
128.024157,123.14092,4.883234453613284
131.699586,121.29084,10.40874585107423
131.07377,121.73982,9.333947612304684
132.663145,121.946365,10.716779643554673
133.010821,122.74306,10.26776374902343
131.888325,123.370415,8.51791026611329
141.345106,123.18973,18.155378216796862
139.040512,127.04093,11.99958029833985
136.706118,128.44952,8.256594074218754
133.050555,127.96288,5.087672004394534
131.759188,125.91194,5.847246471679682
132.782348,124.088196,8.694152199218763
135.106809,123.6057,11.50111136816406
129.007582,124.52246,4.4851210625000135
127.25927000000001,122.57832,4.6809466357422025
127.428141,120.54346,6.8846839687499966
127.39834,119.49807,7.900270236816411
128.073825,119.04948,9.024348376464843
127.159934,119.20957,7.950362161621101
128.441368,118.98976,9.451606647460949
130.557223,119.374886,11.182337440917962
134.292254,120.5312,13.761057405761733
136.716051,122.81335,13.902704137207024
138.941176,125.16156,13.779615941406263
132.653211,127.33359,5.319623353515624
132.365137,125.72219,6.6429461430664105
132.275735,124.3553,7.920434096679685
129.02745,123.581,5.446448718261706
129.851938,121.877045,7.974893322265615
127.289071,121.283455,6.005616104980476
125.64009400000002,119.99951,5.640582281250019
123.56397299999999,118.57086,4.99311118359374
122.660016,116.93375,5.726269662109374
121.497786,115.67252,5.825262501464849
120.80243399999999,114.56846,6.233975442871085
122.898422,113.72905,9.169372317382809
121.92493,114.20867,7.716258430175785
120.74283200000002,114.20718,6.5356557915039275
125.749364,113.67218,12.07718382421875
130.754264,115.43409,15.320174339355475
131.978126,118.72842,13.24970955712891
131.520422,121.17148,10.348943728515621
126.804074,122.16583,4.63824148046875
125.321509,120.47697,4.84454214208985
125.01305599999999,118.639366,6.373689850097648
125.062807,117.505325,7.557481682617194
127.261779,117.02923,10.232550789550785
125.072757,117.81674,7.256015056640621
129.908505,117.456635,12.451870478515616
131.639823,119.199684,12.4401388569336
128.316489,121.05653,7.2599551865234275
125.311559,120.64045,4.671109476074221
129.231899,118.9035,10.328395582031249
131.639823,119.468094,12.171729127929694
133.828845,121.02,12.808848356933595
137.002927,122.921074,14.081853086425781
135.808915,125.31575,10.4931648779297
138.077538,126.068504,12.00903366650391
137.659633,127.23708,10.42254956494142
140.186959,127.6703,12.51665565527344
134.595003,128.89624,5.698762765624991
133.789044,127.20717,6.581875420898427
135.400961,125.70197,9.698988038574214
137.34123,125.59497,11.746259296874996
138.057637,126.52374,11.53389432421875
136.31637,127.45949,8.856882084960944
145.569963,127.208206,18.36175682324219
147.569933,130.9046,16.665330949218742
145.649564,134.03618,11.61338541113281
147.26148,134.7828,12.478673603515631
146.385871,135.5961,10.789771146484384
143.719244,135.55965,8.15959739355469
145.460512,134.30998,11.150529700195307
144.415751,134.31503,10.100718041015625
156.077268,133.97469,22.10258233105469
154.574803,138.83226,15.742542868164065
156.176769,141.13737,15.03939412207032
151.540023,142.78477,8.755248219726553
150.186809,141.46806,8.718745645507823
154.20665,139.89061,14.316040258789059
155.340961,140.79881,14.542148133789055
154.893207,141.99446,12.898745940429677
151.938027,142.47765,9.460381125976568
150.594763,141.36304,9.231725890625
152.962887,140.03998,12.922908972656245
155.500163,140.36525,15.134913366210924
152.186779,141.79926,10.387523628906251
154.554903,141.21877,13.336137741210933
156.873276,141.77487,15.09840417382813
154.037498,143.12012,10.9173808125
150.107208,142.64182,7.465392814453139
148.554993,140.55356,8.001434650390621
146.216719,138.65019,7.566526739257824
147.191829,136.68393,10.507899556640638
149.341051,136.14122,13.199830907226556
148.26644,136.95601,11.310431088867176
148.485342,137.05858,11.426763508789065
148.803745,137.15334,11.65040942871093
147.351031,137.31508,10.035952264648444
150.336061,136.7667,13.569367884765626
149.127124,137.71906,11.40806882421876
149.515761,137.81236,11.70339832910156
151.140066,137.96281,13.177251668945303
151.578528,138.73509,12.843435836914068
147.154042,139.36111,7.792927498046879
146.95474,137.76003,9.194714975585924
154.687627,136.6511,18.036534470703117
157.617355,139.44958,18.167770039062503
155.943225,142.52327,13.4199553466797
156.371722,143.41628,12.955446975585943
154.857033,143.81735,11.039680705078126
153.53168,143.23613,10.295550239257807
152.335873,142.27444,10.061428419921867
155.375216,141.24907,14.126146786132807
158.504245,142.04987,16.454379277343747
155.14602,143.99117,11.15485483886718
155.215775,143.629,11.586777197265633
155.684133,143.27222,12.411916203125003
155.14602,143.24602,11.900002543945305
151.209821,143.0276,8.182217850585943
151.548633,141.2207,10.327929874999995
154.906858,140.3143,14.592557462890625
154.956684,141.38104,13.575641519531246
154.010003,142.14725,11.862755685546887
151.708074,142.12892,9.579152491210948
153.970143,141.02832,12.941822687500007
153.880457,141.32965,12.550806121093757
151.847585,141.56787,10.27971390625001
152.016991,140.8299,11.18709598046874
154.059828,140.44603,13.613798336914073
152.505279,141.14848,11.356795723632814
151.219786,140.93863,10.281156849609374
147.76191,140.21431,7.547600307617188
147.74198,138.28964,9.452337666015637
142.918891,137.18942,5.729468392578127
141.583573,134.63745,6.946121828125001
142.69966,132.65996,10.039702114257807
140.706648,132.1893,8.517347462890626
141.683224,131.26115,10.422069825195308
141.473957,131.2013,10.272663054687513
137.029541,131.1632,5.866348250976557
141.175006,129.24506,11.929949847656246
143.427109,129.85599,13.571121451171877
142.729555,131.36913,11.360429633789067
139.839688,131.9713,7.868389782226558
140.407696,130.96425,9.443447342773425
138.444579,130.49574,7.948836202148442
135.245795,129.44003,5.805762041015612
136.212406,127.49618,8.716228326660143
137.916431,126.82883,11.087604095703114
133.5617,127.33721,6.224488391113283
136.341952,125.88811,10.453844700195305
132.71467,126.151306,6.563363847656262
134.069918,124.88339,9.186525666015626
136.531288,124.66696,11.864326330078114
133.262748,125.71234,7.550406691406238
130.671832,124.99904,5.672793303710932
131.498932,123.36569,8.133239861328121
132.605054,122.74619,9.85886106787109
132.166591,122.986626,9.179965328613292
133.382329,123.05043,10.331898702148436
134.020093,123.60446,10.415631330078128
137.856641,124.202385,13.654256051269527
137.602532,126.152245,11.450287432128903
137.951878,127.19005,10.761829782226556
137.832102,127.78642,10.045679270507804
137.772214,127.97132,9.80089289404296
137.762233,127.97813,9.784106474121103
138.261299,127.95658,10.304717884277352
138.101598,128.15782,9.943776344726558
141.016144,128.21608,12.800064288085935
138.940029,129.48323,9.456798409179697
139.92818,129.36205,10.56613471191406
138.740403,129.59338,9.147019210937486
138.670533,129.2158,9.454727946289069
135.276883,128.9278,6.349087589843748
138.241336,127.33894,10.902392518554677
138.221374,127.660194,10.561179603027341
130.12652,128.00317,2.1233461718749993
132.871384,124.75767,8.1137164584961
133.001141,123.888954,9.112186837402334
135.17707,123.689865,11.487204887695299
135.825856,124.63039,11.195469647460925
134.268769,125.55302,8.715752337402336
134.518303,125.361565,9.156738363769534
133.629965,125.23535,8.394613437499999
133.051048,124.77724,8.273811061523446
132.202635,124.26217,7.940466115722643
127.11216,123.63425,3.477913173828128
127.820834,121.13572,6.685114700683599
127.421581,119.942,7.479579657226566
127.251899,119.274414,7.9774849374999945
127.75096500000001,118.94133,8.80963504394532
126.05414,119.04033,7.013811020507816
127.53137600000001,118.42151,9.109867210937509
128.898817,118.644806,10.254011091796883
128.629321,119.42573,9.203593155761723
128.848911,119.79083,9.058078480468737
128.399751,120.038376,8.361375145507822
120.764038,119.95059,0.8134459589843743
119.26683999999999,116.628876,2.6379642675781128
120.195103,113.90555,6.289554904296878
117.510127,112.89099,4.619135789062497
115.453974,111.44467,4.009302369140627
116.042872,109.82101,6.221865225097659
117.999211,109.18671,8.812504457031253
118.128969,109.772705,8.356263921874998
117.220668,110.30289,6.917781037109378
116.372256,110.22053,6.151728351074212
114.47580400000001,109.7398,4.736004500488292
115.57375,108.624054,6.949696044921879
118.318614,108.41228,9.90633677832031
119.276821,109.55787,9.718952042480467
119.177008,110.74746,8.429548588378907
121.00358999999999,111.361046,9.642544162597645
120.903777,112.37837,8.525404807617193
117.93932400000001,112.89652,5.042801478027357
118.109006,111.866585,6.2424212221679625
118.458352,111.211945,7.24640741992188
119.19697,111.0319,8.165071501464837
118.14893099999999,111.31158,6.837354156738272
116.82141500000002,111.0921,5.729312949218766
116.152667,110.3669,5.785769416992181
117.82952899999998,109.62933,8.20019550390623
120.25,109.93261,10.317390441894531
119.32000000000001,111.23901,8.080986328125007
119.5,111.67689,7.823112487792969
118.43000000000002,111.89417,6.53582733154299
117.0,111.50996,5.490043640136719
118.36,110.62446,7.735541687011718
118.47999999999999,110.66601,7.813992004394521
120.0,110.846245,9.153755187988281
119.35,111.61355,7.736451721191401
119.75,111.819176,7.930824279785156
118.25,112.03207,6.217933654785156
119.56,111.500885,8.059114990234377
123.08,111.68282,11.397176818847655
124.55,113.33642,11.213581848144528
