Actual,Predicted,Error
32.681898,32.770695,-0.08879673266601884
32.18962599999999,32.500893,-0.3112666391601664
32.798709,32.273304,0.5254050144042992
32.882145,32.391735,0.4904099230957044
33.115766,32.625683,0.4900831691894538
32.01441,32.81574,-0.8013286779785176
31.705696999999994,32.790424,-1.0847273469238345
31.50545,32.79848,-1.2930309875488284
32.46496499999999,32.559948,-0.09498296752930457
32.673555,32.3377,0.3358551098632816
32.206313,32.11975,0.08656202343750152
31.472076,32.19346,-0.721382557128905
31.096612999999994,32.273422,-1.1768092412109432
29.820042,32.304035,-2.4839931867675773
29.970227,31.886478,-1.9162514240722643
30.354033,31.293844,-0.9398112230224598
30.120412,30.79197,-0.6715572993164045
29.853415999999996,30.454342,-0.6009258884277386
30.938085,30.181728,0.7563566369628916
30.87968,30.325306,0.5543740612792973
31.38863999999999,30.488544,0.9000955358886635
31.655635,30.643293,1.0123416192626955
31.855880999999997,30.946177,0.9097044710693325
31.613917,31.389853,0.22406447619628977
32.006066,31.571524,0.4345423336181611
31.864224999999998,31.810469,0.05375632629394289
32.331467,31.929115,0.40235170458984726
33.132453,32.02935,1.1031027192382794
33.916752,32.193634,1.7231179667968775
33.040673,32.579727,0.4609458271484357
34.125342,32.886593,1.238749135009769
34.617614999999994,33.336693,1.2809221899413998
35.109887,33.78043,1.3294571599121099
34.04190599999999,34.139595,-0.09768903173829102
33.407792,34.27304,-0.8652487714843744
33.265951,34.536507,-1.27055565283203
33.30766899999999,34.424404,-1.1167351442871194
32.723616,34.123524,-1.3999077121582033
33.14079699999999,33.608116,-0.4673191499023517
33.023986,33.35895,-0.3349655686035149
31.897598999999996,33.26365,-1.3660499868164102
32.31477999999999,33.08958,-0.77480053588868
33.099079,32.86339,0.23568712377930012
32.69858599999999,32.841415,-0.1428294052734458
32.832083,32.71966,0.11242128735351287
31.772444999999998,32.65182,-0.8793761364746118
31.413669999999996,32.783485,-1.36981541259766
31.212729999999993,32.696114,-1.4833835864257878
30.743869000000004,32.308617,-1.56474763818359
30.668516999999998,31.918032,-1.249514692504885
30.450831,31.422693,-0.9718622525634757
30.124303,31.141554,-1.0172508787841785
30.509439,30.886347,-0.37690781701660114
30.459203999999996,30.680302,-0.22109766625976945
31.103887,30.595915,0.5079721593017581
31.179239999999993,30.59945,0.5797908422851492
30.986672,30.719223,0.26744897753906116
30.651772,30.942938,-0.2911658509521473
30.509439,31.04065,-0.5312104140624996
30.635026999999997,31.110374,-0.4753474506835964
30.375478999999995,30.995243,-0.6197640725097706
30.450831,30.826736,-0.37590545019531163
30.007088,30.695606,-0.6885182316894536
30.023832999999996,30.60164,-0.5778077012939491
29.781029999999998,30.510935,-0.7299048297119164
29.973597999999992,30.343204,-0.36960649829102366
30.768986999999992,30.232965,0.5360215306396405
30.534557000000003,30.181297,0.3532596977539093
31.062024999999995,30.282375,0.7796496643066355
31.01179,30.456219,0.5555712805175794
31.045279999999998,30.737934,0.3073458874511701
31.329944999999995,30.995981,0.333963783569331
31.572748,31.08983,0.4829176014404304
30.835967,31.29385,-0.45788294506835925
31.254593,31.32146,-0.06686772387695328
31.137377,31.368832,-0.23145463452148363
31.874159,31.399677,0.4744817233886707
31.983001000000005,31.424551,0.5584499898681692
32.22580399999999,31.451534,0.7742697287597551
32.30952899999999,31.736732,0.5727965170898344
32.292784,31.96457,0.3282149082031225
32.66117499999999,32.248104,0.4130709045410086
32.326274,32.38886,-0.06258479516601767
32.51884199999999,32.49907,0.019772786132804754
31.648100999999997,32.55943,-0.911328168701175
32.066725999999996,32.519363,-0.4526374033203169
32.686291999999995,32.464287,0.22200519580077582
32.987703,32.3665,0.6212021455078158
33.565406,32.42952,1.1358863466796905
33.322603,32.55694,0.7656648286132821
33.11329099999999,32.962032,0.15125868188475522
33.25562299999999,33.262238,-0.006614548828132172
32.652801999999994,33.407642,-0.754840364501959
32.636057,33.41418,-0.7781237556152334
32.502097,33.22503,-0.7229319916992196
32.62768499999999,33.05635,-0.42866570800782
33.330976,32.928356,0.40261982934570284
32.937468,32.830784,0.10668415600586201
32.84537,32.903824,-0.05845385253905988
32.636057,32.979652,-0.34359540478515527
32.54395999999999,33.062954,-0.518993948974618
32.94584,33.080112,-0.13427245727539372
32.62768499999999,32.93325,-0.30556542724610125
32.31790199999999,32.874973,-0.5570712971191512
31.15412299999999,32.801613,-1.647489854003915
31.438787999999995,32.63809,-1.199300226318364
30.844339999999995,32.420074,-1.5757344628906296
31.05439399999999,31.99269,-0.9382951326904383
30.819133,31.604343,-0.7852104143066398
30.407426999999995,31.256716,-0.8492887745361379
30.91995899999999,31.147078,-0.22711856042481315
31.457697,30.973724,0.4839726347656246
31.676154000000004,31.019823,0.6563309256591836
31.676154000000004,31.085464,0.5906895224609414
31.676154000000004,31.264418,0.41173635168457423
31.398882,31.578693,-0.17981138989257772
31.340066999999994,31.74394,-0.40387335339356056
30.743513999999994,31.746296,-1.0027819289550841
30.709904999999996,31.61531,-0.9054056689453169
30.483047,31.426573,-0.9435257996826181
30.96197,31.17973,-0.217759461669921
31.466099999999997,31.016872,0.4492275939941379
31.810587999999996,30.93757,0.8730174281005816
31.709762,31.100313,0.6094488133544935
31.945022999999996,31.322811,0.6222118732910111
32.12987,31.653961,0.4759088183593718
31.852599,31.906145,-0.05354609582519387
32.197088,32.026485,0.17060255688476644
32.39874,32.08636,0.31237906860351217
32.608794,32.211,0.39779546484375317
32.39874,32.321877,0.07686347412109029
32.171881,32.396667,-0.22478648046875094
32.73482599999999,32.52335,0.21147623803710047
33.272565,32.597454,0.6751109289550783
33.171739,32.699688,0.47205104223633043
32.835651999999996,32.79743,0.03822386889648044
32.936478,32.94797,-0.011493343994139593
33.32297799999999,33.15622,0.166758517578117
32.92807599999999,33.250675,-0.3225992014160255
32.499566,33.191177,-0.691611368164061
32.331522,33.104725,-0.7732028840332035
32.113066,33.048225,-0.9351594028320278
32.29791399999999,32.903282,-0.6053681655273522
32.255903,32.638016,-0.38211274707030896
32.583586999999994,32.465145,0.11844188891600993
32.608794,32.433815,0.17497899755859692
31.533317000000004,32.473553,-0.9402357038574181
31.491305999999994,32.48114,-0.9898341367187555
32.113066,32.367054,-0.2539879855956997
31.466099999999997,32.273056,-0.8069560302734402
31.491305999999994,32.04588,-0.5545733640136774
31.718164,31.78726,-0.06909605554199061
31.499707999999995,31.81436,-0.3146516649169975
31.508109999999995,31.836498,-0.3283882604980519
31.802185999999995,31.689693,0.11249254907226103
31.06279599999999,31.734749,-0.6719528403320396
31.003980999999996,31.718172,-0.7141910733642618
31.264447999999998,31.59551,-0.3310624827880879
31.340066999999994,31.522245,-0.18217840710449806
31.264447999999998,31.453386,-0.1889383067626973
30.709904999999996,31.311968,-0.6020628497314497
30.390622999999998,31.310364,-0.9197407695312521
30.205775,31.251705,-1.0459301696777352
30.382220999999998,31.055523,-0.6733019187011742
30.256187999999995,30.812624,-0.5564359776611383
30.735110999999996,30.567513,0.16759848779296505
30.76871999999999,30.504265,0.26445516845702244
30.793927,30.55887,0.23505668444824224
30.583871999999996,30.687584,-0.1037119233398478
30.835936999999998,30.765343,0.07059428759765396
30.726708999999996,30.891134,-0.16442526208496488
30.347262999999998,30.892202,-0.5449393773193378
30.423151999999998,30.845856,-0.4227037128906268
30.566499,30.772127,-0.2056281514892575
30.617091,30.752857,-0.13576620825195462
30.743574,30.67702,0.06655488073730353
31.114587999999994,30.651445,0.4631426112060488
30.785733999999994,30.776571,0.009162726196283444
31.072426999999998,30.885746,0.18668099780273195
31.190476999999998,30.98416,0.2063175303955056
30.591794999999994,31.097334,-0.5055389080810606
30.701413000000002,31.135674,-0.43426052294921647
30.988105999999995,31.055872,-0.06776596350098174
31.447656999999992,31.073427,0.3742297996826096
31.182044999999995,31.07436,0.107685106201167
31.249501999999996,31.064539,0.18496304431151955
30.743574,31.226894,-0.48332037866211053
31.198909,31.317528,-0.1186187709960933
30.735141,31.342201,-0.6070602329101575
31.165179999999992,31.211084,-0.04590436584473423
31.443440999999996,31.166027,0.27741393090819955
31.881911999999996,31.148235,0.7336766789550744
32.07585099999999,31.337168,0.738683260131829
32.008394,31.481894,0.5265004605712917
31.780726,31.786158,-0.005431608032225199
31.983098000000002,31.975763,0.007334679077150241
31.831318999999997,32.10256,-0.2712391359863311
31.797591,32.105064,-0.30747339208984314
32.15174,32.046352,0.10538761352538728
32.666101,32.033722,0.6323790761718726
33.180460999999994,32.152905,1.0275564895019471
33.602068,32.324318,1.2777500678710965
33.54304299999999,32.64914,0.8939035957031152
33.273215,33.04999,0.2232233923339848
32.682965,33.367294,-0.6843293115234346
32.801015,33.486298,-0.6852826074218754
32.834744,33.429577,-0.5948328737792963
33.129868,33.239704,-0.10983613208007625
33.020251,33.08457,-0.06432083837890445
33.42499299999999,33.009766,0.4152273749999935
33.23105399999999,33.13537,0.09568565283202446
33.551475,33.24409,0.3073839660644566
33.517747,33.380978,0.13676936938476558
33.500882,33.46265,0.03823170092773154
33.062411,33.582294,-0.5198834641113308
32.590211999999994,33.558228,-0.968015539062506
32.210764999999995,33.50571,-1.2949456018066456
31.999961999999993,33.275806,-1.2758444270019602
32.008394,32.970554,-0.962160351806638
32.59864399999999,32.62,-0.021354931884772554
32.489026,32.41712,0.07190411279297138
33.47558599999999,32.360203,1.1153832106933521
33.172028999999995,32.518177,0.6538519675292918
32.775719,32.7838,-0.008079217773435232
33.21419,33.03586,0.1783318457031271
33.070843,33.160763,-0.08991978686523083
33.172028999999995,33.312794,-0.14076473168945824
32.63237199999999,33.218597,-0.5862254121093855
32.62393999999999,33.157875,-0.5339350610351659
32.62393999999999,33.163204,-0.539264193115244
32.539618999999995,33.030052,-0.490433185058599
32.286654999999996,32.91142,-0.6247639147949258
32.058987,32.730663,-0.671676299560545
31.687972999999996,32.643322,-0.9553489909668009
31.763861999999996,32.489815,-0.7259527583007852
31.907704999999996,32.297764,-0.3900588244628942
31.780784999999995,32.12091,-0.3401256445312555
32.085393,31.999117,0.08627610241699557
32.136161,31.962738,0.1734229628906263
32.237697,32.047684,0.19001328417968466
32.102316,32.139668,-0.037351510986326275
31.730017,32.19829,-0.468274778564453
31.85693699999999,32.251507,-0.3945698054199305
32.237697,32.207874,0.029822701904294036
32.593073,32.17732,0.41575442700195
32.813068,32.179195,0.6338725959472669
32.305388,32.28301,0.022379424560547534
32.69460899999999,32.477226,0.21738274267577395
32.305388,32.66333,-0.35794207812499934
32.178468,32.72555,-0.5470836052246071
31.958473,32.662228,-0.7037546306152329
32.06847,32.498127,-0.4296569836425803
32.20385199999999,32.445976,-0.24212425732422815
31.61155799999999,32.297764,-0.686205824462899
32.170005999999994,32.199432,-0.029426373046881338
32.41538499999999,32.153114,0.2622706811523372
32.296926,32.204582,0.09234378564453039
32.43230799999999,32.246807,0.18550090161132005
32.97383299999999,32.280884,0.692949210937492
33.303826,32.53661,0.7672163503417977
32.872297,32.72695,0.14534540087890946
32.703070999999994,32.864918,-0.1618467551269589
33.01614,33.01646,-0.0003204187011718318
32.75383899999999,33.143898,-0.3900590102539141
32.990756,33.111942,-0.1211862912597681
33.024601,33.00636,0.01824189965820011
33.049986,33.02687,0.023115272460934477
33.303826,33.10319,0.20063462426757894
33.439207,33.131805,0.30740158007812823
33.659202,33.264317,0.3948854411621099
33.574588,33.38111,0.1934768549804673
33.32921,33.510727,-0.18151692871093417
33.3969,33.619724,-0.22282427368163837
33.42228399999999,33.654778,-0.2324935268554782
33.769199,33.65003,0.11917077124023479
34.47995199999999,33.620995,0.8589574321288964
34.293802,33.71103,0.5827729472656245
34.42072199999999,33.916664,0.5040578764648345
34.082269,34.148087,-0.0658175478515659
34.209188999999995,34.36157,-0.1523794509277394
33.786122,34.48042,-0.694297158935548
33.557666,34.368793,-0.8111274875488306
33.642279,34.24933,-0.607049613281248
33.286902999999995,34.068466,-0.7815631865234423
33.371516,33.92429,-0.5527737033691409
34.62379399999999,33.724014,0.899779717773427
34.268418,33.74625,0.5221678474121063
34.065346,33.880085,0.18526100854492
34.149959,34.00641,0.14355030859375262
34.488412999999994,34.234447,0.25396552075194734
34.124575,34.471558,-0.3469826171874999
34.243033999999994,34.37076,-0.1277278713378962
33.89611899999999,34.363518,-0.4673987612304771
34.44610599999999,34.374813,0.07129292016600886
34.023039,34.392147,-0.36910806420898723
34.15842099999999,34.304108,-0.14568666601563507
34.24347699999999,34.310604,-0.06712709545899287
34.609217,34.296127,0.3130896806640635
34.702777999999995,34.413544,0.28923429882812
34.74530599999999,34.42993,0.31537435937499225
35.196102,34.587822,0.6082800395507846
35.255641,34.773876,0.48176480981445025
35.060013,34.984974,0.07503909252929475
35.04300099999999,35.11088,-0.06788080541993224
35.31517999999999,35.211864,0.10331552856444404
35.91057099999999,35.323425,0.5871457070312402
36.072177,35.39257,0.6796065043945347
36.361367,35.51781,0.8435561784667982
35.94459299999999,35.770576,0.17401652294920922
36.199761,36.033913,0.16584834130859605
35.953099,36.24511,-0.29201055810546706
35.91907599999999,36.285866,-0.36678978369141646
36.676073,36.267086,0.408986970947268
36.327344,36.23773,0.08961588110351215
36.446422999999996,36.331074,0.11534923901366767
36.880207,36.378864,0.5013427116699205
37.237442,36.54504,0.6924018693847671
37.34801399999999,36.79048,0.5575324326171796
37.126869,36.899845,0.2270238767089836
37.25445299999999,37.115498,0.1389554108886628
37.118364,37.31539,-0.19702754052734406
36.965263,37.39445,-0.42918814135742167
36.676073,37.357365,-0.6812916545410133
36.769634999999994,37.24655,-0.47691651367188115
36.420906,37.17052,-0.7496147824707009
36.727107,37.01442,-0.2873125556640659
36.99078,36.893566,0.09721386840820401
36.91423,36.844048,0.07018245361328468
37.160892,36.887493,0.27339886645507505
37.27997,36.943916,0.33605367919921747
37.22893599999999,37.12623,0.10270766748045901
37.22893599999999,37.245625,-0.016688542236337867
37.331002999999995,37.305088,0.02591495678710487
37.288475,37.39718,-0.10870364990234549
37.67122599999999,37.428635,0.2425913564453026
38.334662,37.468872,0.8657899296875016
38.292134,37.617256,0.674877835449216
38.717413,37.82912,0.8882923640136724
38.998096999999994,38.096325,0.9017720793456974
38.802468999999995,38.452854,0.34961484350585437
39.27878199999999,38.737354,0.5414277214355394
38.887525,38.908463,-0.020937524414065933
38.30064,39.088417,-0.7877770532226549
38.368683999999995,39.09181,-0.7231243190918022
38.73442399999999,38.977955,-0.24353086450196315
38.768447,38.920605,-0.152157705810545
38.589829,38.755234,-0.1654047646484358
39.57647699999999,38.69046,0.8860167949218649
39.15970299999999,38.873985,0.2857177094726495
39.363837,39.066868,0.296969171630856
39.52544399999999,39.19881,0.326633422607415
39.465904,39.357685,0.10821891088867375
39.88267799999999,39.575783,0.30689522412108516
39.772105,39.58635,0.18575551269531587
39.942217,39.72746,0.21475804614257754
39.84865599999999,39.84487,0.003784479003897445
39.959726,39.92915,0.030576372314456535
39.814479999999996,40.04178,-0.2272985644531289
40.34420099999999,40.039715,0.3044861867675692
39.823024,40.11247,-0.28944471948242523
39.711954,40.123833,-0.4118787026367201
40.113516,40.132717,-0.01920113256836231
39.455637,40.13202,-0.676382042968747
39.788849,40.118107,-0.3292578420410166
40.181867,39.964306,0.21756112231445002
40.327113,39.986263,0.3408497248535127
40.993536,40.08256,0.910974507080077
41.22422,40.17511,1.0491101367187525
41.24130799999999,40.530254,0.7110536359863175
41.42072999999999,40.858215,0.5625146679687418
41.078973999999995,41.134335,-0.05536056420898916
41.42072999999999,41.36488,0.05585039184569496
41.480537,41.443317,0.03721958666992009
41.565976,41.481674,0.08430180566406165
41.74539699999999,41.53769,0.20770779101561487
42.11278399999999,41.580864,0.5319200473632719
41.771029,41.77076,0.0002694174804673821
41.26694,41.877335,-0.6103945947265643
42.770663,41.91657,0.8540942438964834
42.924452,42.04052,0.8839322856445335
42.539978,42.214127,0.32585141308593535
42.565608999999995,42.323673,0.2419357517089793
43.223488,42.539204,0.6842843562011751
43.334559,42.949955,0.3846040134277331
43.326015,43.02467,0.3013453527832013
43.958262,43.096943,0.8613190983886696
44.120596,43.354095,0.766500541015624
44.778474,43.67576,1.1027156381835965
44.163315,43.93694,0.2263757604980441
44.274384999999995,44.18195,0.09243538452147959
44.496526,44.436592,0.05993389794922166
44.96643999999999,44.547108,0.4193323034667884
45.214211999999996,44.67339,0.5408225651855432
45.53888,44.698162,0.840717921142577
45.974618,44.962482,1.0121355476074214
46.29074099999999,45.292267,0.9984741542968649
46.17112699999999,45.65507,0.5160557414550695
46.94861999999999,45.940353,1.0082666064453036
47.04260299999999,46.260147,0.7824559052734301
47.36726999999999,46.569416,0.7978539538574125
47.77737599999999,46.84318,0.9341943898925678
48.01660499999999,47.12476,0.8918453259277257
48.102044,47.516457,0.5855873959960931
47.691936999999996,47.763374,-0.07143732861328544
45.632861999999996,47.97706,-2.3441964106445354
45.50470399999999,47.885593,-2.380889414306651
46.188215,47.506744,-1.3185293847656254
46.23947799999999,47.012913,-0.7734347502441494
46.00024899999999,46.487785,-0.48753633935547924
46.86318099999999,46.06162,0.8015621950683496
46.623951999999996,46.25507,0.36888226733398
46.478706,46.51714,-0.03843343481445061
46.974251,46.607006,0.36724492700195555
47.07677799999999,46.7316,0.3451762849120996
46.82900599999999,46.95855,-0.12954349951172617
46.85463699999999,46.964146,-0.10950866040040097
46.54705799999999,47.032833,-0.48577509936524166
46.95716399999999,47.10499,-0.14782409814453956
46.999883,47.062645,-0.06276195849609678
46.65812799999999,47.01199,-0.35386159350586865
47.164162999999995,47.00661,0.15755212963866683
47.018356,47.03018,-0.011825884765627848
46.87254899999999,47.143948,-0.2713986013183671
46.709588999999994,47.142586,-0.4329967543945372
46.812511,47.106716,-0.2942051560058587
46.692435,47.150356,-0.45792129272460613
46.63239699999999,47.045864,-0.41346710522461905
46.229285,46.963608,-0.7343227880859402
46.932588,46.869923,0.06266536206054951
46.38366799999999,46.853065,-0.46939749072266324
45.182908,46.78473,-1.6018210039062524
45.68036599999999,46.610443,-0.9300771152343827
45.371598999999996,46.400566,-1.0289671010742225
45.071408999999996,46.23294,-1.1615316738281294
45.405905999999995,45.81858,-0.4126746274414117
46.066324,45.545128,0.5211961313476579
47.009778999999995,45.65333,1.3564472434081978
46.95831799999999,45.78185,1.1764690925292882
46.795358,46.093998,0.7013600446777346
47.11270199999999,46.5306,0.5821004985351479
47.73881299999999,46.928654,0.8101592829589777
47.91035,47.240517,0.6698333374023449
47.653043999999994,47.38314,0.26990343603515043
46.435129999999994,47.56418,-1.1290484667968812
46.606667,47.674896,-1.0682292402343734
45.98055599999999,47.627506,-1.6469502561035227
45.92909499999999,47.3034,-1.3743031323242292
47.207047,46.856964,0.35008288867187787
47.438621999999995,46.563988,0.8746342680664014
47.884619,46.68545,1.1991674924316413
47.181317,46.880547,0.3007704301757812
47.026933,47.245724,-0.21879072436523472
47.249931,47.595448,-0.34551654028320655
47.653043999999994,47.605217,0.047827020019525435
48.270578,47.589077,0.681501004150391
47.95323400000001,47.550133,0.40310124853516527
48.50215300000001,47.731606,0.7705474702148507
49.83156699999999,48.027115,1.8044521318359301
50.08029599999999,48.44242,1.6378750405273337
49.951643,48.900707,1.0509357551269503
49.98595,49.28279,0.70315886230469
50.148911,49.793217,0.3556942946777326
50.011681,50.192104,-0.18042333959960644
50.440524,50.246475,0.19404878027344097
50.59490699999999,50.277004,0.3179027580566327
49.428454,50.38584,-0.9573873696289041
48.690844000000006,50.399998,-1.709153711181635
49.411301,50.230103,-0.8188015390624983
50.148911,50.062866,0.08604478906249824
50.08029599999999,49.845352,0.23494382714842743
49.943066,49.641838,0.301227926269533
49.977373,49.77031,0.20706355175781255
50.431947,50.104904,0.32704282519531347
50.157488,50.298794,-0.14130579272460864
50.629215,50.3061,0.32311606201172083
50.311871,50.379864,-0.06799273901367542
50.38048599999999,50.491467,-0.11098052221680632
51.126673,50.59714,0.5295317341308561
51.023751000000004,50.65955,0.36420128686523867
50.32044799999999,50.83673,-0.5162829570312581
49.86587399999999,50.85046,-0.9845860524902434
49.77152900000001,50.86426,-1.0927326271972575
49.299801,50.786034,-1.4862326303710915
48.662786000000004,50.419052,-1.7562661240234334
48.938252,49.9575,-1.0192484577636733
49.454751,49.628113,-0.17336179296874832
49.127635,49.44309,-0.3154535314941427
49.43753399999999,49.280724,0.15681042822264857
49.454751,49.27426,0.18048952539062668
49.446143,49.45705,-0.010907323486328835
48.95546900000001,49.57991,-0.6244412783203046
49.032944,49.526405,-0.4934613344726557
49.196502,49.531265,-0.3347632587890601
48.99851,49.453884,-0.45537412475585626
49.403101,49.35504,0.04805949609374949
50.040116,49.29004,0.7500769374999976
50.057333,49.44045,0.6168842390136717
50.13480800000001,49.63581,0.49899714794922545
50.496357,49.83853,0.6578255058593783
51.10754699999999,50.15543,0.952117159912099
52.07167799999999,50.465103,1.606574850585929
52.045853,50.771626,1.274227481201173
51.890903,51.183136,0.7077670136718766
52.46766,51.62423,0.8434305688476584
53.018592000000005,52.047585,0.971007466308599
52.932509,52.410442,0.5220666477050813
53.569524,52.580765,0.9887592294921888
53.07024200000001,52.856064,0.21417815722656997
53.001374999999996,53.184322,-0.18294735717773847
52.433227,53.353466,-0.9202390339355446
52.51931,53.310608,-0.7912979101562527
52.648435000000006,53.244877,-0.5964418615722593
52.751734,52.999947,-0.24821259423828224
52.596785000000004,52.89213,-0.29534680541991776
53.784732,52.79829,0.9864417473144513
53.543699,52.96705,0.5766503549804654
52.872251,53.173954,-0.30170301000976707
53.776123000000005,53.318066,0.4580573566894586
53.345708,53.49438,-0.14867295092773247
52.67426,53.70526,-1.0310012304687532
52.74312599999999,53.53529,-0.7921637644043074
53.741690000000006,53.382076,0.35961373657227114
53.931073,53.469486,0.4615867634277322
54.327055,53.39825,0.928804420166017
54.068806,53.536983,0.5318225100097678
54.877987,53.88945,0.9885369267578099
55.62691,54.318333,1.3085773278808617
55.618302,54.62348,0.9948202495117187
54.981287,54.97063,0.010656354248048672
54.88659599999999,55.208103,-0.32150717993165046
54.946854,55.482002,-0.5351482583007794
55.64412699999999,55.52072,0.12340556445311535
56.160626,55.418114,0.7425122915039069
56.126193,55.41589,0.7103032600097663
56.642691000000006,55.648075,0.9946158962402407
56.143409,55.998142,0.14526675756835772
56.23810099999999,56.339302,-0.10120106298828802
57.141973,56.501774,0.6401991657714845
57.753162999999994,56.61687,1.1362921198730405
57.563781,56.864105,0.6996757753906238
57.81342200000001,57.047485,0.7659366484375099
57.443264,57.42558,0.01768492895507734
58.53652000000001,57.775566,0.7609538989257913
58.63121099999999,57.985905,0.6453063063964777
58.78616100000001,58.115948,0.6702132766113351
58.958327,58.363174,0.5951525615234345
59.789029,58.605556,1.18347251196289
60.03088000000001,59.05786,0.9730186718750105
59.728566,59.327267,0.40129930688476634
59.486715,59.606937,-0.12022240844726895
59.89268,59.83591,0.05676920288085796
60.281369,60.04144,0.2399299436035136
60.48003200000001,60.0835,0.3965320915527428
60.82553399999999,60.122684,0.7028495212402248
60.98964699999999,60.316784,0.672863094970694
60.894634,60.63867,0.2559621250000035
60.920547000000006,60.88422,0.036326876708990596
61.231498,61.04416,0.18733906445312698
60.955097,61.18828,-0.23318119824218542
59.99633,61.239086,-1.2427561511230465
59.719929,61.14722,-1.4272916115722651
60.71324599999999,60.976425,-0.26317917089844656
61.006922,60.825035,0.18188690478515923
60.26409399999999,60.65452,-0.3904241274414133
59.426252999999996,60.536694,-1.1104405729980513
59.40034,60.56664,-1.1662989465332032
59.123939,60.582817,-1.4588780776367187
59.123939,60.25493,-1.1309895888671875
59.037564,59.80087,-0.7633049880371061
60.125893,59.50836,0.6175311835937478
60.14316800000001,59.52581,0.6173577583007912
60.30728100000001,59.6257,0.6815790957031354
60.48866999999999,59.865623,0.6230465258788982
60.58368300000001,60.16508,0.41860197583008585
60.721883,60.52722,0.19466132031249828
60.64414500000001,60.643124,0.0010213732910244744
60.790983,60.76801,0.02297381420898148
60.730521,60.87027,-0.13974877539062192
60.36774400000001,60.93136,-0.5636143374023348
60.41093200000001,60.933773,-0.5228410407714748
60.194993,60.87834,-0.6833486748046909
60.851446,60.80645,0.04499610986328406
61.447436,60.737762,0.7096735488281283
61.654737000000004,60.77989,0.8748488469238325
61.620187,61.007015,0.613171771728517
60.98964699999999,61.280083,-0.2904357026367279
60.92918400000001,61.57532,-0.6461371975097592
60.93782199999999,61.657623,-0.7198012910156351
60.894634,61.552574,-0.6579401577148403
60.920547000000006,61.37026,-0.4497113312988219
60.911909,61.189762,-0.2778531154785142
60.70460800000001,61.170364,-0.46575637988280505
60.15180599999999,61.145523,-0.993717071289069
58.087434,61.048176,-2.9607418117675763
57.70738299999999,60.705963,-2.998580134765632
58.49339899999999,60.1336,-1.6401993276367293
58.09607200000001,59.495064,-1.3989917817382747
58.53658600000001,58.849785,-0.31319885107421186
58.061522,58.372547,-0.3110251496582066
56.290827,58.411415,-2.120588100097656
56.152626000000005,58.354767,-2.20214084570312
55.902138,57.93565,-2.033511871826171
56.584503,57.487545,-0.9030420134277364
57.47416900000001,56.916622,0.5575468381347761
57.327330999999994,56.576374,0.7509569460449157
58.355198,56.76995,1.5852471333007827
58.510674,57.150463,1.3602108957519548
58.843219,57.70953,1.1336891232910133
58.938561,58.191166,0.7473950759277344
59.371933000000006,58.511524,0.8604087995605525
59.033902999999995,58.948914,0.08498942578124513
59.276591,59.13473,0.141859707275394
59.28525799999999,59.306194,-0.02093630541993008
59.441272,59.406574,0.03469775073241976
59.562616,59.504974,0.05764163476562345
59.163914,59.51939,-0.35547610620117354
58.947228,59.600285,-0.653056576416013
58.808549,59.577812,-0.7692631948242195
58.505189,59.508232,-1.0030431166992173
59.597286,59.33768,0.25960518334960625
59.709962,59.20583,0.5041323796386692
59.58861799999999,59.248363,0.3402545051269428
59.753299999999996,59.387486,0.36581449584960524
59.891979,59.60209,0.28989007177734294
59.233254,59.926975,-0.6937212502441383
58.66120299999999,59.921043,-1.2598403959961004
58.75654500000001,59.79075,-1.0342035961913965
58.565861,59.631516,-1.0656545029296893
59.00790000000001,59.373226,-0.3653261657714779
58.808549,59.09277,-0.2842206228027351
57.959141,58.98348,-1.0243375461425757
57.62111099999999,58.939964,-1.3188532944336018
56.18231599999999,58.775875,-2.5935590915527413
55.748945,58.4495,-2.700556037597657
55.956963,57.81829,-1.861327710449217
56.208319,57.13995,-0.9316307985839813
55.566928,56.658142,-1.0912140898437528
56.18231599999999,56.205006,-0.022689645751960086
56.84970899999999,56.15099,0.6987194675292869
57.127067,56.297646,0.8294214311523405
56.841041000000004,56.482807,0.358233840576176
57.031725,56.63934,0.3923855529785172
56.381667,56.995758,-0.6140910566406248
55.6276,57.141914,-1.5143143676757802
55.618933,56.99683,-1.3778969865722672
56.893046000000005,56.69417,0.1988740944824272
56.33833,56.538235,-0.19990471069336024
55.618933,56.34631,-0.727376661865236
55.91362600000001,56.265697,-0.35207147924803905
55.66227,56.362427,-0.7001567578125005
56.294993,56.41853,-0.12353651049804881
56.060972,56.180748,-0.11977598583984417
56.164981000000004,56.09927,0.06571113305664511
56.060972,56.22322,-0.16224882519531292
56.199650999999996,56.27191,-0.0722606210937542
56.242988,56.395622,-0.15263425341797188
54.457497000000004,56.366413,-1.9089161164550745
54.994878,56.228233,-1.2333553374023438
55.46291899999999,55.989258,-0.5263388125000077
56.49434399999999,55.77786,0.7164852658691316
56.22565300000001,55.646713,0.5789397431640708
55.705607,55.57679,0.1288171440429693
56.425004,55.963757,0.4612474387207044
56.13897899999999,56.263412,-0.12443347558594553
55.939628,56.44297,-0.5033422758789072
55.81828399999999,56.33463,-0.5163450588378993
56.841041000000004,56.269703,0.571338088623051
57.785792,56.420067,1.365725166503907
57.94180599999999,56.540825,1.4009811098632738
58.33184000000001,56.86634,1.4654993627929755
58.708874,57.36654,1.3423349985351578
59.41338,58.005913,1.4074672192382778
60.378815,58.510628,1.8681872534179718
60.700627,58.950115,1.7505117961425753
61.50080700000001,59.500813,1.9999944694824308
62.057454,60.123737,1.9337166647949218
62.309685,60.81149,1.4981958947753924
62.970703,61.439846,1.530856961181641
63.214236,61.95522,1.2590167312011715
63.736093,62.49467,1.241422132080075
63.649117,62.94166,0.7074551652832
63.67521,63.307087,0.36812305541992174
63.570837999999995,63.641384,-0.07054612475586453
64.066602,63.80888,0.2577221477050813
63.30991,63.958393,-0.648483096923826
63.057679,63.930115,-0.8724357460937497
62.918517,63.86507,-0.9465533430175768
62.631496,63.736126,-1.1046299460449234
62.553218,63.566696,-1.0134781669921864
62.153128,63.220737,-1.0676094572753883
62.431451,63.00414,-0.5726879465332004
62.20531299999999,62.83774,-0.632428851806651
62.396661,62.681168,-0.2845066025390608
62.70977499999999,62.60301,0.10676672973632151
62.561915,62.58325,-0.02133313842773532
62.84893700000001,62.680637,0.16829964038086587
63.040284,62.74255,0.2977341037597654
63.101167,62.90561,0.19555786914062168
63.266422000000006,63.05234,0.21408053881836508
63.249027,63.155212,0.09381459765624811
63.379491,63.317177,0.06231418115234533
63.19684099999999,63.428234,-0.23139310034180482
63.475164,63.485676,-0.01051181176757865
63.536048,63.548847,-0.012799198486327157
63.69260499999999,63.590477,0.1021280102538995
63.501257,63.66645,-0.16519350048827874
63.379491,63.710415,-0.3309238864746078
63.475164,63.786816,-0.3116516433105474
63.422979,63.787376,-0.36439740380859575
63.475164,63.764355,-0.2891907058105474
63.579536,63.70217,-0.12263532568359636
63.231631,63.702435,-0.47080353979492173
63.466467,63.709248,-0.2427805891113266
63.231631,63.69507,-0.46343735937499986
63.544745,63.674564,-0.1298193615722667
63.266422000000006,63.657352,-0.3909304475097599
64.118788,63.600708,0.518079992187495
64.414506,63.708546,0.7059603151855498
66.423655,63.84102,2.582636323242184
66.788954,64.29184,2.497114400390629
67.319509,64.88174,2.4377722446289027
67.510856,65.736275,1.7745812807617227
67.797877,66.503815,1.2940623027343747
66.893326,67.290184,-0.3968580209960919
67.232532,67.5185,-0.28596928173827507
67.658715,67.64339,0.015328159179688328
67.015092,67.66403,-0.6489399824218793
66.127936,67.59806,-1.4701246079101509
65.197291,67.34562,-2.1483282016601493
65.606079,67.15074,-1.5446625771484435
66.006169,66.78312,-0.7769502016601564
65.945286,66.30073,-0.3554418442382854
66.22361,65.994934,0.22867591796874365
66.845489,65.963165,0.8823237167968756
66.592484,66.26393,0.3285527255859364
66.82804,66.49581,0.3322285375976577
67.115942,66.666954,0.44898795947266024
67.054872,66.9062,0.1486754057617219
67.115942,67.099045,0.016897200195316486
66.82804,67.15195,-0.32390702148437356
67.107217,67.252594,-0.14537699414061933
66.932732,67.302826,-0.37009392773437355
66.627382,67.269424,-0.6420424384765653
66.932732,67.21512,-0.28238640820312355
67.517259,67.14932,0.3679364902343707
67.307876,67.2205,0.0873788686523369
67.491086,67.24768,0.2434053359374957
67.482362,67.35674,0.1256191411132761
68.17158,67.564865,0.6067148876953183
68.337342,67.770256,0.5670859575195379
68.04944,67.89544,0.1540008520507854
68.014543,68.09328,-0.0787339775390592
67.482362,68.245926,-0.7635639033203176
67.264255,68.341705,-1.0774503222656193
67.037423,68.19159,-1.154166355468746
67.272979,67.9309,-0.6579215737304622
66.76697,67.725426,-0.9584557202148432
67.290427,67.47481,-0.1843807392578185
67.464913,67.379,0.08591519726562069
67.334049,67.37471,-0.04066108300781934
66.993802,67.4427,-0.4489012470703102
68.084338,67.425285,0.6590526606445337
67.604502,67.623215,-0.018712721679690958
67.543432,67.70092,-0.15748810498047305
67.726642,67.73564,-0.008999479492189266
67.43874,67.82049,-0.38174797607422306
66.906559,67.97099,-1.064434041992186
67.063596,67.77085,-0.7072551352539023
67.953473,67.66052,0.29295053906250246
67.630675,67.63311,-0.002435046386722206
66.740797,67.58338,-0.8425846528320307
67.953473,67.53929,0.41418161816406496
67.351497,67.69554,-0.34404438183594266
67.089769,67.79646,-0.7066940126953085
66.164994,67.63139,-1.4663994326171945
66.854213,67.4341,-0.5798842900390611
66.322031,67.446465,-1.1244335385742232
65.449603,67.08799,-1.63838680712891
66.164994,66.76539,-0.6003944887695383
65.859644,66.50109,-0.6414470034179658
66.845489,66.44572,0.39977214208984435
66.854213,66.29542,0.5587952143554702
67.56088,66.352516,1.2083638256835911
68.29372,66.75062,1.543102019042962
69.314462,67.11378,2.2006848393554748
69.488948,67.75343,1.735514772460931
69.567466,68.2872,1.280265072265621
74.016853,68.91482,5.102035189941404
74.514137,69.84796,4.666175574218755
75.814056,70.98628,4.827773651367181
76.939489,72.24832,4.69116746679687
76.607966,73.81519,2.7927728237304734
76.25027,75.5243,0.7259703784179692
75.665743,76.12901,-0.4632700615234313
76.520723,76.54758,-0.02685390429687118
76.712658,76.65809,0.05456931591797343
77.393152,76.52166,0.8714921489257819
77.968955,76.57396,1.3949956494140565
77.750138,76.85146,0.8986746821289131
77.907686,77.3444,0.563287501464842
78.564138,77.66623,0.8979087519531248
78.179019,78.025345,0.1536741513671842
77.811407,78.22762,-0.4162159858398411
77.671364,78.25312,-0.5817564223632843
78.809213,78.293915,0.5152982050781247
79.054288,78.37308,0.6812106074218747
78.852977,78.372154,0.4808227641601519
79.693235,78.51639,1.1768470605468764
79.509428,78.86324,0.646184896972656
80.559751,79.29539,1.2643637319335994
80.515987,79.56441,0.951579651367183
80.480977,79.8552,0.6257752788085895
80.708547,80.24388,0.4646657744140583
81.014891,80.46255,0.552343697753912
80.603514,80.78047,-0.1769578017578084
79.57945,80.82276,-1.243311535644537
81.006138,80.76666,0.23947540234375708
79.631966,80.77436,-1.1423946567382757
79.378138,80.6355,-1.257360046874993
78.275299,80.33203,-2.056732249999996
79.264353,79.96941,-0.7050607573242189
79.894547,79.846725,0.04782153613281537
80.244654,79.42238,0.8222754599609345
80.472224,79.44525,1.026972535156247
80.017084,79.62869,0.388391373046872
80.174633,80.1074,0.06723401318359379
80.095858,80.34185,-0.24599228076171187
80.200891,80.406364,-0.20547344091797015
79.894547,80.38361,-0.4890665864257784
78.914245,80.277145,-1.3629003857421935
79.176826,80.1726,-0.9957737924804633
78.502869,79.969185,-1.4663158754882772
78.931751,79.6839,-0.7521479257812445
80.507235,79.3485,1.1587318872070256
80.691041,79.242874,1.448166854492186
81.400009,79.52547,1.8745420810546847
79.588202,79.906525,-0.31832265820312955
80.209643,80.38831,-0.17867029345703145
80.612267,80.741776,-0.12950851269530972
79.999579,80.71096,-0.7113813881835966
80.892353,80.59053,0.30182260449218745
80.909858,80.353195,0.5566628095703123
81.20745,80.63044,0.5770102416992131
82.406568,80.810196,1.5963720771484304
82.914224,81.04603,1.8681958627929731
83.894525,81.59731,2.297212072753908
83.955794,82.12045,1.8353411191406224
84.349665,82.77552,1.5741446752929704
84.323407,83.468704,0.8547027763671906
83.19431,83.916435,-0.7221252416992172
83.281837,84.15207,-0.8702320917968791
83.710719,84.07485,-0.3641329897460963
83.912031,83.978,-0.06596582617187607
84.323407,83.80586,0.5175445732421906
84.936095,83.708885,1.2272098071289008
83.640698,84.010345,-0.36964745898437457
84.822311,84.23674,0.5855708876953116
86.424053,84.41756,2.006496237304688
87.631924,84.74616,2.8857615854492167
88.079608,85.23225,2.847361601074212
88.307839,85.79241,2.5154271958007826
88.360507,86.84627,1.5142392998046859
88.667741,87.68893,0.9788143032226628
89.519219,88.19252,1.3266988583984443
90.203911,88.50769,1.696220570312505
90.388252,88.85579,1.5324628154296818
90.669152,89.2633,1.405853965332028
90.39703,89.756195,0.6408349316406259
90.203911,90.19952,0.00439470361328631
90.502367,90.41363,0.08873937548828792
90.449699,90.46578,-0.016083165527348342
90.835936,90.47364,0.36229555810547254
90.976386,90.45123,0.5251530898437551
89.765006,90.542725,-0.7777186093750004
90.713042,90.59561,0.11743042773437651
90.353139,90.59406,-0.2409238051757825
91.151948,90.58792,0.5640268574218794
92.503778,90.55038,1.9534011079101532
93.179693,90.66357,2.5161264106445316
96.673382,91.28206,5.391323284179691
96.875279,92.130684,4.744595101074225
98.051546,93.415115,4.636430643554689
98.63967999999998,94.82188,3.817803474121078
99.596495,96.13613,3.4603637133789107
99.754501,97.50395,2.2505489736328173
99.97395399999999,98.14061,1.8333442587890545
98.437784,98.829834,-0.3920499843750065
98.393893,99.13137,-0.7374775444335882
99.359486,99.19479,0.16469229882812897
99.62282900000001,99.042145,0.5806842246093851
99.780835,98.90327,0.8775680932617149
98.341224,98.77557,-0.43434973046875314
98.657236,98.94301,-0.285772422851565
98.78890799999999,99.071396,-0.28248787402344533
98.911802,98.93133,-0.0195258198242243
99.403376,98.72495,0.6784233022460882
99.63160699999999,98.53743,1.0941771904296758
101.255558,98.778595,2.4769630292968685
100.061735,99.14021,0.9215219873046863
100.070513,99.495544,0.5749685664062554
99.736945,99.82351,-0.08656421630858802
99.921285,99.98528,-0.06399789794922128
98.85035499999998,100.06646,-1.2161046557617397
99.359486,99.62761,-0.26812325292968353
99.97395399999999,99.45881,0.5151451010742107
99.903729,99.33374,0.5699887656249985
101.123887,99.32665,1.7972344731445276
101.369674,99.418976,1.9506981699218784
100.167072,99.906204,0.26086777636719205
100.0354,100.230515,-0.19511452636719184
98.701127,100.34662,-1.6454916523437504
100.333856,100.30275,0.031106366210934766
100.605978,99.979355,0.6266231416015557
101.167777,99.65962,1.5081548076171885
100.68498099999998,99.75463,0.9303499575195104
100.123182,99.921364,0.20181816943359365
100.13195999999999,100.380516,-0.24855605224610144
101.211668,100.38733,0.8243388984375031
100.869321,100.395096,0.47422517480468684
100.992215,100.28861,0.7036026342773454
100.333856,100.3369,-0.003042803710940234
100.904434,100.48339,0.4210431918945261
100.48201899999998,100.641136,-0.15911716943361398
99.716391,100.49903,-0.7826400668945297
101.300448,100.34997,0.9504800434570342
100.948435,100.25622,0.6922170434570347
100.270811,100.363,-0.09218796240234894
100.147607,100.28961,-0.1420048164062564
99.443581,100.2801,-0.8365169614257866
99.96280000000002,100.35715,-0.39434721679685936
99.531584,100.011826,-0.48024156152344233
99.05636699999998,99.70739,-0.6510228315429885
99.67239,99.500984,0.1714058081054617
98.98596500000001,99.337395,-0.35142971435546144
98.897962,99.29817,-0.4002099970703057
98.114733,99.08511,-0.9703805253906239
98.123534,98.877945,-0.754410946289056
96.99709299999999,98.717155,-1.7200624565429763
96.02905800000002,98.24953,-2.220468977539042
95.703447,97.75889,-2.055441244628909
97.16429899999999,97.12904,0.03525542089842304
96.935491,96.7356,0.1998876674804677
97.357906,96.37175,0.9861561220703123
97.841924,96.36757,1.4743550302734434
98.132334,96.70765,1.424684769042969
98.49314700000001,97.21808,1.2750683867187576
98.097133,97.45047,0.6466630292968745
98.378743,97.758194,0.6205490302734376
98.396344,97.987816,0.4085281430664054
96.451474,98.11121,-1.6597396840820267
94.70021,97.98299,-3.282776450195314
94.902618,97.46232,-2.5597004204101523
93.371363,96.84398,-3.472615881835935
93.58257,95.88644,-2.3038664624023397
94.788214,94.78059,0.0076277573242151675
94.251394,94.21038,0.04101344580078603
95.069824,94.08614,0.9836805063476532
95.597843,94.00201,1.5958364692382787
94.893817,94.42024,0.47357469042968603
95.80024999999999,94.79068,1.0095700683593662
96.328269,94.937515,1.3907537412109434
96.865088,95.32195,1.5431351801757813
97.155499,95.6197,1.5358014291992248
97.269903,95.89482,1.3750818330078118
98.457946,96.42547,2.032477555175788
99.619588,96.883484,2.736104113281243
100.992437,97.42316,3.5692802617187454
100.411616,98.105064,2.3065516079101513
101.159643,98.8443,2.3153436835937526
96.90908999999999,99.69061,-2.781522792968758
95.685846,99.90548,-4.219633431152346
94.489003,99.442055,-4.9530517485351595
95.043423,98.24466,-3.201236423828121
94.849816,96.99339,-2.1435769443359334
91.936911,95.44806,-3.511148082031255
93.063352,94.65765,-1.5943018085937553
93.124954,94.06829,-0.9433367104492163
93.468166,93.72574,-0.25757252539062847
94.383399,93.25639,1.1270055673828097
92.18332,92.95694,-0.7736196972656302
91.840107,93.271645,-1.431537592285153
92.095317,93.16512,-1.0698059858398494
91.972112,92.96422,-0.9921061396484419
91.857708,92.61607,-0.7583656083984351
91.672901,92.00209,-0.3291894541015665
91.725851,91.9139,-0.18805128271483795
92.325943,91.8973,0.42864227978515146
92.617164,91.865204,0.7519601425781275
93.667325,91.93225,1.7350740234375053
91.222832,92.179276,-0.9564435126953157
89.837325,92.34291,-2.5055857666015555
86.951588,92.24657,-5.2949787724609365
85.963201,91.5325,-5.569300220703127
88.787164,90.31698,-1.5298144545898396
89.263708,88.839935,0.42377269726561906
89.016611,88.093636,0.9229754409179662
88.284146,87.79414,0.4900023232421944
87.60463,88.22572,-0.6210932666015623
88.495943,88.812386,-0.31644255908203434
88.248846,88.68428,-0.43543439550781216
87.357533,88.42179,-1.0642580766601526
89.175459,88.13622,1.0392361606445348
88.910713,88.15383,0.7568815180664075
90.040298,88.40704,1.633254542968757
92.078846,88.58736,3.491489432617186
92.325943,89.13758,3.188362128417964
93.155482,90.14655,3.008928960449225
93.799699,90.92023,2.879471949218754
94.232118,91.957565,2.2745526923828123
93.632026,92.86117,0.7708580922851525
92.908385,93.2796,-0.37121705078125444
91.134583,93.56765,-2.4330668413085874
90.737464,93.41192,-2.674454640136716
89.987348,92.880844,-2.8934961162109403
88.107648,92.029655,-3.9220074565429712
84.886565,91.020515,-6.133950441894527
83.880528,89.68314,-5.802615615722658
83.827579,88.34699,-4.519413492675781
83.403985,86.8189,-3.414916062011713
83.75698,85.283066,-1.5260857958984388
83.827579,84.1695,-0.3419232583007812
82.097902,83.87532,-1.7774184345703077
82.018478,83.67839,-1.6599125029296857
82.547971,83.37046,-0.8224895102539023
81.930229,83.136765,-1.2065355263671904
82.706819,82.74206,-0.03523880029297288
83.086289,82.36926,0.7170263046874936
82.097902,82.5134,-0.4154952167968702
83.01569,82.63454,0.3811532568359439
83.889353,82.672676,1.2166769135742186
83.651081,82.98859,0.6624945742187549
82.230275,83.16884,-0.9385635009765565
81.815505,83.15533,-1.339821843261717
81.894929,83.268425,-1.373495987792964
82.18615,83.05766,-0.8715129638671897
82.627395,82.598854,0.02854093505860078
86.077925,82.24572,3.8322050903320246
86.042625,82.63582,3.4068065185546885
85.442533,83.40895,2.033582194335935
85.168961,84.282135,0.8868259902343709
86.333846,85.10448,1.2293690712890566
86.192648,85.90663,0.286016530273443
86.01615,85.875046,0.1411042236328086
86.386796,85.86917,0.5176248574218789
86.139699,86.060585,0.07911397802733688
85.954376,86.32157,-0.3671953500976599
87.251634,86.26348,0.9881528598632769
86.695667,86.35032,0.345348091308594
85.822003,86.5095,-0.6874955961914111
85.538616,86.50532,-0.9667016879882766
86.167381,86.47884,-0.31146268896483775
87.823424,86.49359,1.3298326914062528
88.832991,86.34465,2.4883407314453194
87.841136,86.570526,1.2706098769531309
87.761433,87.089096,0.6723369306640592
87.433767,87.69776,-0.2639945356445281
87.230082,88.10218,-0.8720984809570353
87.610884,88.02226,-0.41137857324218885
87.664019,87.68282,-0.01880418115234761
87.354064,87.607834,-0.25376986230469356
88.115667,87.537,0.5786644365234395
87.540037,87.61162,-0.0715810419921894
87.416055,87.72667,-0.31061431152343744
88.461045,87.720665,0.7403800219726548
88.540748,87.78352,0.7572244404296811
88.974684,87.993286,0.9813978671874963
89.151801,88.10072,1.0510777333984436
90.285349,88.43298,1.8523656015624965
90.400475,88.951065,1.4494099365234376
90.798988,89.31882,1.4801708613281193
90.055097,89.77637,0.2787298125000035
89.966539,90.11815,-0.15160980371094013
90.630727,90.38461,0.24611396289061815
90.223358,90.39851,-0.1751557939453079
91.117799,90.3712,0.7465984384765676
91.356907,90.323944,1.0329629082031317
92.047663,90.549416,1.4982474116210938
92.056518,90.91914,1.1373743232421845
92.269059,91.20391,1.0651481723632799
92.782698,91.65959,1.1231063251953088
93.004094,91.97547,1.0286225034179637
91.843978,92.30572,-0.46173946826171175
90.214503,92.39637,-2.181866934082038
91.534024,92.26991,-0.7358887197265602
90.1348,92.05414,-1.9193381835937515
87.25665,91.561264,-4.304614038085944
86.751867,90.64333,-3.8914664350585895
83.298087,89.714165,-6.416077733886723
83.404357,88.65865,-5.254296259277339
82.483349,86.914856,-4.431506957031246
82.996988,85.23572,-2.2387297734374982
82.155683,84.17655,-2.02086881884766
81.951998,83.1291,-1.177098984863278
80.49964,82.878914,-2.379273879394532
80.207397,82.410034,-2.2026371796874997
80.588198,82.01265,-1.424451536132807
80.827306,81.417145,-0.589838775390632
80.81845,81.031975,-0.21352479248047018
79.862019,80.71376,-0.8517413759765589
77.302679,80.690544,-3.387865128417971
79.312956,80.430504,-1.117547845214844
78.817029,80.03835,-1.2213239663085886
78.055426,79.53308,-1.477655054687503
77.922588,78.940506,-1.0179179814453079
74.74334,78.531166,-3.787826076660153
75.009015,78.41952,-3.4105025170898386
74.052584,77.556984,-3.5043999477539103
75.053294,76.58087,-1.527577582031256
75.806041,75.753654,0.052386520019524596
74.876177,75.04125,-0.16507513623047032
75.814897,75.13117,0.6837248198242207
75.814897,75.23284,0.5820555083007832
77.479796,75.63102,1.848776407714837
77.072427,75.96412,1.1083080424804734
77.205786,76.20421,1.0015776259765659
77.970376,76.75423,1.2161493154296892
77.659205,77.1738,0.48540739257812504
77.41916,77.62821,-0.20905197509765117
77.88147,77.6486,0.23287228271483684
77.828126,77.807175,0.020951317382809975
77.010193,77.946655,-0.936462273437499
77.73033,77.82034,-0.09001301757812996
77.908142,77.79197,0.11617270068359176
78.432686,77.85759,0.5750962783203164
78.237093,77.88247,0.3546238227539078
78.325999,77.96132,0.36468003027343343
78.077063,78.27968,-0.20261534472656706
77.854798,78.402275,-0.5474770854492164
76.619008,78.44298,-1.8239699052734437
79.615133,78.200966,1.414167118652344
78.201531,78.19547,0.006058282714846541
76.725695,78.17964,-1.4539467236328107
77.410269,78.09036,-0.6800935488281254
76.35229,78.01783,-1.6655398950195348
77.774783,78.12216,-0.34737886523437567
77.463613,77.50589,-0.04227689257812983
77.490284,77.27841,0.2118721347656276
77.588081,77.45445,0.13362848535156502
76.610117,77.4813,-0.8711833540039038
76.885725,77.6943,-0.8085727905273501
76.832382,77.50242,-0.6700365180664107
77.42805,77.360016,0.06803413085937393
76.947959,77.25344,-0.3054818569335964
76.912397,77.115,-0.20260086376953268
77.490284,77.21761,0.27267077978515886
76.183369,77.296036,-1.1126667666015635
77.828126,77.2925,0.5356226430664037
77.045755,77.2258,-0.18004456054687523
75.845527,77.27678,-1.4312521748046834
75.072047,77.21182,-2.1397755097656272
75.481014,76.83028,-1.3492624892578107
75.721059,76.70014,-0.9790829067382845
77.081318,76.12679,0.9545250922851523
78.085953,75.893776,2.1921770600585972
78.823871,76.182236,2.6416352822265594
79.561789,76.89061,2.671179258789067
81.668856,77.708084,3.9607718935546927
81.642185,78.79853,2.8436544213867165
81.695528,79.75681,1.9387149506835897
81.357686,80.59024,0.7674455214843761
81.153203,81.2673,-0.11410046679687014
80.584206,81.73105,-1.1468425839843803
76.832382,81.57274,-4.740356647460942
75.658825,80.99404,-5.335216442871101
75.774403,79.976295,-4.2018924711914
75.996667,78.76938,-2.772711662109373
74.938688,77.48128,-2.5425894658203134
69.346514,76.19254,-6.846029029785157
68.030709,75.23858,-7.207869796386717
68.786408,73.999084,-5.2126764726562556
68.172958,72.40626,-4.233299629394537
67.355025,70.52646,-3.1714337402343773
66.483748,68.74531,-2.2615599223632756
65.488003,68.23196,-2.7439534819335876
66.314827,67.843414,-1.528587306640631
66.261483,67.19907,-0.9375907915039079
66.812699,66.688835,0.1238638559570262
67.026073,66.44597,0.5801043720703092
66.820663,66.50017,0.32049515332030865
66.034748,66.83825,-0.8035012065429754
66.391982,66.89574,-0.5037546943359388
66.124057,66.944496,-0.8204391547851628
65.811477,66.80911,-0.9976355488281285
66.115126,66.56288,-0.4477554697265589
66.963557,66.366295,0.5972621391601507
67.552994,66.45854,1.0944521298828107
68.839037,66.58419,2.254846631347661
68.356771,66.9966,1.3601737099609323
68.276393,67.59068,0.6857100166015613
68.070983,68.14907,-0.07808773974609551
68.097776,68.47898,-0.38120501806641016
68.026329,68.6388,-0.6124725747070272
68.285324,68.447014,-0.16168985498046595
68.24067,68.39454,-0.15386887939453686
67.436893,68.37289,-0.935993657714846
67.981675,68.332275,-0.35060039062500437
67.874504,68.28351,-0.4090043007812483
67.606579,68.24421,-0.6376302895507848
68.204946,68.10876,0.09618898095703798
68.383563,68.02683,0.35673041943358896
68.883691,68.201675,0.6820155849609364
69.258787,68.32046,0.9383295415039044
67.374377,68.56329,-1.1889164570312545
65.95437,68.75066,-2.7962937573242215
67.267206,68.53842,-1.2712156308593734
68.999792,68.227104,0.7726878129882806
70.839549,67.938194,2.9013547250976615
71.589741,67.87314,3.7166025722656286
71.768358,68.61031,3.1580445844726626
72.509619,69.93217,2.5774519467773445
72.331002,71.103195,1.2278068095703105
73.161571,71.91048,1.2510943154296825
73.393773,72.36204,1.0317353413085897
75.179945,72.71786,2.46208763916016
75.849759,73.26288,2.586880582031256
76.760706,73.84722,2.9134846254882802
76.403472,74.71631,1.6871634062499936
76.832153,75.48675,1.3454052583007865
76.733913,76.290695,0.44321780957031365
77.376935,76.67217,0.7047624536132844
76.635674,76.957344,-0.32167005517578673
76.680328,76.98787,-0.30754126269530957
76.27844,77.092026,-0.8135857568359341
76.546366,77.03071,-0.4843423129882751
76.287371,76.97903,-0.6916557944336006
75.751519,76.732666,-0.9811470156249982
76.081961,76.606735,-0.5247742294921807
76.394541,76.453735,-0.059194351562496195
79.868644,76.427475,3.441169024414066
80.279463,76.69646,3.5830060908203194
79.466755,77.34601,2.1207466992187562
79.797197,78.26299,1.5342041411132783
79.189899,79.183586,0.006312879394528181
79.145245,79.98893,-0.8436847485351535
78.502223,79.85767,-1.3554506450195305
79.439963,79.52787,-0.08790717822265037
79.404239,79.43441,-0.030171095214839738
79.83292,79.28414,0.5487784594726577
79.895436,79.356224,0.5392119399414099
79.431032,79.49514,-0.06410807568359189
79.761474,79.78481,-0.023338927246086882
79.653894,79.84806,-0.19416660791016227
79.564244,79.91665,-0.35240486474609156
79.779404,79.86353,-0.08412902001953171
79.241504,79.80873,-0.5672270791015563
76.659589,79.83084,-3.171252064453128
76.874748,79.48364,-2.6088945781250032
77.376788,78.974785,-1.597996851074214
77.134733,78.41499,-1.2802602861328154
77.968477,77.74993,0.21854566455077418
78.129846,77.29473,0.8351148598632818
78.389831,77.57911,0.8107218081054697
78.560166,77.88421,0.6759573208007765
78.667745,78.125046,0.542699223632809
78.237426,78.47456,-0.23713759863281325
76.480289,78.5936,-2.113308412109376
77.950547,78.47964,-0.5290901459960935
76.426499,78.29822,-1.8717187734374932
75.171401,77.935036,-2.7636347055664032
75.485176,77.33058,-1.845405665039067
75.404491,76.724884,-1.320393033203132
74.642467,76.49315,-1.8506818037109412
73.584599,75.77374,-2.189143675781253
74.427307,75.27779,-0.8504792548828135
74.938312,75.07116,-0.1328473627929725
74.705222,74.82352,-0.11829484570311877
74.158358,74.61758,-0.45921859912108687
74.633502,74.574425,0.059077256347649154
74.588677,74.81789,-0.2292093525390584
72.840505,74.84744,-2.006937626953132
72.419151,74.57762,-2.158470459960938
71.827462,74.20351,-2.3760444697265655
72.195026,73.7973,-1.6022762460937514
71.746777,73.19413,-1.4473529438476618
71.845392,72.530205,-0.6848127729492148
71.173018,72.2894,-1.116380193359376
71.397142,72.080475,-0.6833328535156227
71.370247,71.99169,-0.6214445893554625
72.266746,71.7885,0.4782480751953102
72.060551,71.780365,0.2801860097656288
71.531617,71.79167,-0.2600547529296904
71.486792,71.95306,-0.46626433544922463
72.697065,72.02739,0.6696754736328074
72.033656,72.20065,-0.16699707617188153
72.383291,72.1497,0.23359464990234358
71.737812,72.1909,-0.45309070996093226
71.755742,72.329346,-0.5736037031250021
72.069516,72.442986,-0.3734695346679757
71.155088,72.25098,-1.0958885624999937
71.271633,72.14836,-0.8767282060546933
61.983908,71.910835,-9.926927266113282
63.041776000000006,70.89461,-7.852831543945307
62.566632,69.276924,-6.710292133300783
68.098028,67.14774,0.9502847749023431
64.834773,65.56739,-0.7326174418945328
63.176251,63.969185,-0.7929338754882806
64.485139,64.62297,-0.13783158105468374
61.885293000000004,64.99587,-3.1105794975585894
67.784253,65.207085,2.577168344238288
71.352317,64.379974,6.972342634765624
70.751663,65.075096,5.6765668696289
72.912225,66.63108,6.2811443725586
71.298528,68.33059,2.967938705566411
70.697874,70.81079,-0.11291701562500123
72.190544,71.71751,0.47303759130859646
71.334992,71.78622,-0.451224735839844
70.650551,71.979645,-1.329093775390632
70.614527,71.53237,-0.9178445209960984
70.875696,71.43793,-0.5622312460937451
70.75862,71.476555,-0.7179348706054753
71.190899,71.11286,0.07803736669922046
69.912075,71.00867,-1.0965919921874985
70.236284,70.986626,-0.750341671386721
70.065173,70.93188,-0.8667041362304673
70.965754,70.76509,0.2006630576171915
71.632184,70.68975,0.9424333286132764
71.028795,70.62525,0.4035432299804711
68.786349,70.920555,-2.1342061147460925
69.236639,70.922386,-1.685747169433597
71.055812,70.843254,0.21255791064453433
70.30833,70.62526,-0.3169293994140645
71.181893,70.25332,0.9285742133789086
69.389738,70.149895,-0.7601567143554746
69.047517,70.525154,-1.477637113769532
69.686929,70.65703,-0.9700991982421812
70.623533,70.289505,0.3340279951171823
71.416044,70.19567,1.2203729184570307
71.010783,70.03213,0.9786556196289098
70.074179,70.407005,-0.33282631005859287
70.749615,70.816605,-0.0669896142578068
70.983766,71.06905,-0.08528764990234095
70.560493,71.10394,-0.5434498710937561
71.452067,70.91567,0.5363946977539058
70.4164,70.90992,-0.49351973876953537
74.396966,71.09899,3.2979746059570374
76.243156,71.465485,4.777671380859374
75.360587,72.21626,3.144324182617183
76.369238,73.29837,3.0708676386718707
76.981633,74.37431,2.6073196455078147
76.396255,75.88797,0.5082850292968715
73.424339,76.411545,-2.987205799804684
75.522692,76.17789,-0.6551949628906186
76.207133,76.15427,0.0528666425781239
77.440929,75.93819,1.5027423544921845
77.00865,75.75502,1.2536298583984404
76.972627,75.83437,1.138253525878909
75.423628,76.734116,-1.3104876005859438
76.441284,76.96031,-0.5190278896484415
76.018011,76.99502,-0.9770070053710924
77.296836,76.66735,0.6294852309570302
75.099419,76.55257,-1.453147528320315
74.234862,76.31852,-2.0836575922851495
75.306553,76.29387,-0.9873160185546936
78.602678,75.97437,2.628305136230466
79.80045,76.0751,3.725346240234373
79.296125,76.219124,3.0770011596679723
80.403839,77.14525,3.2585905869140674
81.034245,78.51863,2.515614018554686
81.349449,79.79504,1.5544126840820383
82.015878,80.35798,1.6578991791992195
82.538215,80.759926,1.7782891577148376
82.105936,81.4313,0.6746386977539061
81.484536,81.86244,-0.37790601660155687
81.790733,82.08667,-0.295936921874997
82.114942,82.21378,-0.09884126416015704
81.669155,82.18796,-0.5188027636718715
82.067012,82.00402,0.06299130908203665
82.293067,81.95519,0.3378744340820248
82.591459,82.10507,0.4863869785156254
82.835599,82.23285,0.602749878906252
83.33292,82.34165,0.9912680834960952
82.944105,82.65404,0.2900675244140558
82.745177,82.88524,-0.1400616474609393
83.396215,83.04435,0.35186532958984174
83.133991,83.17309,-0.03909707373047411
83.396215,83.24572,0.15049509033202924
81.370762,83.22154,-1.8507803583984384
80.00539,83.12054,-3.115146804199213
80.547922,82.80031,-2.2523862275390627
80.122938,82.17414,-2.0512029301757764
79.851672,81.49399,-1.6423160371093815
80.602175,80.66205,-0.05987333984374743
80.303782,80.38167,-0.07788609082031428
80.90961,80.45466,0.45495149169921945
79.571364,80.45269,-0.8813261245117161
79.146381,80.47553,-1.329151531738276
78.585764,80.45592,-1.87015335839844
77.681544,80.10765,-2.426106756835935
77.654418,79.654305,-1.9998865043945244
77.753882,78.92761,-1.1737303046874956
78.269287,78.48705,-0.21776591748046314
79.10117,78.18243,0.9187435473632775
79.119254,78.136734,0.9825199912109355
80.936737,78.412025,2.5247115483398375
80.602175,78.928825,1.6733496215820338
80.023474,79.547615,0.47585894873046186
78.965537,80.04963,-1.0840922114257836
78.603849,80.22615,-1.6223015126953158
78.829904,80.26333,-1.4334245522460947
79.245845,79.76325,-0.5174072583007785
79.227761,79.35478,-0.1270211044921865
79.969221,79.11493,0.8542918007812546
79.453816,79.23947,0.21434456445312833
78.504385,79.472084,-0.967699045410157
78.368752,79.555466,-1.1867136982421869
78.341625,79.44467,-1.1030466308593816
74.652407,79.27199,-4.619580915039066
74.010411,78.51009,-4.499682688964839
74.480605,77.53319,-3.0525828662109404
73.476921,76.61517,-3.1382523398437456
73.187571,75.53654,-2.3489661704101508
73.684892,74.336845,-0.6519533979492138
73.467879,74.06657,-0.5986874672851599
74.25455,73.938614,0.3159361083984322
74.191255,73.75998,0.4312757519531232
74.589112,73.89016,0.6989523930664063
74.742829,74.1657,0.5771261801757817
74.751871,74.37446,0.37741268701171293
78.242161,74.6752,3.566959583984371
77.66346,75.13619,2.527267678222657
78.296414,75.82024,2.476177793945311
79.155423,76.594025,2.561398341796874
79.697955,77.52404,2.1739147778320245
80.348993,78.611664,1.737329181640618
80.249529,78.96584,1.2836857993164017
81.307467,79.56004,1.747423665039065
80.584091,80.142365,0.4417264980468758
78.016106,80.5292,-2.5130916928711002
78.716876,80.52789,-1.8110170664062508
80.959703,80.233925,0.7257781342773484
81.250272,80.10043,1.1498386503906204
80.986944,79.849075,1.1378686826171815
81.695205,79.8841,1.8111031323242202
82.730356,80.70345,2.0269029360351567
82.630473,81.51045,1.1200207294921825
82.657714,81.84191,0.8158026840820298
83.329654,82.16182,1.1678345419921925
84.573652,82.64493,1.9287240214843706
84.973184,83.125496,1.8476880893554721
84.737097,83.504944,1.2321531523437557
83.257012,83.994316,-0.7373041010742156
83.474939,84.37333,-0.89839016259765
83.148049,84.50484,-1.3567880361328122
83.629303,84.22966,-0.6003570341796944
83.86539,83.845184,0.02020567382812999
84.446528,83.5562,0.8903298798828132
85.263752,83.733536,1.5302162333984342
85.745007,83.99908,1.7459301567382823
84.019755,84.49244,-0.47268427001952773
85.127548,84.78754,0.34001137890625444
84.673535,85.05514,-0.38160263427734264
86.825559,85.147545,1.6780141391601546
87.506579,85.22095,2.285631734375002
87.007164,85.38806,1.619102476562503
87.161529,86.09494,1.0665888144531266
86.743837,86.58608,0.15775454150390544
87.51566,87.1745,0.3411604882812469
86.952683,87.262436,-0.3097529130859442
85.835809,87.15896,-1.3231494350585962
85.990174,87.060074,-1.0698998525390664
86.462348,86.845856,-0.38350771289061925
84.001594,86.73181,-2.730217523437503
85.272833,86.1901,-0.9172686235351506
83.983434,85.75349,-1.7700526333007787
83.701946,85.461266,-1.7593195639648371
84.637214,85.00859,-0.37137669824218733
84.319404,84.45731,-0.13790953759765046
84.410207,84.530136,-0.11992910839843773
84.1832,84.2931,-0.10989844970703189
82.966443,84.37504,-1.408595146972658
82.784838,84.39706,-1.6122185795898503
83.493099,84.06408,-0.5709802846679679
83.19345,83.80318,-0.6097268798828139
84.564571,83.49826,1.0663105019531258
85.944773,83.38232,2.562456410644529
85.545241,83.812775,1.7324663417968793
84.246762,84.41518,-0.16841439160155858
85.327314,84.78305,0.5442634628906262
85.19111,85.266556,-0.07544578613281772
84.428367,85.4053,-0.9769293256835994
82.875641,85.124214,-2.2485731723632796
74.194901,84.74904,-10.554137696289061
73.395837,83.71157,-10.315733739746094
73.16883,81.58961,-8.420777238769531
72.941823,78.94646,-6.004633909179688
72.460569,76.16899,-3.708422088867181
71.625184,73.61431,-1.9891272182617143
72.660335,73.13825,-0.4779172583007778
72.714817,72.87578,-0.16096119824219102
72.642174,72.69718,-0.055007701660159114
72.669415,72.59786,0.07155275634765701
72.919123,72.64265,0.2764762104492178
71.696811,72.93455,-1.2377364243164095
71.185994,72.85906,-1.673068194824225
72.27148,72.64174,-0.37025889160156567
71.277211,72.45949,-1.1822769150390684
71.514376,72.19634,-0.6819664682617201
71.240724,71.84866,-0.6079393300781248
71.751541,71.780876,-0.029335159667965627
71.660324,71.868256,-0.2079316152343722
71.450524,71.69064,-0.24011931054687352
73.201896,71.76015,1.4417489052734425
73.192775,71.93305,1.2597229370117162
72.691079,72.29553,0.395546773437502
73.630618,72.55631,1.074305438964842
75.309016,72.94086,2.3681590664062497
75.254286,73.60314,1.6511442153320246
76.978293,73.967186,3.0111070258789
76.531328,74.60215,1.9291780366210958
76.914441,75.497826,1.4166153774414028
73.603253,76.25444,-2.6511873076171923
74.43333,76.30853,-1.875202714843752
73.585009,76.23648,-2.6514717128906256
72.317088,75.54589,-3.2288028081054705
72.517767,74.73731,-2.219545316894525
73.320479,73.70993,-0.38945141992186905
73.931635,73.54584,0.38579759765625
73.867783,73.257065,0.6107181806640654
74.798199,73.25824,1.5399592539062468
75.190434,73.7241,1.46633579443359
73.876905,74.26535,-0.3884453417968814
75.482329,74.54948,0.9328523764648367
75.984025,74.78228,1.2017450317382838
75.600912,75.15259,0.4483241093749939
75.473208,75.330574,0.14263396435546838
76.732007,75.424164,1.3078431816406209
73.411696,75.97603,-2.564332442382806
71.468767,75.871086,-4.402319120605469
72.563375,75.25803,-2.6946587524414127
73.265749,74.578064,-1.3123149648437504
73.703592,73.90646,-0.20287162304687456
72.463036,72.98067,-0.51763111425781
72.06168,72.86258,-0.8008993457031295
72.928244,73.16081,-0.232568377929681
73.420818,73.19138,0.22943463818359078
74.980634,73.10504,1.875592496093745
75.901929,73.11769,2.784237959960933
75.281651,73.69732,1.5843319692382778
74.661373,74.482796,0.1785772846679663
74.998878,75.03062,-0.03173876025390143
71.85188,75.44733,-3.595446660156256
69.671786,75.1411,-5.46931202246094
70.173482,74.14803,-3.9745511420898367
70.191725,73.05213,-2.860406652832026
69.890708,71.964714,-2.074006050292965
66.798441,70.70147,-3.903028421386722
68.230553,69.91358,-1.6830288481445308
68.285283,69.58842,-1.3031340532226494
68.330892,69.08574,-0.7548471357421818
68.422109,68.57152,-0.14940894433593144
68.659274,68.16223,0.49704255468749636
68.412987,68.59293,-0.17994665478515515
68.777857,68.65512,0.12273615039062236
68.777857,68.73561,0.042246038085934856
70.720785,68.826324,1.8944605371093814
73.256627,69.09881,4.157818711425776
72.262358,69.711655,2.5507033369140686
70.997492,70.57436,0.4231282915039003
72.830631,71.321526,1.509105426269528
74.608777,72.19152,2.4172563090820347
74.45296,72.80586,1.647097573242192
74.352137,72.93337,1.4187645024414053
76.212774,73.41977,2.793004712890621
77.596794,74.460754,3.1360396054687527
77.743445,75.31052,2.432928642578119
77.862599,75.90806,1.9545408334960968
80.126526,76.68418,3.442344786621092
78.724175,77.7762,0.94797565917969
78.815832,78.4421,0.3737314750976566
78.760838,78.77586,-0.015025647460930713
79.466596,79.06664,0.3999532387695268
79.530756,79.37796,0.15279579492187167
80.493154,79.157936,1.3352179038085978
81.09809,79.42819,1.6698978613281241
81.858843,79.82615,2.032694013183587
85.396802,80.411125,4.985676816894525
84.691044,81.27326,3.417781976074224
85.965076,82.368706,3.5963702504882775
85.919247,83.4887,2.43054613330078
85.23182,84.60874,0.6230782397460928
84.746038,85.537,-0.7909645634765639
85.470128,85.49627,-0.026141226074216206
84.874358,85.645775,-0.7714168413085929
84.865192,85.42453,-0.5593380292968817
84.159433,85.18709,-1.0276550126953055
86.194218,85.04092,1.1533015571289127
86.515017,85.15459,1.3604302080078128
86.322538,85.22423,1.098310094726557
87.367427,85.52935,1.8380767192382876
88.815608,85.98833,2.82728097363281
89.383881,86.858734,2.5251468691406274
89.099744,87.421715,1.6780292172851574
89.952154,88.013145,1.9390085532226493
90.740404,88.78978,1.9506243369140606
91.244517,89.453415,1.7911020830078144
92.848514,89.89515,2.953364769042963
92.445224,90.44326,2.0019638071289023
91.711968,91.19194,0.5200276923828113
94.095049,91.722664,2.372385120605472
94.232535,92.25919,1.9733415795898424
95.891526,92.820885,3.070641295410155
95.662383,93.24045,2.4219350019531305
96.679776,93.92218,2.757595824218754
96.322314,94.972305,1.3500087021484433
93.911735,95.49618,-1.5844426733398507
91.354506,95.7847,-4.430192486328124
91.006209,95.2459,-4.23969401513672
88.009026,94.43002,-6.420997193359369
84.232759,92.85292,-8.620161532226561
83.902794,90.67595,-6.773155096679687
86.359201,88.62186,-2.2626556894531262
83.911959,87.15999,-3.2480294033203165
81.748855,85.582596,-3.8337408251953065
81.987163,84.45362,-2.466457910644536
89.613023,84.092316,5.520707326171873
88.357323,84.42564,3.9316867084960876
89.457206,84.50103,4.956176031738281
91.455328,85.57137,5.883955014160151
91.952168,87.606544,4.345623505371094
90.691667,89.85355,0.8381132280273391
89.35756,90.20142,-0.8438636450195247
90.553656,90.732185,-0.17852936376952755
92.541015,90.97375,1.5672677465820328
89.835999,90.89623,-1.0602336049804677
87.554216,90.58693,-3.032713321289066
85.842879,90.29585,-4.452973661132816
86.450127,89.942825,-3.4926983173828177
87.314997,89.05683,-1.741834359863276
87.130982,87.62897,-0.49798528515624696
87.959048,86.89378,1.0652644306640582
88.547895,86.84706,1.7008338427734344
91.087299,87.370155,3.7171436655273453
92.274194,88.07086,4.203332183593744
92.559417,88.90029,3.6591255571289025
90.700868,90.03417,0.6666959418945311
89.578378,90.928505,-1.3501269438476555
88.888323,91.49754,-2.6092203349609377
85.566857,91.20641,-5.63955626904297
82.061376,90.142975,-8.08159885351563
82.346598,88.34648,-5.999883323242187
78.206267,86.60185,-8.39558541699219
77.313795,84.49132,-7.177522749023439
78.160263,82.05525,-3.894989075195312
77.295394,80.25457,-2.959176007324217
78.307475,79.17042,-0.8629427856445346
79.319556,78.03133,1.2882297060546932
76.062495,78.094795,-2.032300227050783
77.221788,78.17394,-0.9521545659179651
79.356359,77.98161,1.3747458408203101
80.396042,78.180855,2.215187202636713
78.583497,78.35781,0.2256860258789004
79.853199,78.28286,1.5703391977539098
81.803755,79.14818,2.655576899414058
81.969368,79.95852,2.010849018066409
81.141302,80.405334,0.735967527343746
79.880801,80.63212,-0.751317225097651
81.674945,81.20741,0.4675322802734314
83.763512,81.52315,2.2403644169921932
85.336838,81.5954,3.74144005078125
84.36156,81.97823,2.3833266625976535
82.687026,82.72993,-0.04290106298827823
83.48749,83.714226,-0.22673576904297477
82.935446,84.210434,-1.2749879599609386
84.122341,84.086426,0.035915218750005806
84.720389,83.6244,1.095991722167966
85.631262,83.53533,2.095930273925788
83.340278,84.05357,-0.7132956083984396
82.070576,84.26747,-2.19689531347656
84.812396,84.401085,0.41131110009766303
78.546694,84.326355,-5.779660980468748
79.466768,83.572815,-4.106046941406248
77.921044,82.30053,-4.379485479980474
77.921044,81.28356,-3.362517706542974
77.948646,80.37636,-2.427712032226566
78.693906,78.66892,0.024983575683592107
79.936005,78.6,1.3360065258789007
80.304035,78.461105,1.8429296533203114
78.822716,78.880585,-0.05786871679687522
79.11714,79.26242,-0.14528065429686876
80.110819,79.61505,0.49576773046875644
78.344278,79.84449,-1.5002120512695285
77.946873,79.63475,-1.687877366210941
78.103986,79.20695,-1.1029613266601501
77.595677,79.08605,-1.4903749409179738
77.715823,78.79334,-1.077519590332031
79.0097,78.20386,0.8058425781249952
76.311042,78.17683,-1.8657844770507808
77.752791,78.07481,-0.32201521337890426
75.913637,77.938644,-2.0250074091796932
77.022674,77.76126,-0.73858698632813
77.928389,77.53625,0.39214174658202694
78.362762,77.077194,1.285567786132816
80.543869,77.43321,3.1106567197265633
80.03556,77.725395,2.310164797363285
79.564219,78.6513,0.9129204770507755
80.664015,79.335945,1.328069870605475
81.366406,79.89981,1.4665952089843728
83.787805,80.48352,3.304284492187506
86.273898,80.83635,5.437548512695315
87.660195,81.79767,5.862526542968752
84.628825,83.33996,1.2888668090820374
85.183344,84.597725,0.585619085449224
86.162994,85.66341,0.49958762792968514
86.14451,86.16082,-0.016310007324221942
86.412528,86.05503,0.3574971772460884
85.229554,85.659454,-0.42990034570313185
83.538271,85.96658,-2.4283122519531304
83.011478,85.903275,-2.8917965361328157
79.573461,85.36692,-5.793459471191412
78.806377,84.349945,-5.543568068359377
79.222266,82.85773,-3.6354610507812453
80.109496,81.453674,-1.344178316406257
80.590079,80.46231,0.1277682089843779
81.301712,79.68735,1.6143645878906199
81.560487,79.94121,1.6192791142578074
81.458826,80.518364,0.9404620473632832
80.534627,81.053215,-0.5185880268554683
80.2204,81.29985,-1.0794504638671896
81.24626,81.33382,-0.08755652832030592
80.31282,81.21848,-0.9056629711914042
80.238884,80.97998,-0.7410964687500012
79.786027,80.725746,-0.939719154785152
79.074394,80.6365,-1.5621034975585957
78.279584,80.50453,-2.2249478603515627
78.325794,79.9495,-1.6237070375976543
77.567951,79.531166,-1.9632150766601626
78.344278,78.99907,-0.6547912138671848
76.930255,78.577965,-1.6477097827148413
76.634511,78.21408,-1.5795698105468716
76.625269,77.93841,-1.3131388979492158
75.627135,77.57374,-1.9466030981445357
73.464511,77.257996,-3.7934846054687483
72.99317,76.43804,-3.4448716870117124
74.832325,75.722595,-0.8902702148437527
75.913637,75.09618,0.8174532231445255
77.115094,74.62391,2.491185003417968
76.39422,74.66377,1.7304474169921917
76.930255,75.37233,1.55792528808594
75.765765,76.30381,-0.5380451196289044
76.763899,76.69576,0.06813636572265125
78.03005,76.84099,1.1890618408203153
78.667747,76.82823,1.8395151884765681
80.238884,77.177,3.0618820468749988
81.421858,77.66846,3.7534009687500003
81.932369,78.76111,3.1712606015624942
81.672472,79.83905,1.833421707031249
81.820984,80.710365,1.1106187045898395
81.941651,81.48389,0.45776428124999313
81.988061,81.89071,0.0973520766601581
82.108727,82.01434,0.0943837382812518
82.48929,82.030945,0.4583451757812469
82.851288,82.16636,0.6849290522460905
83.59385,82.33522,1.2586296630859408
83.510312,82.5944,0.9159135014648427
82.76775,82.916435,-0.14868524169921216
83.018365,83.17812,-0.1597584741210909
82.034471,83.33221,-1.2977357260742224
82.275803,83.2844,-1.00859793994141
81.988061,82.991394,-1.0033330429687481
78.061767,82.661674,-4.5999074995117155
79.092071,82.10357,-3.0114980307617145
79.760376,81.279816,-1.5194396738281313
79.676838,80.64981,-0.9729727910156214
80.530784,79.941414,0.5893701206054658
81.059859,79.41089,1.648970328125003
82.971955,80.01777,2.954186140136713
84.522051,80.632576,3.8894750112304735
83.658824,81.41589,2.2429304453124956
83.139031,82.36293,0.7761007021484403
83.092621,83.10937,-0.01674637060547468
83.8259,83.693954,0.1319455322265668
84.60559,83.825455,0.780135288085944
85.598766,83.66931,1.9294544765624977
86.127841,83.91608,2.2117643398437536
84.83764,84.47563,0.3620082861328058
84.494205,85.03461,-0.5404019335937562
84.503487,85.3388,-0.8353115229492118
84.076515,85.38094,-1.3044282983398432
84.735538,85.08357,-0.34803438769530715
84.392103,84.66552,-0.2734167143554629
84.317847,84.56592,-0.24807096874999957
81.041295,84.54195,-3.5006514111328073
82.127291,84.1881,-2.060811722167969
83.111185,83.80267,-0.6914883398437439
85.923636,83.2607,2.6629395888671894
87.028196,83.11659,3.9116035927734316
86.67548,83.353355,3.3221245922851494
86.137123,84.64002,1.4971007221679713
83.742362,85.708626,-1.9662637934570313
83.798054,86.290695,-2.492641190429694
78.423766,85.965065,-7.541299002441406
79.565454,84.705864,-5.140409952636716
78.637252,83.188934,-4.551682326171871
79.816069,81.51933,-1.7032638857421887
81.319755,80.41738,0.9023737133789069
81.681754,79.47409,2.207663423828123
84.392103,80.08792,4.304181857421881
82.210829,80.79921,1.4116194052734414
82.201547,81.7985,0.4030469389648488
77.968947,82.491325,-4.522378378417969
80.32658,82.35664,-2.0300636767578055
82.76775,82.01548,0.7522699584961003
82.480008,81.17064,1.3093689619140605
83.463901,81.032364,2.4315371083984445
84.754102,81.1182,3.635899790527347
83.148313,82.54969,0.5986227534179704
82.749186,83.37829,-0.6291022690429742
82.749186,83.51693,-0.7677436264648492
84.679223,83.664215,1.0150079121093682
82.861072,83.69836,-0.8372846284179758
81.518438,83.3438,-1.8253654057617155
81.732886,83.22422,-1.4913342758789128
82.926339,83.09233,-0.1659919326171888
83.569685,82.994865,0.5748195825195381
85.070825,82.515854,2.5549711181640617
84.38086,82.74505,1.6358114770507797
82.889044,83.42239,-0.5333497988281266
83.00093,83.949234,-0.9483040087890657
81.686267,84.08708,-2.4008149091796867
80.166479,83.863106,-3.696626773925786
78.61872,82.973305,-4.35458474853516
77.900783,81.92269,-4.02190834521484
76.903131,80.95942,-4.056288250488279
77.593096,79.689545,-2.0964486777343723
76.353024,78.65924,-2.306216722656245
73.630459,77.864044,-4.233585189453123
71.79366,77.106415,-5.312754794921872
71.085047,76.1012,-5.016149289062497
71.150314,74.985214,-3.834900233398443
68.269244,73.472824,-5.203580096679687
67.113086,71.89072,-4.777630552734379
65.975576,70.648,-4.672426624511715
68.101415,69.53279,-1.4313761376953096
68.558283,68.59152,-0.03323921679687203
68.959209,67.724106,1.2351031650390638
69.369459,67.73416,1.6352976230468812
69.416078,68.18138,1.2346967744140613
68.409102,69.00504,-0.595941029785152
69.201629,69.22137,-0.0197378823242218
69.695793,69.34112,0.354675141113276
70.441702,69.42043,1.0212689555664127
71.159638,69.516754,1.642883849609376
70.861275,69.76405,1.0972216552734437
71.383411,70.34953,1.0338779189453078
71.663126,70.82044,0.8426838002929742
72.03608,71.24137,0.7947088452148421
72.073376,71.5519,0.5214732290039024
70.935866,71.73467,-0.7988065463867144
74.460282,71.91463,2.545654924804694
74.320424,72.23863,2.081791797851565
73.994089,72.6847,1.3093889877929712
73.378715,73.135,0.24371286376953094
74.273805,73.569244,0.7045606152343709
74.702702,74.347046,0.35565610156250216
74.161918,74.290634,-0.1287161552734375
73.220209,74.27287,-1.0526639248046905
77.732954,74.24606,3.4868907675781315
78.096584,74.744064,3.3525196689453054
78.73993,75.32292,3.4170082470703136
79.970678,76.072525,3.898152975585944
80.781853,77.25849,3.523361483886717
79.99865,78.931984,1.0666660522460916
78.609396,79.51606,-0.9066638754882774
77.984698,79.89174,-1.907040891601568
79.989326,79.93446,0.05486249902344298
80.567405,79.73231,0.8350975659179625
80.6047,79.45234,1.1523608276367128
81.173455,79.48734,1.6861121655273479
81.351426,80.01143,1.339997166992191
80.864348,80.787384,0.07696396679688178
79.599818,81.05139,-1.451573601562501
80.246133,81.03311,-0.7869785722656246
79.309444,80.96202,-1.6525768740234383
78.606928,80.628494,-2.021566262695316
77.548469,80.10588,-2.5574117373046903
78.026181,79.51322,-1.4870407407226622
77.72644,79.15823,-1.4317936425781284
75.384718,78.56557,-3.180849016601556
74.616633,77.9491,-3.332463679687507
71.778466,77.254074,-5.475608096679693
71.497459,76.37544,-4.877983504882806
71.572395,75.0353,-3.4629062084960935
73.014895,73.57834,-0.5634436230468793
73.455139,72.77132,0.6838224716796901
74.738403,72.28268,2.4557263032226615
74.47613,72.750305,1.7258248242187477
75.103711,73.41909,1.6846207290039104
75.300416,74.19749,1.1029291225585922
75.937365,74.69712,1.2402443334960935
74.251325,75.1954,-0.9440714233398495
75.272315,75.27056,0.00175378173828733
73.78298,75.43112,-1.64814182617188
72.21871,75.29593,-3.0772189550781235
71.712898,74.85724,-3.1443407695312544
71.656697,74.03116,-2.374461447265631
72.958694,73.48567,-0.5269779970703183
74.485497,72.72346,1.762039663574214
74.082721,72.55937,1.523349051757819
69.773952,72.926636,-3.152683742187506
70.298498,73.07847,-2.779970322753911
71.160251,73.0117,-1.8514524912109351
72.377947,72.52584,-0.14789375927733772
73.174132,71.738686,1.435446392089844
72.527817,71.24297,1.2848436723632801
69.314974,71.93391,-2.6189325551757747
69.483578,72.204735,-2.7211568022460995
70.008124,72.03482,-2.02669655664063
71.291388,71.44876,-0.15737298632812724
70.579504,70.74018,-0.16067696923828123
67.722603,70.22486,-2.5022581450195247
67.863107,70.277695,-2.414587702148438
66.561109,70.09461,-3.5335031215820294
68.781062,69.510124,-0.729062206542963
69.399276,68.643555,0.7557213125000004
69.052702,68.100365,0.9523373149414027
69.361809,68.3774,0.9844057407226501
69.792686,68.70239,1.0902934218750033
70.026858,69.44498,0.5818811933593793
68.743594,69.68349,-0.9398929384765609
72.181242,69.68037,2.500875483886716
74.129555,70.03668,4.092872871093746
73.352103,70.705956,2.646147494628906
72.555918,71.46715,1.088770172851568
73.736146,72.20923,1.526917484375005
74.167023,73.38019,0.7868350117187504
72.565285,73.75597,-1.1906811865234346
70.888612,73.53677,-2.64816168164063
71.834667,73.27985,-1.445179191406254
72.930593,73.13975,-0.20915461962890447
72.677687,72.753395,-0.07570808056640033
73.183499,72.3002,0.8832975839843726
74.595763,72.353714,2.2420490107421926
75.857385,73.03797,2.8194135034179624
77.015441,73.73478,3.2806616420898393
75.734989,74.43788,1.2971075302734363
75.960951,75.26816,0.6927930410156193
76.158668,75.99911,0.15956063916016205
73.767235,76.383804,-2.616569321289063
73.73899,76.21195,-2.472962209472655
73.305895,75.570854,-2.264959187011712
75.669083,75.10254,0.5665439375000005
77.40146,74.71314,2.688317604980469
76.874215,74.575096,2.299118869628913
76.968366,75.22783,1.7405370205078157
78.597176,76.00241,2.5947651113281296
79.811723,77.09437,2.7173550190429694
79.764648,77.82556,1.939086476562494
80.386044,78.27615,2.1098904355468733
81.384043,79.02213,2.361910126464849
80.075346,79.93059,0.14475823144530864
80.348383,80.40748,-0.05909533251953292
80.451949,80.57083,-0.11888229882812595
81.02627,80.744354,0.2819157519531217
80.555515,80.81,-0.25448255859375024
79.519855,80.61878,-1.0989270434570244
78.634837,80.65816,-2.023320348632808
79.350384,80.459,-1.1086156337890571
78.879629,80.18056,-1.3009282509765683
80.621421,79.68707,0.934348246093748
80.273063,79.452225,0.8208382685546809
80.583761,79.5634,1.020360731445308
80.461364,79.98338,0.4779808212890657
82.466779,80.25731,2.209470040039065
82.824552,80.858696,1.9658560161132783
82.692741,81.19719,1.4955516689453106
83.069344,81.734375,1.334969000000001
84.076759,82.28942,1.7873379184570268
85.234815,83.02101,2.213803647460935
84.594589,83.446724,1.147865062011718
84.66991,83.861176,0.8087344628906266
83.794306,84.355965,-0.5616586606445253
80.461364,84.68337,-4.2220084975585905
81.685326,84.36263,-2.6773067514648403
80.517855,83.578514,-3.0606590991210965
80.075346,82.74693,-2.6715869833984414
80.790893,81.73027,-0.9393773857421905
81.807722,80.92141,0.8863123930664045
80.903874,81.0701,-0.16622487695312316
81.08276,80.906235,0.17652525878905578
82.127835,81.0561,1.0717360620117233
83.530684,81.423,2.1076874790039
82.052515,81.81409,0.23842808593749965
86.336381,81.95235,4.38403419824219
85.150079,82.728645,2.421433675292974
83.511854,83.62958,-0.11772363671875041
79.190327,84.198784,-5.008456874511722
80.828553,83.91527,-3.086714944335938
82.749231,83.776764,-1.0275329160156303
82.334967,82.59271,-0.257745402343744
82.269062,81.759415,0.5096473271484427
84.039099,81.40709,2.6320097666015556
81.289892,82.36739,-1.077501493652349
80.941534,82.772865,-1.831331295410152
82.608005,82.53637,0.07163567626953693
82.995792,82.4556,0.5401950761718695
81.624351,82.475365,-0.8510136850585894
81.643268,81.988,-0.3447309624023376
80.914985,82.16224,-1.2472540747070298
79.013885,82.31285,-3.2989659521484356
81.246023,81.76809,-0.5220662944335999
76.87633,81.15752,-4.281186479492192
76.620958,80.51932,-3.8983596269531233
77.472197,79.58333,-2.1111312470703183
77.812693,78.72791,-0.9152199028320354
79.486796,78.34201,1.1447855019531232
80.565032,77.573586,2.991446489746096
81.378438,78.18609,3.192349437988284
81.643268,79.119835,2.5234331000976624
82.409383,80.021484,2.3878986250000054
81.227106,81.01244,0.2146624575195375
83.033624,81.56053,1.4730923837890657
80.054288,81.975494,-1.9212063847656253
78.900387,81.98923,-3.08884029492188
79.250341,81.668076,-2.4177345615234316
78.67339,80.99515,-2.3217577050781273
78.503142,80.47129,-1.9681485883789094
80.04483,79.38916,0.6556698437500046
80.508282,79.176315,1.3319666923828066
79.30709,79.39503,-0.08793716064452894
78.219396,79.50649,-1.2870966147460905
78.720681,79.633064,-0.9123832700195322
77.557321,79.739334,-2.1820131064453108
76.554751,79.29394,-2.7391866831054728
77.869442,78.53205,-0.6626090864257748
77.670819,78.07944,-0.4086182558593805
76.592584,77.90522,-1.312636031738279
76.933079,77.51025,-0.5771672768554623
77.415448,77.38386,0.03159027294921657
77.424906,77.53875,-0.11384369482422585
75.826469,77.3803,-1.5538334291992157
76.015633,77.14001,-1.1243740190429747
76.441252,77.09273,-0.6514756611328067
77.519488,76.94037,0.5791193476562455
77.160076,76.76835,0.3917273061523474
78.692306,76.65013,2.0421747744140646
81.387896,77.13,4.257898746582029
84.650978,77.952866,6.6981123994140574
84.783393,79.25748,5.525916193359379
81.964847,80.70654,1.258304031250006
81.397354,82.2232,-0.8258439370117117
81.009568,83.20388,-2.194312310058592
81.321688,83.31361,-1.9919182622070366
82.097262,82.49435,-0.3970846186523431
82.655296,81.68177,0.9735256752929757
84.055111,81.697334,2.3577767104492153
81.198732,82.0776,-0.878866571777337
80.754196,82.42991,-1.675712752441413
82.163469,82.540565,-0.37709649072264995
82.759336,82.462395,0.2969412856445359
81.463562,82.317,-0.8534393427734415
80.120496,81.76514,-1.6446407187499972
79.524629,81.77707,-2.2524400917968705
81.406812,81.71051,-0.30369825390624783
79.486796,81.33078,-1.8439840292968768
80.905527,80.67301,0.23251522021485016
81.425729,80.408165,1.0175640219726603
81.463562,80.5918,0.871765124999996
82.948501,81.0023,1.946204552246087
83.395073,81.128685,2.2663880024414027
83.433079,81.92329,1.5097925620117252
83.186039,82.47043,0.7156105332031188
83.908157,82.92542,0.9827343315429715
85.760958,83.449265,2.3116934736328147
86.122017,83.821686,2.3003312089843746
83.471086,84.2794,-0.8083176865234378
84.098188,84.602425,-0.504236621582038
83.528095,84.92934,-1.4012415478515692
83.452083,84.95948,-1.5073972856445295
83.072021,84.43324,-1.361221797851556
83.955664,83.73933,0.2163375229492175
83.442581,83.763374,-0.32079332861327714
83.841646,83.617165,0.22448138818359098
82.08386,83.64949,-1.5656303564453111
82.435417,83.55418,-1.1187593305664052
82.340402,83.47476,-1.1343599628906276
82.463922,83.10806,-0.6441407441406284
80.620622,82.85027,-2.2296511323242214
81.675293,82.309975,-0.6346816704101599
79.005359,82.19163,-3.1862685024414077
79.385421,81.71256,-2.3271415610351625
79.622959,81.10286,-1.479900497070318
81.399749,80.39513,1.0046226572265624
81.333238,80.303925,1.0293134394531194
81.16221,80.06674,1.0954680566406267
80.810653,80.58428,0.22637107861328332
80.677631,81.00422,-0.32658805517577605
79.470935,81.32958,-1.8586472143554715
80.782148,81.05262,-0.27047193408202475
80.839157,80.81541,0.023750200683593903
79.822492,80.65776,-0.8352686201171906
80.991182,80.52481,0.4663712089843699
80.411588,80.49362,-0.08203382617188026
81.190714,80.76138,0.42933094335937483
82.340402,80.75929,1.581109397460935
82.70146,80.90657,1.7948895654296848
81.855823,81.46404,0.39178033642578214
84.402237,81.73954,2.6626968999023433
86.81563,82.40426,4.411371271972655
86.901144,83.269684,3.631460162109377
86.521082,84.13056,2.3905201713867257
86.701611,85.04636,1.6552547988281248
87.442732,86.255455,1.1872769829101628
86.616098,86.90754,-0.29144136767578743
84.487751,86.921,-2.4332466196289033
83.157535,86.68341,-3.5258756445312542
84.66828,86.23927,-1.5709930712890667
85.380896,85.680504,-0.29960784521483674
84.449745,84.9844,-0.5346528881836008
81.295231,84.47882,-3.183589800781249
81.428253,84.20186,-2.7736055205078145
83.699123,84.03238,-0.33325615039062484
86.882141,83.538185,3.343955880371098
87.870302,83.2531,4.617204465820308
87.357218,83.62021,3.737009259765628
88.934475,85.02609,3.908382470703131
89.856125,86.66422,3.1919022827148495
91.005812,87.9571,3.0487120854492247
90.207682,88.69285,1.5148337944335992
90.054982,89.26651,0.7884719902343704
90.007263,89.99015,0.01711254833983844
90.789852,90.29937,0.4904821879882775
92.125979,90.42926,1.696718746093751
92.574536,90.44183,2.132702503906245
90.598976,90.83088,-0.23190321142578796
88.690223,91.184525,-2.4943015361328094
89.434637,91.286644,-1.8520069819335987
82.639475,91.05341,-8.413938391113277
80.47304,89.73737,-9.264333352050784
83.18347,87.57152,-4.388047944335938
81.952324,85.6826,-3.730277928710933
86.256563,84.0716,2.1849611323242186
83.002138,82.61656,0.3855761103515647
81.895061,82.87859,-0.9835324448242204
79.470945,83.544975,-4.074030280761718
82.143199,83.1517,-1.0085038808593794
81.083841,83.05074,-1.966902103027337
76.817778,81.77181,-4.95403443896484
85.8939,80.881454,5.012445532226565
76.827321,80.848656,-4.021334700683596
85.416711,80.99522,4.4214946303711
81.093385,80.95859,0.13479735351562283
82.076393,81.16157,0.9148253120117147
76.932303,82.482155,-5.549851846191402
70.557067,81.00552,-10.448456681640621
76.206976,80.84038,-4.63340180761719
71.912281,78.3127,-6.4004173642578195
80.32034,76.43581,3.884533725585939
78.048923,74.87914,3.1697802387695333
84.080584,74.91944,9.16114277685547
84.462335,77.357735,7.104600319824215
82.2959,78.90758,3.3883224853515657
80.062658,81.66828,-1.6056235551757823
77.628998,82.07036,-4.441360276367192
82.353162,82.604385,-0.25122337597656497
83.221645,81.725136,1.496509196777339
84.300091,80.98151,3.318584652343745
83.803815,81.10436,2.6994525122070314
81.551486,81.973946,-0.4224596176757842
85.340361,83.32056,2.0198043593750015
84.300091,83.68337,0.616718502441401
82.343618,83.88623,-1.5426124687499936
85.120854,83.668396,1.4524580039062442
85.531236,83.73686,1.7943738173828194
81.666011,84.52823,-2.8622177597656275
82.553581,84.08453,-1.530952691406256
83.278908,83.78782,-0.508910908691405
84.65321,83.969734,0.6834758081054702
86.638313,83.57647,3.061843578613278
85.445343,83.39914,2.046203595703119
85.264011,84.325325,0.9386859877929652
85.569411,85.06023,0.5091845595703148
82.439056,85.63383,-3.1947712094726626
82.477231,85.55216,-3.074931170410153
83.956515,84.743,-0.7864812158203165
81.599205,84.23776,-2.6385574511718772
84.691385,83.57686,1.1145264794921843
84.07104,83.01482,1.056223715820309
86.504701,83.3382,3.166497569824216
84.538685,83.94361,0.5950738549804697
80.310796,84.191315,-3.8805186972656287
80.196271,84.60961,-4.413340511230473
82.238637,83.88821,-1.6495694819335966
85.547363,83.27733,2.2700345087890668
85.959755,82.38433,3.5754242504882825
88.932814,82.333275,6.5995391586914
88.472469,83.8912,4.58127179541016
89.326025,85.77249,3.5535335449218763
87.062664,87.36551,-0.30284503320312695
89.508245,88.02196,1.4862876025390648
90.534429,88.7009,1.833531783203128
91.435938,88.814026,2.621912121093743
91.253718,89.270226,1.9834924750976626
94.619987,89.653885,4.966102112304682
95.416,91.01224,4.403762451171872
95.377638,92.09591,3.281728881347661
94.917293,93.13853,1.7787660834960946
98.110934,94.03236,4.078577737792969
95.809211,95.292534,0.516677125488286
92.98001,95.698494,-2.7184839575195383
89.680874,95.60841,-5.92753969628906
90.985184,94.97744,-3.99225588037109
92.270312,94.179634,-1.9093220942382771
95.05156,92.54225,2.5093084130859324
96.04897399999999,91.79481,4.254166565917956
96.144879,92.12548,4.019398348144534
97.967076,93.546234,4.420841869140631
97.56427399999998,94.95175,2.6125222910156083
97.343693,96.17917,1.1645242988281268
94.792617,96.75658,-1.9639595380859305
96.54768,96.85307,-0.3053931201171878
95.118694,96.90522,-1.7865260317382763
94.936474,96.35792,-1.4214437856445272
96.643585,95.805984,0.8376005029296891
95.377638,95.416534,-0.03889642382812042
95.99143099999999,95.63594,0.355490448242179
96.59563299999999,95.44838,1.1472534833984298
94.274729,95.704315,-1.4295861855468814
93.229363,95.83645,-2.6070856694335873
92.442941,95.30796,-2.8650195102539016
93.075915,94.855736,-1.779820778808599
93.286906,94.146675,-0.8597691098632794
95.262552,93.265884,1.996667600585937
97.727313,93.17485,4.552462536132808
98.53291599999999,93.74667,4.786242416015611
100.172894,94.87608,5.296810625976562
98.005438,96.232834,1.7726041376953106
99.885178,97.56475,2.3204273286132775
99.55910100000001,98.54614,1.0129584218750125
99.770092,98.96037,0.8097190751953178
99.511148,99.2165,0.29464867138672446
99.741321,99.06925,0.672068985839843
97.92871399999999,99.484,-1.5552871596679836
99.07957499999999,99.26303,-0.1834560058593837
97.98625699999998,99.10998,-1.1237207221679881
96.08733600000001,98.79899,-2.7116523422851486
100.20166499999999,98.30165,1.9000139990234288
100.41265599999998,97.96763,2.445027520996078
99.261795,98.29102,0.9707717456054752
97.449188,98.36908,-0.9198915898437434
97.919123,98.56768,-0.6485573588867197
98.820631,99.14113,-0.3204975400390566
97.22860699999998,98.69122,-1.4626161445312675
99.309748,98.065125,1.244623488281249
98.523326,97.85238,0.6709471547851535
99.904359,98.11803,1.786332266601562
99.58659099999998,98.40717,1.179417843261703
99.02809000000002,98.54327,0.4848237036133014
97.93997499999999,99.06369,-1.1237151855468852
95.368942,98.934906,-3.565964005859371
94.511931,98.655174,-4.14324325537109
93.95343,97.694336,-3.7409059375000027
94.637113,96.53998,-1.9028650273437506
94.040094,95.43123,-1.3911346376953162
94.492673,94.51472,-0.022044102050784886
93.934171,94.25487,-0.3206965537109312
93.433446,94.17378,-0.740336348632809
90.804637,94.15628,-3.3516435175781254
94.646742,93.6577,0.9890424150390658
93.963059,93.45509,0.5079656162109387
93.019384,93.204735,-0.18535080224609146
91.825347,93.06558,-1.2402352753906314
92.634211,92.916336,-0.2821250595703191
90.775749,93.389084,-2.613334862304683
90.592792,92.68586,-2.0930676801757784
91.093517,92.00193,-0.9084132368164006
91.382397,91.51234,-0.12993973095703382
93.202342,91.33613,1.8662137651367203
93.2216,91.15644,2.065159265136714
93.240859,91.60414,1.6367177646484379
92.268296,92.20056,0.06773447656250653
91.729053,92.62978,-0.9007306303711005
90.650568,92.88072,-2.2301540458984306
91.151293,92.48445,-1.333158293945317
93.211971,92.00205,1.2099186928710992
93.963059,91.675285,2.2877736606445325
92.595693,91.80565,0.7900441962890596
93.327523,92.09756,1.2299659321289056
91.825347,92.72811,-0.9027642670898501
91.844605,93.11146,-1.2668528247070299
92.817168,92.87517,-0.05799984667969227
92.085339,92.4806,-0.39525944970702653
92.046821,92.39677,-0.349945662597662
94.839329,92.10696,2.7323725180664127
93.269747,92.45292,0.816827993652339
93.269747,92.830536,0.4392111113281203
93.66455,92.9776,0.6869499023437555
94.791182,93.345055,1.4461273735351625
95.66745200000001,93.84078,1.8266698344726677
95.83115000000001,93.805695,2.025455419921883
94.174904,94.308495,-0.1335905678710958
94.357862,94.73873,-0.3808693842773465
94.107499,95.00885,-0.9013510976562458
95.060803,94.91726,0.1435437836914133
95.69634,94.64563,1.0507101171875064
94.723777,94.4414,0.2823783793945296
94.030464,94.64592,-0.6154557998046926
92.152744,94.72161,-2.5688670229492203
91.083888,94.607666,-3.5237780156249983
92.509029,93.9623,-1.4532741616210956
95.272649,93.10012,2.1725284555664075
98.363666,92.74411,5.61955589257812
101.09839700000002,93.08394,8.014458401367207
101.512458,94.54261,6.969847831542964
100.096946,96.73583,3.361113785644534
102.32132300000002,98.69706,3.6242633686523646
105.99972900000002,100.19353,5.806201778320329
103.351662,101.39244,1.959221204101567
102.167253,101.990944,0.17630909130859607
104.53607,102.40723,2.128843437499995
105.396568,103.30563,2.090934455078127
101.413137,103.80559,-2.3924507685546814
100.011201,103.13425,-3.123045826171875
98.52224899999999,102.797554,-4.275305016113293
97.129981,102.366615,-5.2366342954101555
97.14931800000001,100.94217,-3.792851189453117
99.68247099999999,99.06085,0.6216189492187425
99.69214000000001,98.29739,1.394746201171884
99.779157,98.01748,1.7616780571289041
99.69214000000001,98.22898,1.4631589819336028
98.802636,98.85388,-0.05124583593749321
99.701808,99.407936,0.2938719038085935
98.135508,99.35009,-1.2145820268554672
99.56644899999999,99.16012,0.4063308969726478
96.192135,98.99215,-2.8000143530273505
97.10097600000002,98.56652,-1.4655446909179517
97.75843499999999,98.24344,-0.48500372070313347
96.07611200000001,97.68642,-1.6103046259765534
94.809536,97.373,-2.5634650986328182
93.900695,96.48622,-2.5855263134765636
95.747383,96.21057,-0.46318828906250076
95.10926,95.7193,-0.6100393164062439
95.466995,95.0426,0.42439246093749716
95.341305,94.83039,0.5109140698242243
94.432463,94.96045,-0.5279862187500015
93.513954,95.23789,-1.723938150878908
94.016717,94.89628,-0.8795613813476564
93.755667,94.65313,-0.8974625776367162
93.591302,94.26169,-0.6703862324218761
93.900695,93.85924,0.04145732910156141
93.745998,93.69616,0.04983863720703141
94.51948,93.76072,0.7587607006835952
93.301246,93.77061,-0.46936099462890013
94.51948,93.783775,0.7357046704101577
102.650708,93.90372,8.74699095898437
106.479443,94.776344,11.703098700683597
106.382758,96.66921,9.713545658691402
103.79159399999999,99.039276,4.752317876953114
102.989106,101.85943,1.129677594238288
102.118939,104.271515,-2.1525758925781275
102.138276,104.42974,-2.291464905761714
103.259825,103.471146,-0.2113206298828061
100.069212,102.5589,-2.489686925781257
100.349599,102.0372,-1.6876019277343772
101.432474,101.56127,-0.1287976674804696
104.188003,101.30249,2.885512765624995
103.327504,101.31705,2.0104568808593797
105.232203,101.198586,4.033617489746092
103.29849899999999,102.15669,1.14180649511718
103.35651,103.03618,0.3203314111328126
100.746009,103.605354,-2.8593453090820304
103.346842,103.19728,0.1495611162109327
102.118939,103.03257,-0.9136308852539088
102.03192199999998,102.32327,-0.29135070507814476
108.210109,102.05435,6.155757193359378
106.05402800000002,102.340546,3.7134823457031416
104.893805,103.49416,1.3996414868164067
103.868942,104.01916,-0.15021540966796465
102.747393,104.728386,-1.9809929252929663
101.49048499999999,105.21993,-3.7294475561523512
102.121584,103.88432,-1.762739120117189
100.364216,102.962425,-2.5982092319335948
102.247804,102.107315,0.14048893652343963
102.199258,101.5482,0.6510554853515629
102.79152099999999,101.31966,1.4718646279296763
103.034251,101.50576,1.5284908071289038
103.374074,101.632545,1.7415285288085869
102.14100300000001,102.28894,-0.14793742968748802
99.85933599999998,102.41021,-2.550873655761734
98.276733,102.26633,-3.989593904296882
100.17003099999998,101.61416,-1.4441276303711135
101.218627,100.8303,0.38832762255859166
100.335088,100.0497,0.28539012402343644
99.99526500000002,99.59587,0.3993940283203301
101.781762,99.702675,2.0790871342773443
104.38383299999998,100.351974,4.031858512695294
106.927649,100.87353,6.054121473144534
108.578216,101.62961,6.948607845703123
106.6655,103.109856,3.5556443481445257
109.63652100000002,104.81137,4.825150150390641
110.549188,106.37956,4.169625622070313
109.578266,107.571686,2.0065802089843743
110.685117,108.21162,2.473500483886724
112.26772,108.585045,3.6826751391601533
112.549288,109.658775,2.8905126704101605
112.966784,110.17246,2.794321536621098
110.461805,110.61573,-0.153925285644533
112.01528000000002,111.155525,0.8597547924804871
113.927997,111.434006,2.4939912626953173
115.27757900000002,111.507576,3.770003011230486
115.58827400000001,111.7831,3.80517768652345
115.597983,112.18866,3.4093233320312493
114.63677,113.35602,1.2807519335937485
113.491082,114.11891,-0.6278297431640567
113.607593,114.26048,-0.6528897880859432
112.617252,113.96146,-1.3442042988281315
113.09300400000001,113.42335,-0.3303434731445236
112.092954,112.825096,-0.7321421303710878
113.41340800000002,112.348175,1.0652329511718932
114.12218099999998,112.20271,1.919467987304671
113.71439399999998,112.14425,1.5701450375976407
114.568806,112.37966,2.1891444399414013
115.57856499999998,112.60917,2.969395993652327
116.209664,113.247696,2.961968077148441
116.02518900000001,113.72742,2.2977720078125117
116.996111,114.12653,2.869577491699218
117.636919,114.76552,2.8714008115234435
117.37477000000001,115.33894,2.0358265185546998
118.112671,115.73194,2.3807297768554747
116.24850100000002,116.07498,0.17351931054689373
115.34554299999999,116.353615,-1.008071807128914
115.86013199999998,116.21599,-0.3558561591797087
117.724302,115.83749,1.8868157329101507
117.287387,115.64702,1.640368567382808
120.190444,115.350174,4.840270049804687
122.190544,115.839455,6.3510893491210965
115.364962,116.9666,-1.601636510742182
114.209564,117.613365,-3.4038011733398434
117.345643,117.393005,-0.04736237109375452
119.666146,117.24806,2.418083866210935
116.607742,116.61544,-0.007698368652341969
116.598033,115.43028,1.1677504072265634
115.98635199999998,115.87383,0.1125192973632636
113.55904699999999,116.48502,-2.9259764985351637
115.10864200000002,116.00484,-0.896195036132795
113.97812,114.87947,-0.9013508251953084
115.722633,114.371506,1.3511272626953144
116.989598,113.95338,3.0362212299804696
117.01883600000001,113.890884,3.127951600585945
115.50822300000002,114.57725,0.9309753803711089
112.067926,114.84165,-2.7737259165039063
111.76580399999999,115.00569,-3.239887528320324
112.087418,114.4175,-2.330085356933594
111.824279,113.32767,-1.5033882363281208
111.414952,112.10954,-0.694590846679688
112.194623,111.18094,1.013684279296882
113.831931,111.1336,2.6983326723632786
113.948882,111.34489,2.6039952202148413
115.25483000000001,111.62638,3.6284490795898563
114.903979,112.19632,2.7076594199218817
114.416684,112.979164,1.4375198764648474
117.866728,113.57866,4.288068942382807
116.79468000000001,114.08379,2.710886359863295
115.71288700000001,114.67923,1.0336572636718842
116.00526400000001,114.926216,1.0790478745117298
115.352289,115.246376,0.10591296240234271
115.10864200000002,115.59549,-0.48684750195310755
111.51241100000001,115.01223,-3.4998189194335794
113.656505,114.30586,-0.6493574267578168
113.72472699999999,113.78649,-0.06176439404298151
112.86708900000002,113.17055,-0.3034584853515412
112.54547500000001,112.64295,-0.09747696533202088
113.383621,112.113396,1.2702253090820363
111.824279,112.50015,-0.6758735878906208
111.53190300000001,112.23756,-0.7056534575195172
111.580632,111.84545,-0.2648193549804745
113.48108,111.59343,1.8876504345703182
113.656505,111.55415,2.102351557617183
112.48699900000001,111.44003,1.0469660410156365
112.116656,111.69926,0.41739910302734984
111.53190300000001,111.972015,-0.440112380859361
112.20436899999999,112.117874,0.08649485449217309
112.61369600000002,111.77357,0.8401288002929874
111.30774700000002,111.42431,-0.11656177685544833
110.674265,111.28127,-0.6070078881835883
110.284429,111.11023,-0.8258004921874971
110.01154500000001,110.95667,-0.9451276684570189
109.73866000000001,110.52448,-0.7858227270507712
113.529809,109.90057,3.62923526953125
115.215847,109.90584,5.310008987304684
116.79468000000001,110.4673,6.327379584960951
118.22732500000001,111.558365,6.668960131835945
117.72053899999999,113.13385,4.586688902343738
118.324784,114.97428,3.3505026889648377
118.256563,116.02966,2.2268999140625
119.591749,116.73589,2.8558557504882742
119.065471,117.2038,1.8616746132812523
119.611241,117.37534,2.2358976772461006
120.56633799999999,117.74948,2.8168567988281126
122.35958,118.11242,4.247160871582025
118.79258700000001,118.74607,0.04651613818360545
117.574351,118.90446,-1.3301060922851633
117.17477,118.9446,-1.7698329663085985
115.94678799999998,118.62049,-2.6737030278320475
116.209927,117.78921,-1.5792804584961004
116.989598,116.37952,0.6100813984375009
116.96036000000001,115.84784,1.1125206445312585
117.449448,115.64073,1.8087161884765663
118.30046,115.60713,2.6933280419921886
115.99196699999999,116.00666,-0.014693461425792975
116.657126,116.21541,0.4417176748046927
116.93101500000002,116.18828,0.7427368017578289
117.06796,116.1584,0.9095585107421869
115.424626,116.01934,-0.5947145151367152
115.51266200000002,115.54036,-0.027697497070292343
114.260598,115.53682,-1.2762214580078108
117.273376,115.189964,2.083411705566405
116.911452,114.93185,1.9796053813476533
119.54274200000002,114.745735,4.797006831542987
120.002484,115.2887,4.7137877109374955
122.252286,116.08573,6.166554493652342
122.40879400000001,117.564575,4.8442188046875145
121.499091,118.56581,2.9332798427734446
121.59690899999998,119.71854,1.8783726230468574
120.902405,120.24937,0.6530382397460954
120.129647,120.592636,-0.4629891083984319
120.941532,120.256,0.6855352958984327
120.40353599999999,119.86554,0.5379964492187383
123.05438899999999,119.64809,3.4063024521484238
121.518655,119.62578,1.892876801757808
120.775242,119.801926,0.9733163408203183
119.30797999999999,120.10657,-0.7985873828125136
118.848238,120.02167,-1.173429480468755
119.425361,119.87168,-0.44632021337891103
119.875321,119.00144,0.8738790444335933
119.630777,118.5176,1.113175986816401
119.953575,118.22447,1.7291029541015632
118.642821,118.3319,0.3109194497070291
119.826412,118.4572,1.3692129033203173
116.842979,118.47395,-1.6309742470703128
117.195122,118.13295,-0.9378278291015647
115.747424,117.7012,-1.9537783925781298
116.02131199999998,116.96158,-0.9402663691406445
114.34863400000002,116.41367,-2.065039400878888
115.982185,115.35676,0.62542688232422
116.76472499999998,115.039474,1.7252505126952968
119.72859499999998,114.73912,4.989474516601547
117.11686799999998,115.15676,1.9601068305663887
116.24629300000001,115.53548,0.710816315429696
117.488575,116.23182,1.256755847167966
117.244031,116.547005,0.6970263002929755
115.796332,116.651764,-0.8554319160156183
117.22446699999999,115.89736,1.3271052446288962
119.581869,115.82398,3.7578867612304663
120.031829,116.2169,3.8149253134765644
120.628516,116.53927,4.089247506347661
119.92423000000001,117.1419,2.78233089111329
120.276373,118.16566,2.1107159565429754
116.940797,118.88509,-1.9442966889648403
118.065698,118.736015,-0.6703173198242212
119.356889,118.35471,1.002175560058589
120.129647,117.87356,2.256088955566412
122.467484,117.69229,4.775192740234374
125.490045,117.755936,7.7341093310546825
124.013001,119.147026,4.865974937988284
124.78575899999998,120.47423,4.311531094726547
123.230461,121.663445,1.5670164809570366
121.94905199999998,122.60463,-0.655577516601582
122.93700800000002,122.78201,0.15499506054689505
122.94679,122.170784,0.7760060034179617
123.05438899999999,121.890366,1.1640233994140488
122.151166,121.43336,0.7178087612304722
121.601377,121.29056,0.3108191386718744
122.396607,121.357864,1.0387426201171905
122.219889,121.18339,1.0365012436523386
118.322283,120.996925,-2.6746423540039075
118.911342,120.4286,-1.5172544965820265
121.405025,119.871796,1.5332293457031199
121.189036,119.53931,1.6497293593750015
118.03757200000001,119.09068,-1.053110983398426
118.03757200000001,118.476585,-0.43901338818358226
113.639266,118.64895,-5.009682669433587
111.999719,118.140755,-6.141035699707032
113.688354,116.48578,-2.797424808593746
114.630848,114.6896,-0.05875008349609345
116.73182499999999,113.67221,3.0596143066406114
117.340519,112.91395,4.426570940917969
118.64626599999998,113.508675,5.137591378417952
119.47094799999999,114.80408,4.666870851562493
120.88468899999998,115.94367,4.941016819824199
120.285813,117.13447,3.1513449213867233
121.051589,117.93295,3.118636119140632
121.513019,118.71042,2.802600298828125
121.719189,119.28201,2.437176060546875
122.897307,119.73637,3.1609407280273416
123.71217199999998,120.00744,3.7047333403320124
125.28299499999999,120.60692,4.676076665039048
125.47934800000002,121.28486,4.194489296386735
127.167983,122.04628,5.121703092773444
129.494766,123.02838,6.4663846523437485
129.946378,124.10986,5.83651471875001
130.908507,125.28931,5.619200359374986
131.330666,126.36058,4.97008555566407
130.466713,127.58097,2.8857422358398424
130.201636,128.42287,1.7787691787109452
128.964613,128.67625,0.28835872753907665
130.083825,128.6723,1.4115227539062403
128.071207,128.42664,-0.3554287421875131
130.692519,127.903275,2.789244463867192
132.184801,127.70339,4.481408971191399
133.961795,127.804955,6.156840471191401
133.235289,128.53944,4.695845030273432
132.430242,129.17934,3.25090545214843
133.716354,130.31572,3.400634395507808
131.369936,130.91626,0.4536762343749956
129.97583,130.99911,-1.023284990234373
130.456895,130.4102,0.04669297363281544
129.121695,129.86156,-0.7398620068359492
129.151148,129.30258,-0.15143378710936872
128.670083,128.31593,0.3541497724609428
128.169383,127.783775,0.38560767041016675
132.233889,127.4764,4.757486717285161
134.305413,127.35575,6.949661962402331
133.716354,127.98003,5.736327754882808
135.149731,128.85141,6.298321087890628
133.598542,130.11868,3.479859138671884
135.365719,131.51915,3.8465692197265753
134.118878,132.07909,2.0397916962890577
136.867819,132.11781,4.750005889648435
139.646213,132.51071,7.135501330078114
140.313813,132.97258,7.341233043945323
138.958978,134.15059,4.808389010742189
138.134295,135.01967,3.114626420898446
138.075196,136.14023,1.9349677285156304
139.355677,136.5364,2.819269529296861
140.586908,136.32718,4.259729044921869
139.976217,136.12033,3.8558861894531162
139.375376,136.30647,3.068903221679676
138.44949,136.67883,1.7706569921874973
137.375857,136.95798,0.41787970507812133
135.790031,136.75006,-0.960030035156251
139.78907,135.98041,3.8086622851562595
140.389911,135.52545,4.864459339843762
139.838319,135.4228,4.4155132138672
140.852854,135.65802,5.194833980468758
143.285767,136.31242,6.973343293945305
145.088289,137.64268,7.445604063476566
142.665226,138.39412,4.271106737304677
142.241683,139.03969,3.2019948896484323
143.640361,139.76663,3.873728919921888
143.975256,140.311,3.6642513613281267
142.38943,140.3482,2.0412244335937544
143.955557,139.88126,4.074300896484374
149.116878,140.05565,9.061229196289077
148.240241,140.83228,7.4079656093749975
149.914716,141.57716,8.337552303710936
149.717719,142.58621,7.131506841796863
150.880001,144.1532,6.726802757812493
149.826067,145.54007,4.28599741992187
149.254776,145.7538,3.50097656152343
150.31856,146.11105,4.207506533203116
152.367328,146.12192,6.245410275390611
152.406728,146.38145,6.025273532226549
152.712073,146.53415,6.177923830078129
152.810572,147.06702,5.743555398437508
152.387028,147.81927,4.567753097656237
154.169851,148.33081,5.839040453124994
152.426428,148.51471,3.911718527343737
153.421262,148.64105,4.780209753906263
155.765527,148.73978,7.025750388671867
160.473755,149.04485,11.428909418945324
162.955917,150.01137,12.944549202148437
160.207809,151.19331,9.014495401367185
160.178259,152.95796,7.220296963867185
160.513154,154.56021,5.952942818359361
158.789431,155.6446,3.144823456054695
159.46907,155.50847,3.9606013720703004
160.404806,154.75752,5.647283416992195
163.241563,154.67412,8.567444958007826
162.542223,154.8837,7.658525490234382
156.612614,155.17929,1.4333232285156328
156.090572,155.46832,0.6222492460937588
154.88889,155.23822,-0.3493302148437465
155.095737,154.41833,0.677402039062514
155.381382,152.72772,2.653659832031252
149.018379,151.10725,-2.0888750283203024
146.733214,150.2691,-3.535890003906246
148.496337,148.952,-0.45565884960936387
154.435797,147.6394,6.796392703125008
152.859821,146.64389,6.215930619140636
156.622464,145.79172,10.830746470703133
154.957839,146.89784,8.059996592773444
157.252854,148.71321,8.539642940429701
158.878079,150.38705,8.491024556640639
149.333575,151.00685,-1.6732761962890663
151.047449,151.36421,-0.3167630361328122
152.687443,150.52538,2.1620676337890643
155.038761,149.95615,5.082614759765619
149.2889,149.02344,0.26546250000001237
147.579749,147.40741,0.17233933203124252
148.370108,147.60175,0.7683623945312377
150.859738,147.18575,3.6739927607421805
151.235159,146.46286,4.772298892578135
152.410817,145.33601,7.074803206054696
153.922379,145.7621,8.160278780273444
154.969604,146.8689,8.100707515625004
152.924551,148.06194,4.862615575195321
148.202157,148.67752,-0.4753637519531253
146.423849,148.76573,-2.3418828115234476
145.25807,148.08179,-2.8237171093749964
145.119757,146.58879,-1.4690338935546947
147.75758,144.54861,3.208965498046865
144.655422,143.0518,1.6036184111327998
142.225068,142.48828,-0.26321325000000684
142.709163,142.02287,0.686290075195302
139.814474,141.63739,-1.82291613671876
139.50821,140.89822,-1.3900138769531338
140.594953,139.26271,1.3322424287109413
139.261223,138.28047,0.9807511982421886
138.984597,137.7332,1.2513969267578204
141.533504,136.9757,4.557811250976556
143.272294,137.06519,6.207108453124988
142.857355,137.51103,5.346322895507825
146.670837,137.87675,8.794082239257818
147.421677,139.00009,8.421585447265613
141.464348,140.54755,0.9168016132812511
141.849648,141.20341,0.6462330830078145
139.774956,141.22705,-1.452094781249997
141.41495,140.9773,0.4376550781250046
139.014236,139.72565,-0.711410972656239
138.15472,138.05742,0.09730117675781003
139.093271,137.56194,1.5313355751952997
140.832061,136.91835,3.9137107802734477
139.616884,136.88904,2.727845914062499
139.676161,136.48375,3.19241161035157
137.433518,136.65834,0.7751775458984298
137.848456,136.83675,1.0117097841796863
140.506038,136.67117,3.8348649042968646
138.707972,136.25253,2.4554390410156373
141.365553,136.09653,5.269025900390631
139.784835,136.15347,3.631362099609362
140.427002,136.76074,3.6662598124999874
140.782663,137.31915,3.4635101679687637
142.412778,137.31235,5.100430587890628
143.450124,137.90352,5.546605323242176
143.321691,138.09271,5.228978597656237
143.815665,138.79375,5.021918051757808
144.171327,139.47008,4.701249485351553
144.171327,140.16113,4.010194187499991
141.088927,140.52477,0.5641619853515749
137.324844,140.4052,-3.0803531435546745
137.59159,139.79573,-2.204140590820316
139.607005,138.712,0.8949993847656117
138.92532,137.49193,1.4333918994140618
142.975909,136.23106,6.744845157226564
143.825545,136.06682,7.758726762695318
146.433729,137.14769,9.286039180664062
149.140708,138.63026,10.510443717773427
149.457818,140.18256,9.275261847656253
151.281199,142.26276,9.018442652343737
148.179469,143.77321,4.406260381835949
148.556037,145.0379,3.5181341679687534
150.656889,145.64659,5.010297813476569
147.644346,145.75392,1.8904244912109505
146.683107,145.61893,1.0641799980468818
146.89121,144.86366,2.0275472802734384
149.06143,144.69713,4.364301704101564
144.869635,144.5461,0.32353819824217567
146.157894,143.64876,2.5091360654296864
144.116499,143.3747,0.7418041757812546
145.236293,143.09874,2.1375533759765517
146.27681,142.70978,3.5670321679687618
146.375907,141.8896,4.4863043388672
144.701171,142.1212,2.5799704384765505
146.504733,141.97267,4.532061491210925
146.207442,142.38324,3.824202253906236
145.939881,142.56448,3.375397357421889
146.375907,142.5019,3.8739996513671997
139.706691,142.45476,-2.748066690429681
138.844549,142.23634,-3.391794383789062
138.547258,141.10017,-2.552915950195313
139.280575,139.6588,-0.3782232177734386
139.1022,138.11627,0.9859280273437605
137.645477,136.40617,1.2393032939453121
137.86349,136.12749,1.7360028173828255
138.745452,135.98112,2.7643271220703127
135.960831,135.93332,0.02751190820313809
135.118508,135.49638,-0.3778756669921961
134.216727,134.87358,-0.6568539326171958
137.159903,134.35423,2.8056702119140766
134.841037,133.88411,0.9569275029296875
134.107721,133.10909,0.9986359169921855
138.051774,132.87119,5.18058869726562
141.440885,133.09749,8.343396596679696
141.163414,134.03354,7.129875181640614
138.646355,134.61668,4.029671040039062
136.109477,135.74706,0.36242194628906077
136.377038,136.7623,-0.3852605839843761
140.430098,136.6202,3.8099045185546743
137.685116,135.8828,1.8023187587890561
140.767027,135.15999,5.6070385966797005
139.330123,135.28503,4.045088820312486
141.094046,136.0627,5.031347635742179
142.689505,136.94107,5.748434443359372
141.698537,137.12006,4.5784808476562375
141.480524,138.02568,3.454843458007815
146.395726,138.23175,8.163975511718746
148.744321,139.201,9.543316971679701
151.390206,140.26596,11.124245306640631
153.292864,141.54742,11.745439683593759
154.491936,143.61514,10.876793177734385
157.871137,146.16595,11.705182410156254
155.800014,148.11911,7.680903892578129
154.908143,149.69281,5.2153329414062455
153.411781,150.64871,2.7630688417968656
156.414414,150.99437,5.420044493164056
160.180093,151.16917,9.010918805664062
160.546751,150.98773,9.55901906640625
158.217976,151.62746,6.590519334960931
156.761253,152.51666,4.244590402343761
154.080684,153.60452,0.4761612949218659
152.102487,153.6419,-1.5394197382812536
153.812286,152.38116,1.4311214492187503
151.873851,150.8808,0.9930526601562519
154.875939,149.67908,5.196861851562488
157.977434,148.93842,9.039018472656238
161.039167,149.20181,11.837354255859367
159.349249,150.4671,8.882146949218736
163.733093,151.58589,12.147201276367184
164.54823,153.6337,10.914532490234365
166.70536,155.3743,11.331061904296888
166.178503,156.82112,9.357381784179694
166.904173,157.8024,9.101774318359361
169.677626,159.33119,10.346433983398441
170.61205,160.20126,10.410786572265636
172.958053,161.1745,11.783553488281257
170.264126,162.05228,8.21184938867188
168.315751,163.07901,5.236740990234381
169.279998,163.76724,5.512755568359381
169.44899,163.76414,5.684845102539072
164.349416,163.50443,0.8449909511718658
166.208325,162.29506,3.9132657958984396
164.051196,161.52408,2.5271176308593795
164.289772,160.91266,3.3771133085937493
164.617815,159.93044,4.687379819335945
165.800757,158.85924,6.941519329101567
166.228206,159.00269,7.225520453125
166.387258,158.84561,7.541646427734378
168.315751,159.26392,9.051834984375006
168.266048,159.84819,8.417857692382825
169.001659,160.50175,8.499904239257802
167.997649,161.04115,6.956496045898433
166.367376,161.4952,4.872182518554695
165.065146,161.7652,3.2999482460937486
164.727162,161.38129,3.3458753789062428
163.315585,160.8131,2.502489907226561
161.904007,159.8411,2.062912029296882
162.112761,158.8225,3.2902664931640686
164.727162,158.01115,6.716007825195305
163.991551,157.61926,6.372288304687487
166.267969,157.36499,8.902978765624994
164.40906,157.67068,6.738375185546886
163.921967,158.30984,5.61212202929687
163.305644,158.84784,4.457804644531251
163.186356,158.6978,4.488556317382802
161.983532,158.61578,3.3677483085937467
161.973591,157.86896,4.104633480468749
161.247921,157.43202,3.8158989052734285
160.760827,156.98172,3.779107029296881
160.472547,156.5506,3.9219488554687416
162.490507,156.04904,6.441465251953133
163.931907,155.92653,8.005378069335933
163.186356,156.02213,7.164230755859364
164.329535,156.3815,7.948034755859368
167.957886,157.00592,10.951965589843752
160.094801,158.08678,2.008024266601552
157.530103,158.33496,-0.8048579375000031
155.800423,157.73792,-1.937492039062505
153.573709,156.76414,-3.1904358974609295
155.860068,154.96571,0.89435449902345
156.913781,152.19121,4.722573114257813
154.582689,151.24246,3.340226841796863
158.581377,150.76717,7.814210862304691
158.162562,150.95628,7.206278430664071
156.916088,151.81,5.106090441406252
158.361997,152.14044,6.221555105468752
160.017315,152.338,7.679317563476559
161.034437,153.26035,7.774091541015622
160.386271,153.50331,6.882959842773431
159.678274,153.9452,5.733068311523425
159.050051,154.66196,4.388094212890621
158.122674,154.96965,3.153023731445302
156.188147,154.75325,1.434896877929674
155.121166,154.03815,1.0830190273437381
156.068486,153.19292,2.8755691298828197
154.463027,152.40547,2.0575551982421985
155.709501,151.57918,4.130323143554676
156.018627,150.96176,5.056865525390634
152.777795,150.82988,1.94791523925781
151.431603,150.70496,0.7266469453124955
149.57685,150.07538,-0.4985284179687426
149.177979,149.44102,-0.26304578027344405
147.951449,148.23315,-0.28170529687500334
148.868853,146.67673,2.1921257050781264
149.187951,145.77919,3.4087609365234357
151.621067,145.19449,6.426578474609386
151.591152,145.27061,6.320537375976556
153.425961,145.6187,7.807262879882813
155.599812,146.52515,9.074665515624986
153.007146,147.58711,5.420033573242193
150.504227,148.59167,1.912552195312486
155.968768,148.80287,7.165896295898449
156.247978,149.28516,6.962821749999989
157.554282,149.56978,7.984503557617188
158.521546,149.64404,8.87750303125
158.890502,150.5956,8.294905686523435
159.65833,152.31161,7.3467150097656315
161.822209,152.95996,8.862248062499987
162.510262,153.82645,8.683815466796887
166.887878,154.64337,12.24450641796875
165.880727,155.76686,10.113866038085945
165.910642,157.08315,8.827496858398433
166.080163,158.38684,7.693322179687499
164.953351,159.29541,5.657940843749998
166.907821,159.98305,6.92477351464845
166.658527,159.79836,6.86017189746093
166.907821,159.89192,7.0158990029297
166.937737,160.04063,6.897102844726561
164.016002,160.19716,3.8188431865234236
165.491827,160.38356,5.108266819335938
166.259655,160.08743,6.172222138671884
167.236891,159.87984,7.357053963867202
167.615819,159.73671,7.879109405273425
165.023153,159.72125,5.301900558593758
166.937737,160.23068,6.7070546269531235
166.379317,160.46014,5.919172957031236
166.319486,160.50133,5.818158485351574
168.6828,160.3095,8.373305981445299
166.419204,160.22583,6.193373921875008
166.12005,160.6712,5.448846386718742
167.516101,160.62547,6.890627977539054
167.73548,160.76056,6.9749209179687455
167.775367,160.96568,6.809684016601551
169.021841,160.70094,8.320898006835932
171.44,161.07817,10.36182922363281
170.99,161.8146,9.175394287109384
173.34,162.41107,10.928928222656253
174.6,163.25485,11.34514770507812
174.79,164.384,10.405997314453117
174.82,165.43967,9.380333251953118
173.39,166.08905,7.300949707031236
172.25,166.77975,5.470245361328125
171.26,166.80226,4.457738647460928
171.06,166.34755,4.71245056152344
170.17,165.69347,4.47653381347655
168.41,164.86557,3.5444299316406216
166.01,164.10593,1.904073486328116
170.15,163.23805,6.911947631835943
172.59,162.67897,9.911029663085941
174.52,162.46425,12.055751342773448
174.69,162.84967,11.840329589843748
174.37,163.93007,10.439931030273442
173.58,165.68713,7.8928662109375125
176.45,166.5353,9.914706420898426
178.22,167.04776,11.172239990234374
179.32,167.42055,11.89945251464843
179.79,168.0473,11.742697753906242
179.05,168.97939,10.070614624023449
181.89,170.15952,11.730484619140611
183.01,170.96793,12.042073974609366
184.49,171.64645,12.843546142578134
185.83,172.37569,13.4543133544922
187.87,173.30281,14.567189331054692
187.67,174.73259,12.9374102783203
187.76,175.76381,11.996190795898428
188.78,176.68004,12.099961547851564
189.72,177.42184,12.298155517578124
190.52,178.03238,12.487620849609385
192.43,178.37561,14.054389648437507
190.92,179.01506,11.9049395751953
190.65,179.69131,10.95868530273438
192.18999999999997,180.15163,12.038373413085907
190.86,180.51228,10.347716674804701
192.82999999999998,180.66554,12.164457397460922
193.22000000000003,180.54155,12.67845031738284
190.8,180.85143,9.948574829101574
191.27999999999997,181.1146,10.165406494140598
191.42,181.0094,10.410600585937487
192.14,181.14676,10.993240966796861
192.39,180.90842,11.481583251953111
191.94,180.64484,11.295163574218748
193.41,180.89468,12.515316162109372
